Date,Content,Video title,Video publish time,Duration,Views
2023-03-15,LUVKTjM4ukU,시애틀에 있는 IONQ 양자 컴퓨터 제조 현장 방문 해 임원 면담까지 한 사연 (ft. 가을바람월드),"Oct 25, 2024",849,0
2023-03-16,LUVKTjM4ukU,시애틀에 있는 IONQ 양자 컴퓨터 제조 현장 방문 해 임원 면담까지 한 사연 (ft. 가을바람월드),"Oct 25, 2024",849,0
2023-03-17,LUVKTjM4ukU,시애틀에 있는 IONQ 양자 컴퓨터 제조 현장 방문 해 임원 면담까지 한 사연 (ft. 가을바람월드),"Oct 25, 2024",849,0
2023-03-18,LUVKTjM4ukU,시애틀에 있는 IONQ 양자 컴퓨터 제조 현장 방문 해 임원 면담까지 한 사연 (ft. 가을바람월드),"Oct 25, 2024",849,0
2023-03-19,LUVKTjM4ukU,시애틀에 있는 IONQ 양자 컴퓨터 제조 현장 방문 해 임원 면담까지 한 사연 (ft. 가을바람월드),"Oct 25, 2024",849,0
2023-03-20,LUVKTjM4ukU,시애틀에 있는 IONQ 양자 컴퓨터 제조 현장 방문 해 임원 면담까지 한 사연 (ft. 가을바람월드),"Oct 25, 2024",849,0
2023-03-21,LUVKTjM4ukU,시애틀에 있는 IONQ 양자 컴퓨터 제조 현장 방문 해 임원 면담까지 한 사연 (ft. 가을바람월드),"Oct 25, 2024",849,0
2023-03-22,LUVKTjM4ukU,시애틀에 있는 IONQ 양자 컴퓨터 제조 현장 방문 해 임원 면담까지 한 사연 (ft. 가을바람월드),"Oct 25, 2024",849,0
2023-03-23,LUVKTjM4ukU,시애틀에 있는 IONQ 양자 컴퓨터 제조 현장 방문 해 임원 면담까지 한 사연 (ft. 가을바람월드),"Oct 25, 2024",849,0
2023-03-24,LUVKTjM4ukU,시애틀에 있는 IONQ 양자 컴퓨터 제조 현장 방문 해 임원 면담까지 한 사연 (ft. 가을바람월드),"Oct 25, 2024",849,0
2023-03-25,LUVKTjM4ukU,시애틀에 있는 IONQ 양자 컴퓨터 제조 현장 방문 해 임원 면담까지 한 사연 (ft. 가을바람월드),"Oct 25, 2024",849,0
2023-03-26,LUVKTjM4ukU,시애틀에 있는 IONQ 양자 컴퓨터 제조 현장 방문 해 임원 면담까지 한 사연 (ft. 가을바람월드),"Oct 25, 2024",849,0
2023-03-27,LUVKTjM4ukU,시애틀에 있는 IONQ 양자 컴퓨터 제조 현장 방문 해 임원 면담까지 한 사연 (ft. 가을바람월드),"Oct 25, 2024",849,0
2023-03-28,LUVKTjM4ukU,시애틀에 있는 IONQ 양자 컴퓨터 제조 현장 방문 해 임원 면담까지 한 사연 (ft. 가을바람월드),"Oct 25, 2024",849,0
2023-03-29,LUVKTjM4ukU,시애틀에 있는 IONQ 양자 컴퓨터 제조 현장 방문 해 임원 면담까지 한 사연 (ft. 가을바람월드),"Oct 25, 2024",849,0
2023-03-30,LUVKTjM4ukU,시애틀에 있는 IONQ 양자 컴퓨터 제조 현장 방문 해 임원 면담까지 한 사연 (ft. 가을바람월드),"Oct 25, 2024",849,0
2023-03-31,LUVKTjM4ukU,시애틀에 있는 IONQ 양자 컴퓨터 제조 현장 방문 해 임원 면담까지 한 사연 (ft. 가을바람월드),"Oct 25, 2024",849,0
2023-04-01,LUVKTjM4ukU,시애틀에 있는 IONQ 양자 컴퓨터 제조 현장 방문 해 임원 면담까지 한 사연 (ft. 가을바람월드),"Oct 25, 2024",849,0
2023-04-02,LUVKTjM4ukU,시애틀에 있는 IONQ 양자 컴퓨터 제조 현장 방문 해 임원 면담까지 한 사연 (ft. 가을바람월드),"Oct 25, 2024",849,0
2023-04-03,LUVKTjM4ukU,시애틀에 있는 IONQ 양자 컴퓨터 제조 현장 방문 해 임원 면담까지 한 사연 (ft. 가을바람월드),"Oct 25, 2024",849,0
2023-04-04,LUVKTjM4ukU,시애틀에 있는 IONQ 양자 컴퓨터 제조 현장 방문 해 임원 면담까지 한 사연 (ft. 가을바람월드),"Oct 25, 2024",849,0
2023-04-05,LUVKTjM4ukU,시애틀에 있는 IONQ 양자 컴퓨터 제조 현장 방문 해 임원 면담까지 한 사연 (ft. 가을바람월드),"Oct 25, 2024",849,0
2023-04-06,LUVKTjM4ukU,시애틀에 있는 IONQ 양자 컴퓨터 제조 현장 방문 해 임원 면담까지 한 사연 (ft. 가을바람월드),"Oct 25, 2024",849,0
2023-04-07,LUVKTjM4ukU,시애틀에 있는 IONQ 양자 컴퓨터 제조 현장 방문 해 임원 면담까지 한 사연 (ft. 가을바람월드),"Oct 25, 2024",849,0
2023-04-08,LUVKTjM4ukU,시애틀에 있는 IONQ 양자 컴퓨터 제조 현장 방문 해 임원 면담까지 한 사연 (ft. 가을바람월드),"Oct 25, 2024",849,0
2023-04-09,LUVKTjM4ukU,시애틀에 있는 IONQ 양자 컴퓨터 제조 현장 방문 해 임원 면담까지 한 사연 (ft. 가을바람월드),"Oct 25, 2024",849,0
2023-04-10,LUVKTjM4ukU,시애틀에 있는 IONQ 양자 컴퓨터 제조 현장 방문 해 임원 면담까지 한 사연 (ft. 가을바람월드),"Oct 25, 2024",849,0
2023-04-11,LUVKTjM4ukU,시애틀에 있는 IONQ 양자 컴퓨터 제조 현장 방문 해 임원 면담까지 한 사연 (ft. 가을바람월드),"Oct 25, 2024",849,0
2023-04-12,LUVKTjM4ukU,시애틀에 있는 IONQ 양자 컴퓨터 제조 현장 방문 해 임원 면담까지 한 사연 (ft. 가을바람월드),"Oct 25, 2024",849,0
2023-04-13,LUVKTjM4ukU,시애틀에 있는 IONQ 양자 컴퓨터 제조 현장 방문 해 임원 면담까지 한 사연 (ft. 가을바람월드),"Oct 25, 2024",849,0
2023-04-14,LUVKTjM4ukU,시애틀에 있는 IONQ 양자 컴퓨터 제조 현장 방문 해 임원 면담까지 한 사연 (ft. 가을바람월드),"Oct 25, 2024",849,0
2023-04-15,LUVKTjM4ukU,시애틀에 있는 IONQ 양자 컴퓨터 제조 현장 방문 해 임원 면담까지 한 사연 (ft. 가을바람월드),"Oct 25, 2024",849,0
2023-04-16,LUVKTjM4ukU,시애틀에 있는 IONQ 양자 컴퓨터 제조 현장 방문 해 임원 면담까지 한 사연 (ft. 가을바람월드),"Oct 25, 2024",849,0
2023-04-17,LUVKTjM4ukU,시애틀에 있는 IONQ 양자 컴퓨터 제조 현장 방문 해 임원 면담까지 한 사연 (ft. 가을바람월드),"Oct 25, 2024",849,0
2023-04-18,LUVKTjM4ukU,시애틀에 있는 IONQ 양자 컴퓨터 제조 현장 방문 해 임원 면담까지 한 사연 (ft. 가을바람월드),"Oct 25, 2024",849,0
2023-04-19,LUVKTjM4ukU,시애틀에 있는 IONQ 양자 컴퓨터 제조 현장 방문 해 임원 면담까지 한 사연 (ft. 가을바람월드),"Oct 25, 2024",849,0
2023-04-20,LUVKTjM4ukU,시애틀에 있는 IONQ 양자 컴퓨터 제조 현장 방문 해 임원 면담까지 한 사연 (ft. 가을바람월드),"Oct 25, 2024",849,0
2023-04-21,LUVKTjM4ukU,시애틀에 있는 IONQ 양자 컴퓨터 제조 현장 방문 해 임원 면담까지 한 사연 (ft. 가을바람월드),"Oct 25, 2024",849,0
2023-04-22,LUVKTjM4ukU,시애틀에 있는 IONQ 양자 컴퓨터 제조 현장 방문 해 임원 면담까지 한 사연 (ft. 가을바람월드),"Oct 25, 2024",849,0
2023-04-23,LUVKTjM4ukU,시애틀에 있는 IONQ 양자 컴퓨터 제조 현장 방문 해 임원 면담까지 한 사연 (ft. 가을바람월드),"Oct 25, 2024",849,0
2023-04-24,LUVKTjM4ukU,시애틀에 있는 IONQ 양자 컴퓨터 제조 현장 방문 해 임원 면담까지 한 사연 (ft. 가을바람월드),"Oct 25, 2024",849,0
2023-04-25,LUVKTjM4ukU,시애틀에 있는 IONQ 양자 컴퓨터 제조 현장 방문 해 임원 면담까지 한 사연 (ft. 가을바람월드),"Oct 25, 2024",849,0
2023-04-26,LUVKTjM4ukU,시애틀에 있는 IONQ 양자 컴퓨터 제조 현장 방문 해 임원 면담까지 한 사연 (ft. 가을바람월드),"Oct 25, 2024",849,0
2023-04-27,LUVKTjM4ukU,시애틀에 있는 IONQ 양자 컴퓨터 제조 현장 방문 해 임원 면담까지 한 사연 (ft. 가을바람월드),"Oct 25, 2024",849,0
2023-04-28,LUVKTjM4ukU,시애틀에 있는 IONQ 양자 컴퓨터 제조 현장 방문 해 임원 면담까지 한 사연 (ft. 가을바람월드),"Oct 25, 2024",849,0
2023-04-29,LUVKTjM4ukU,시애틀에 있는 IONQ 양자 컴퓨터 제조 현장 방문 해 임원 면담까지 한 사연 (ft. 가을바람월드),"Oct 25, 2024",849,0
2023-04-30,LUVKTjM4ukU,시애틀에 있는 IONQ 양자 컴퓨터 제조 현장 방문 해 임원 면담까지 한 사연 (ft. 가을바람월드),"Oct 25, 2024",849,0
2023-05-01,LUVKTjM4ukU,시애틀에 있는 IONQ 양자 컴퓨터 제조 현장 방문 해 임원 면담까지 한 사연 (ft. 가을바람월드),"Oct 25, 2024",849,0
2023-05-02,LUVKTjM4ukU,시애틀에 있는 IONQ 양자 컴퓨터 제조 현장 방문 해 임원 면담까지 한 사연 (ft. 가을바람월드),"Oct 25, 2024",849,0
2023-05-03,LUVKTjM4ukU,시애틀에 있는 IONQ 양자 컴퓨터 제조 현장 방문 해 임원 면담까지 한 사연 (ft. 가을바람월드),"Oct 25, 2024",849,0
2023-05-04,LUVKTjM4ukU,시애틀에 있는 IONQ 양자 컴퓨터 제조 현장 방문 해 임원 면담까지 한 사연 (ft. 가을바람월드),"Oct 25, 2024",849,0
2023-05-05,LUVKTjM4ukU,시애틀에 있는 IONQ 양자 컴퓨터 제조 현장 방문 해 임원 면담까지 한 사연 (ft. 가을바람월드),"Oct 25, 2024",849,0
2023-05-06,LUVKTjM4ukU,시애틀에 있는 IONQ 양자 컴퓨터 제조 현장 방문 해 임원 면담까지 한 사연 (ft. 가을바람월드),"Oct 25, 2024",849,0
2023-05-07,LUVKTjM4ukU,시애틀에 있는 IONQ 양자 컴퓨터 제조 현장 방문 해 임원 면담까지 한 사연 (ft. 가을바람월드),"Oct 25, 2024",849,0
2023-05-08,LUVKTjM4ukU,시애틀에 있는 IONQ 양자 컴퓨터 제조 현장 방문 해 임원 면담까지 한 사연 (ft. 가을바람월드),"Oct 25, 2024",849,0
2023-05-09,LUVKTjM4ukU,시애틀에 있는 IONQ 양자 컴퓨터 제조 현장 방문 해 임원 면담까지 한 사연 (ft. 가을바람월드),"Oct 25, 2024",849,0
2023-05-10,LUVKTjM4ukU,시애틀에 있는 IONQ 양자 컴퓨터 제조 현장 방문 해 임원 면담까지 한 사연 (ft. 가을바람월드),"Oct 25, 2024",849,0
2023-05-11,LUVKTjM4ukU,시애틀에 있는 IONQ 양자 컴퓨터 제조 현장 방문 해 임원 면담까지 한 사연 (ft. 가을바람월드),"Oct 25, 2024",849,0
2023-05-12,LUVKTjM4ukU,시애틀에 있는 IONQ 양자 컴퓨터 제조 현장 방문 해 임원 면담까지 한 사연 (ft. 가을바람월드),"Oct 25, 2024",849,0
2023-05-13,LUVKTjM4ukU,시애틀에 있는 IONQ 양자 컴퓨터 제조 현장 방문 해 임원 면담까지 한 사연 (ft. 가을바람월드),"Oct 25, 2024",849,0
2023-05-14,LUVKTjM4ukU,시애틀에 있는 IONQ 양자 컴퓨터 제조 현장 방문 해 임원 면담까지 한 사연 (ft. 가을바람월드),"Oct 25, 2024",849,0
2023-05-15,LUVKTjM4ukU,시애틀에 있는 IONQ 양자 컴퓨터 제조 현장 방문 해 임원 면담까지 한 사연 (ft. 가을바람월드),"Oct 25, 2024",849,0
2023-05-16,LUVKTjM4ukU,시애틀에 있는 IONQ 양자 컴퓨터 제조 현장 방문 해 임원 면담까지 한 사연 (ft. 가을바람월드),"Oct 25, 2024",849,0
2023-05-17,LUVKTjM4ukU,시애틀에 있는 IONQ 양자 컴퓨터 제조 현장 방문 해 임원 면담까지 한 사연 (ft. 가을바람월드),"Oct 25, 2024",849,0
2023-05-18,LUVKTjM4ukU,시애틀에 있는 IONQ 양자 컴퓨터 제조 현장 방문 해 임원 면담까지 한 사연 (ft. 가을바람월드),"Oct 25, 2024",849,0
2023-05-19,LUVKTjM4ukU,시애틀에 있는 IONQ 양자 컴퓨터 제조 현장 방문 해 임원 면담까지 한 사연 (ft. 가을바람월드),"Oct 25, 2024",849,0
2023-05-20,LUVKTjM4ukU,시애틀에 있는 IONQ 양자 컴퓨터 제조 현장 방문 해 임원 면담까지 한 사연 (ft. 가을바람월드),"Oct 25, 2024",849,0
2023-05-21,LUVKTjM4ukU,시애틀에 있는 IONQ 양자 컴퓨터 제조 현장 방문 해 임원 면담까지 한 사연 (ft. 가을바람월드),"Oct 25, 2024",849,0
2023-05-22,LUVKTjM4ukU,시애틀에 있는 IONQ 양자 컴퓨터 제조 현장 방문 해 임원 면담까지 한 사연 (ft. 가을바람월드),"Oct 25, 2024",849,0
2023-05-23,LUVKTjM4ukU,시애틀에 있는 IONQ 양자 컴퓨터 제조 현장 방문 해 임원 면담까지 한 사연 (ft. 가을바람월드),"Oct 25, 2024",849,0
2023-05-24,LUVKTjM4ukU,시애틀에 있는 IONQ 양자 컴퓨터 제조 현장 방문 해 임원 면담까지 한 사연 (ft. 가을바람월드),"Oct 25, 2024",849,0
2023-05-25,LUVKTjM4ukU,시애틀에 있는 IONQ 양자 컴퓨터 제조 현장 방문 해 임원 면담까지 한 사연 (ft. 가을바람월드),"Oct 25, 2024",849,0
2023-05-26,LUVKTjM4ukU,시애틀에 있는 IONQ 양자 컴퓨터 제조 현장 방문 해 임원 면담까지 한 사연 (ft. 가을바람월드),"Oct 25, 2024",849,0
2023-05-27,LUVKTjM4ukU,시애틀에 있는 IONQ 양자 컴퓨터 제조 현장 방문 해 임원 면담까지 한 사연 (ft. 가을바람월드),"Oct 25, 2024",849,0
2023-05-28,LUVKTjM4ukU,시애틀에 있는 IONQ 양자 컴퓨터 제조 현장 방문 해 임원 면담까지 한 사연 (ft. 가을바람월드),"Oct 25, 2024",849,0
2023-05-29,LUVKTjM4ukU,시애틀에 있는 IONQ 양자 컴퓨터 제조 현장 방문 해 임원 면담까지 한 사연 (ft. 가을바람월드),"Oct 25, 2024",849,0
2023-05-30,LUVKTjM4ukU,시애틀에 있는 IONQ 양자 컴퓨터 제조 현장 방문 해 임원 면담까지 한 사연 (ft. 가을바람월드),"Oct 25, 2024",849,0
2023-05-31,LUVKTjM4ukU,시애틀에 있는 IONQ 양자 컴퓨터 제조 현장 방문 해 임원 면담까지 한 사연 (ft. 가을바람월드),"Oct 25, 2024",849,0
2023-06-01,LUVKTjM4ukU,시애틀에 있는 IONQ 양자 컴퓨터 제조 현장 방문 해 임원 면담까지 한 사연 (ft. 가을바람월드),"Oct 25, 2024",849,0
2023-06-02,LUVKTjM4ukU,시애틀에 있는 IONQ 양자 컴퓨터 제조 현장 방문 해 임원 면담까지 한 사연 (ft. 가을바람월드),"Oct 25, 2024",849,0
2023-06-03,LUVKTjM4ukU,시애틀에 있는 IONQ 양자 컴퓨터 제조 현장 방문 해 임원 면담까지 한 사연 (ft. 가을바람월드),"Oct 25, 2024",849,0
2023-06-04,LUVKTjM4ukU,시애틀에 있는 IONQ 양자 컴퓨터 제조 현장 방문 해 임원 면담까지 한 사연 (ft. 가을바람월드),"Oct 25, 2024",849,0
2023-06-05,LUVKTjM4ukU,시애틀에 있는 IONQ 양자 컴퓨터 제조 현장 방문 해 임원 면담까지 한 사연 (ft. 가을바람월드),"Oct 25, 2024",849,0
2023-06-06,LUVKTjM4ukU,시애틀에 있는 IONQ 양자 컴퓨터 제조 현장 방문 해 임원 면담까지 한 사연 (ft. 가을바람월드),"Oct 25, 2024",849,0
2023-06-07,LUVKTjM4ukU,시애틀에 있는 IONQ 양자 컴퓨터 제조 현장 방문 해 임원 면담까지 한 사연 (ft. 가을바람월드),"Oct 25, 2024",849,0
2023-06-08,LUVKTjM4ukU,시애틀에 있는 IONQ 양자 컴퓨터 제조 현장 방문 해 임원 면담까지 한 사연 (ft. 가을바람월드),"Oct 25, 2024",849,0
2023-06-09,LUVKTjM4ukU,시애틀에 있는 IONQ 양자 컴퓨터 제조 현장 방문 해 임원 면담까지 한 사연 (ft. 가을바람월드),"Oct 25, 2024",849,0
2023-06-10,LUVKTjM4ukU,시애틀에 있는 IONQ 양자 컴퓨터 제조 현장 방문 해 임원 면담까지 한 사연 (ft. 가을바람월드),"Oct 25, 2024",849,0
2023-06-11,LUVKTjM4ukU,시애틀에 있는 IONQ 양자 컴퓨터 제조 현장 방문 해 임원 면담까지 한 사연 (ft. 가을바람월드),"Oct 25, 2024",849,0
2023-06-12,LUVKTjM4ukU,시애틀에 있는 IONQ 양자 컴퓨터 제조 현장 방문 해 임원 면담까지 한 사연 (ft. 가을바람월드),"Oct 25, 2024",849,0
2023-06-13,LUVKTjM4ukU,시애틀에 있는 IONQ 양자 컴퓨터 제조 현장 방문 해 임원 면담까지 한 사연 (ft. 가을바람월드),"Oct 25, 2024",849,0
2023-06-14,LUVKTjM4ukU,시애틀에 있는 IONQ 양자 컴퓨터 제조 현장 방문 해 임원 면담까지 한 사연 (ft. 가을바람월드),"Oct 25, 2024",849,0
2023-06-15,LUVKTjM4ukU,시애틀에 있는 IONQ 양자 컴퓨터 제조 현장 방문 해 임원 면담까지 한 사연 (ft. 가을바람월드),"Oct 25, 2024",849,0
2023-06-16,LUVKTjM4ukU,시애틀에 있는 IONQ 양자 컴퓨터 제조 현장 방문 해 임원 면담까지 한 사연 (ft. 가을바람월드),"Oct 25, 2024",849,0
2023-06-17,LUVKTjM4ukU,시애틀에 있는 IONQ 양자 컴퓨터 제조 현장 방문 해 임원 면담까지 한 사연 (ft. 가을바람월드),"Oct 25, 2024",849,0
2023-06-18,LUVKTjM4ukU,시애틀에 있는 IONQ 양자 컴퓨터 제조 현장 방문 해 임원 면담까지 한 사연 (ft. 가을바람월드),"Oct 25, 2024",849,0
2023-06-19,LUVKTjM4ukU,시애틀에 있는 IONQ 양자 컴퓨터 제조 현장 방문 해 임원 면담까지 한 사연 (ft. 가을바람월드),"Oct 25, 2024",849,0
2023-06-20,LUVKTjM4ukU,시애틀에 있는 IONQ 양자 컴퓨터 제조 현장 방문 해 임원 면담까지 한 사연 (ft. 가을바람월드),"Oct 25, 2024",849,0
2023-06-21,LUVKTjM4ukU,시애틀에 있는 IONQ 양자 컴퓨터 제조 현장 방문 해 임원 면담까지 한 사연 (ft. 가을바람월드),"Oct 25, 2024",849,0
2023-06-22,LUVKTjM4ukU,시애틀에 있는 IONQ 양자 컴퓨터 제조 현장 방문 해 임원 면담까지 한 사연 (ft. 가을바람월드),"Oct 25, 2024",849,0
2023-06-23,LUVKTjM4ukU,시애틀에 있는 IONQ 양자 컴퓨터 제조 현장 방문 해 임원 면담까지 한 사연 (ft. 가을바람월드),"Oct 25, 2024",849,0
2023-06-24,LUVKTjM4ukU,시애틀에 있는 IONQ 양자 컴퓨터 제조 현장 방문 해 임원 면담까지 한 사연 (ft. 가을바람월드),"Oct 25, 2024",849,0
2023-06-25,LUVKTjM4ukU,시애틀에 있는 IONQ 양자 컴퓨터 제조 현장 방문 해 임원 면담까지 한 사연 (ft. 가을바람월드),"Oct 25, 2024",849,0
2023-06-26,LUVKTjM4ukU,시애틀에 있는 IONQ 양자 컴퓨터 제조 현장 방문 해 임원 면담까지 한 사연 (ft. 가을바람월드),"Oct 25, 2024",849,0
2023-06-27,LUVKTjM4ukU,시애틀에 있는 IONQ 양자 컴퓨터 제조 현장 방문 해 임원 면담까지 한 사연 (ft. 가을바람월드),"Oct 25, 2024",849,0
2023-06-28,LUVKTjM4ukU,시애틀에 있는 IONQ 양자 컴퓨터 제조 현장 방문 해 임원 면담까지 한 사연 (ft. 가을바람월드),"Oct 25, 2024",849,0
2023-06-29,LUVKTjM4ukU,시애틀에 있는 IONQ 양자 컴퓨터 제조 현장 방문 해 임원 면담까지 한 사연 (ft. 가을바람월드),"Oct 25, 2024",849,0
2023-06-30,LUVKTjM4ukU,시애틀에 있는 IONQ 양자 컴퓨터 제조 현장 방문 해 임원 면담까지 한 사연 (ft. 가을바람월드),"Oct 25, 2024",849,0
2023-07-01,LUVKTjM4ukU,시애틀에 있는 IONQ 양자 컴퓨터 제조 현장 방문 해 임원 면담까지 한 사연 (ft. 가을바람월드),"Oct 25, 2024",849,0
2023-07-02,LUVKTjM4ukU,시애틀에 있는 IONQ 양자 컴퓨터 제조 현장 방문 해 임원 면담까지 한 사연 (ft. 가을바람월드),"Oct 25, 2024",849,0
2023-07-03,LUVKTjM4ukU,시애틀에 있는 IONQ 양자 컴퓨터 제조 현장 방문 해 임원 면담까지 한 사연 (ft. 가을바람월드),"Oct 25, 2024",849,0
2023-07-04,LUVKTjM4ukU,시애틀에 있는 IONQ 양자 컴퓨터 제조 현장 방문 해 임원 면담까지 한 사연 (ft. 가을바람월드),"Oct 25, 2024",849,0
2023-07-05,LUVKTjM4ukU,시애틀에 있는 IONQ 양자 컴퓨터 제조 현장 방문 해 임원 면담까지 한 사연 (ft. 가을바람월드),"Oct 25, 2024",849,0
2023-07-06,LUVKTjM4ukU,시애틀에 있는 IONQ 양자 컴퓨터 제조 현장 방문 해 임원 면담까지 한 사연 (ft. 가을바람월드),"Oct 25, 2024",849,0
2023-07-07,LUVKTjM4ukU,시애틀에 있는 IONQ 양자 컴퓨터 제조 현장 방문 해 임원 면담까지 한 사연 (ft. 가을바람월드),"Oct 25, 2024",849,0
2023-07-08,LUVKTjM4ukU,시애틀에 있는 IONQ 양자 컴퓨터 제조 현장 방문 해 임원 면담까지 한 사연 (ft. 가을바람월드),"Oct 25, 2024",849,0
2023-07-09,LUVKTjM4ukU,시애틀에 있는 IONQ 양자 컴퓨터 제조 현장 방문 해 임원 면담까지 한 사연 (ft. 가을바람월드),"Oct 25, 2024",849,0
2023-07-10,LUVKTjM4ukU,시애틀에 있는 IONQ 양자 컴퓨터 제조 현장 방문 해 임원 면담까지 한 사연 (ft. 가을바람월드),"Oct 25, 2024",849,0
2023-07-11,LUVKTjM4ukU,시애틀에 있는 IONQ 양자 컴퓨터 제조 현장 방문 해 임원 면담까지 한 사연 (ft. 가을바람월드),"Oct 25, 2024",849,0
2023-07-12,LUVKTjM4ukU,시애틀에 있는 IONQ 양자 컴퓨터 제조 현장 방문 해 임원 면담까지 한 사연 (ft. 가을바람월드),"Oct 25, 2024",849,0
2023-07-13,LUVKTjM4ukU,시애틀에 있는 IONQ 양자 컴퓨터 제조 현장 방문 해 임원 면담까지 한 사연 (ft. 가을바람월드),"Oct 25, 2024",849,0
2023-07-14,LUVKTjM4ukU,시애틀에 있는 IONQ 양자 컴퓨터 제조 현장 방문 해 임원 면담까지 한 사연 (ft. 가을바람월드),"Oct 25, 2024",849,0
2023-07-15,LUVKTjM4ukU,시애틀에 있는 IONQ 양자 컴퓨터 제조 현장 방문 해 임원 면담까지 한 사연 (ft. 가을바람월드),"Oct 25, 2024",849,0
2023-07-16,LUVKTjM4ukU,시애틀에 있는 IONQ 양자 컴퓨터 제조 현장 방문 해 임원 면담까지 한 사연 (ft. 가을바람월드),"Oct 25, 2024",849,0
2023-07-17,LUVKTjM4ukU,시애틀에 있는 IONQ 양자 컴퓨터 제조 현장 방문 해 임원 면담까지 한 사연 (ft. 가을바람월드),"Oct 25, 2024",849,0
2023-07-18,LUVKTjM4ukU,시애틀에 있는 IONQ 양자 컴퓨터 제조 현장 방문 해 임원 면담까지 한 사연 (ft. 가을바람월드),"Oct 25, 2024",849,0
2023-07-19,LUVKTjM4ukU,시애틀에 있는 IONQ 양자 컴퓨터 제조 현장 방문 해 임원 면담까지 한 사연 (ft. 가을바람월드),"Oct 25, 2024",849,0
2023-07-20,LUVKTjM4ukU,시애틀에 있는 IONQ 양자 컴퓨터 제조 현장 방문 해 임원 면담까지 한 사연 (ft. 가을바람월드),"Oct 25, 2024",849,0
2023-07-21,LUVKTjM4ukU,시애틀에 있는 IONQ 양자 컴퓨터 제조 현장 방문 해 임원 면담까지 한 사연 (ft. 가을바람월드),"Oct 25, 2024",849,0
2023-07-22,LUVKTjM4ukU,시애틀에 있는 IONQ 양자 컴퓨터 제조 현장 방문 해 임원 면담까지 한 사연 (ft. 가을바람월드),"Oct 25, 2024",849,0
2023-07-23,LUVKTjM4ukU,시애틀에 있는 IONQ 양자 컴퓨터 제조 현장 방문 해 임원 면담까지 한 사연 (ft. 가을바람월드),"Oct 25, 2024",849,0
2023-07-24,LUVKTjM4ukU,시애틀에 있는 IONQ 양자 컴퓨터 제조 현장 방문 해 임원 면담까지 한 사연 (ft. 가을바람월드),"Oct 25, 2024",849,0
2023-07-25,LUVKTjM4ukU,시애틀에 있는 IONQ 양자 컴퓨터 제조 현장 방문 해 임원 면담까지 한 사연 (ft. 가을바람월드),"Oct 25, 2024",849,0
2023-07-26,LUVKTjM4ukU,시애틀에 있는 IONQ 양자 컴퓨터 제조 현장 방문 해 임원 면담까지 한 사연 (ft. 가을바람월드),"Oct 25, 2024",849,0
2023-07-27,LUVKTjM4ukU,시애틀에 있는 IONQ 양자 컴퓨터 제조 현장 방문 해 임원 면담까지 한 사연 (ft. 가을바람월드),"Oct 25, 2024",849,0
2023-07-28,LUVKTjM4ukU,시애틀에 있는 IONQ 양자 컴퓨터 제조 현장 방문 해 임원 면담까지 한 사연 (ft. 가을바람월드),"Oct 25, 2024",849,0
2023-07-29,LUVKTjM4ukU,시애틀에 있는 IONQ 양자 컴퓨터 제조 현장 방문 해 임원 면담까지 한 사연 (ft. 가을바람월드),"Oct 25, 2024",849,0
2023-07-30,LUVKTjM4ukU,시애틀에 있는 IONQ 양자 컴퓨터 제조 현장 방문 해 임원 면담까지 한 사연 (ft. 가을바람월드),"Oct 25, 2024",849,0
2023-07-31,LUVKTjM4ukU,시애틀에 있는 IONQ 양자 컴퓨터 제조 현장 방문 해 임원 면담까지 한 사연 (ft. 가을바람월드),"Oct 25, 2024",849,0
2023-08-01,LUVKTjM4ukU,시애틀에 있는 IONQ 양자 컴퓨터 제조 현장 방문 해 임원 면담까지 한 사연 (ft. 가을바람월드),"Oct 25, 2024",849,0
2023-08-02,LUVKTjM4ukU,시애틀에 있는 IONQ 양자 컴퓨터 제조 현장 방문 해 임원 면담까지 한 사연 (ft. 가을바람월드),"Oct 25, 2024",849,0
2023-08-03,LUVKTjM4ukU,시애틀에 있는 IONQ 양자 컴퓨터 제조 현장 방문 해 임원 면담까지 한 사연 (ft. 가을바람월드),"Oct 25, 2024",849,0
2023-08-04,LUVKTjM4ukU,시애틀에 있는 IONQ 양자 컴퓨터 제조 현장 방문 해 임원 면담까지 한 사연 (ft. 가을바람월드),"Oct 25, 2024",849,0
2023-08-05,LUVKTjM4ukU,시애틀에 있는 IONQ 양자 컴퓨터 제조 현장 방문 해 임원 면담까지 한 사연 (ft. 가을바람월드),"Oct 25, 2024",849,0
2023-08-06,LUVKTjM4ukU,시애틀에 있는 IONQ 양자 컴퓨터 제조 현장 방문 해 임원 면담까지 한 사연 (ft. 가을바람월드),"Oct 25, 2024",849,0
2023-08-07,LUVKTjM4ukU,시애틀에 있는 IONQ 양자 컴퓨터 제조 현장 방문 해 임원 면담까지 한 사연 (ft. 가을바람월드),"Oct 25, 2024",849,0
2023-08-08,LUVKTjM4ukU,시애틀에 있는 IONQ 양자 컴퓨터 제조 현장 방문 해 임원 면담까지 한 사연 (ft. 가을바람월드),"Oct 25, 2024",849,0
2023-08-09,LUVKTjM4ukU,시애틀에 있는 IONQ 양자 컴퓨터 제조 현장 방문 해 임원 면담까지 한 사연 (ft. 가을바람월드),"Oct 25, 2024",849,0
2023-08-10,LUVKTjM4ukU,시애틀에 있는 IONQ 양자 컴퓨터 제조 현장 방문 해 임원 면담까지 한 사연 (ft. 가을바람월드),"Oct 25, 2024",849,0
2023-08-11,LUVKTjM4ukU,시애틀에 있는 IONQ 양자 컴퓨터 제조 현장 방문 해 임원 면담까지 한 사연 (ft. 가을바람월드),"Oct 25, 2024",849,0
2023-08-12,LUVKTjM4ukU,시애틀에 있는 IONQ 양자 컴퓨터 제조 현장 방문 해 임원 면담까지 한 사연 (ft. 가을바람월드),"Oct 25, 2024",849,0
2023-08-13,LUVKTjM4ukU,시애틀에 있는 IONQ 양자 컴퓨터 제조 현장 방문 해 임원 면담까지 한 사연 (ft. 가을바람월드),"Oct 25, 2024",849,0
2023-08-14,LUVKTjM4ukU,시애틀에 있는 IONQ 양자 컴퓨터 제조 현장 방문 해 임원 면담까지 한 사연 (ft. 가을바람월드),"Oct 25, 2024",849,0
2023-08-15,LUVKTjM4ukU,시애틀에 있는 IONQ 양자 컴퓨터 제조 현장 방문 해 임원 면담까지 한 사연 (ft. 가을바람월드),"Oct 25, 2024",849,0
2023-08-16,LUVKTjM4ukU,시애틀에 있는 IONQ 양자 컴퓨터 제조 현장 방문 해 임원 면담까지 한 사연 (ft. 가을바람월드),"Oct 25, 2024",849,0
2023-08-17,LUVKTjM4ukU,시애틀에 있는 IONQ 양자 컴퓨터 제조 현장 방문 해 임원 면담까지 한 사연 (ft. 가을바람월드),"Oct 25, 2024",849,0
2023-08-18,LUVKTjM4ukU,시애틀에 있는 IONQ 양자 컴퓨터 제조 현장 방문 해 임원 면담까지 한 사연 (ft. 가을바람월드),"Oct 25, 2024",849,0
2023-08-19,LUVKTjM4ukU,시애틀에 있는 IONQ 양자 컴퓨터 제조 현장 방문 해 임원 면담까지 한 사연 (ft. 가을바람월드),"Oct 25, 2024",849,0
2023-08-20,LUVKTjM4ukU,시애틀에 있는 IONQ 양자 컴퓨터 제조 현장 방문 해 임원 면담까지 한 사연 (ft. 가을바람월드),"Oct 25, 2024",849,0
2023-08-21,LUVKTjM4ukU,시애틀에 있는 IONQ 양자 컴퓨터 제조 현장 방문 해 임원 면담까지 한 사연 (ft. 가을바람월드),"Oct 25, 2024",849,0
2023-08-22,LUVKTjM4ukU,시애틀에 있는 IONQ 양자 컴퓨터 제조 현장 방문 해 임원 면담까지 한 사연 (ft. 가을바람월드),"Oct 25, 2024",849,0
2023-08-23,LUVKTjM4ukU,시애틀에 있는 IONQ 양자 컴퓨터 제조 현장 방문 해 임원 면담까지 한 사연 (ft. 가을바람월드),"Oct 25, 2024",849,0
2023-08-24,LUVKTjM4ukU,시애틀에 있는 IONQ 양자 컴퓨터 제조 현장 방문 해 임원 면담까지 한 사연 (ft. 가을바람월드),"Oct 25, 2024",849,0
2023-08-25,LUVKTjM4ukU,시애틀에 있는 IONQ 양자 컴퓨터 제조 현장 방문 해 임원 면담까지 한 사연 (ft. 가을바람월드),"Oct 25, 2024",849,0
2023-08-26,LUVKTjM4ukU,시애틀에 있는 IONQ 양자 컴퓨터 제조 현장 방문 해 임원 면담까지 한 사연 (ft. 가을바람월드),"Oct 25, 2024",849,0
2023-08-27,LUVKTjM4ukU,시애틀에 있는 IONQ 양자 컴퓨터 제조 현장 방문 해 임원 면담까지 한 사연 (ft. 가을바람월드),"Oct 25, 2024",849,0
2023-08-28,LUVKTjM4ukU,시애틀에 있는 IONQ 양자 컴퓨터 제조 현장 방문 해 임원 면담까지 한 사연 (ft. 가을바람월드),"Oct 25, 2024",849,0
2023-08-29,LUVKTjM4ukU,시애틀에 있는 IONQ 양자 컴퓨터 제조 현장 방문 해 임원 면담까지 한 사연 (ft. 가을바람월드),"Oct 25, 2024",849,0
2023-08-30,LUVKTjM4ukU,시애틀에 있는 IONQ 양자 컴퓨터 제조 현장 방문 해 임원 면담까지 한 사연 (ft. 가을바람월드),"Oct 25, 2024",849,0
2023-08-31,LUVKTjM4ukU,시애틀에 있는 IONQ 양자 컴퓨터 제조 현장 방문 해 임원 면담까지 한 사연 (ft. 가을바람월드),"Oct 25, 2024",849,0
2023-09-01,LUVKTjM4ukU,시애틀에 있는 IONQ 양자 컴퓨터 제조 현장 방문 해 임원 면담까지 한 사연 (ft. 가을바람월드),"Oct 25, 2024",849,0
2023-09-02,LUVKTjM4ukU,시애틀에 있는 IONQ 양자 컴퓨터 제조 현장 방문 해 임원 면담까지 한 사연 (ft. 가을바람월드),"Oct 25, 2024",849,0
2023-09-03,LUVKTjM4ukU,시애틀에 있는 IONQ 양자 컴퓨터 제조 현장 방문 해 임원 면담까지 한 사연 (ft. 가을바람월드),"Oct 25, 2024",849,0
2023-09-04,LUVKTjM4ukU,시애틀에 있는 IONQ 양자 컴퓨터 제조 현장 방문 해 임원 면담까지 한 사연 (ft. 가을바람월드),"Oct 25, 2024",849,0
2023-09-05,LUVKTjM4ukU,시애틀에 있는 IONQ 양자 컴퓨터 제조 현장 방문 해 임원 면담까지 한 사연 (ft. 가을바람월드),"Oct 25, 2024",849,0
2023-09-06,LUVKTjM4ukU,시애틀에 있는 IONQ 양자 컴퓨터 제조 현장 방문 해 임원 면담까지 한 사연 (ft. 가을바람월드),"Oct 25, 2024",849,0
2023-09-07,LUVKTjM4ukU,시애틀에 있는 IONQ 양자 컴퓨터 제조 현장 방문 해 임원 면담까지 한 사연 (ft. 가을바람월드),"Oct 25, 2024",849,0
2023-09-08,LUVKTjM4ukU,시애틀에 있는 IONQ 양자 컴퓨터 제조 현장 방문 해 임원 면담까지 한 사연 (ft. 가을바람월드),"Oct 25, 2024",849,0
2023-09-09,LUVKTjM4ukU,시애틀에 있는 IONQ 양자 컴퓨터 제조 현장 방문 해 임원 면담까지 한 사연 (ft. 가을바람월드),"Oct 25, 2024",849,0
2023-09-10,LUVKTjM4ukU,시애틀에 있는 IONQ 양자 컴퓨터 제조 현장 방문 해 임원 면담까지 한 사연 (ft. 가을바람월드),"Oct 25, 2024",849,0
2023-09-11,LUVKTjM4ukU,시애틀에 있는 IONQ 양자 컴퓨터 제조 현장 방문 해 임원 면담까지 한 사연 (ft. 가을바람월드),"Oct 25, 2024",849,0
2023-09-12,LUVKTjM4ukU,시애틀에 있는 IONQ 양자 컴퓨터 제조 현장 방문 해 임원 면담까지 한 사연 (ft. 가을바람월드),"Oct 25, 2024",849,0
2023-09-13,LUVKTjM4ukU,시애틀에 있는 IONQ 양자 컴퓨터 제조 현장 방문 해 임원 면담까지 한 사연 (ft. 가을바람월드),"Oct 25, 2024",849,0
2023-09-14,LUVKTjM4ukU,시애틀에 있는 IONQ 양자 컴퓨터 제조 현장 방문 해 임원 면담까지 한 사연 (ft. 가을바람월드),"Oct 25, 2024",849,0
2023-09-15,LUVKTjM4ukU,시애틀에 있는 IONQ 양자 컴퓨터 제조 현장 방문 해 임원 면담까지 한 사연 (ft. 가을바람월드),"Oct 25, 2024",849,0
2023-09-16,LUVKTjM4ukU,시애틀에 있는 IONQ 양자 컴퓨터 제조 현장 방문 해 임원 면담까지 한 사연 (ft. 가을바람월드),"Oct 25, 2024",849,0
2023-09-17,LUVKTjM4ukU,시애틀에 있는 IONQ 양자 컴퓨터 제조 현장 방문 해 임원 면담까지 한 사연 (ft. 가을바람월드),"Oct 25, 2024",849,0
2023-09-18,LUVKTjM4ukU,시애틀에 있는 IONQ 양자 컴퓨터 제조 현장 방문 해 임원 면담까지 한 사연 (ft. 가을바람월드),"Oct 25, 2024",849,0
2023-09-19,LUVKTjM4ukU,시애틀에 있는 IONQ 양자 컴퓨터 제조 현장 방문 해 임원 면담까지 한 사연 (ft. 가을바람월드),"Oct 25, 2024",849,0
2023-09-20,LUVKTjM4ukU,시애틀에 있는 IONQ 양자 컴퓨터 제조 현장 방문 해 임원 면담까지 한 사연 (ft. 가을바람월드),"Oct 25, 2024",849,0
2023-09-21,LUVKTjM4ukU,시애틀에 있는 IONQ 양자 컴퓨터 제조 현장 방문 해 임원 면담까지 한 사연 (ft. 가을바람월드),"Oct 25, 2024",849,0
2023-09-22,LUVKTjM4ukU,시애틀에 있는 IONQ 양자 컴퓨터 제조 현장 방문 해 임원 면담까지 한 사연 (ft. 가을바람월드),"Oct 25, 2024",849,0
2023-09-23,LUVKTjM4ukU,시애틀에 있는 IONQ 양자 컴퓨터 제조 현장 방문 해 임원 면담까지 한 사연 (ft. 가을바람월드),"Oct 25, 2024",849,0
2023-09-24,LUVKTjM4ukU,시애틀에 있는 IONQ 양자 컴퓨터 제조 현장 방문 해 임원 면담까지 한 사연 (ft. 가을바람월드),"Oct 25, 2024",849,0
2023-09-25,LUVKTjM4ukU,시애틀에 있는 IONQ 양자 컴퓨터 제조 현장 방문 해 임원 면담까지 한 사연 (ft. 가을바람월드),"Oct 25, 2024",849,0
2023-09-26,LUVKTjM4ukU,시애틀에 있는 IONQ 양자 컴퓨터 제조 현장 방문 해 임원 면담까지 한 사연 (ft. 가을바람월드),"Oct 25, 2024",849,0
2023-09-27,LUVKTjM4ukU,시애틀에 있는 IONQ 양자 컴퓨터 제조 현장 방문 해 임원 면담까지 한 사연 (ft. 가을바람월드),"Oct 25, 2024",849,0
2023-09-28,LUVKTjM4ukU,시애틀에 있는 IONQ 양자 컴퓨터 제조 현장 방문 해 임원 면담까지 한 사연 (ft. 가을바람월드),"Oct 25, 2024",849,0
2023-09-29,LUVKTjM4ukU,시애틀에 있는 IONQ 양자 컴퓨터 제조 현장 방문 해 임원 면담까지 한 사연 (ft. 가을바람월드),"Oct 25, 2024",849,0
2023-09-30,LUVKTjM4ukU,시애틀에 있는 IONQ 양자 컴퓨터 제조 현장 방문 해 임원 면담까지 한 사연 (ft. 가을바람월드),"Oct 25, 2024",849,0
2023-10-01,LUVKTjM4ukU,시애틀에 있는 IONQ 양자 컴퓨터 제조 현장 방문 해 임원 면담까지 한 사연 (ft. 가을바람월드),"Oct 25, 2024",849,0
2023-10-02,LUVKTjM4ukU,시애틀에 있는 IONQ 양자 컴퓨터 제조 현장 방문 해 임원 면담까지 한 사연 (ft. 가을바람월드),"Oct 25, 2024",849,0
2023-10-03,LUVKTjM4ukU,시애틀에 있는 IONQ 양자 컴퓨터 제조 현장 방문 해 임원 면담까지 한 사연 (ft. 가을바람월드),"Oct 25, 2024",849,0
2023-10-04,LUVKTjM4ukU,시애틀에 있는 IONQ 양자 컴퓨터 제조 현장 방문 해 임원 면담까지 한 사연 (ft. 가을바람월드),"Oct 25, 2024",849,0
2023-10-05,LUVKTjM4ukU,시애틀에 있는 IONQ 양자 컴퓨터 제조 현장 방문 해 임원 면담까지 한 사연 (ft. 가을바람월드),"Oct 25, 2024",849,0
2023-10-06,LUVKTjM4ukU,시애틀에 있는 IONQ 양자 컴퓨터 제조 현장 방문 해 임원 면담까지 한 사연 (ft. 가을바람월드),"Oct 25, 2024",849,0
2023-10-07,LUVKTjM4ukU,시애틀에 있는 IONQ 양자 컴퓨터 제조 현장 방문 해 임원 면담까지 한 사연 (ft. 가을바람월드),"Oct 25, 2024",849,0
2023-10-08,LUVKTjM4ukU,시애틀에 있는 IONQ 양자 컴퓨터 제조 현장 방문 해 임원 면담까지 한 사연 (ft. 가을바람월드),"Oct 25, 2024",849,0
2023-10-09,LUVKTjM4ukU,시애틀에 있는 IONQ 양자 컴퓨터 제조 현장 방문 해 임원 면담까지 한 사연 (ft. 가을바람월드),"Oct 25, 2024",849,0
2023-10-10,LUVKTjM4ukU,시애틀에 있는 IONQ 양자 컴퓨터 제조 현장 방문 해 임원 면담까지 한 사연 (ft. 가을바람월드),"Oct 25, 2024",849,0
2023-10-11,LUVKTjM4ukU,시애틀에 있는 IONQ 양자 컴퓨터 제조 현장 방문 해 임원 면담까지 한 사연 (ft. 가을바람월드),"Oct 25, 2024",849,0
2023-10-12,LUVKTjM4ukU,시애틀에 있는 IONQ 양자 컴퓨터 제조 현장 방문 해 임원 면담까지 한 사연 (ft. 가을바람월드),"Oct 25, 2024",849,0
2023-10-13,LUVKTjM4ukU,시애틀에 있는 IONQ 양자 컴퓨터 제조 현장 방문 해 임원 면담까지 한 사연 (ft. 가을바람월드),"Oct 25, 2024",849,0
2023-10-14,LUVKTjM4ukU,시애틀에 있는 IONQ 양자 컴퓨터 제조 현장 방문 해 임원 면담까지 한 사연 (ft. 가을바람월드),"Oct 25, 2024",849,0
2023-10-15,LUVKTjM4ukU,시애틀에 있는 IONQ 양자 컴퓨터 제조 현장 방문 해 임원 면담까지 한 사연 (ft. 가을바람월드),"Oct 25, 2024",849,0
2023-10-16,LUVKTjM4ukU,시애틀에 있는 IONQ 양자 컴퓨터 제조 현장 방문 해 임원 면담까지 한 사연 (ft. 가을바람월드),"Oct 25, 2024",849,0
2023-10-17,LUVKTjM4ukU,시애틀에 있는 IONQ 양자 컴퓨터 제조 현장 방문 해 임원 면담까지 한 사연 (ft. 가을바람월드),"Oct 25, 2024",849,0
2023-10-18,LUVKTjM4ukU,시애틀에 있는 IONQ 양자 컴퓨터 제조 현장 방문 해 임원 면담까지 한 사연 (ft. 가을바람월드),"Oct 25, 2024",849,0
2023-10-19,LUVKTjM4ukU,시애틀에 있는 IONQ 양자 컴퓨터 제조 현장 방문 해 임원 면담까지 한 사연 (ft. 가을바람월드),"Oct 25, 2024",849,0
2023-10-20,LUVKTjM4ukU,시애틀에 있는 IONQ 양자 컴퓨터 제조 현장 방문 해 임원 면담까지 한 사연 (ft. 가을바람월드),"Oct 25, 2024",849,0
2023-10-21,LUVKTjM4ukU,시애틀에 있는 IONQ 양자 컴퓨터 제조 현장 방문 해 임원 면담까지 한 사연 (ft. 가을바람월드),"Oct 25, 2024",849,0
2023-10-22,LUVKTjM4ukU,시애틀에 있는 IONQ 양자 컴퓨터 제조 현장 방문 해 임원 면담까지 한 사연 (ft. 가을바람월드),"Oct 25, 2024",849,0
2023-10-23,LUVKTjM4ukU,시애틀에 있는 IONQ 양자 컴퓨터 제조 현장 방문 해 임원 면담까지 한 사연 (ft. 가을바람월드),"Oct 25, 2024",849,0
2023-10-24,LUVKTjM4ukU,시애틀에 있는 IONQ 양자 컴퓨터 제조 현장 방문 해 임원 면담까지 한 사연 (ft. 가을바람월드),"Oct 25, 2024",849,0
2023-10-25,LUVKTjM4ukU,시애틀에 있는 IONQ 양자 컴퓨터 제조 현장 방문 해 임원 면담까지 한 사연 (ft. 가을바람월드),"Oct 25, 2024",849,0
2023-10-26,LUVKTjM4ukU,시애틀에 있는 IONQ 양자 컴퓨터 제조 현장 방문 해 임원 면담까지 한 사연 (ft. 가을바람월드),"Oct 25, 2024",849,0
2023-10-27,LUVKTjM4ukU,시애틀에 있는 IONQ 양자 컴퓨터 제조 현장 방문 해 임원 면담까지 한 사연 (ft. 가을바람월드),"Oct 25, 2024",849,0
2023-10-28,LUVKTjM4ukU,시애틀에 있는 IONQ 양자 컴퓨터 제조 현장 방문 해 임원 면담까지 한 사연 (ft. 가을바람월드),"Oct 25, 2024",849,0
2023-10-29,LUVKTjM4ukU,시애틀에 있는 IONQ 양자 컴퓨터 제조 현장 방문 해 임원 면담까지 한 사연 (ft. 가을바람월드),"Oct 25, 2024",849,0
2023-10-30,LUVKTjM4ukU,시애틀에 있는 IONQ 양자 컴퓨터 제조 현장 방문 해 임원 면담까지 한 사연 (ft. 가을바람월드),"Oct 25, 2024",849,0
2023-10-31,LUVKTjM4ukU,시애틀에 있는 IONQ 양자 컴퓨터 제조 현장 방문 해 임원 면담까지 한 사연 (ft. 가을바람월드),"Oct 25, 2024",849,0
2023-11-01,LUVKTjM4ukU,시애틀에 있는 IONQ 양자 컴퓨터 제조 현장 방문 해 임원 면담까지 한 사연 (ft. 가을바람월드),"Oct 25, 2024",849,0
2023-11-02,LUVKTjM4ukU,시애틀에 있는 IONQ 양자 컴퓨터 제조 현장 방문 해 임원 면담까지 한 사연 (ft. 가을바람월드),"Oct 25, 2024",849,0
2023-11-03,LUVKTjM4ukU,시애틀에 있는 IONQ 양자 컴퓨터 제조 현장 방문 해 임원 면담까지 한 사연 (ft. 가을바람월드),"Oct 25, 2024",849,0
2023-11-04,LUVKTjM4ukU,시애틀에 있는 IONQ 양자 컴퓨터 제조 현장 방문 해 임원 면담까지 한 사연 (ft. 가을바람월드),"Oct 25, 2024",849,0
2023-11-05,LUVKTjM4ukU,시애틀에 있는 IONQ 양자 컴퓨터 제조 현장 방문 해 임원 면담까지 한 사연 (ft. 가을바람월드),"Oct 25, 2024",849,0
2023-11-06,LUVKTjM4ukU,시애틀에 있는 IONQ 양자 컴퓨터 제조 현장 방문 해 임원 면담까지 한 사연 (ft. 가을바람월드),"Oct 25, 2024",849,0
2023-11-07,LUVKTjM4ukU,시애틀에 있는 IONQ 양자 컴퓨터 제조 현장 방문 해 임원 면담까지 한 사연 (ft. 가을바람월드),"Oct 25, 2024",849,0
2023-11-08,LUVKTjM4ukU,시애틀에 있는 IONQ 양자 컴퓨터 제조 현장 방문 해 임원 면담까지 한 사연 (ft. 가을바람월드),"Oct 25, 2024",849,0
2023-11-09,LUVKTjM4ukU,시애틀에 있는 IONQ 양자 컴퓨터 제조 현장 방문 해 임원 면담까지 한 사연 (ft. 가을바람월드),"Oct 25, 2024",849,0
2023-11-10,LUVKTjM4ukU,시애틀에 있는 IONQ 양자 컴퓨터 제조 현장 방문 해 임원 면담까지 한 사연 (ft. 가을바람월드),"Oct 25, 2024",849,0
2023-11-11,LUVKTjM4ukU,시애틀에 있는 IONQ 양자 컴퓨터 제조 현장 방문 해 임원 면담까지 한 사연 (ft. 가을바람월드),"Oct 25, 2024",849,0
2023-11-12,LUVKTjM4ukU,시애틀에 있는 IONQ 양자 컴퓨터 제조 현장 방문 해 임원 면담까지 한 사연 (ft. 가을바람월드),"Oct 25, 2024",849,0
2023-11-13,LUVKTjM4ukU,시애틀에 있는 IONQ 양자 컴퓨터 제조 현장 방문 해 임원 면담까지 한 사연 (ft. 가을바람월드),"Oct 25, 2024",849,0
2023-11-14,LUVKTjM4ukU,시애틀에 있는 IONQ 양자 컴퓨터 제조 현장 방문 해 임원 면담까지 한 사연 (ft. 가을바람월드),"Oct 25, 2024",849,0
2023-11-15,LUVKTjM4ukU,시애틀에 있는 IONQ 양자 컴퓨터 제조 현장 방문 해 임원 면담까지 한 사연 (ft. 가을바람월드),"Oct 25, 2024",849,0
2023-11-16,LUVKTjM4ukU,시애틀에 있는 IONQ 양자 컴퓨터 제조 현장 방문 해 임원 면담까지 한 사연 (ft. 가을바람월드),"Oct 25, 2024",849,0
2023-11-17,LUVKTjM4ukU,시애틀에 있는 IONQ 양자 컴퓨터 제조 현장 방문 해 임원 면담까지 한 사연 (ft. 가을바람월드),"Oct 25, 2024",849,0
2023-11-18,LUVKTjM4ukU,시애틀에 있는 IONQ 양자 컴퓨터 제조 현장 방문 해 임원 면담까지 한 사연 (ft. 가을바람월드),"Oct 25, 2024",849,0
2023-11-19,LUVKTjM4ukU,시애틀에 있는 IONQ 양자 컴퓨터 제조 현장 방문 해 임원 면담까지 한 사연 (ft. 가을바람월드),"Oct 25, 2024",849,0
2023-11-20,LUVKTjM4ukU,시애틀에 있는 IONQ 양자 컴퓨터 제조 현장 방문 해 임원 면담까지 한 사연 (ft. 가을바람월드),"Oct 25, 2024",849,0
2023-11-21,LUVKTjM4ukU,시애틀에 있는 IONQ 양자 컴퓨터 제조 현장 방문 해 임원 면담까지 한 사연 (ft. 가을바람월드),"Oct 25, 2024",849,0
2023-11-22,LUVKTjM4ukU,시애틀에 있는 IONQ 양자 컴퓨터 제조 현장 방문 해 임원 면담까지 한 사연 (ft. 가을바람월드),"Oct 25, 2024",849,0
2023-11-23,LUVKTjM4ukU,시애틀에 있는 IONQ 양자 컴퓨터 제조 현장 방문 해 임원 면담까지 한 사연 (ft. 가을바람월드),"Oct 25, 2024",849,0
2023-11-24,LUVKTjM4ukU,시애틀에 있는 IONQ 양자 컴퓨터 제조 현장 방문 해 임원 면담까지 한 사연 (ft. 가을바람월드),"Oct 25, 2024",849,0
2023-11-25,LUVKTjM4ukU,시애틀에 있는 IONQ 양자 컴퓨터 제조 현장 방문 해 임원 면담까지 한 사연 (ft. 가을바람월드),"Oct 25, 2024",849,0
2023-11-26,LUVKTjM4ukU,시애틀에 있는 IONQ 양자 컴퓨터 제조 현장 방문 해 임원 면담까지 한 사연 (ft. 가을바람월드),"Oct 25, 2024",849,0
2023-11-27,LUVKTjM4ukU,시애틀에 있는 IONQ 양자 컴퓨터 제조 현장 방문 해 임원 면담까지 한 사연 (ft. 가을바람월드),"Oct 25, 2024",849,0
2023-11-28,LUVKTjM4ukU,시애틀에 있는 IONQ 양자 컴퓨터 제조 현장 방문 해 임원 면담까지 한 사연 (ft. 가을바람월드),"Oct 25, 2024",849,0
2023-11-29,LUVKTjM4ukU,시애틀에 있는 IONQ 양자 컴퓨터 제조 현장 방문 해 임원 면담까지 한 사연 (ft. 가을바람월드),"Oct 25, 2024",849,0
2023-11-30,LUVKTjM4ukU,시애틀에 있는 IONQ 양자 컴퓨터 제조 현장 방문 해 임원 면담까지 한 사연 (ft. 가을바람월드),"Oct 25, 2024",849,0
2023-12-01,LUVKTjM4ukU,시애틀에 있는 IONQ 양자 컴퓨터 제조 현장 방문 해 임원 면담까지 한 사연 (ft. 가을바람월드),"Oct 25, 2024",849,0
2023-12-02,LUVKTjM4ukU,시애틀에 있는 IONQ 양자 컴퓨터 제조 현장 방문 해 임원 면담까지 한 사연 (ft. 가을바람월드),"Oct 25, 2024",849,0
2023-12-03,LUVKTjM4ukU,시애틀에 있는 IONQ 양자 컴퓨터 제조 현장 방문 해 임원 면담까지 한 사연 (ft. 가을바람월드),"Oct 25, 2024",849,0
2023-12-04,LUVKTjM4ukU,시애틀에 있는 IONQ 양자 컴퓨터 제조 현장 방문 해 임원 면담까지 한 사연 (ft. 가을바람월드),"Oct 25, 2024",849,0
2023-12-05,LUVKTjM4ukU,시애틀에 있는 IONQ 양자 컴퓨터 제조 현장 방문 해 임원 면담까지 한 사연 (ft. 가을바람월드),"Oct 25, 2024",849,0
2023-12-06,LUVKTjM4ukU,시애틀에 있는 IONQ 양자 컴퓨터 제조 현장 방문 해 임원 면담까지 한 사연 (ft. 가을바람월드),"Oct 25, 2024",849,0
2023-12-07,LUVKTjM4ukU,시애틀에 있는 IONQ 양자 컴퓨터 제조 현장 방문 해 임원 면담까지 한 사연 (ft. 가을바람월드),"Oct 25, 2024",849,0
2023-12-08,LUVKTjM4ukU,시애틀에 있는 IONQ 양자 컴퓨터 제조 현장 방문 해 임원 면담까지 한 사연 (ft. 가을바람월드),"Oct 25, 2024",849,0
2023-12-09,LUVKTjM4ukU,시애틀에 있는 IONQ 양자 컴퓨터 제조 현장 방문 해 임원 면담까지 한 사연 (ft. 가을바람월드),"Oct 25, 2024",849,0
2023-12-10,LUVKTjM4ukU,시애틀에 있는 IONQ 양자 컴퓨터 제조 현장 방문 해 임원 면담까지 한 사연 (ft. 가을바람월드),"Oct 25, 2024",849,0
2023-12-11,LUVKTjM4ukU,시애틀에 있는 IONQ 양자 컴퓨터 제조 현장 방문 해 임원 면담까지 한 사연 (ft. 가을바람월드),"Oct 25, 2024",849,0
2023-12-12,LUVKTjM4ukU,시애틀에 있는 IONQ 양자 컴퓨터 제조 현장 방문 해 임원 면담까지 한 사연 (ft. 가을바람월드),"Oct 25, 2024",849,0
2023-12-13,LUVKTjM4ukU,시애틀에 있는 IONQ 양자 컴퓨터 제조 현장 방문 해 임원 면담까지 한 사연 (ft. 가을바람월드),"Oct 25, 2024",849,0
2023-12-14,LUVKTjM4ukU,시애틀에 있는 IONQ 양자 컴퓨터 제조 현장 방문 해 임원 면담까지 한 사연 (ft. 가을바람월드),"Oct 25, 2024",849,0
2023-12-15,LUVKTjM4ukU,시애틀에 있는 IONQ 양자 컴퓨터 제조 현장 방문 해 임원 면담까지 한 사연 (ft. 가을바람월드),"Oct 25, 2024",849,0
2023-12-16,LUVKTjM4ukU,시애틀에 있는 IONQ 양자 컴퓨터 제조 현장 방문 해 임원 면담까지 한 사연 (ft. 가을바람월드),"Oct 25, 2024",849,0
2023-12-17,LUVKTjM4ukU,시애틀에 있는 IONQ 양자 컴퓨터 제조 현장 방문 해 임원 면담까지 한 사연 (ft. 가을바람월드),"Oct 25, 2024",849,0
2023-12-18,LUVKTjM4ukU,시애틀에 있는 IONQ 양자 컴퓨터 제조 현장 방문 해 임원 면담까지 한 사연 (ft. 가을바람월드),"Oct 25, 2024",849,0
2023-12-19,LUVKTjM4ukU,시애틀에 있는 IONQ 양자 컴퓨터 제조 현장 방문 해 임원 면담까지 한 사연 (ft. 가을바람월드),"Oct 25, 2024",849,0
2023-12-20,LUVKTjM4ukU,시애틀에 있는 IONQ 양자 컴퓨터 제조 현장 방문 해 임원 면담까지 한 사연 (ft. 가을바람월드),"Oct 25, 2024",849,0
2023-12-21,LUVKTjM4ukU,시애틀에 있는 IONQ 양자 컴퓨터 제조 현장 방문 해 임원 면담까지 한 사연 (ft. 가을바람월드),"Oct 25, 2024",849,0
2023-12-22,LUVKTjM4ukU,시애틀에 있는 IONQ 양자 컴퓨터 제조 현장 방문 해 임원 면담까지 한 사연 (ft. 가을바람월드),"Oct 25, 2024",849,0
2023-12-23,LUVKTjM4ukU,시애틀에 있는 IONQ 양자 컴퓨터 제조 현장 방문 해 임원 면담까지 한 사연 (ft. 가을바람월드),"Oct 25, 2024",849,0
2023-12-24,LUVKTjM4ukU,시애틀에 있는 IONQ 양자 컴퓨터 제조 현장 방문 해 임원 면담까지 한 사연 (ft. 가을바람월드),"Oct 25, 2024",849,0
2023-12-25,LUVKTjM4ukU,시애틀에 있는 IONQ 양자 컴퓨터 제조 현장 방문 해 임원 면담까지 한 사연 (ft. 가을바람월드),"Oct 25, 2024",849,0
2023-12-26,LUVKTjM4ukU,시애틀에 있는 IONQ 양자 컴퓨터 제조 현장 방문 해 임원 면담까지 한 사연 (ft. 가을바람월드),"Oct 25, 2024",849,0
2023-12-27,LUVKTjM4ukU,시애틀에 있는 IONQ 양자 컴퓨터 제조 현장 방문 해 임원 면담까지 한 사연 (ft. 가을바람월드),"Oct 25, 2024",849,0
2023-12-28,LUVKTjM4ukU,시애틀에 있는 IONQ 양자 컴퓨터 제조 현장 방문 해 임원 면담까지 한 사연 (ft. 가을바람월드),"Oct 25, 2024",849,0
2023-12-29,LUVKTjM4ukU,시애틀에 있는 IONQ 양자 컴퓨터 제조 현장 방문 해 임원 면담까지 한 사연 (ft. 가을바람월드),"Oct 25, 2024",849,0
2023-12-30,LUVKTjM4ukU,시애틀에 있는 IONQ 양자 컴퓨터 제조 현장 방문 해 임원 면담까지 한 사연 (ft. 가을바람월드),"Oct 25, 2024",849,0
2023-12-31,LUVKTjM4ukU,시애틀에 있는 IONQ 양자 컴퓨터 제조 현장 방문 해 임원 면담까지 한 사연 (ft. 가을바람월드),"Oct 25, 2024",849,0
2024-01-01,LUVKTjM4ukU,시애틀에 있는 IONQ 양자 컴퓨터 제조 현장 방문 해 임원 면담까지 한 사연 (ft. 가을바람월드),"Oct 25, 2024",849,0
2024-01-02,LUVKTjM4ukU,시애틀에 있는 IONQ 양자 컴퓨터 제조 현장 방문 해 임원 면담까지 한 사연 (ft. 가을바람월드),"Oct 25, 2024",849,0
2024-01-03,LUVKTjM4ukU,시애틀에 있는 IONQ 양자 컴퓨터 제조 현장 방문 해 임원 면담까지 한 사연 (ft. 가을바람월드),"Oct 25, 2024",849,0
2024-01-04,LUVKTjM4ukU,시애틀에 있는 IONQ 양자 컴퓨터 제조 현장 방문 해 임원 면담까지 한 사연 (ft. 가을바람월드),"Oct 25, 2024",849,0
2024-01-05,LUVKTjM4ukU,시애틀에 있는 IONQ 양자 컴퓨터 제조 현장 방문 해 임원 면담까지 한 사연 (ft. 가을바람월드),"Oct 25, 2024",849,0
2024-01-06,LUVKTjM4ukU,시애틀에 있는 IONQ 양자 컴퓨터 제조 현장 방문 해 임원 면담까지 한 사연 (ft. 가을바람월드),"Oct 25, 2024",849,0
2024-01-07,LUVKTjM4ukU,시애틀에 있는 IONQ 양자 컴퓨터 제조 현장 방문 해 임원 면담까지 한 사연 (ft. 가을바람월드),"Oct 25, 2024",849,0
2024-01-08,LUVKTjM4ukU,시애틀에 있는 IONQ 양자 컴퓨터 제조 현장 방문 해 임원 면담까지 한 사연 (ft. 가을바람월드),"Oct 25, 2024",849,0
2024-01-09,LUVKTjM4ukU,시애틀에 있는 IONQ 양자 컴퓨터 제조 현장 방문 해 임원 면담까지 한 사연 (ft. 가을바람월드),"Oct 25, 2024",849,0
2024-01-10,LUVKTjM4ukU,시애틀에 있는 IONQ 양자 컴퓨터 제조 현장 방문 해 임원 면담까지 한 사연 (ft. 가을바람월드),"Oct 25, 2024",849,0
2024-01-11,LUVKTjM4ukU,시애틀에 있는 IONQ 양자 컴퓨터 제조 현장 방문 해 임원 면담까지 한 사연 (ft. 가을바람월드),"Oct 25, 2024",849,0
2024-01-12,LUVKTjM4ukU,시애틀에 있는 IONQ 양자 컴퓨터 제조 현장 방문 해 임원 면담까지 한 사연 (ft. 가을바람월드),"Oct 25, 2024",849,0
2024-01-13,LUVKTjM4ukU,시애틀에 있는 IONQ 양자 컴퓨터 제조 현장 방문 해 임원 면담까지 한 사연 (ft. 가을바람월드),"Oct 25, 2024",849,0
2024-01-14,LUVKTjM4ukU,시애틀에 있는 IONQ 양자 컴퓨터 제조 현장 방문 해 임원 면담까지 한 사연 (ft. 가을바람월드),"Oct 25, 2024",849,0
2024-01-15,LUVKTjM4ukU,시애틀에 있는 IONQ 양자 컴퓨터 제조 현장 방문 해 임원 면담까지 한 사연 (ft. 가을바람월드),"Oct 25, 2024",849,0
2024-01-16,LUVKTjM4ukU,시애틀에 있는 IONQ 양자 컴퓨터 제조 현장 방문 해 임원 면담까지 한 사연 (ft. 가을바람월드),"Oct 25, 2024",849,0
2024-01-17,LUVKTjM4ukU,시애틀에 있는 IONQ 양자 컴퓨터 제조 현장 방문 해 임원 면담까지 한 사연 (ft. 가을바람월드),"Oct 25, 2024",849,0
2024-01-18,LUVKTjM4ukU,시애틀에 있는 IONQ 양자 컴퓨터 제조 현장 방문 해 임원 면담까지 한 사연 (ft. 가을바람월드),"Oct 25, 2024",849,0
2024-01-19,LUVKTjM4ukU,시애틀에 있는 IONQ 양자 컴퓨터 제조 현장 방문 해 임원 면담까지 한 사연 (ft. 가을바람월드),"Oct 25, 2024",849,0
2024-01-20,LUVKTjM4ukU,시애틀에 있는 IONQ 양자 컴퓨터 제조 현장 방문 해 임원 면담까지 한 사연 (ft. 가을바람월드),"Oct 25, 2024",849,0
2024-01-21,LUVKTjM4ukU,시애틀에 있는 IONQ 양자 컴퓨터 제조 현장 방문 해 임원 면담까지 한 사연 (ft. 가을바람월드),"Oct 25, 2024",849,0
2024-01-22,LUVKTjM4ukU,시애틀에 있는 IONQ 양자 컴퓨터 제조 현장 방문 해 임원 면담까지 한 사연 (ft. 가을바람월드),"Oct 25, 2024",849,0
2024-01-23,LUVKTjM4ukU,시애틀에 있는 IONQ 양자 컴퓨터 제조 현장 방문 해 임원 면담까지 한 사연 (ft. 가을바람월드),"Oct 25, 2024",849,0
2024-01-24,LUVKTjM4ukU,시애틀에 있는 IONQ 양자 컴퓨터 제조 현장 방문 해 임원 면담까지 한 사연 (ft. 가을바람월드),"Oct 25, 2024",849,0
2024-01-25,LUVKTjM4ukU,시애틀에 있는 IONQ 양자 컴퓨터 제조 현장 방문 해 임원 면담까지 한 사연 (ft. 가을바람월드),"Oct 25, 2024",849,0
2024-01-26,LUVKTjM4ukU,시애틀에 있는 IONQ 양자 컴퓨터 제조 현장 방문 해 임원 면담까지 한 사연 (ft. 가을바람월드),"Oct 25, 2024",849,0
2024-01-27,LUVKTjM4ukU,시애틀에 있는 IONQ 양자 컴퓨터 제조 현장 방문 해 임원 면담까지 한 사연 (ft. 가을바람월드),"Oct 25, 2024",849,0
2024-01-28,LUVKTjM4ukU,시애틀에 있는 IONQ 양자 컴퓨터 제조 현장 방문 해 임원 면담까지 한 사연 (ft. 가을바람월드),"Oct 25, 2024",849,0
2024-01-29,LUVKTjM4ukU,시애틀에 있는 IONQ 양자 컴퓨터 제조 현장 방문 해 임원 면담까지 한 사연 (ft. 가을바람월드),"Oct 25, 2024",849,0
2024-01-30,LUVKTjM4ukU,시애틀에 있는 IONQ 양자 컴퓨터 제조 현장 방문 해 임원 면담까지 한 사연 (ft. 가을바람월드),"Oct 25, 2024",849,0
2024-01-31,LUVKTjM4ukU,시애틀에 있는 IONQ 양자 컴퓨터 제조 현장 방문 해 임원 면담까지 한 사연 (ft. 가을바람월드),"Oct 25, 2024",849,0
2024-02-01,LUVKTjM4ukU,시애틀에 있는 IONQ 양자 컴퓨터 제조 현장 방문 해 임원 면담까지 한 사연 (ft. 가을바람월드),"Oct 25, 2024",849,0
2024-02-02,LUVKTjM4ukU,시애틀에 있는 IONQ 양자 컴퓨터 제조 현장 방문 해 임원 면담까지 한 사연 (ft. 가을바람월드),"Oct 25, 2024",849,0
2024-02-03,LUVKTjM4ukU,시애틀에 있는 IONQ 양자 컴퓨터 제조 현장 방문 해 임원 면담까지 한 사연 (ft. 가을바람월드),"Oct 25, 2024",849,0
2024-02-04,LUVKTjM4ukU,시애틀에 있는 IONQ 양자 컴퓨터 제조 현장 방문 해 임원 면담까지 한 사연 (ft. 가을바람월드),"Oct 25, 2024",849,0
2024-02-05,LUVKTjM4ukU,시애틀에 있는 IONQ 양자 컴퓨터 제조 현장 방문 해 임원 면담까지 한 사연 (ft. 가을바람월드),"Oct 25, 2024",849,0
2024-02-06,LUVKTjM4ukU,시애틀에 있는 IONQ 양자 컴퓨터 제조 현장 방문 해 임원 면담까지 한 사연 (ft. 가을바람월드),"Oct 25, 2024",849,0
2024-02-07,LUVKTjM4ukU,시애틀에 있는 IONQ 양자 컴퓨터 제조 현장 방문 해 임원 면담까지 한 사연 (ft. 가을바람월드),"Oct 25, 2024",849,0
2024-02-08,LUVKTjM4ukU,시애틀에 있는 IONQ 양자 컴퓨터 제조 현장 방문 해 임원 면담까지 한 사연 (ft. 가을바람월드),"Oct 25, 2024",849,0
2024-02-09,LUVKTjM4ukU,시애틀에 있는 IONQ 양자 컴퓨터 제조 현장 방문 해 임원 면담까지 한 사연 (ft. 가을바람월드),"Oct 25, 2024",849,0
2024-02-10,LUVKTjM4ukU,시애틀에 있는 IONQ 양자 컴퓨터 제조 현장 방문 해 임원 면담까지 한 사연 (ft. 가을바람월드),"Oct 25, 2024",849,0
2024-02-11,LUVKTjM4ukU,시애틀에 있는 IONQ 양자 컴퓨터 제조 현장 방문 해 임원 면담까지 한 사연 (ft. 가을바람월드),"Oct 25, 2024",849,0
2024-02-12,LUVKTjM4ukU,시애틀에 있는 IONQ 양자 컴퓨터 제조 현장 방문 해 임원 면담까지 한 사연 (ft. 가을바람월드),"Oct 25, 2024",849,0
2024-02-13,LUVKTjM4ukU,시애틀에 있는 IONQ 양자 컴퓨터 제조 현장 방문 해 임원 면담까지 한 사연 (ft. 가을바람월드),"Oct 25, 2024",849,0
2024-02-14,LUVKTjM4ukU,시애틀에 있는 IONQ 양자 컴퓨터 제조 현장 방문 해 임원 면담까지 한 사연 (ft. 가을바람월드),"Oct 25, 2024",849,0
2024-02-15,LUVKTjM4ukU,시애틀에 있는 IONQ 양자 컴퓨터 제조 현장 방문 해 임원 면담까지 한 사연 (ft. 가을바람월드),"Oct 25, 2024",849,0
2024-02-16,LUVKTjM4ukU,시애틀에 있는 IONQ 양자 컴퓨터 제조 현장 방문 해 임원 면담까지 한 사연 (ft. 가을바람월드),"Oct 25, 2024",849,0
2024-02-17,LUVKTjM4ukU,시애틀에 있는 IONQ 양자 컴퓨터 제조 현장 방문 해 임원 면담까지 한 사연 (ft. 가을바람월드),"Oct 25, 2024",849,0
2024-02-18,LUVKTjM4ukU,시애틀에 있는 IONQ 양자 컴퓨터 제조 현장 방문 해 임원 면담까지 한 사연 (ft. 가을바람월드),"Oct 25, 2024",849,0
2024-02-19,LUVKTjM4ukU,시애틀에 있는 IONQ 양자 컴퓨터 제조 현장 방문 해 임원 면담까지 한 사연 (ft. 가을바람월드),"Oct 25, 2024",849,0
2024-02-20,LUVKTjM4ukU,시애틀에 있는 IONQ 양자 컴퓨터 제조 현장 방문 해 임원 면담까지 한 사연 (ft. 가을바람월드),"Oct 25, 2024",849,0
2024-02-21,LUVKTjM4ukU,시애틀에 있는 IONQ 양자 컴퓨터 제조 현장 방문 해 임원 면담까지 한 사연 (ft. 가을바람월드),"Oct 25, 2024",849,0
2024-02-22,LUVKTjM4ukU,시애틀에 있는 IONQ 양자 컴퓨터 제조 현장 방문 해 임원 면담까지 한 사연 (ft. 가을바람월드),"Oct 25, 2024",849,0
2024-02-23,LUVKTjM4ukU,시애틀에 있는 IONQ 양자 컴퓨터 제조 현장 방문 해 임원 면담까지 한 사연 (ft. 가을바람월드),"Oct 25, 2024",849,0
2024-02-24,LUVKTjM4ukU,시애틀에 있는 IONQ 양자 컴퓨터 제조 현장 방문 해 임원 면담까지 한 사연 (ft. 가을바람월드),"Oct 25, 2024",849,0
2024-02-25,LUVKTjM4ukU,시애틀에 있는 IONQ 양자 컴퓨터 제조 현장 방문 해 임원 면담까지 한 사연 (ft. 가을바람월드),"Oct 25, 2024",849,0
2024-02-26,LUVKTjM4ukU,시애틀에 있는 IONQ 양자 컴퓨터 제조 현장 방문 해 임원 면담까지 한 사연 (ft. 가을바람월드),"Oct 25, 2024",849,0
2024-02-27,LUVKTjM4ukU,시애틀에 있는 IONQ 양자 컴퓨터 제조 현장 방문 해 임원 면담까지 한 사연 (ft. 가을바람월드),"Oct 25, 2024",849,0
2024-02-28,LUVKTjM4ukU,시애틀에 있는 IONQ 양자 컴퓨터 제조 현장 방문 해 임원 면담까지 한 사연 (ft. 가을바람월드),"Oct 25, 2024",849,0
2024-02-29,LUVKTjM4ukU,시애틀에 있는 IONQ 양자 컴퓨터 제조 현장 방문 해 임원 면담까지 한 사연 (ft. 가을바람월드),"Oct 25, 2024",849,0
2024-03-01,LUVKTjM4ukU,시애틀에 있는 IONQ 양자 컴퓨터 제조 현장 방문 해 임원 면담까지 한 사연 (ft. 가을바람월드),"Oct 25, 2024",849,0
2024-03-02,LUVKTjM4ukU,시애틀에 있는 IONQ 양자 컴퓨터 제조 현장 방문 해 임원 면담까지 한 사연 (ft. 가을바람월드),"Oct 25, 2024",849,0
2024-03-03,LUVKTjM4ukU,시애틀에 있는 IONQ 양자 컴퓨터 제조 현장 방문 해 임원 면담까지 한 사연 (ft. 가을바람월드),"Oct 25, 2024",849,0
2024-03-04,LUVKTjM4ukU,시애틀에 있는 IONQ 양자 컴퓨터 제조 현장 방문 해 임원 면담까지 한 사연 (ft. 가을바람월드),"Oct 25, 2024",849,0
2024-03-05,LUVKTjM4ukU,시애틀에 있는 IONQ 양자 컴퓨터 제조 현장 방문 해 임원 면담까지 한 사연 (ft. 가을바람월드),"Oct 25, 2024",849,0
2024-03-06,LUVKTjM4ukU,시애틀에 있는 IONQ 양자 컴퓨터 제조 현장 방문 해 임원 면담까지 한 사연 (ft. 가을바람월드),"Oct 25, 2024",849,0
2024-03-07,LUVKTjM4ukU,시애틀에 있는 IONQ 양자 컴퓨터 제조 현장 방문 해 임원 면담까지 한 사연 (ft. 가을바람월드),"Oct 25, 2024",849,0
2024-03-08,LUVKTjM4ukU,시애틀에 있는 IONQ 양자 컴퓨터 제조 현장 방문 해 임원 면담까지 한 사연 (ft. 가을바람월드),"Oct 25, 2024",849,0
2024-03-09,LUVKTjM4ukU,시애틀에 있는 IONQ 양자 컴퓨터 제조 현장 방문 해 임원 면담까지 한 사연 (ft. 가을바람월드),"Oct 25, 2024",849,0
2024-03-10,LUVKTjM4ukU,시애틀에 있는 IONQ 양자 컴퓨터 제조 현장 방문 해 임원 면담까지 한 사연 (ft. 가을바람월드),"Oct 25, 2024",849,0
2024-03-11,LUVKTjM4ukU,시애틀에 있는 IONQ 양자 컴퓨터 제조 현장 방문 해 임원 면담까지 한 사연 (ft. 가을바람월드),"Oct 25, 2024",849,0
2024-03-12,LUVKTjM4ukU,시애틀에 있는 IONQ 양자 컴퓨터 제조 현장 방문 해 임원 면담까지 한 사연 (ft. 가을바람월드),"Oct 25, 2024",849,0
2024-03-13,LUVKTjM4ukU,시애틀에 있는 IONQ 양자 컴퓨터 제조 현장 방문 해 임원 면담까지 한 사연 (ft. 가을바람월드),"Oct 25, 2024",849,0
2024-03-14,LUVKTjM4ukU,시애틀에 있는 IONQ 양자 컴퓨터 제조 현장 방문 해 임원 면담까지 한 사연 (ft. 가을바람월드),"Oct 25, 2024",849,0
2024-03-15,LUVKTjM4ukU,시애틀에 있는 IONQ 양자 컴퓨터 제조 현장 방문 해 임원 면담까지 한 사연 (ft. 가을바람월드),"Oct 25, 2024",849,0
2024-03-16,LUVKTjM4ukU,시애틀에 있는 IONQ 양자 컴퓨터 제조 현장 방문 해 임원 면담까지 한 사연 (ft. 가을바람월드),"Oct 25, 2024",849,0
2024-03-17,LUVKTjM4ukU,시애틀에 있는 IONQ 양자 컴퓨터 제조 현장 방문 해 임원 면담까지 한 사연 (ft. 가을바람월드),"Oct 25, 2024",849,0
2024-03-18,LUVKTjM4ukU,시애틀에 있는 IONQ 양자 컴퓨터 제조 현장 방문 해 임원 면담까지 한 사연 (ft. 가을바람월드),"Oct 25, 2024",849,0
2024-03-19,LUVKTjM4ukU,시애틀에 있는 IONQ 양자 컴퓨터 제조 현장 방문 해 임원 면담까지 한 사연 (ft. 가을바람월드),"Oct 25, 2024",849,0
2024-03-20,LUVKTjM4ukU,시애틀에 있는 IONQ 양자 컴퓨터 제조 현장 방문 해 임원 면담까지 한 사연 (ft. 가을바람월드),"Oct 25, 2024",849,0
2024-03-21,LUVKTjM4ukU,시애틀에 있는 IONQ 양자 컴퓨터 제조 현장 방문 해 임원 면담까지 한 사연 (ft. 가을바람월드),"Oct 25, 2024",849,0
2024-03-22,LUVKTjM4ukU,시애틀에 있는 IONQ 양자 컴퓨터 제조 현장 방문 해 임원 면담까지 한 사연 (ft. 가을바람월드),"Oct 25, 2024",849,0
2024-03-23,LUVKTjM4ukU,시애틀에 있는 IONQ 양자 컴퓨터 제조 현장 방문 해 임원 면담까지 한 사연 (ft. 가을바람월드),"Oct 25, 2024",849,0
2024-03-24,LUVKTjM4ukU,시애틀에 있는 IONQ 양자 컴퓨터 제조 현장 방문 해 임원 면담까지 한 사연 (ft. 가을바람월드),"Oct 25, 2024",849,0
2024-03-25,LUVKTjM4ukU,시애틀에 있는 IONQ 양자 컴퓨터 제조 현장 방문 해 임원 면담까지 한 사연 (ft. 가을바람월드),"Oct 25, 2024",849,0
2024-03-26,LUVKTjM4ukU,시애틀에 있는 IONQ 양자 컴퓨터 제조 현장 방문 해 임원 면담까지 한 사연 (ft. 가을바람월드),"Oct 25, 2024",849,0
2024-03-27,LUVKTjM4ukU,시애틀에 있는 IONQ 양자 컴퓨터 제조 현장 방문 해 임원 면담까지 한 사연 (ft. 가을바람월드),"Oct 25, 2024",849,0
2024-03-28,LUVKTjM4ukU,시애틀에 있는 IONQ 양자 컴퓨터 제조 현장 방문 해 임원 면담까지 한 사연 (ft. 가을바람월드),"Oct 25, 2024",849,0
2024-03-29,LUVKTjM4ukU,시애틀에 있는 IONQ 양자 컴퓨터 제조 현장 방문 해 임원 면담까지 한 사연 (ft. 가을바람월드),"Oct 25, 2024",849,0
2024-03-30,LUVKTjM4ukU,시애틀에 있는 IONQ 양자 컴퓨터 제조 현장 방문 해 임원 면담까지 한 사연 (ft. 가을바람월드),"Oct 25, 2024",849,0
2024-03-31,LUVKTjM4ukU,시애틀에 있는 IONQ 양자 컴퓨터 제조 현장 방문 해 임원 면담까지 한 사연 (ft. 가을바람월드),"Oct 25, 2024",849,0
2024-04-01,LUVKTjM4ukU,시애틀에 있는 IONQ 양자 컴퓨터 제조 현장 방문 해 임원 면담까지 한 사연 (ft. 가을바람월드),"Oct 25, 2024",849,0
2024-04-02,LUVKTjM4ukU,시애틀에 있는 IONQ 양자 컴퓨터 제조 현장 방문 해 임원 면담까지 한 사연 (ft. 가을바람월드),"Oct 25, 2024",849,0
2024-04-03,LUVKTjM4ukU,시애틀에 있는 IONQ 양자 컴퓨터 제조 현장 방문 해 임원 면담까지 한 사연 (ft. 가을바람월드),"Oct 25, 2024",849,0
2024-04-04,LUVKTjM4ukU,시애틀에 있는 IONQ 양자 컴퓨터 제조 현장 방문 해 임원 면담까지 한 사연 (ft. 가을바람월드),"Oct 25, 2024",849,0
2024-04-05,LUVKTjM4ukU,시애틀에 있는 IONQ 양자 컴퓨터 제조 현장 방문 해 임원 면담까지 한 사연 (ft. 가을바람월드),"Oct 25, 2024",849,0
2024-04-06,LUVKTjM4ukU,시애틀에 있는 IONQ 양자 컴퓨터 제조 현장 방문 해 임원 면담까지 한 사연 (ft. 가을바람월드),"Oct 25, 2024",849,0
2024-04-07,LUVKTjM4ukU,시애틀에 있는 IONQ 양자 컴퓨터 제조 현장 방문 해 임원 면담까지 한 사연 (ft. 가을바람월드),"Oct 25, 2024",849,0
2024-04-08,LUVKTjM4ukU,시애틀에 있는 IONQ 양자 컴퓨터 제조 현장 방문 해 임원 면담까지 한 사연 (ft. 가을바람월드),"Oct 25, 2024",849,0
2024-04-09,LUVKTjM4ukU,시애틀에 있는 IONQ 양자 컴퓨터 제조 현장 방문 해 임원 면담까지 한 사연 (ft. 가을바람월드),"Oct 25, 2024",849,0
2024-04-10,LUVKTjM4ukU,시애틀에 있는 IONQ 양자 컴퓨터 제조 현장 방문 해 임원 면담까지 한 사연 (ft. 가을바람월드),"Oct 25, 2024",849,0
2024-04-11,LUVKTjM4ukU,시애틀에 있는 IONQ 양자 컴퓨터 제조 현장 방문 해 임원 면담까지 한 사연 (ft. 가을바람월드),"Oct 25, 2024",849,0
2024-04-12,LUVKTjM4ukU,시애틀에 있는 IONQ 양자 컴퓨터 제조 현장 방문 해 임원 면담까지 한 사연 (ft. 가을바람월드),"Oct 25, 2024",849,0
2024-04-13,LUVKTjM4ukU,시애틀에 있는 IONQ 양자 컴퓨터 제조 현장 방문 해 임원 면담까지 한 사연 (ft. 가을바람월드),"Oct 25, 2024",849,0
2024-04-14,LUVKTjM4ukU,시애틀에 있는 IONQ 양자 컴퓨터 제조 현장 방문 해 임원 면담까지 한 사연 (ft. 가을바람월드),"Oct 25, 2024",849,0
2024-04-15,LUVKTjM4ukU,시애틀에 있는 IONQ 양자 컴퓨터 제조 현장 방문 해 임원 면담까지 한 사연 (ft. 가을바람월드),"Oct 25, 2024",849,0
2024-04-16,LUVKTjM4ukU,시애틀에 있는 IONQ 양자 컴퓨터 제조 현장 방문 해 임원 면담까지 한 사연 (ft. 가을바람월드),"Oct 25, 2024",849,0
2024-04-17,LUVKTjM4ukU,시애틀에 있는 IONQ 양자 컴퓨터 제조 현장 방문 해 임원 면담까지 한 사연 (ft. 가을바람월드),"Oct 25, 2024",849,0
2024-04-18,LUVKTjM4ukU,시애틀에 있는 IONQ 양자 컴퓨터 제조 현장 방문 해 임원 면담까지 한 사연 (ft. 가을바람월드),"Oct 25, 2024",849,0
2024-04-19,LUVKTjM4ukU,시애틀에 있는 IONQ 양자 컴퓨터 제조 현장 방문 해 임원 면담까지 한 사연 (ft. 가을바람월드),"Oct 25, 2024",849,0
2024-04-20,LUVKTjM4ukU,시애틀에 있는 IONQ 양자 컴퓨터 제조 현장 방문 해 임원 면담까지 한 사연 (ft. 가을바람월드),"Oct 25, 2024",849,0
2024-04-21,LUVKTjM4ukU,시애틀에 있는 IONQ 양자 컴퓨터 제조 현장 방문 해 임원 면담까지 한 사연 (ft. 가을바람월드),"Oct 25, 2024",849,0
2024-04-22,LUVKTjM4ukU,시애틀에 있는 IONQ 양자 컴퓨터 제조 현장 방문 해 임원 면담까지 한 사연 (ft. 가을바람월드),"Oct 25, 2024",849,0
2024-04-23,LUVKTjM4ukU,시애틀에 있는 IONQ 양자 컴퓨터 제조 현장 방문 해 임원 면담까지 한 사연 (ft. 가을바람월드),"Oct 25, 2024",849,0
2024-04-24,LUVKTjM4ukU,시애틀에 있는 IONQ 양자 컴퓨터 제조 현장 방문 해 임원 면담까지 한 사연 (ft. 가을바람월드),"Oct 25, 2024",849,0
2024-04-25,LUVKTjM4ukU,시애틀에 있는 IONQ 양자 컴퓨터 제조 현장 방문 해 임원 면담까지 한 사연 (ft. 가을바람월드),"Oct 25, 2024",849,0
2024-04-26,LUVKTjM4ukU,시애틀에 있는 IONQ 양자 컴퓨터 제조 현장 방문 해 임원 면담까지 한 사연 (ft. 가을바람월드),"Oct 25, 2024",849,0
2024-04-27,LUVKTjM4ukU,시애틀에 있는 IONQ 양자 컴퓨터 제조 현장 방문 해 임원 면담까지 한 사연 (ft. 가을바람월드),"Oct 25, 2024",849,0
2024-04-28,LUVKTjM4ukU,시애틀에 있는 IONQ 양자 컴퓨터 제조 현장 방문 해 임원 면담까지 한 사연 (ft. 가을바람월드),"Oct 25, 2024",849,0
2024-04-29,LUVKTjM4ukU,시애틀에 있는 IONQ 양자 컴퓨터 제조 현장 방문 해 임원 면담까지 한 사연 (ft. 가을바람월드),"Oct 25, 2024",849,0
2024-04-30,LUVKTjM4ukU,시애틀에 있는 IONQ 양자 컴퓨터 제조 현장 방문 해 임원 면담까지 한 사연 (ft. 가을바람월드),"Oct 25, 2024",849,0
2024-05-01,LUVKTjM4ukU,시애틀에 있는 IONQ 양자 컴퓨터 제조 현장 방문 해 임원 면담까지 한 사연 (ft. 가을바람월드),"Oct 25, 2024",849,0
2024-05-02,LUVKTjM4ukU,시애틀에 있는 IONQ 양자 컴퓨터 제조 현장 방문 해 임원 면담까지 한 사연 (ft. 가을바람월드),"Oct 25, 2024",849,0
2024-05-03,LUVKTjM4ukU,시애틀에 있는 IONQ 양자 컴퓨터 제조 현장 방문 해 임원 면담까지 한 사연 (ft. 가을바람월드),"Oct 25, 2024",849,0
2024-05-04,LUVKTjM4ukU,시애틀에 있는 IONQ 양자 컴퓨터 제조 현장 방문 해 임원 면담까지 한 사연 (ft. 가을바람월드),"Oct 25, 2024",849,0
2024-05-05,LUVKTjM4ukU,시애틀에 있는 IONQ 양자 컴퓨터 제조 현장 방문 해 임원 면담까지 한 사연 (ft. 가을바람월드),"Oct 25, 2024",849,0
2024-05-06,LUVKTjM4ukU,시애틀에 있는 IONQ 양자 컴퓨터 제조 현장 방문 해 임원 면담까지 한 사연 (ft. 가을바람월드),"Oct 25, 2024",849,0
2024-05-07,LUVKTjM4ukU,시애틀에 있는 IONQ 양자 컴퓨터 제조 현장 방문 해 임원 면담까지 한 사연 (ft. 가을바람월드),"Oct 25, 2024",849,0
2024-05-08,LUVKTjM4ukU,시애틀에 있는 IONQ 양자 컴퓨터 제조 현장 방문 해 임원 면담까지 한 사연 (ft. 가을바람월드),"Oct 25, 2024",849,0
2024-05-09,LUVKTjM4ukU,시애틀에 있는 IONQ 양자 컴퓨터 제조 현장 방문 해 임원 면담까지 한 사연 (ft. 가을바람월드),"Oct 25, 2024",849,0
2024-05-10,LUVKTjM4ukU,시애틀에 있는 IONQ 양자 컴퓨터 제조 현장 방문 해 임원 면담까지 한 사연 (ft. 가을바람월드),"Oct 25, 2024",849,0
2024-05-11,LUVKTjM4ukU,시애틀에 있는 IONQ 양자 컴퓨터 제조 현장 방문 해 임원 면담까지 한 사연 (ft. 가을바람월드),"Oct 25, 2024",849,0
2024-05-12,LUVKTjM4ukU,시애틀에 있는 IONQ 양자 컴퓨터 제조 현장 방문 해 임원 면담까지 한 사연 (ft. 가을바람월드),"Oct 25, 2024",849,0
2024-05-13,LUVKTjM4ukU,시애틀에 있는 IONQ 양자 컴퓨터 제조 현장 방문 해 임원 면담까지 한 사연 (ft. 가을바람월드),"Oct 25, 2024",849,0
2024-05-14,LUVKTjM4ukU,시애틀에 있는 IONQ 양자 컴퓨터 제조 현장 방문 해 임원 면담까지 한 사연 (ft. 가을바람월드),"Oct 25, 2024",849,0
2024-05-15,LUVKTjM4ukU,시애틀에 있는 IONQ 양자 컴퓨터 제조 현장 방문 해 임원 면담까지 한 사연 (ft. 가을바람월드),"Oct 25, 2024",849,0
2024-05-16,LUVKTjM4ukU,시애틀에 있는 IONQ 양자 컴퓨터 제조 현장 방문 해 임원 면담까지 한 사연 (ft. 가을바람월드),"Oct 25, 2024",849,0
2024-05-17,LUVKTjM4ukU,시애틀에 있는 IONQ 양자 컴퓨터 제조 현장 방문 해 임원 면담까지 한 사연 (ft. 가을바람월드),"Oct 25, 2024",849,0
2024-05-18,LUVKTjM4ukU,시애틀에 있는 IONQ 양자 컴퓨터 제조 현장 방문 해 임원 면담까지 한 사연 (ft. 가을바람월드),"Oct 25, 2024",849,0
2024-05-19,LUVKTjM4ukU,시애틀에 있는 IONQ 양자 컴퓨터 제조 현장 방문 해 임원 면담까지 한 사연 (ft. 가을바람월드),"Oct 25, 2024",849,0
2024-05-20,LUVKTjM4ukU,시애틀에 있는 IONQ 양자 컴퓨터 제조 현장 방문 해 임원 면담까지 한 사연 (ft. 가을바람월드),"Oct 25, 2024",849,0
2024-05-21,LUVKTjM4ukU,시애틀에 있는 IONQ 양자 컴퓨터 제조 현장 방문 해 임원 면담까지 한 사연 (ft. 가을바람월드),"Oct 25, 2024",849,0
2024-05-22,LUVKTjM4ukU,시애틀에 있는 IONQ 양자 컴퓨터 제조 현장 방문 해 임원 면담까지 한 사연 (ft. 가을바람월드),"Oct 25, 2024",849,0
2024-05-23,LUVKTjM4ukU,시애틀에 있는 IONQ 양자 컴퓨터 제조 현장 방문 해 임원 면담까지 한 사연 (ft. 가을바람월드),"Oct 25, 2024",849,0
2024-05-24,LUVKTjM4ukU,시애틀에 있는 IONQ 양자 컴퓨터 제조 현장 방문 해 임원 면담까지 한 사연 (ft. 가을바람월드),"Oct 25, 2024",849,0
2024-05-25,LUVKTjM4ukU,시애틀에 있는 IONQ 양자 컴퓨터 제조 현장 방문 해 임원 면담까지 한 사연 (ft. 가을바람월드),"Oct 25, 2024",849,0
2024-05-26,LUVKTjM4ukU,시애틀에 있는 IONQ 양자 컴퓨터 제조 현장 방문 해 임원 면담까지 한 사연 (ft. 가을바람월드),"Oct 25, 2024",849,0
2024-05-27,LUVKTjM4ukU,시애틀에 있는 IONQ 양자 컴퓨터 제조 현장 방문 해 임원 면담까지 한 사연 (ft. 가을바람월드),"Oct 25, 2024",849,0
2024-05-28,LUVKTjM4ukU,시애틀에 있는 IONQ 양자 컴퓨터 제조 현장 방문 해 임원 면담까지 한 사연 (ft. 가을바람월드),"Oct 25, 2024",849,0
2024-05-29,LUVKTjM4ukU,시애틀에 있는 IONQ 양자 컴퓨터 제조 현장 방문 해 임원 면담까지 한 사연 (ft. 가을바람월드),"Oct 25, 2024",849,0
2024-05-30,LUVKTjM4ukU,시애틀에 있는 IONQ 양자 컴퓨터 제조 현장 방문 해 임원 면담까지 한 사연 (ft. 가을바람월드),"Oct 25, 2024",849,0
2024-05-31,LUVKTjM4ukU,시애틀에 있는 IONQ 양자 컴퓨터 제조 현장 방문 해 임원 면담까지 한 사연 (ft. 가을바람월드),"Oct 25, 2024",849,0
2024-06-01,LUVKTjM4ukU,시애틀에 있는 IONQ 양자 컴퓨터 제조 현장 방문 해 임원 면담까지 한 사연 (ft. 가을바람월드),"Oct 25, 2024",849,0
2024-06-02,LUVKTjM4ukU,시애틀에 있는 IONQ 양자 컴퓨터 제조 현장 방문 해 임원 면담까지 한 사연 (ft. 가을바람월드),"Oct 25, 2024",849,0
2024-06-03,LUVKTjM4ukU,시애틀에 있는 IONQ 양자 컴퓨터 제조 현장 방문 해 임원 면담까지 한 사연 (ft. 가을바람월드),"Oct 25, 2024",849,0
2024-06-04,LUVKTjM4ukU,시애틀에 있는 IONQ 양자 컴퓨터 제조 현장 방문 해 임원 면담까지 한 사연 (ft. 가을바람월드),"Oct 25, 2024",849,0
2024-06-05,LUVKTjM4ukU,시애틀에 있는 IONQ 양자 컴퓨터 제조 현장 방문 해 임원 면담까지 한 사연 (ft. 가을바람월드),"Oct 25, 2024",849,0
2024-06-06,LUVKTjM4ukU,시애틀에 있는 IONQ 양자 컴퓨터 제조 현장 방문 해 임원 면담까지 한 사연 (ft. 가을바람월드),"Oct 25, 2024",849,0
2024-06-07,LUVKTjM4ukU,시애틀에 있는 IONQ 양자 컴퓨터 제조 현장 방문 해 임원 면담까지 한 사연 (ft. 가을바람월드),"Oct 25, 2024",849,0
2024-06-08,LUVKTjM4ukU,시애틀에 있는 IONQ 양자 컴퓨터 제조 현장 방문 해 임원 면담까지 한 사연 (ft. 가을바람월드),"Oct 25, 2024",849,0
2024-06-09,LUVKTjM4ukU,시애틀에 있는 IONQ 양자 컴퓨터 제조 현장 방문 해 임원 면담까지 한 사연 (ft. 가을바람월드),"Oct 25, 2024",849,0
2024-06-10,LUVKTjM4ukU,시애틀에 있는 IONQ 양자 컴퓨터 제조 현장 방문 해 임원 면담까지 한 사연 (ft. 가을바람월드),"Oct 25, 2024",849,0
2024-06-11,LUVKTjM4ukU,시애틀에 있는 IONQ 양자 컴퓨터 제조 현장 방문 해 임원 면담까지 한 사연 (ft. 가을바람월드),"Oct 25, 2024",849,0
2024-06-12,LUVKTjM4ukU,시애틀에 있는 IONQ 양자 컴퓨터 제조 현장 방문 해 임원 면담까지 한 사연 (ft. 가을바람월드),"Oct 25, 2024",849,0
2024-06-13,LUVKTjM4ukU,시애틀에 있는 IONQ 양자 컴퓨터 제조 현장 방문 해 임원 면담까지 한 사연 (ft. 가을바람월드),"Oct 25, 2024",849,0
2024-06-14,LUVKTjM4ukU,시애틀에 있는 IONQ 양자 컴퓨터 제조 현장 방문 해 임원 면담까지 한 사연 (ft. 가을바람월드),"Oct 25, 2024",849,0
2024-06-15,LUVKTjM4ukU,시애틀에 있는 IONQ 양자 컴퓨터 제조 현장 방문 해 임원 면담까지 한 사연 (ft. 가을바람월드),"Oct 25, 2024",849,0
2024-06-16,LUVKTjM4ukU,시애틀에 있는 IONQ 양자 컴퓨터 제조 현장 방문 해 임원 면담까지 한 사연 (ft. 가을바람월드),"Oct 25, 2024",849,0
2024-06-17,LUVKTjM4ukU,시애틀에 있는 IONQ 양자 컴퓨터 제조 현장 방문 해 임원 면담까지 한 사연 (ft. 가을바람월드),"Oct 25, 2024",849,0
2024-06-18,LUVKTjM4ukU,시애틀에 있는 IONQ 양자 컴퓨터 제조 현장 방문 해 임원 면담까지 한 사연 (ft. 가을바람월드),"Oct 25, 2024",849,0
2024-06-19,LUVKTjM4ukU,시애틀에 있는 IONQ 양자 컴퓨터 제조 현장 방문 해 임원 면담까지 한 사연 (ft. 가을바람월드),"Oct 25, 2024",849,0
2024-06-20,LUVKTjM4ukU,시애틀에 있는 IONQ 양자 컴퓨터 제조 현장 방문 해 임원 면담까지 한 사연 (ft. 가을바람월드),"Oct 25, 2024",849,0
2024-06-21,LUVKTjM4ukU,시애틀에 있는 IONQ 양자 컴퓨터 제조 현장 방문 해 임원 면담까지 한 사연 (ft. 가을바람월드),"Oct 25, 2024",849,0
2024-06-22,LUVKTjM4ukU,시애틀에 있는 IONQ 양자 컴퓨터 제조 현장 방문 해 임원 면담까지 한 사연 (ft. 가을바람월드),"Oct 25, 2024",849,0
2024-06-23,LUVKTjM4ukU,시애틀에 있는 IONQ 양자 컴퓨터 제조 현장 방문 해 임원 면담까지 한 사연 (ft. 가을바람월드),"Oct 25, 2024",849,0
2024-06-24,LUVKTjM4ukU,시애틀에 있는 IONQ 양자 컴퓨터 제조 현장 방문 해 임원 면담까지 한 사연 (ft. 가을바람월드),"Oct 25, 2024",849,0
2024-06-25,LUVKTjM4ukU,시애틀에 있는 IONQ 양자 컴퓨터 제조 현장 방문 해 임원 면담까지 한 사연 (ft. 가을바람월드),"Oct 25, 2024",849,0
2024-06-26,LUVKTjM4ukU,시애틀에 있는 IONQ 양자 컴퓨터 제조 현장 방문 해 임원 면담까지 한 사연 (ft. 가을바람월드),"Oct 25, 2024",849,0
2024-06-27,LUVKTjM4ukU,시애틀에 있는 IONQ 양자 컴퓨터 제조 현장 방문 해 임원 면담까지 한 사연 (ft. 가을바람월드),"Oct 25, 2024",849,0
2024-06-28,LUVKTjM4ukU,시애틀에 있는 IONQ 양자 컴퓨터 제조 현장 방문 해 임원 면담까지 한 사연 (ft. 가을바람월드),"Oct 25, 2024",849,0
2024-06-29,LUVKTjM4ukU,시애틀에 있는 IONQ 양자 컴퓨터 제조 현장 방문 해 임원 면담까지 한 사연 (ft. 가을바람월드),"Oct 25, 2024",849,0
2024-06-30,LUVKTjM4ukU,시애틀에 있는 IONQ 양자 컴퓨터 제조 현장 방문 해 임원 면담까지 한 사연 (ft. 가을바람월드),"Oct 25, 2024",849,0
2024-07-01,LUVKTjM4ukU,시애틀에 있는 IONQ 양자 컴퓨터 제조 현장 방문 해 임원 면담까지 한 사연 (ft. 가을바람월드),"Oct 25, 2024",849,0
2024-07-02,LUVKTjM4ukU,시애틀에 있는 IONQ 양자 컴퓨터 제조 현장 방문 해 임원 면담까지 한 사연 (ft. 가을바람월드),"Oct 25, 2024",849,0
2024-07-03,LUVKTjM4ukU,시애틀에 있는 IONQ 양자 컴퓨터 제조 현장 방문 해 임원 면담까지 한 사연 (ft. 가을바람월드),"Oct 25, 2024",849,0
2024-07-04,LUVKTjM4ukU,시애틀에 있는 IONQ 양자 컴퓨터 제조 현장 방문 해 임원 면담까지 한 사연 (ft. 가을바람월드),"Oct 25, 2024",849,0
2024-07-05,LUVKTjM4ukU,시애틀에 있는 IONQ 양자 컴퓨터 제조 현장 방문 해 임원 면담까지 한 사연 (ft. 가을바람월드),"Oct 25, 2024",849,0
2024-07-06,LUVKTjM4ukU,시애틀에 있는 IONQ 양자 컴퓨터 제조 현장 방문 해 임원 면담까지 한 사연 (ft. 가을바람월드),"Oct 25, 2024",849,0
2024-07-07,LUVKTjM4ukU,시애틀에 있는 IONQ 양자 컴퓨터 제조 현장 방문 해 임원 면담까지 한 사연 (ft. 가을바람월드),"Oct 25, 2024",849,0
2024-07-08,LUVKTjM4ukU,시애틀에 있는 IONQ 양자 컴퓨터 제조 현장 방문 해 임원 면담까지 한 사연 (ft. 가을바람월드),"Oct 25, 2024",849,0
2024-07-09,LUVKTjM4ukU,시애틀에 있는 IONQ 양자 컴퓨터 제조 현장 방문 해 임원 면담까지 한 사연 (ft. 가을바람월드),"Oct 25, 2024",849,0
2024-07-10,LUVKTjM4ukU,시애틀에 있는 IONQ 양자 컴퓨터 제조 현장 방문 해 임원 면담까지 한 사연 (ft. 가을바람월드),"Oct 25, 2024",849,0
2024-07-11,LUVKTjM4ukU,시애틀에 있는 IONQ 양자 컴퓨터 제조 현장 방문 해 임원 면담까지 한 사연 (ft. 가을바람월드),"Oct 25, 2024",849,0
2024-07-12,LUVKTjM4ukU,시애틀에 있는 IONQ 양자 컴퓨터 제조 현장 방문 해 임원 면담까지 한 사연 (ft. 가을바람월드),"Oct 25, 2024",849,0
2024-07-13,LUVKTjM4ukU,시애틀에 있는 IONQ 양자 컴퓨터 제조 현장 방문 해 임원 면담까지 한 사연 (ft. 가을바람월드),"Oct 25, 2024",849,0
2024-07-14,LUVKTjM4ukU,시애틀에 있는 IONQ 양자 컴퓨터 제조 현장 방문 해 임원 면담까지 한 사연 (ft. 가을바람월드),"Oct 25, 2024",849,0
2024-07-15,LUVKTjM4ukU,시애틀에 있는 IONQ 양자 컴퓨터 제조 현장 방문 해 임원 면담까지 한 사연 (ft. 가을바람월드),"Oct 25, 2024",849,0
2024-07-16,LUVKTjM4ukU,시애틀에 있는 IONQ 양자 컴퓨터 제조 현장 방문 해 임원 면담까지 한 사연 (ft. 가을바람월드),"Oct 25, 2024",849,0
2024-07-17,LUVKTjM4ukU,시애틀에 있는 IONQ 양자 컴퓨터 제조 현장 방문 해 임원 면담까지 한 사연 (ft. 가을바람월드),"Oct 25, 2024",849,0
2024-07-18,LUVKTjM4ukU,시애틀에 있는 IONQ 양자 컴퓨터 제조 현장 방문 해 임원 면담까지 한 사연 (ft. 가을바람월드),"Oct 25, 2024",849,0
2024-07-19,LUVKTjM4ukU,시애틀에 있는 IONQ 양자 컴퓨터 제조 현장 방문 해 임원 면담까지 한 사연 (ft. 가을바람월드),"Oct 25, 2024",849,0
2024-07-20,LUVKTjM4ukU,시애틀에 있는 IONQ 양자 컴퓨터 제조 현장 방문 해 임원 면담까지 한 사연 (ft. 가을바람월드),"Oct 25, 2024",849,0
2024-07-21,LUVKTjM4ukU,시애틀에 있는 IONQ 양자 컴퓨터 제조 현장 방문 해 임원 면담까지 한 사연 (ft. 가을바람월드),"Oct 25, 2024",849,0
2024-07-22,LUVKTjM4ukU,시애틀에 있는 IONQ 양자 컴퓨터 제조 현장 방문 해 임원 면담까지 한 사연 (ft. 가을바람월드),"Oct 25, 2024",849,0
2024-07-23,LUVKTjM4ukU,시애틀에 있는 IONQ 양자 컴퓨터 제조 현장 방문 해 임원 면담까지 한 사연 (ft. 가을바람월드),"Oct 25, 2024",849,0
2024-07-24,LUVKTjM4ukU,시애틀에 있는 IONQ 양자 컴퓨터 제조 현장 방문 해 임원 면담까지 한 사연 (ft. 가을바람월드),"Oct 25, 2024",849,0
2024-07-25,LUVKTjM4ukU,시애틀에 있는 IONQ 양자 컴퓨터 제조 현장 방문 해 임원 면담까지 한 사연 (ft. 가을바람월드),"Oct 25, 2024",849,0
2024-07-26,LUVKTjM4ukU,시애틀에 있는 IONQ 양자 컴퓨터 제조 현장 방문 해 임원 면담까지 한 사연 (ft. 가을바람월드),"Oct 25, 2024",849,0
2024-07-27,LUVKTjM4ukU,시애틀에 있는 IONQ 양자 컴퓨터 제조 현장 방문 해 임원 면담까지 한 사연 (ft. 가을바람월드),"Oct 25, 2024",849,0
2024-07-28,LUVKTjM4ukU,시애틀에 있는 IONQ 양자 컴퓨터 제조 현장 방문 해 임원 면담까지 한 사연 (ft. 가을바람월드),"Oct 25, 2024",849,0
2024-07-29,LUVKTjM4ukU,시애틀에 있는 IONQ 양자 컴퓨터 제조 현장 방문 해 임원 면담까지 한 사연 (ft. 가을바람월드),"Oct 25, 2024",849,0
2024-07-30,LUVKTjM4ukU,시애틀에 있는 IONQ 양자 컴퓨터 제조 현장 방문 해 임원 면담까지 한 사연 (ft. 가을바람월드),"Oct 25, 2024",849,0
2024-07-31,LUVKTjM4ukU,시애틀에 있는 IONQ 양자 컴퓨터 제조 현장 방문 해 임원 면담까지 한 사연 (ft. 가을바람월드),"Oct 25, 2024",849,0
2024-08-01,LUVKTjM4ukU,시애틀에 있는 IONQ 양자 컴퓨터 제조 현장 방문 해 임원 면담까지 한 사연 (ft. 가을바람월드),"Oct 25, 2024",849,0
2024-08-02,LUVKTjM4ukU,시애틀에 있는 IONQ 양자 컴퓨터 제조 현장 방문 해 임원 면담까지 한 사연 (ft. 가을바람월드),"Oct 25, 2024",849,0
2024-08-03,LUVKTjM4ukU,시애틀에 있는 IONQ 양자 컴퓨터 제조 현장 방문 해 임원 면담까지 한 사연 (ft. 가을바람월드),"Oct 25, 2024",849,0
2024-08-04,LUVKTjM4ukU,시애틀에 있는 IONQ 양자 컴퓨터 제조 현장 방문 해 임원 면담까지 한 사연 (ft. 가을바람월드),"Oct 25, 2024",849,0
2024-08-05,LUVKTjM4ukU,시애틀에 있는 IONQ 양자 컴퓨터 제조 현장 방문 해 임원 면담까지 한 사연 (ft. 가을바람월드),"Oct 25, 2024",849,0
2024-08-06,LUVKTjM4ukU,시애틀에 있는 IONQ 양자 컴퓨터 제조 현장 방문 해 임원 면담까지 한 사연 (ft. 가을바람월드),"Oct 25, 2024",849,0
2024-08-07,LUVKTjM4ukU,시애틀에 있는 IONQ 양자 컴퓨터 제조 현장 방문 해 임원 면담까지 한 사연 (ft. 가을바람월드),"Oct 25, 2024",849,0
2024-08-08,LUVKTjM4ukU,시애틀에 있는 IONQ 양자 컴퓨터 제조 현장 방문 해 임원 면담까지 한 사연 (ft. 가을바람월드),"Oct 25, 2024",849,0
2024-08-09,LUVKTjM4ukU,시애틀에 있는 IONQ 양자 컴퓨터 제조 현장 방문 해 임원 면담까지 한 사연 (ft. 가을바람월드),"Oct 25, 2024",849,0
2024-08-10,LUVKTjM4ukU,시애틀에 있는 IONQ 양자 컴퓨터 제조 현장 방문 해 임원 면담까지 한 사연 (ft. 가을바람월드),"Oct 25, 2024",849,0
2024-08-11,LUVKTjM4ukU,시애틀에 있는 IONQ 양자 컴퓨터 제조 현장 방문 해 임원 면담까지 한 사연 (ft. 가을바람월드),"Oct 25, 2024",849,0
2024-08-12,LUVKTjM4ukU,시애틀에 있는 IONQ 양자 컴퓨터 제조 현장 방문 해 임원 면담까지 한 사연 (ft. 가을바람월드),"Oct 25, 2024",849,0
2024-08-13,LUVKTjM4ukU,시애틀에 있는 IONQ 양자 컴퓨터 제조 현장 방문 해 임원 면담까지 한 사연 (ft. 가을바람월드),"Oct 25, 2024",849,0
2024-08-14,LUVKTjM4ukU,시애틀에 있는 IONQ 양자 컴퓨터 제조 현장 방문 해 임원 면담까지 한 사연 (ft. 가을바람월드),"Oct 25, 2024",849,0
2024-08-15,LUVKTjM4ukU,시애틀에 있는 IONQ 양자 컴퓨터 제조 현장 방문 해 임원 면담까지 한 사연 (ft. 가을바람월드),"Oct 25, 2024",849,0
2024-08-16,LUVKTjM4ukU,시애틀에 있는 IONQ 양자 컴퓨터 제조 현장 방문 해 임원 면담까지 한 사연 (ft. 가을바람월드),"Oct 25, 2024",849,0
2024-08-17,LUVKTjM4ukU,시애틀에 있는 IONQ 양자 컴퓨터 제조 현장 방문 해 임원 면담까지 한 사연 (ft. 가을바람월드),"Oct 25, 2024",849,0
2024-08-18,LUVKTjM4ukU,시애틀에 있는 IONQ 양자 컴퓨터 제조 현장 방문 해 임원 면담까지 한 사연 (ft. 가을바람월드),"Oct 25, 2024",849,0
2024-08-19,LUVKTjM4ukU,시애틀에 있는 IONQ 양자 컴퓨터 제조 현장 방문 해 임원 면담까지 한 사연 (ft. 가을바람월드),"Oct 25, 2024",849,0
2024-08-20,LUVKTjM4ukU,시애틀에 있는 IONQ 양자 컴퓨터 제조 현장 방문 해 임원 면담까지 한 사연 (ft. 가을바람월드),"Oct 25, 2024",849,0
2024-08-21,LUVKTjM4ukU,시애틀에 있는 IONQ 양자 컴퓨터 제조 현장 방문 해 임원 면담까지 한 사연 (ft. 가을바람월드),"Oct 25, 2024",849,0
2024-08-22,LUVKTjM4ukU,시애틀에 있는 IONQ 양자 컴퓨터 제조 현장 방문 해 임원 면담까지 한 사연 (ft. 가을바람월드),"Oct 25, 2024",849,0
2024-08-23,LUVKTjM4ukU,시애틀에 있는 IONQ 양자 컴퓨터 제조 현장 방문 해 임원 면담까지 한 사연 (ft. 가을바람월드),"Oct 25, 2024",849,0
2024-08-24,LUVKTjM4ukU,시애틀에 있는 IONQ 양자 컴퓨터 제조 현장 방문 해 임원 면담까지 한 사연 (ft. 가을바람월드),"Oct 25, 2024",849,0
2024-08-25,LUVKTjM4ukU,시애틀에 있는 IONQ 양자 컴퓨터 제조 현장 방문 해 임원 면담까지 한 사연 (ft. 가을바람월드),"Oct 25, 2024",849,0
2024-08-26,LUVKTjM4ukU,시애틀에 있는 IONQ 양자 컴퓨터 제조 현장 방문 해 임원 면담까지 한 사연 (ft. 가을바람월드),"Oct 25, 2024",849,0
2024-08-27,LUVKTjM4ukU,시애틀에 있는 IONQ 양자 컴퓨터 제조 현장 방문 해 임원 면담까지 한 사연 (ft. 가을바람월드),"Oct 25, 2024",849,0
2024-08-28,LUVKTjM4ukU,시애틀에 있는 IONQ 양자 컴퓨터 제조 현장 방문 해 임원 면담까지 한 사연 (ft. 가을바람월드),"Oct 25, 2024",849,0
2024-08-29,LUVKTjM4ukU,시애틀에 있는 IONQ 양자 컴퓨터 제조 현장 방문 해 임원 면담까지 한 사연 (ft. 가을바람월드),"Oct 25, 2024",849,0
2024-08-30,LUVKTjM4ukU,시애틀에 있는 IONQ 양자 컴퓨터 제조 현장 방문 해 임원 면담까지 한 사연 (ft. 가을바람월드),"Oct 25, 2024",849,0
2024-08-31,LUVKTjM4ukU,시애틀에 있는 IONQ 양자 컴퓨터 제조 현장 방문 해 임원 면담까지 한 사연 (ft. 가을바람월드),"Oct 25, 2024",849,0
2024-09-01,LUVKTjM4ukU,시애틀에 있는 IONQ 양자 컴퓨터 제조 현장 방문 해 임원 면담까지 한 사연 (ft. 가을바람월드),"Oct 25, 2024",849,0
2024-09-02,LUVKTjM4ukU,시애틀에 있는 IONQ 양자 컴퓨터 제조 현장 방문 해 임원 면담까지 한 사연 (ft. 가을바람월드),"Oct 25, 2024",849,0
2024-09-03,LUVKTjM4ukU,시애틀에 있는 IONQ 양자 컴퓨터 제조 현장 방문 해 임원 면담까지 한 사연 (ft. 가을바람월드),"Oct 25, 2024",849,0
2024-09-04,LUVKTjM4ukU,시애틀에 있는 IONQ 양자 컴퓨터 제조 현장 방문 해 임원 면담까지 한 사연 (ft. 가을바람월드),"Oct 25, 2024",849,0
2024-09-05,LUVKTjM4ukU,시애틀에 있는 IONQ 양자 컴퓨터 제조 현장 방문 해 임원 면담까지 한 사연 (ft. 가을바람월드),"Oct 25, 2024",849,0
2024-09-06,LUVKTjM4ukU,시애틀에 있는 IONQ 양자 컴퓨터 제조 현장 방문 해 임원 면담까지 한 사연 (ft. 가을바람월드),"Oct 25, 2024",849,0
2024-09-07,LUVKTjM4ukU,시애틀에 있는 IONQ 양자 컴퓨터 제조 현장 방문 해 임원 면담까지 한 사연 (ft. 가을바람월드),"Oct 25, 2024",849,0
2024-09-08,LUVKTjM4ukU,시애틀에 있는 IONQ 양자 컴퓨터 제조 현장 방문 해 임원 면담까지 한 사연 (ft. 가을바람월드),"Oct 25, 2024",849,0
2024-09-09,LUVKTjM4ukU,시애틀에 있는 IONQ 양자 컴퓨터 제조 현장 방문 해 임원 면담까지 한 사연 (ft. 가을바람월드),"Oct 25, 2024",849,0
2024-09-10,LUVKTjM4ukU,시애틀에 있는 IONQ 양자 컴퓨터 제조 현장 방문 해 임원 면담까지 한 사연 (ft. 가을바람월드),"Oct 25, 2024",849,0
2024-09-11,LUVKTjM4ukU,시애틀에 있는 IONQ 양자 컴퓨터 제조 현장 방문 해 임원 면담까지 한 사연 (ft. 가을바람월드),"Oct 25, 2024",849,0
2024-09-12,LUVKTjM4ukU,시애틀에 있는 IONQ 양자 컴퓨터 제조 현장 방문 해 임원 면담까지 한 사연 (ft. 가을바람월드),"Oct 25, 2024",849,0
2024-09-13,LUVKTjM4ukU,시애틀에 있는 IONQ 양자 컴퓨터 제조 현장 방문 해 임원 면담까지 한 사연 (ft. 가을바람월드),"Oct 25, 2024",849,0
2024-09-14,LUVKTjM4ukU,시애틀에 있는 IONQ 양자 컴퓨터 제조 현장 방문 해 임원 면담까지 한 사연 (ft. 가을바람월드),"Oct 25, 2024",849,0
2024-09-15,LUVKTjM4ukU,시애틀에 있는 IONQ 양자 컴퓨터 제조 현장 방문 해 임원 면담까지 한 사연 (ft. 가을바람월드),"Oct 25, 2024",849,0
2024-09-16,LUVKTjM4ukU,시애틀에 있는 IONQ 양자 컴퓨터 제조 현장 방문 해 임원 면담까지 한 사연 (ft. 가을바람월드),"Oct 25, 2024",849,0
2024-09-17,LUVKTjM4ukU,시애틀에 있는 IONQ 양자 컴퓨터 제조 현장 방문 해 임원 면담까지 한 사연 (ft. 가을바람월드),"Oct 25, 2024",849,0
2024-09-18,LUVKTjM4ukU,시애틀에 있는 IONQ 양자 컴퓨터 제조 현장 방문 해 임원 면담까지 한 사연 (ft. 가을바람월드),"Oct 25, 2024",849,0
2024-09-19,LUVKTjM4ukU,시애틀에 있는 IONQ 양자 컴퓨터 제조 현장 방문 해 임원 면담까지 한 사연 (ft. 가을바람월드),"Oct 25, 2024",849,0
2024-09-20,LUVKTjM4ukU,시애틀에 있는 IONQ 양자 컴퓨터 제조 현장 방문 해 임원 면담까지 한 사연 (ft. 가을바람월드),"Oct 25, 2024",849,0
2024-09-21,LUVKTjM4ukU,시애틀에 있는 IONQ 양자 컴퓨터 제조 현장 방문 해 임원 면담까지 한 사연 (ft. 가을바람월드),"Oct 25, 2024",849,0
2024-09-22,LUVKTjM4ukU,시애틀에 있는 IONQ 양자 컴퓨터 제조 현장 방문 해 임원 면담까지 한 사연 (ft. 가을바람월드),"Oct 25, 2024",849,0
2024-09-23,LUVKTjM4ukU,시애틀에 있는 IONQ 양자 컴퓨터 제조 현장 방문 해 임원 면담까지 한 사연 (ft. 가을바람월드),"Oct 25, 2024",849,0
2024-09-24,LUVKTjM4ukU,시애틀에 있는 IONQ 양자 컴퓨터 제조 현장 방문 해 임원 면담까지 한 사연 (ft. 가을바람월드),"Oct 25, 2024",849,0
2024-09-25,LUVKTjM4ukU,시애틀에 있는 IONQ 양자 컴퓨터 제조 현장 방문 해 임원 면담까지 한 사연 (ft. 가을바람월드),"Oct 25, 2024",849,0
2024-09-26,LUVKTjM4ukU,시애틀에 있는 IONQ 양자 컴퓨터 제조 현장 방문 해 임원 면담까지 한 사연 (ft. 가을바람월드),"Oct 25, 2024",849,0
2024-09-27,LUVKTjM4ukU,시애틀에 있는 IONQ 양자 컴퓨터 제조 현장 방문 해 임원 면담까지 한 사연 (ft. 가을바람월드),"Oct 25, 2024",849,0
2024-09-28,LUVKTjM4ukU,시애틀에 있는 IONQ 양자 컴퓨터 제조 현장 방문 해 임원 면담까지 한 사연 (ft. 가을바람월드),"Oct 25, 2024",849,0
2024-09-29,LUVKTjM4ukU,시애틀에 있는 IONQ 양자 컴퓨터 제조 현장 방문 해 임원 면담까지 한 사연 (ft. 가을바람월드),"Oct 25, 2024",849,0
2024-09-30,LUVKTjM4ukU,시애틀에 있는 IONQ 양자 컴퓨터 제조 현장 방문 해 임원 면담까지 한 사연 (ft. 가을바람월드),"Oct 25, 2024",849,0
2024-10-01,LUVKTjM4ukU,시애틀에 있는 IONQ 양자 컴퓨터 제조 현장 방문 해 임원 면담까지 한 사연 (ft. 가을바람월드),"Oct 25, 2024",849,0
2024-10-02,LUVKTjM4ukU,시애틀에 있는 IONQ 양자 컴퓨터 제조 현장 방문 해 임원 면담까지 한 사연 (ft. 가을바람월드),"Oct 25, 2024",849,0
2024-10-03,LUVKTjM4ukU,시애틀에 있는 IONQ 양자 컴퓨터 제조 현장 방문 해 임원 면담까지 한 사연 (ft. 가을바람월드),"Oct 25, 2024",849,0
2024-10-04,LUVKTjM4ukU,시애틀에 있는 IONQ 양자 컴퓨터 제조 현장 방문 해 임원 면담까지 한 사연 (ft. 가을바람월드),"Oct 25, 2024",849,0
2024-10-05,LUVKTjM4ukU,시애틀에 있는 IONQ 양자 컴퓨터 제조 현장 방문 해 임원 면담까지 한 사연 (ft. 가을바람월드),"Oct 25, 2024",849,0
2024-10-06,LUVKTjM4ukU,시애틀에 있는 IONQ 양자 컴퓨터 제조 현장 방문 해 임원 면담까지 한 사연 (ft. 가을바람월드),"Oct 25, 2024",849,0
2024-10-07,LUVKTjM4ukU,시애틀에 있는 IONQ 양자 컴퓨터 제조 현장 방문 해 임원 면담까지 한 사연 (ft. 가을바람월드),"Oct 25, 2024",849,0
2024-10-08,LUVKTjM4ukU,시애틀에 있는 IONQ 양자 컴퓨터 제조 현장 방문 해 임원 면담까지 한 사연 (ft. 가을바람월드),"Oct 25, 2024",849,0
2024-10-09,LUVKTjM4ukU,시애틀에 있는 IONQ 양자 컴퓨터 제조 현장 방문 해 임원 면담까지 한 사연 (ft. 가을바람월드),"Oct 25, 2024",849,0
2024-10-10,LUVKTjM4ukU,시애틀에 있는 IONQ 양자 컴퓨터 제조 현장 방문 해 임원 면담까지 한 사연 (ft. 가을바람월드),"Oct 25, 2024",849,0
2024-10-11,LUVKTjM4ukU,시애틀에 있는 IONQ 양자 컴퓨터 제조 현장 방문 해 임원 면담까지 한 사연 (ft. 가을바람월드),"Oct 25, 2024",849,0
2024-10-12,LUVKTjM4ukU,시애틀에 있는 IONQ 양자 컴퓨터 제조 현장 방문 해 임원 면담까지 한 사연 (ft. 가을바람월드),"Oct 25, 2024",849,0
2024-10-13,LUVKTjM4ukU,시애틀에 있는 IONQ 양자 컴퓨터 제조 현장 방문 해 임원 면담까지 한 사연 (ft. 가을바람월드),"Oct 25, 2024",849,0
2024-10-14,LUVKTjM4ukU,시애틀에 있는 IONQ 양자 컴퓨터 제조 현장 방문 해 임원 면담까지 한 사연 (ft. 가을바람월드),"Oct 25, 2024",849,0
2024-10-15,LUVKTjM4ukU,시애틀에 있는 IONQ 양자 컴퓨터 제조 현장 방문 해 임원 면담까지 한 사연 (ft. 가을바람월드),"Oct 25, 2024",849,0
2024-10-16,LUVKTjM4ukU,시애틀에 있는 IONQ 양자 컴퓨터 제조 현장 방문 해 임원 면담까지 한 사연 (ft. 가을바람월드),"Oct 25, 2024",849,0
2024-10-17,LUVKTjM4ukU,시애틀에 있는 IONQ 양자 컴퓨터 제조 현장 방문 해 임원 면담까지 한 사연 (ft. 가을바람월드),"Oct 25, 2024",849,0
2024-10-18,LUVKTjM4ukU,시애틀에 있는 IONQ 양자 컴퓨터 제조 현장 방문 해 임원 면담까지 한 사연 (ft. 가을바람월드),"Oct 25, 2024",849,0
2024-10-19,LUVKTjM4ukU,시애틀에 있는 IONQ 양자 컴퓨터 제조 현장 방문 해 임원 면담까지 한 사연 (ft. 가을바람월드),"Oct 25, 2024",849,0
2024-10-20,LUVKTjM4ukU,시애틀에 있는 IONQ 양자 컴퓨터 제조 현장 방문 해 임원 면담까지 한 사연 (ft. 가을바람월드),"Oct 25, 2024",849,0
2024-10-21,LUVKTjM4ukU,시애틀에 있는 IONQ 양자 컴퓨터 제조 현장 방문 해 임원 면담까지 한 사연 (ft. 가을바람월드),"Oct 25, 2024",849,0
2024-10-22,LUVKTjM4ukU,시애틀에 있는 IONQ 양자 컴퓨터 제조 현장 방문 해 임원 면담까지 한 사연 (ft. 가을바람월드),"Oct 25, 2024",849,0
2024-10-23,LUVKTjM4ukU,시애틀에 있는 IONQ 양자 컴퓨터 제조 현장 방문 해 임원 면담까지 한 사연 (ft. 가을바람월드),"Oct 25, 2024",849,0
2024-10-24,LUVKTjM4ukU,시애틀에 있는 IONQ 양자 컴퓨터 제조 현장 방문 해 임원 면담까지 한 사연 (ft. 가을바람월드),"Oct 25, 2024",849,0
2024-10-25,LUVKTjM4ukU,시애틀에 있는 IONQ 양자 컴퓨터 제조 현장 방문 해 임원 면담까지 한 사연 (ft. 가을바람월드),"Oct 25, 2024",849,4449
2024-10-26,LUVKTjM4ukU,시애틀에 있는 IONQ 양자 컴퓨터 제조 현장 방문 해 임원 면담까지 한 사연 (ft. 가을바람월드),"Oct 25, 2024",849,2276
2024-10-27,LUVKTjM4ukU,시애틀에 있는 IONQ 양자 컴퓨터 제조 현장 방문 해 임원 면담까지 한 사연 (ft. 가을바람월드),"Oct 25, 2024",849,586
2024-10-28,LUVKTjM4ukU,시애틀에 있는 IONQ 양자 컴퓨터 제조 현장 방문 해 임원 면담까지 한 사연 (ft. 가을바람월드),"Oct 25, 2024",849,230
2024-10-29,LUVKTjM4ukU,시애틀에 있는 IONQ 양자 컴퓨터 제조 현장 방문 해 임원 면담까지 한 사연 (ft. 가을바람월드),"Oct 25, 2024",849,104
2024-10-30,LUVKTjM4ukU,시애틀에 있는 IONQ 양자 컴퓨터 제조 현장 방문 해 임원 면담까지 한 사연 (ft. 가을바람월드),"Oct 25, 2024",849,58
2024-10-31,LUVKTjM4ukU,시애틀에 있는 IONQ 양자 컴퓨터 제조 현장 방문 해 임원 면담까지 한 사연 (ft. 가을바람월드),"Oct 25, 2024",849,22
2024-11-01,LUVKTjM4ukU,시애틀에 있는 IONQ 양자 컴퓨터 제조 현장 방문 해 임원 면담까지 한 사연 (ft. 가을바람월드),"Oct 25, 2024",849,50
2024-11-02,LUVKTjM4ukU,시애틀에 있는 IONQ 양자 컴퓨터 제조 현장 방문 해 임원 면담까지 한 사연 (ft. 가을바람월드),"Oct 25, 2024",849,51
2024-11-03,LUVKTjM4ukU,시애틀에 있는 IONQ 양자 컴퓨터 제조 현장 방문 해 임원 면담까지 한 사연 (ft. 가을바람월드),"Oct 25, 2024",849,44
2024-11-04,LUVKTjM4ukU,시애틀에 있는 IONQ 양자 컴퓨터 제조 현장 방문 해 임원 면담까지 한 사연 (ft. 가을바람월드),"Oct 25, 2024",849,26
2024-11-05,LUVKTjM4ukU,시애틀에 있는 IONQ 양자 컴퓨터 제조 현장 방문 해 임원 면담까지 한 사연 (ft. 가을바람월드),"Oct 25, 2024",849,10
2024-11-06,LUVKTjM4ukU,시애틀에 있는 IONQ 양자 컴퓨터 제조 현장 방문 해 임원 면담까지 한 사연 (ft. 가을바람월드),"Oct 25, 2024",849,9
2024-11-07,LUVKTjM4ukU,시애틀에 있는 IONQ 양자 컴퓨터 제조 현장 방문 해 임원 면담까지 한 사연 (ft. 가을바람월드),"Oct 25, 2024",849,10
2024-11-08,LUVKTjM4ukU,시애틀에 있는 IONQ 양자 컴퓨터 제조 현장 방문 해 임원 면담까지 한 사연 (ft. 가을바람월드),"Oct 25, 2024",849,21
2024-11-09,LUVKTjM4ukU,시애틀에 있는 IONQ 양자 컴퓨터 제조 현장 방문 해 임원 면담까지 한 사연 (ft. 가을바람월드),"Oct 25, 2024",849,13
2024-11-10,LUVKTjM4ukU,시애틀에 있는 IONQ 양자 컴퓨터 제조 현장 방문 해 임원 면담까지 한 사연 (ft. 가을바람월드),"Oct 25, 2024",849,24
2024-11-11,LUVKTjM4ukU,시애틀에 있는 IONQ 양자 컴퓨터 제조 현장 방문 해 임원 면담까지 한 사연 (ft. 가을바람월드),"Oct 25, 2024",849,16
2024-11-12,LUVKTjM4ukU,시애틀에 있는 IONQ 양자 컴퓨터 제조 현장 방문 해 임원 면담까지 한 사연 (ft. 가을바람월드),"Oct 25, 2024",849,13
2024-11-13,LUVKTjM4ukU,시애틀에 있는 IONQ 양자 컴퓨터 제조 현장 방문 해 임원 면담까지 한 사연 (ft. 가을바람월드),"Oct 25, 2024",849,28
2024-11-14,LUVKTjM4ukU,시애틀에 있는 IONQ 양자 컴퓨터 제조 현장 방문 해 임원 면담까지 한 사연 (ft. 가을바람월드),"Oct 25, 2024",849,13
2024-11-15,LUVKTjM4ukU,시애틀에 있는 IONQ 양자 컴퓨터 제조 현장 방문 해 임원 면담까지 한 사연 (ft. 가을바람월드),"Oct 25, 2024",849,14
2024-11-16,LUVKTjM4ukU,시애틀에 있는 IONQ 양자 컴퓨터 제조 현장 방문 해 임원 면담까지 한 사연 (ft. 가을바람월드),"Oct 25, 2024",849,27
2024-11-17,LUVKTjM4ukU,시애틀에 있는 IONQ 양자 컴퓨터 제조 현장 방문 해 임원 면담까지 한 사연 (ft. 가을바람월드),"Oct 25, 2024",849,18
2024-11-18,LUVKTjM4ukU,시애틀에 있는 IONQ 양자 컴퓨터 제조 현장 방문 해 임원 면담까지 한 사연 (ft. 가을바람월드),"Oct 25, 2024",849,15
2024-11-19,LUVKTjM4ukU,시애틀에 있는 IONQ 양자 컴퓨터 제조 현장 방문 해 임원 면담까지 한 사연 (ft. 가을바람월드),"Oct 25, 2024",849,16
2024-11-20,LUVKTjM4ukU,시애틀에 있는 IONQ 양자 컴퓨터 제조 현장 방문 해 임원 면담까지 한 사연 (ft. 가을바람월드),"Oct 25, 2024",849,16
2024-11-21,LUVKTjM4ukU,시애틀에 있는 IONQ 양자 컴퓨터 제조 현장 방문 해 임원 면담까지 한 사연 (ft. 가을바람월드),"Oct 25, 2024",849,14
2024-11-22,LUVKTjM4ukU,시애틀에 있는 IONQ 양자 컴퓨터 제조 현장 방문 해 임원 면담까지 한 사연 (ft. 가을바람월드),"Oct 25, 2024",849,15
2024-11-23,LUVKTjM4ukU,시애틀에 있는 IONQ 양자 컴퓨터 제조 현장 방문 해 임원 면담까지 한 사연 (ft. 가을바람월드),"Oct 25, 2024",849,9
2024-11-24,LUVKTjM4ukU,시애틀에 있는 IONQ 양자 컴퓨터 제조 현장 방문 해 임원 면담까지 한 사연 (ft. 가을바람월드),"Oct 25, 2024",849,16
2024-11-25,LUVKTjM4ukU,시애틀에 있는 IONQ 양자 컴퓨터 제조 현장 방문 해 임원 면담까지 한 사연 (ft. 가을바람월드),"Oct 25, 2024",849,18
2024-11-26,LUVKTjM4ukU,시애틀에 있는 IONQ 양자 컴퓨터 제조 현장 방문 해 임원 면담까지 한 사연 (ft. 가을바람월드),"Oct 25, 2024",849,8
2024-11-27,LUVKTjM4ukU,시애틀에 있는 IONQ 양자 컴퓨터 제조 현장 방문 해 임원 면담까지 한 사연 (ft. 가을바람월드),"Oct 25, 2024",849,4
2024-11-28,LUVKTjM4ukU,시애틀에 있는 IONQ 양자 컴퓨터 제조 현장 방문 해 임원 면담까지 한 사연 (ft. 가을바람월드),"Oct 25, 2024",849,12
2024-11-29,LUVKTjM4ukU,시애틀에 있는 IONQ 양자 컴퓨터 제조 현장 방문 해 임원 면담까지 한 사연 (ft. 가을바람월드),"Oct 25, 2024",849,7
2024-11-30,LUVKTjM4ukU,시애틀에 있는 IONQ 양자 컴퓨터 제조 현장 방문 해 임원 면담까지 한 사연 (ft. 가을바람월드),"Oct 25, 2024",849,2
2024-12-01,LUVKTjM4ukU,시애틀에 있는 IONQ 양자 컴퓨터 제조 현장 방문 해 임원 면담까지 한 사연 (ft. 가을바람월드),"Oct 25, 2024",849,9
2024-12-02,LUVKTjM4ukU,시애틀에 있는 IONQ 양자 컴퓨터 제조 현장 방문 해 임원 면담까지 한 사연 (ft. 가을바람월드),"Oct 25, 2024",849,10
2024-12-03,LUVKTjM4ukU,시애틀에 있는 IONQ 양자 컴퓨터 제조 현장 방문 해 임원 면담까지 한 사연 (ft. 가을바람월드),"Oct 25, 2024",849,7
2024-12-04,LUVKTjM4ukU,시애틀에 있는 IONQ 양자 컴퓨터 제조 현장 방문 해 임원 면담까지 한 사연 (ft. 가을바람월드),"Oct 25, 2024",849,7
2024-12-05,LUVKTjM4ukU,시애틀에 있는 IONQ 양자 컴퓨터 제조 현장 방문 해 임원 면담까지 한 사연 (ft. 가을바람월드),"Oct 25, 2024",849,4
2024-12-06,LUVKTjM4ukU,시애틀에 있는 IONQ 양자 컴퓨터 제조 현장 방문 해 임원 면담까지 한 사연 (ft. 가을바람월드),"Oct 25, 2024",849,8
2024-12-07,LUVKTjM4ukU,시애틀에 있는 IONQ 양자 컴퓨터 제조 현장 방문 해 임원 면담까지 한 사연 (ft. 가을바람월드),"Oct 25, 2024",849,6
2024-12-08,LUVKTjM4ukU,시애틀에 있는 IONQ 양자 컴퓨터 제조 현장 방문 해 임원 면담까지 한 사연 (ft. 가을바람월드),"Oct 25, 2024",849,5
2024-12-09,LUVKTjM4ukU,시애틀에 있는 IONQ 양자 컴퓨터 제조 현장 방문 해 임원 면담까지 한 사연 (ft. 가을바람월드),"Oct 25, 2024",849,6
2024-12-10,LUVKTjM4ukU,시애틀에 있는 IONQ 양자 컴퓨터 제조 현장 방문 해 임원 면담까지 한 사연 (ft. 가을바람월드),"Oct 25, 2024",849,0
2024-12-11,LUVKTjM4ukU,시애틀에 있는 IONQ 양자 컴퓨터 제조 현장 방문 해 임원 면담까지 한 사연 (ft. 가을바람월드),"Oct 25, 2024",849,3
2024-12-12,LUVKTjM4ukU,시애틀에 있는 IONQ 양자 컴퓨터 제조 현장 방문 해 임원 면담까지 한 사연 (ft. 가을바람월드),"Oct 25, 2024",849,5
2024-12-13,LUVKTjM4ukU,시애틀에 있는 IONQ 양자 컴퓨터 제조 현장 방문 해 임원 면담까지 한 사연 (ft. 가을바람월드),"Oct 25, 2024",849,1
2024-12-14,LUVKTjM4ukU,시애틀에 있는 IONQ 양자 컴퓨터 제조 현장 방문 해 임원 면담까지 한 사연 (ft. 가을바람월드),"Oct 25, 2024",849,6
2024-12-15,LUVKTjM4ukU,시애틀에 있는 IONQ 양자 컴퓨터 제조 현장 방문 해 임원 면담까지 한 사연 (ft. 가을바람월드),"Oct 25, 2024",849,1
2024-12-16,LUVKTjM4ukU,시애틀에 있는 IONQ 양자 컴퓨터 제조 현장 방문 해 임원 면담까지 한 사연 (ft. 가을바람월드),"Oct 25, 2024",849,0
2024-12-17,LUVKTjM4ukU,시애틀에 있는 IONQ 양자 컴퓨터 제조 현장 방문 해 임원 면담까지 한 사연 (ft. 가을바람월드),"Oct 25, 2024",849,2
2024-12-18,LUVKTjM4ukU,시애틀에 있는 IONQ 양자 컴퓨터 제조 현장 방문 해 임원 면담까지 한 사연 (ft. 가을바람월드),"Oct 25, 2024",849,5
2024-12-19,LUVKTjM4ukU,시애틀에 있는 IONQ 양자 컴퓨터 제조 현장 방문 해 임원 면담까지 한 사연 (ft. 가을바람월드),"Oct 25, 2024",849,2
2024-12-20,LUVKTjM4ukU,시애틀에 있는 IONQ 양자 컴퓨터 제조 현장 방문 해 임원 면담까지 한 사연 (ft. 가을바람월드),"Oct 25, 2024",849,5
2024-12-21,LUVKTjM4ukU,시애틀에 있는 IONQ 양자 컴퓨터 제조 현장 방문 해 임원 면담까지 한 사연 (ft. 가을바람월드),"Oct 25, 2024",849,6
2024-12-22,LUVKTjM4ukU,시애틀에 있는 IONQ 양자 컴퓨터 제조 현장 방문 해 임원 면담까지 한 사연 (ft. 가을바람월드),"Oct 25, 2024",849,3
2024-12-23,LUVKTjM4ukU,시애틀에 있는 IONQ 양자 컴퓨터 제조 현장 방문 해 임원 면담까지 한 사연 (ft. 가을바람월드),"Oct 25, 2024",849,3
2024-12-24,LUVKTjM4ukU,시애틀에 있는 IONQ 양자 컴퓨터 제조 현장 방문 해 임원 면담까지 한 사연 (ft. 가을바람월드),"Oct 25, 2024",849,9
2024-12-25,LUVKTjM4ukU,시애틀에 있는 IONQ 양자 컴퓨터 제조 현장 방문 해 임원 면담까지 한 사연 (ft. 가을바람월드),"Oct 25, 2024",849,1
2024-12-26,LUVKTjM4ukU,시애틀에 있는 IONQ 양자 컴퓨터 제조 현장 방문 해 임원 면담까지 한 사연 (ft. 가을바람월드),"Oct 25, 2024",849,2
2024-12-27,LUVKTjM4ukU,시애틀에 있는 IONQ 양자 컴퓨터 제조 현장 방문 해 임원 면담까지 한 사연 (ft. 가을바람월드),"Oct 25, 2024",849,9
2024-12-28,LUVKTjM4ukU,시애틀에 있는 IONQ 양자 컴퓨터 제조 현장 방문 해 임원 면담까지 한 사연 (ft. 가을바람월드),"Oct 25, 2024",849,1
2024-12-29,LUVKTjM4ukU,시애틀에 있는 IONQ 양자 컴퓨터 제조 현장 방문 해 임원 면담까지 한 사연 (ft. 가을바람월드),"Oct 25, 2024",849,1
2024-12-30,LUVKTjM4ukU,시애틀에 있는 IONQ 양자 컴퓨터 제조 현장 방문 해 임원 면담까지 한 사연 (ft. 가을바람월드),"Oct 25, 2024",849,3
2024-12-31,LUVKTjM4ukU,시애틀에 있는 IONQ 양자 컴퓨터 제조 현장 방문 해 임원 면담까지 한 사연 (ft. 가을바람월드),"Oct 25, 2024",849,5
2025-01-01,LUVKTjM4ukU,시애틀에 있는 IONQ 양자 컴퓨터 제조 현장 방문 해 임원 면담까지 한 사연 (ft. 가을바람월드),"Oct 25, 2024",849,3
2025-01-02,LUVKTjM4ukU,시애틀에 있는 IONQ 양자 컴퓨터 제조 현장 방문 해 임원 면담까지 한 사연 (ft. 가을바람월드),"Oct 25, 2024",849,4
2025-01-03,LUVKTjM4ukU,시애틀에 있는 IONQ 양자 컴퓨터 제조 현장 방문 해 임원 면담까지 한 사연 (ft. 가을바람월드),"Oct 25, 2024",849,2
2025-01-04,LUVKTjM4ukU,시애틀에 있는 IONQ 양자 컴퓨터 제조 현장 방문 해 임원 면담까지 한 사연 (ft. 가을바람월드),"Oct 25, 2024",849,4
2025-01-05,LUVKTjM4ukU,시애틀에 있는 IONQ 양자 컴퓨터 제조 현장 방문 해 임원 면담까지 한 사연 (ft. 가을바람월드),"Oct 25, 2024",849,0
2025-01-06,LUVKTjM4ukU,시애틀에 있는 IONQ 양자 컴퓨터 제조 현장 방문 해 임원 면담까지 한 사연 (ft. 가을바람월드),"Oct 25, 2024",849,4
2025-01-07,LUVKTjM4ukU,시애틀에 있는 IONQ 양자 컴퓨터 제조 현장 방문 해 임원 면담까지 한 사연 (ft. 가을바람월드),"Oct 25, 2024",849,9
2025-01-08,LUVKTjM4ukU,시애틀에 있는 IONQ 양자 컴퓨터 제조 현장 방문 해 임원 면담까지 한 사연 (ft. 가을바람월드),"Oct 25, 2024",849,13
2025-01-09,LUVKTjM4ukU,시애틀에 있는 IONQ 양자 컴퓨터 제조 현장 방문 해 임원 면담까지 한 사연 (ft. 가을바람월드),"Oct 25, 2024",849,12
2025-01-10,LUVKTjM4ukU,시애틀에 있는 IONQ 양자 컴퓨터 제조 현장 방문 해 임원 면담까지 한 사연 (ft. 가을바람월드),"Oct 25, 2024",849,7
2025-01-11,LUVKTjM4ukU,시애틀에 있는 IONQ 양자 컴퓨터 제조 현장 방문 해 임원 면담까지 한 사연 (ft. 가을바람월드),"Oct 25, 2024",849,34
2025-01-12,LUVKTjM4ukU,시애틀에 있는 IONQ 양자 컴퓨터 제조 현장 방문 해 임원 면담까지 한 사연 (ft. 가을바람월드),"Oct 25, 2024",849,6
2025-01-13,LUVKTjM4ukU,시애틀에 있는 IONQ 양자 컴퓨터 제조 현장 방문 해 임원 면담까지 한 사연 (ft. 가을바람월드),"Oct 25, 2024",849,5
2025-01-14,LUVKTjM4ukU,시애틀에 있는 IONQ 양자 컴퓨터 제조 현장 방문 해 임원 면담까지 한 사연 (ft. 가을바람월드),"Oct 25, 2024",849,2
2025-01-15,LUVKTjM4ukU,시애틀에 있는 IONQ 양자 컴퓨터 제조 현장 방문 해 임원 면담까지 한 사연 (ft. 가을바람월드),"Oct 25, 2024",849,9
2025-01-16,LUVKTjM4ukU,시애틀에 있는 IONQ 양자 컴퓨터 제조 현장 방문 해 임원 면담까지 한 사연 (ft. 가을바람월드),"Oct 25, 2024",849,3
2025-01-17,LUVKTjM4ukU,시애틀에 있는 IONQ 양자 컴퓨터 제조 현장 방문 해 임원 면담까지 한 사연 (ft. 가을바람월드),"Oct 25, 2024",849,2
2025-01-18,LUVKTjM4ukU,시애틀에 있는 IONQ 양자 컴퓨터 제조 현장 방문 해 임원 면담까지 한 사연 (ft. 가을바람월드),"Oct 25, 2024",849,4
2025-01-19,LUVKTjM4ukU,시애틀에 있는 IONQ 양자 컴퓨터 제조 현장 방문 해 임원 면담까지 한 사연 (ft. 가을바람월드),"Oct 25, 2024",849,1
2025-01-20,LUVKTjM4ukU,시애틀에 있는 IONQ 양자 컴퓨터 제조 현장 방문 해 임원 면담까지 한 사연 (ft. 가을바람월드),"Oct 25, 2024",849,2
2025-01-21,LUVKTjM4ukU,시애틀에 있는 IONQ 양자 컴퓨터 제조 현장 방문 해 임원 면담까지 한 사연 (ft. 가을바람월드),"Oct 25, 2024",849,2
2025-01-22,LUVKTjM4ukU,시애틀에 있는 IONQ 양자 컴퓨터 제조 현장 방문 해 임원 면담까지 한 사연 (ft. 가을바람월드),"Oct 25, 2024",849,0
2025-01-23,LUVKTjM4ukU,시애틀에 있는 IONQ 양자 컴퓨터 제조 현장 방문 해 임원 면담까지 한 사연 (ft. 가을바람월드),"Oct 25, 2024",849,0
2025-01-24,LUVKTjM4ukU,시애틀에 있는 IONQ 양자 컴퓨터 제조 현장 방문 해 임원 면담까지 한 사연 (ft. 가을바람월드),"Oct 25, 2024",849,3
2025-01-25,LUVKTjM4ukU,시애틀에 있는 IONQ 양자 컴퓨터 제조 현장 방문 해 임원 면담까지 한 사연 (ft. 가을바람월드),"Oct 25, 2024",849,5
2025-01-26,LUVKTjM4ukU,시애틀에 있는 IONQ 양자 컴퓨터 제조 현장 방문 해 임원 면담까지 한 사연 (ft. 가을바람월드),"Oct 25, 2024",849,0
2025-01-27,LUVKTjM4ukU,시애틀에 있는 IONQ 양자 컴퓨터 제조 현장 방문 해 임원 면담까지 한 사연 (ft. 가을바람월드),"Oct 25, 2024",849,2
2025-01-28,LUVKTjM4ukU,시애틀에 있는 IONQ 양자 컴퓨터 제조 현장 방문 해 임원 면담까지 한 사연 (ft. 가을바람월드),"Oct 25, 2024",849,4
2025-01-29,LUVKTjM4ukU,시애틀에 있는 IONQ 양자 컴퓨터 제조 현장 방문 해 임원 면담까지 한 사연 (ft. 가을바람월드),"Oct 25, 2024",849,3
2025-01-30,LUVKTjM4ukU,시애틀에 있는 IONQ 양자 컴퓨터 제조 현장 방문 해 임원 면담까지 한 사연 (ft. 가을바람월드),"Oct 25, 2024",849,3
2025-01-31,LUVKTjM4ukU,시애틀에 있는 IONQ 양자 컴퓨터 제조 현장 방문 해 임원 면담까지 한 사연 (ft. 가을바람월드),"Oct 25, 2024",849,0
2025-02-01,LUVKTjM4ukU,시애틀에 있는 IONQ 양자 컴퓨터 제조 현장 방문 해 임원 면담까지 한 사연 (ft. 가을바람월드),"Oct 25, 2024",849,0
2025-02-02,LUVKTjM4ukU,시애틀에 있는 IONQ 양자 컴퓨터 제조 현장 방문 해 임원 면담까지 한 사연 (ft. 가을바람월드),"Oct 25, 2024",849,1
2025-02-03,LUVKTjM4ukU,시애틀에 있는 IONQ 양자 컴퓨터 제조 현장 방문 해 임원 면담까지 한 사연 (ft. 가을바람월드),"Oct 25, 2024",849,1
2025-02-04,LUVKTjM4ukU,시애틀에 있는 IONQ 양자 컴퓨터 제조 현장 방문 해 임원 면담까지 한 사연 (ft. 가을바람월드),"Oct 25, 2024",849,3
2025-02-05,LUVKTjM4ukU,시애틀에 있는 IONQ 양자 컴퓨터 제조 현장 방문 해 임원 면담까지 한 사연 (ft. 가을바람월드),"Oct 25, 2024",849,3
2025-02-06,LUVKTjM4ukU,시애틀에 있는 IONQ 양자 컴퓨터 제조 현장 방문 해 임원 면담까지 한 사연 (ft. 가을바람월드),"Oct 25, 2024",849,2
2025-02-07,LUVKTjM4ukU,시애틀에 있는 IONQ 양자 컴퓨터 제조 현장 방문 해 임원 면담까지 한 사연 (ft. 가을바람월드),"Oct 25, 2024",849,0
2025-02-08,LUVKTjM4ukU,시애틀에 있는 IONQ 양자 컴퓨터 제조 현장 방문 해 임원 면담까지 한 사연 (ft. 가을바람월드),"Oct 25, 2024",849,3
2025-02-09,LUVKTjM4ukU,시애틀에 있는 IONQ 양자 컴퓨터 제조 현장 방문 해 임원 면담까지 한 사연 (ft. 가을바람월드),"Oct 25, 2024",849,0
2025-02-10,LUVKTjM4ukU,시애틀에 있는 IONQ 양자 컴퓨터 제조 현장 방문 해 임원 면담까지 한 사연 (ft. 가을바람월드),"Oct 25, 2024",849,0
2025-02-11,LUVKTjM4ukU,시애틀에 있는 IONQ 양자 컴퓨터 제조 현장 방문 해 임원 면담까지 한 사연 (ft. 가을바람월드),"Oct 25, 2024",849,4
2025-02-12,LUVKTjM4ukU,시애틀에 있는 IONQ 양자 컴퓨터 제조 현장 방문 해 임원 면담까지 한 사연 (ft. 가을바람월드),"Oct 25, 2024",849,1
2025-02-13,LUVKTjM4ukU,시애틀에 있는 IONQ 양자 컴퓨터 제조 현장 방문 해 임원 면담까지 한 사연 (ft. 가을바람월드),"Oct 25, 2024",849,1
2025-02-14,LUVKTjM4ukU,시애틀에 있는 IONQ 양자 컴퓨터 제조 현장 방문 해 임원 면담까지 한 사연 (ft. 가을바람월드),"Oct 25, 2024",849,0
2025-02-15,LUVKTjM4ukU,시애틀에 있는 IONQ 양자 컴퓨터 제조 현장 방문 해 임원 면담까지 한 사연 (ft. 가을바람월드),"Oct 25, 2024",849,0
2025-02-16,LUVKTjM4ukU,시애틀에 있는 IONQ 양자 컴퓨터 제조 현장 방문 해 임원 면담까지 한 사연 (ft. 가을바람월드),"Oct 25, 2024",849,1
2025-02-17,LUVKTjM4ukU,시애틀에 있는 IONQ 양자 컴퓨터 제조 현장 방문 해 임원 면담까지 한 사연 (ft. 가을바람월드),"Oct 25, 2024",849,2
2025-02-18,LUVKTjM4ukU,시애틀에 있는 IONQ 양자 컴퓨터 제조 현장 방문 해 임원 면담까지 한 사연 (ft. 가을바람월드),"Oct 25, 2024",849,1
2025-02-19,LUVKTjM4ukU,시애틀에 있는 IONQ 양자 컴퓨터 제조 현장 방문 해 임원 면담까지 한 사연 (ft. 가을바람월드),"Oct 25, 2024",849,2
2025-02-20,LUVKTjM4ukU,시애틀에 있는 IONQ 양자 컴퓨터 제조 현장 방문 해 임원 면담까지 한 사연 (ft. 가을바람월드),"Oct 25, 2024",849,2
2025-02-21,LUVKTjM4ukU,시애틀에 있는 IONQ 양자 컴퓨터 제조 현장 방문 해 임원 면담까지 한 사연 (ft. 가을바람월드),"Oct 25, 2024",849,2
2025-02-22,LUVKTjM4ukU,시애틀에 있는 IONQ 양자 컴퓨터 제조 현장 방문 해 임원 면담까지 한 사연 (ft. 가을바람월드),"Oct 25, 2024",849,2
2025-02-23,LUVKTjM4ukU,시애틀에 있는 IONQ 양자 컴퓨터 제조 현장 방문 해 임원 면담까지 한 사연 (ft. 가을바람월드),"Oct 25, 2024",849,5
2025-02-24,LUVKTjM4ukU,시애틀에 있는 IONQ 양자 컴퓨터 제조 현장 방문 해 임원 면담까지 한 사연 (ft. 가을바람월드),"Oct 25, 2024",849,5
2025-02-25,LUVKTjM4ukU,시애틀에 있는 IONQ 양자 컴퓨터 제조 현장 방문 해 임원 면담까지 한 사연 (ft. 가을바람월드),"Oct 25, 2024",849,1
2025-02-26,LUVKTjM4ukU,시애틀에 있는 IONQ 양자 컴퓨터 제조 현장 방문 해 임원 면담까지 한 사연 (ft. 가을바람월드),"Oct 25, 2024",849,2
2025-02-27,LUVKTjM4ukU,시애틀에 있는 IONQ 양자 컴퓨터 제조 현장 방문 해 임원 면담까지 한 사연 (ft. 가을바람월드),"Oct 25, 2024",849,4
2025-02-28,LUVKTjM4ukU,시애틀에 있는 IONQ 양자 컴퓨터 제조 현장 방문 해 임원 면담까지 한 사연 (ft. 가을바람월드),"Oct 25, 2024",849,3
2025-03-01,LUVKTjM4ukU,시애틀에 있는 IONQ 양자 컴퓨터 제조 현장 방문 해 임원 면담까지 한 사연 (ft. 가을바람월드),"Oct 25, 2024",849,2
2025-03-02,LUVKTjM4ukU,시애틀에 있는 IONQ 양자 컴퓨터 제조 현장 방문 해 임원 면담까지 한 사연 (ft. 가을바람월드),"Oct 25, 2024",849,1
2025-03-03,LUVKTjM4ukU,시애틀에 있는 IONQ 양자 컴퓨터 제조 현장 방문 해 임원 면담까지 한 사연 (ft. 가을바람월드),"Oct 25, 2024",849,2
2025-03-04,LUVKTjM4ukU,시애틀에 있는 IONQ 양자 컴퓨터 제조 현장 방문 해 임원 면담까지 한 사연 (ft. 가을바람월드),"Oct 25, 2024",849,0
2025-03-05,LUVKTjM4ukU,시애틀에 있는 IONQ 양자 컴퓨터 제조 현장 방문 해 임원 면담까지 한 사연 (ft. 가을바람월드),"Oct 25, 2024",849,5
2025-03-06,LUVKTjM4ukU,시애틀에 있는 IONQ 양자 컴퓨터 제조 현장 방문 해 임원 면담까지 한 사연 (ft. 가을바람월드),"Oct 25, 2024",849,3
2025-03-07,LUVKTjM4ukU,시애틀에 있는 IONQ 양자 컴퓨터 제조 현장 방문 해 임원 면담까지 한 사연 (ft. 가을바람월드),"Oct 25, 2024",849,1
2025-03-08,LUVKTjM4ukU,시애틀에 있는 IONQ 양자 컴퓨터 제조 현장 방문 해 임원 면담까지 한 사연 (ft. 가을바람월드),"Oct 25, 2024",849,0
2025-03-09,LUVKTjM4ukU,시애틀에 있는 IONQ 양자 컴퓨터 제조 현장 방문 해 임원 면담까지 한 사연 (ft. 가을바람월드),"Oct 25, 2024",849,2
2025-03-10,LUVKTjM4ukU,시애틀에 있는 IONQ 양자 컴퓨터 제조 현장 방문 해 임원 면담까지 한 사연 (ft. 가을바람월드),"Oct 25, 2024",849,1
2025-03-11,LUVKTjM4ukU,시애틀에 있는 IONQ 양자 컴퓨터 제조 현장 방문 해 임원 면담까지 한 사연 (ft. 가을바람월드),"Oct 25, 2024",849,0
2025-03-12,LUVKTjM4ukU,시애틀에 있는 IONQ 양자 컴퓨터 제조 현장 방문 해 임원 면담까지 한 사연 (ft. 가을바람월드),"Oct 25, 2024",849,1
2025-03-13,LUVKTjM4ukU,시애틀에 있는 IONQ 양자 컴퓨터 제조 현장 방문 해 임원 면담까지 한 사연 (ft. 가을바람월드),"Oct 25, 2024",849,0
2025-03-14,LUVKTjM4ukU,시애틀에 있는 IONQ 양자 컴퓨터 제조 현장 방문 해 임원 면담까지 한 사연 (ft. 가을바람월드),"Oct 25, 2024",849,1
2025-03-15,LUVKTjM4ukU,시애틀에 있는 IONQ 양자 컴퓨터 제조 현장 방문 해 임원 면담까지 한 사연 (ft. 가을바람월드),"Oct 25, 2024",849,1
2025-03-16,LUVKTjM4ukU,시애틀에 있는 IONQ 양자 컴퓨터 제조 현장 방문 해 임원 면담까지 한 사연 (ft. 가을바람월드),"Oct 25, 2024",849,1
2025-03-17,LUVKTjM4ukU,시애틀에 있는 IONQ 양자 컴퓨터 제조 현장 방문 해 임원 면담까지 한 사연 (ft. 가을바람월드),"Oct 25, 2024",849,0
2025-03-18,LUVKTjM4ukU,시애틀에 있는 IONQ 양자 컴퓨터 제조 현장 방문 해 임원 면담까지 한 사연 (ft. 가을바람월드),"Oct 25, 2024",849,0
2025-03-19,LUVKTjM4ukU,시애틀에 있는 IONQ 양자 컴퓨터 제조 현장 방문 해 임원 면담까지 한 사연 (ft. 가을바람월드),"Oct 25, 2024",849,0
2025-03-20,LUVKTjM4ukU,시애틀에 있는 IONQ 양자 컴퓨터 제조 현장 방문 해 임원 면담까지 한 사연 (ft. 가을바람월드),"Oct 25, 2024",849,0
2025-03-21,LUVKTjM4ukU,시애틀에 있는 IONQ 양자 컴퓨터 제조 현장 방문 해 임원 면담까지 한 사연 (ft. 가을바람월드),"Oct 25, 2024",849,1
2025-03-22,LUVKTjM4ukU,시애틀에 있는 IONQ 양자 컴퓨터 제조 현장 방문 해 임원 면담까지 한 사연 (ft. 가을바람월드),"Oct 25, 2024",849,3
2025-03-23,LUVKTjM4ukU,시애틀에 있는 IONQ 양자 컴퓨터 제조 현장 방문 해 임원 면담까지 한 사연 (ft. 가을바람월드),"Oct 25, 2024",849,2
2025-03-24,LUVKTjM4ukU,시애틀에 있는 IONQ 양자 컴퓨터 제조 현장 방문 해 임원 면담까지 한 사연 (ft. 가을바람월드),"Oct 25, 2024",849,1
2025-03-25,LUVKTjM4ukU,시애틀에 있는 IONQ 양자 컴퓨터 제조 현장 방문 해 임원 면담까지 한 사연 (ft. 가을바람월드),"Oct 25, 2024",849,2
2025-03-26,LUVKTjM4ukU,시애틀에 있는 IONQ 양자 컴퓨터 제조 현장 방문 해 임원 면담까지 한 사연 (ft. 가을바람월드),"Oct 25, 2024",849,2
2025-03-27,LUVKTjM4ukU,시애틀에 있는 IONQ 양자 컴퓨터 제조 현장 방문 해 임원 면담까지 한 사연 (ft. 가을바람월드),"Oct 25, 2024",849,1
2025-03-28,LUVKTjM4ukU,시애틀에 있는 IONQ 양자 컴퓨터 제조 현장 방문 해 임원 면담까지 한 사연 (ft. 가을바람월드),"Oct 25, 2024",849,1
2025-03-29,LUVKTjM4ukU,시애틀에 있는 IONQ 양자 컴퓨터 제조 현장 방문 해 임원 면담까지 한 사연 (ft. 가을바람월드),"Oct 25, 2024",849,0
2025-03-30,LUVKTjM4ukU,시애틀에 있는 IONQ 양자 컴퓨터 제조 현장 방문 해 임원 면담까지 한 사연 (ft. 가을바람월드),"Oct 25, 2024",849,1
2025-03-31,LUVKTjM4ukU,시애틀에 있는 IONQ 양자 컴퓨터 제조 현장 방문 해 임원 면담까지 한 사연 (ft. 가을바람월드),"Oct 25, 2024",849,0
2025-04-01,LUVKTjM4ukU,시애틀에 있는 IONQ 양자 컴퓨터 제조 현장 방문 해 임원 면담까지 한 사연 (ft. 가을바람월드),"Oct 25, 2024",849,0
2025-04-02,LUVKTjM4ukU,시애틀에 있는 IONQ 양자 컴퓨터 제조 현장 방문 해 임원 면담까지 한 사연 (ft. 가을바람월드),"Oct 25, 2024",849,0
2025-04-03,LUVKTjM4ukU,시애틀에 있는 IONQ 양자 컴퓨터 제조 현장 방문 해 임원 면담까지 한 사연 (ft. 가을바람월드),"Oct 25, 2024",849,0
2025-04-04,LUVKTjM4ukU,시애틀에 있는 IONQ 양자 컴퓨터 제조 현장 방문 해 임원 면담까지 한 사연 (ft. 가을바람월드),"Oct 25, 2024",849,0
2025-04-05,LUVKTjM4ukU,시애틀에 있는 IONQ 양자 컴퓨터 제조 현장 방문 해 임원 면담까지 한 사연 (ft. 가을바람월드),"Oct 25, 2024",849,1
2025-04-06,LUVKTjM4ukU,시애틀에 있는 IONQ 양자 컴퓨터 제조 현장 방문 해 임원 면담까지 한 사연 (ft. 가을바람월드),"Oct 25, 2024",849,1
2025-04-07,LUVKTjM4ukU,시애틀에 있는 IONQ 양자 컴퓨터 제조 현장 방문 해 임원 면담까지 한 사연 (ft. 가을바람월드),"Oct 25, 2024",849,1
2025-04-08,LUVKTjM4ukU,시애틀에 있는 IONQ 양자 컴퓨터 제조 현장 방문 해 임원 면담까지 한 사연 (ft. 가을바람월드),"Oct 25, 2024",849,0
2025-04-09,LUVKTjM4ukU,시애틀에 있는 IONQ 양자 컴퓨터 제조 현장 방문 해 임원 면담까지 한 사연 (ft. 가을바람월드),"Oct 25, 2024",849,0
2025-04-10,LUVKTjM4ukU,시애틀에 있는 IONQ 양자 컴퓨터 제조 현장 방문 해 임원 면담까지 한 사연 (ft. 가을바람월드),"Oct 25, 2024",849,1
2025-04-11,LUVKTjM4ukU,시애틀에 있는 IONQ 양자 컴퓨터 제조 현장 방문 해 임원 면담까지 한 사연 (ft. 가을바람월드),"Oct 25, 2024",849,0
2025-04-12,LUVKTjM4ukU,시애틀에 있는 IONQ 양자 컴퓨터 제조 현장 방문 해 임원 면담까지 한 사연 (ft. 가을바람월드),"Oct 25, 2024",849,0
2025-04-13,LUVKTjM4ukU,시애틀에 있는 IONQ 양자 컴퓨터 제조 현장 방문 해 임원 면담까지 한 사연 (ft. 가을바람월드),"Oct 25, 2024",849,0
2025-04-14,LUVKTjM4ukU,시애틀에 있는 IONQ 양자 컴퓨터 제조 현장 방문 해 임원 면담까지 한 사연 (ft. 가을바람월드),"Oct 25, 2024",849,0
2025-04-15,LUVKTjM4ukU,시애틀에 있는 IONQ 양자 컴퓨터 제조 현장 방문 해 임원 면담까지 한 사연 (ft. 가을바람월드),"Oct 25, 2024",849,0
2025-04-16,LUVKTjM4ukU,시애틀에 있는 IONQ 양자 컴퓨터 제조 현장 방문 해 임원 면담까지 한 사연 (ft. 가을바람월드),"Oct 25, 2024",849,2
2025-04-17,LUVKTjM4ukU,시애틀에 있는 IONQ 양자 컴퓨터 제조 현장 방문 해 임원 면담까지 한 사연 (ft. 가을바람월드),"Oct 25, 2024",849,2
2025-04-18,LUVKTjM4ukU,시애틀에 있는 IONQ 양자 컴퓨터 제조 현장 방문 해 임원 면담까지 한 사연 (ft. 가을바람월드),"Oct 25, 2024",849,0
2025-04-19,LUVKTjM4ukU,시애틀에 있는 IONQ 양자 컴퓨터 제조 현장 방문 해 임원 면담까지 한 사연 (ft. 가을바람월드),"Oct 25, 2024",849,0
2025-04-20,LUVKTjM4ukU,시애틀에 있는 IONQ 양자 컴퓨터 제조 현장 방문 해 임원 면담까지 한 사연 (ft. 가을바람월드),"Oct 25, 2024",849,1
2025-04-21,LUVKTjM4ukU,시애틀에 있는 IONQ 양자 컴퓨터 제조 현장 방문 해 임원 면담까지 한 사연 (ft. 가을바람월드),"Oct 25, 2024",849,0
2025-04-22,LUVKTjM4ukU,시애틀에 있는 IONQ 양자 컴퓨터 제조 현장 방문 해 임원 면담까지 한 사연 (ft. 가을바람월드),"Oct 25, 2024",849,1
2025-04-23,LUVKTjM4ukU,시애틀에 있는 IONQ 양자 컴퓨터 제조 현장 방문 해 임원 면담까지 한 사연 (ft. 가을바람월드),"Oct 25, 2024",849,2
2025-04-24,LUVKTjM4ukU,시애틀에 있는 IONQ 양자 컴퓨터 제조 현장 방문 해 임원 면담까지 한 사연 (ft. 가을바람월드),"Oct 25, 2024",849,0
2025-04-25,LUVKTjM4ukU,시애틀에 있는 IONQ 양자 컴퓨터 제조 현장 방문 해 임원 면담까지 한 사연 (ft. 가을바람월드),"Oct 25, 2024",849,0
2025-04-26,LUVKTjM4ukU,시애틀에 있는 IONQ 양자 컴퓨터 제조 현장 방문 해 임원 면담까지 한 사연 (ft. 가을바람월드),"Oct 25, 2024",849,0
2025-04-27,LUVKTjM4ukU,시애틀에 있는 IONQ 양자 컴퓨터 제조 현장 방문 해 임원 면담까지 한 사연 (ft. 가을바람월드),"Oct 25, 2024",849,0
2025-04-28,LUVKTjM4ukU,시애틀에 있는 IONQ 양자 컴퓨터 제조 현장 방문 해 임원 면담까지 한 사연 (ft. 가을바람월드),"Oct 25, 2024",849,0
2025-04-29,LUVKTjM4ukU,시애틀에 있는 IONQ 양자 컴퓨터 제조 현장 방문 해 임원 면담까지 한 사연 (ft. 가을바람월드),"Oct 25, 2024",849,1
2025-04-30,LUVKTjM4ukU,시애틀에 있는 IONQ 양자 컴퓨터 제조 현장 방문 해 임원 면담까지 한 사연 (ft. 가을바람월드),"Oct 25, 2024",849,0
2025-05-01,LUVKTjM4ukU,시애틀에 있는 IONQ 양자 컴퓨터 제조 현장 방문 해 임원 면담까지 한 사연 (ft. 가을바람월드),"Oct 25, 2024",849,0
2025-05-02,LUVKTjM4ukU,시애틀에 있는 IONQ 양자 컴퓨터 제조 현장 방문 해 임원 면담까지 한 사연 (ft. 가을바람월드),"Oct 25, 2024",849,0
2025-05-03,LUVKTjM4ukU,시애틀에 있는 IONQ 양자 컴퓨터 제조 현장 방문 해 임원 면담까지 한 사연 (ft. 가을바람월드),"Oct 25, 2024",849,0
2025-05-04,LUVKTjM4ukU,시애틀에 있는 IONQ 양자 컴퓨터 제조 현장 방문 해 임원 면담까지 한 사연 (ft. 가을바람월드),"Oct 25, 2024",849,2
2025-05-05,LUVKTjM4ukU,시애틀에 있는 IONQ 양자 컴퓨터 제조 현장 방문 해 임원 면담까지 한 사연 (ft. 가을바람월드),"Oct 25, 2024",849,1
2025-05-06,LUVKTjM4ukU,시애틀에 있는 IONQ 양자 컴퓨터 제조 현장 방문 해 임원 면담까지 한 사연 (ft. 가을바람월드),"Oct 25, 2024",849,0
2025-05-07,LUVKTjM4ukU,시애틀에 있는 IONQ 양자 컴퓨터 제조 현장 방문 해 임원 면담까지 한 사연 (ft. 가을바람월드),"Oct 25, 2024",849,1
2025-05-08,LUVKTjM4ukU,시애틀에 있는 IONQ 양자 컴퓨터 제조 현장 방문 해 임원 면담까지 한 사연 (ft. 가을바람월드),"Oct 25, 2024",849,0
2025-05-09,LUVKTjM4ukU,시애틀에 있는 IONQ 양자 컴퓨터 제조 현장 방문 해 임원 면담까지 한 사연 (ft. 가을바람월드),"Oct 25, 2024",849,1
2025-05-10,LUVKTjM4ukU,시애틀에 있는 IONQ 양자 컴퓨터 제조 현장 방문 해 임원 면담까지 한 사연 (ft. 가을바람월드),"Oct 25, 2024",849,1
2025-05-11,LUVKTjM4ukU,시애틀에 있는 IONQ 양자 컴퓨터 제조 현장 방문 해 임원 면담까지 한 사연 (ft. 가을바람월드),"Oct 25, 2024",849,3
2025-05-12,LUVKTjM4ukU,시애틀에 있는 IONQ 양자 컴퓨터 제조 현장 방문 해 임원 면담까지 한 사연 (ft. 가을바람월드),"Oct 25, 2024",849,1
2025-05-13,LUVKTjM4ukU,시애틀에 있는 IONQ 양자 컴퓨터 제조 현장 방문 해 임원 면담까지 한 사연 (ft. 가을바람월드),"Oct 25, 2024",849,0
2025-05-14,LUVKTjM4ukU,시애틀에 있는 IONQ 양자 컴퓨터 제조 현장 방문 해 임원 면담까지 한 사연 (ft. 가을바람월드),"Oct 25, 2024",849,0
2025-05-15,LUVKTjM4ukU,시애틀에 있는 IONQ 양자 컴퓨터 제조 현장 방문 해 임원 면담까지 한 사연 (ft. 가을바람월드),"Oct 25, 2024",849,0
2025-05-16,LUVKTjM4ukU,시애틀에 있는 IONQ 양자 컴퓨터 제조 현장 방문 해 임원 면담까지 한 사연 (ft. 가을바람월드),"Oct 25, 2024",849,0
2025-05-17,LUVKTjM4ukU,시애틀에 있는 IONQ 양자 컴퓨터 제조 현장 방문 해 임원 면담까지 한 사연 (ft. 가을바람월드),"Oct 25, 2024",849,0
2025-05-18,LUVKTjM4ukU,시애틀에 있는 IONQ 양자 컴퓨터 제조 현장 방문 해 임원 면담까지 한 사연 (ft. 가을바람월드),"Oct 25, 2024",849,0
2025-05-19,LUVKTjM4ukU,시애틀에 있는 IONQ 양자 컴퓨터 제조 현장 방문 해 임원 면담까지 한 사연 (ft. 가을바람월드),"Oct 25, 2024",849,0
2025-05-20,LUVKTjM4ukU,시애틀에 있는 IONQ 양자 컴퓨터 제조 현장 방문 해 임원 면담까지 한 사연 (ft. 가을바람월드),"Oct 25, 2024",849,0
2025-05-21,LUVKTjM4ukU,시애틀에 있는 IONQ 양자 컴퓨터 제조 현장 방문 해 임원 면담까지 한 사연 (ft. 가을바람월드),"Oct 25, 2024",849,0
2025-05-22,LUVKTjM4ukU,시애틀에 있는 IONQ 양자 컴퓨터 제조 현장 방문 해 임원 면담까지 한 사연 (ft. 가을바람월드),"Oct 25, 2024",849,1
2025-05-23,LUVKTjM4ukU,시애틀에 있는 IONQ 양자 컴퓨터 제조 현장 방문 해 임원 면담까지 한 사연 (ft. 가을바람월드),"Oct 25, 2024",849,1
2025-05-24,LUVKTjM4ukU,시애틀에 있는 IONQ 양자 컴퓨터 제조 현장 방문 해 임원 면담까지 한 사연 (ft. 가을바람월드),"Oct 25, 2024",849,0
2025-05-25,LUVKTjM4ukU,시애틀에 있는 IONQ 양자 컴퓨터 제조 현장 방문 해 임원 면담까지 한 사연 (ft. 가을바람월드),"Oct 25, 2024",849,0
2025-05-26,LUVKTjM4ukU,시애틀에 있는 IONQ 양자 컴퓨터 제조 현장 방문 해 임원 면담까지 한 사연 (ft. 가을바람월드),"Oct 25, 2024",849,0
2025-05-27,LUVKTjM4ukU,시애틀에 있는 IONQ 양자 컴퓨터 제조 현장 방문 해 임원 면담까지 한 사연 (ft. 가을바람월드),"Oct 25, 2024",849,0
2025-05-28,LUVKTjM4ukU,시애틀에 있는 IONQ 양자 컴퓨터 제조 현장 방문 해 임원 면담까지 한 사연 (ft. 가을바람월드),"Oct 25, 2024",849,1
2025-05-29,LUVKTjM4ukU,시애틀에 있는 IONQ 양자 컴퓨터 제조 현장 방문 해 임원 면담까지 한 사연 (ft. 가을바람월드),"Oct 25, 2024",849,0
2025-05-30,LUVKTjM4ukU,시애틀에 있는 IONQ 양자 컴퓨터 제조 현장 방문 해 임원 면담까지 한 사연 (ft. 가을바람월드),"Oct 25, 2024",849,0
2025-05-31,LUVKTjM4ukU,시애틀에 있는 IONQ 양자 컴퓨터 제조 현장 방문 해 임원 면담까지 한 사연 (ft. 가을바람월드),"Oct 25, 2024",849,0
2025-06-01,LUVKTjM4ukU,시애틀에 있는 IONQ 양자 컴퓨터 제조 현장 방문 해 임원 면담까지 한 사연 (ft. 가을바람월드),"Oct 25, 2024",849,0
2025-06-02,LUVKTjM4ukU,시애틀에 있는 IONQ 양자 컴퓨터 제조 현장 방문 해 임원 면담까지 한 사연 (ft. 가을바람월드),"Oct 25, 2024",849,0
2025-06-03,LUVKTjM4ukU,시애틀에 있는 IONQ 양자 컴퓨터 제조 현장 방문 해 임원 면담까지 한 사연 (ft. 가을바람월드),"Oct 25, 2024",849,0
2025-06-04,LUVKTjM4ukU,시애틀에 있는 IONQ 양자 컴퓨터 제조 현장 방문 해 임원 면담까지 한 사연 (ft. 가을바람월드),"Oct 25, 2024",849,0
2025-06-05,LUVKTjM4ukU,시애틀에 있는 IONQ 양자 컴퓨터 제조 현장 방문 해 임원 면담까지 한 사연 (ft. 가을바람월드),"Oct 25, 2024",849,0
2025-06-06,LUVKTjM4ukU,시애틀에 있는 IONQ 양자 컴퓨터 제조 현장 방문 해 임원 면담까지 한 사연 (ft. 가을바람월드),"Oct 25, 2024",849,1
2025-06-07,LUVKTjM4ukU,시애틀에 있는 IONQ 양자 컴퓨터 제조 현장 방문 해 임원 면담까지 한 사연 (ft. 가을바람월드),"Oct 25, 2024",849,0
2025-06-08,LUVKTjM4ukU,시애틀에 있는 IONQ 양자 컴퓨터 제조 현장 방문 해 임원 면담까지 한 사연 (ft. 가을바람월드),"Oct 25, 2024",849,0
2025-06-09,LUVKTjM4ukU,시애틀에 있는 IONQ 양자 컴퓨터 제조 현장 방문 해 임원 면담까지 한 사연 (ft. 가을바람월드),"Oct 25, 2024",849,0
2025-06-10,LUVKTjM4ukU,시애틀에 있는 IONQ 양자 컴퓨터 제조 현장 방문 해 임원 면담까지 한 사연 (ft. 가을바람월드),"Oct 25, 2024",849,0
2025-06-11,LUVKTjM4ukU,시애틀에 있는 IONQ 양자 컴퓨터 제조 현장 방문 해 임원 면담까지 한 사연 (ft. 가을바람월드),"Oct 25, 2024",849,1
2025-06-12,LUVKTjM4ukU,시애틀에 있는 IONQ 양자 컴퓨터 제조 현장 방문 해 임원 면담까지 한 사연 (ft. 가을바람월드),"Oct 25, 2024",849,0
2025-06-13,LUVKTjM4ukU,시애틀에 있는 IONQ 양자 컴퓨터 제조 현장 방문 해 임원 면담까지 한 사연 (ft. 가을바람월드),"Oct 25, 2024",849,1
2025-06-14,LUVKTjM4ukU,시애틀에 있는 IONQ 양자 컴퓨터 제조 현장 방문 해 임원 면담까지 한 사연 (ft. 가을바람월드),"Oct 25, 2024",849,0
2025-06-15,LUVKTjM4ukU,시애틀에 있는 IONQ 양자 컴퓨터 제조 현장 방문 해 임원 면담까지 한 사연 (ft. 가을바람월드),"Oct 25, 2024",849,0
2025-06-16,LUVKTjM4ukU,시애틀에 있는 IONQ 양자 컴퓨터 제조 현장 방문 해 임원 면담까지 한 사연 (ft. 가을바람월드),"Oct 25, 2024",849,1
2025-06-17,LUVKTjM4ukU,시애틀에 있는 IONQ 양자 컴퓨터 제조 현장 방문 해 임원 면담까지 한 사연 (ft. 가을바람월드),"Oct 25, 2024",849,0
2025-06-18,LUVKTjM4ukU,시애틀에 있는 IONQ 양자 컴퓨터 제조 현장 방문 해 임원 면담까지 한 사연 (ft. 가을바람월드),"Oct 25, 2024",849,0
2025-06-19,LUVKTjM4ukU,시애틀에 있는 IONQ 양자 컴퓨터 제조 현장 방문 해 임원 면담까지 한 사연 (ft. 가을바람월드),"Oct 25, 2024",849,0
2025-06-20,LUVKTjM4ukU,시애틀에 있는 IONQ 양자 컴퓨터 제조 현장 방문 해 임원 면담까지 한 사연 (ft. 가을바람월드),"Oct 25, 2024",849,0
2025-06-21,LUVKTjM4ukU,시애틀에 있는 IONQ 양자 컴퓨터 제조 현장 방문 해 임원 면담까지 한 사연 (ft. 가을바람월드),"Oct 25, 2024",849,0
2025-06-22,LUVKTjM4ukU,시애틀에 있는 IONQ 양자 컴퓨터 제조 현장 방문 해 임원 면담까지 한 사연 (ft. 가을바람월드),"Oct 25, 2024",849,0
2025-06-23,LUVKTjM4ukU,시애틀에 있는 IONQ 양자 컴퓨터 제조 현장 방문 해 임원 면담까지 한 사연 (ft. 가을바람월드),"Oct 25, 2024",849,0
2025-06-24,LUVKTjM4ukU,시애틀에 있는 IONQ 양자 컴퓨터 제조 현장 방문 해 임원 면담까지 한 사연 (ft. 가을바람월드),"Oct 25, 2024",849,0
2025-06-25,LUVKTjM4ukU,시애틀에 있는 IONQ 양자 컴퓨터 제조 현장 방문 해 임원 면담까지 한 사연 (ft. 가을바람월드),"Oct 25, 2024",849,0
2025-06-26,LUVKTjM4ukU,시애틀에 있는 IONQ 양자 컴퓨터 제조 현장 방문 해 임원 면담까지 한 사연 (ft. 가을바람월드),"Oct 25, 2024",849,0
2025-06-27,LUVKTjM4ukU,시애틀에 있는 IONQ 양자 컴퓨터 제조 현장 방문 해 임원 면담까지 한 사연 (ft. 가을바람월드),"Oct 25, 2024",849,0
2025-06-28,LUVKTjM4ukU,시애틀에 있는 IONQ 양자 컴퓨터 제조 현장 방문 해 임원 면담까지 한 사연 (ft. 가을바람월드),"Oct 25, 2024",849,0
2025-06-29,LUVKTjM4ukU,시애틀에 있는 IONQ 양자 컴퓨터 제조 현장 방문 해 임원 면담까지 한 사연 (ft. 가을바람월드),"Oct 25, 2024",849,1
2025-06-30,LUVKTjM4ukU,시애틀에 있는 IONQ 양자 컴퓨터 제조 현장 방문 해 임원 면담까지 한 사연 (ft. 가을바람월드),"Oct 25, 2024",849,0
2025-07-01,LUVKTjM4ukU,시애틀에 있는 IONQ 양자 컴퓨터 제조 현장 방문 해 임원 면담까지 한 사연 (ft. 가을바람월드),"Oct 25, 2024",849,1
2025-07-02,LUVKTjM4ukU,시애틀에 있는 IONQ 양자 컴퓨터 제조 현장 방문 해 임원 면담까지 한 사연 (ft. 가을바람월드),"Oct 25, 2024",849,0
2025-07-03,LUVKTjM4ukU,시애틀에 있는 IONQ 양자 컴퓨터 제조 현장 방문 해 임원 면담까지 한 사연 (ft. 가을바람월드),"Oct 25, 2024",849,0
2025-07-04,LUVKTjM4ukU,시애틀에 있는 IONQ 양자 컴퓨터 제조 현장 방문 해 임원 면담까지 한 사연 (ft. 가을바람월드),"Oct 25, 2024",849,0
2025-07-05,LUVKTjM4ukU,시애틀에 있는 IONQ 양자 컴퓨터 제조 현장 방문 해 임원 면담까지 한 사연 (ft. 가을바람월드),"Oct 25, 2024",849,0
2025-07-06,LUVKTjM4ukU,시애틀에 있는 IONQ 양자 컴퓨터 제조 현장 방문 해 임원 면담까지 한 사연 (ft. 가을바람월드),"Oct 25, 2024",849,0
2025-07-07,LUVKTjM4ukU,시애틀에 있는 IONQ 양자 컴퓨터 제조 현장 방문 해 임원 면담까지 한 사연 (ft. 가을바람월드),"Oct 25, 2024",849,0
2025-07-08,LUVKTjM4ukU,시애틀에 있는 IONQ 양자 컴퓨터 제조 현장 방문 해 임원 면담까지 한 사연 (ft. 가을바람월드),"Oct 25, 2024",849,0
2025-07-09,LUVKTjM4ukU,시애틀에 있는 IONQ 양자 컴퓨터 제조 현장 방문 해 임원 면담까지 한 사연 (ft. 가을바람월드),"Oct 25, 2024",849,1
2025-07-10,LUVKTjM4ukU,시애틀에 있는 IONQ 양자 컴퓨터 제조 현장 방문 해 임원 면담까지 한 사연 (ft. 가을바람월드),"Oct 25, 2024",849,0
2025-07-11,LUVKTjM4ukU,시애틀에 있는 IONQ 양자 컴퓨터 제조 현장 방문 해 임원 면담까지 한 사연 (ft. 가을바람월드),"Oct 25, 2024",849,0
2025-07-12,LUVKTjM4ukU,시애틀에 있는 IONQ 양자 컴퓨터 제조 현장 방문 해 임원 면담까지 한 사연 (ft. 가을바람월드),"Oct 25, 2024",849,0
2025-07-13,LUVKTjM4ukU,시애틀에 있는 IONQ 양자 컴퓨터 제조 현장 방문 해 임원 면담까지 한 사연 (ft. 가을바람월드),"Oct 25, 2024",849,0
2025-07-14,LUVKTjM4ukU,시애틀에 있는 IONQ 양자 컴퓨터 제조 현장 방문 해 임원 면담까지 한 사연 (ft. 가을바람월드),"Oct 25, 2024",849,0
2025-07-15,LUVKTjM4ukU,시애틀에 있는 IONQ 양자 컴퓨터 제조 현장 방문 해 임원 면담까지 한 사연 (ft. 가을바람월드),"Oct 25, 2024",849,0
2025-07-16,LUVKTjM4ukU,시애틀에 있는 IONQ 양자 컴퓨터 제조 현장 방문 해 임원 면담까지 한 사연 (ft. 가을바람월드),"Oct 25, 2024",849,0
2025-07-17,LUVKTjM4ukU,시애틀에 있는 IONQ 양자 컴퓨터 제조 현장 방문 해 임원 면담까지 한 사연 (ft. 가을바람월드),"Oct 25, 2024",849,0
2025-07-18,LUVKTjM4ukU,시애틀에 있는 IONQ 양자 컴퓨터 제조 현장 방문 해 임원 면담까지 한 사연 (ft. 가을바람월드),"Oct 25, 2024",849,0
2025-07-19,LUVKTjM4ukU,시애틀에 있는 IONQ 양자 컴퓨터 제조 현장 방문 해 임원 면담까지 한 사연 (ft. 가을바람월드),"Oct 25, 2024",849,1
2025-07-20,LUVKTjM4ukU,시애틀에 있는 IONQ 양자 컴퓨터 제조 현장 방문 해 임원 면담까지 한 사연 (ft. 가을바람월드),"Oct 25, 2024",849,0
2025-07-21,LUVKTjM4ukU,시애틀에 있는 IONQ 양자 컴퓨터 제조 현장 방문 해 임원 면담까지 한 사연 (ft. 가을바람월드),"Oct 25, 2024",849,0
2025-07-22,LUVKTjM4ukU,시애틀에 있는 IONQ 양자 컴퓨터 제조 현장 방문 해 임원 면담까지 한 사연 (ft. 가을바람월드),"Oct 25, 2024",849,0
2025-07-23,LUVKTjM4ukU,시애틀에 있는 IONQ 양자 컴퓨터 제조 현장 방문 해 임원 면담까지 한 사연 (ft. 가을바람월드),"Oct 25, 2024",849,0
2025-07-24,LUVKTjM4ukU,시애틀에 있는 IONQ 양자 컴퓨터 제조 현장 방문 해 임원 면담까지 한 사연 (ft. 가을바람월드),"Oct 25, 2024",849,0
2025-07-25,LUVKTjM4ukU,시애틀에 있는 IONQ 양자 컴퓨터 제조 현장 방문 해 임원 면담까지 한 사연 (ft. 가을바람월드),"Oct 25, 2024",849,0
2025-07-26,LUVKTjM4ukU,시애틀에 있는 IONQ 양자 컴퓨터 제조 현장 방문 해 임원 면담까지 한 사연 (ft. 가을바람월드),"Oct 25, 2024",849,0
2025-07-27,LUVKTjM4ukU,시애틀에 있는 IONQ 양자 컴퓨터 제조 현장 방문 해 임원 면담까지 한 사연 (ft. 가을바람월드),"Oct 25, 2024",849,0
2025-07-28,LUVKTjM4ukU,시애틀에 있는 IONQ 양자 컴퓨터 제조 현장 방문 해 임원 면담까지 한 사연 (ft. 가을바람월드),"Oct 25, 2024",849,0
2025-07-29,LUVKTjM4ukU,시애틀에 있는 IONQ 양자 컴퓨터 제조 현장 방문 해 임원 면담까지 한 사연 (ft. 가을바람월드),"Oct 25, 2024",849,0
2025-07-30,LUVKTjM4ukU,시애틀에 있는 IONQ 양자 컴퓨터 제조 현장 방문 해 임원 면담까지 한 사연 (ft. 가을바람월드),"Oct 25, 2024",849,0
2025-07-31,LUVKTjM4ukU,시애틀에 있는 IONQ 양자 컴퓨터 제조 현장 방문 해 임원 면담까지 한 사연 (ft. 가을바람월드),"Oct 25, 2024",849,1
2025-08-01,LUVKTjM4ukU,시애틀에 있는 IONQ 양자 컴퓨터 제조 현장 방문 해 임원 면담까지 한 사연 (ft. 가을바람월드),"Oct 25, 2024",849,0
2025-08-02,LUVKTjM4ukU,시애틀에 있는 IONQ 양자 컴퓨터 제조 현장 방문 해 임원 면담까지 한 사연 (ft. 가을바람월드),"Oct 25, 2024",849,0
2025-08-03,LUVKTjM4ukU,시애틀에 있는 IONQ 양자 컴퓨터 제조 현장 방문 해 임원 면담까지 한 사연 (ft. 가을바람월드),"Oct 25, 2024",849,1
2025-08-04,LUVKTjM4ukU,시애틀에 있는 IONQ 양자 컴퓨터 제조 현장 방문 해 임원 면담까지 한 사연 (ft. 가을바람월드),"Oct 25, 2024",849,0
2025-08-05,LUVKTjM4ukU,시애틀에 있는 IONQ 양자 컴퓨터 제조 현장 방문 해 임원 면담까지 한 사연 (ft. 가을바람월드),"Oct 25, 2024",849,1
2025-08-06,LUVKTjM4ukU,시애틀에 있는 IONQ 양자 컴퓨터 제조 현장 방문 해 임원 면담까지 한 사연 (ft. 가을바람월드),"Oct 25, 2024",849,0
2025-08-07,LUVKTjM4ukU,시애틀에 있는 IONQ 양자 컴퓨터 제조 현장 방문 해 임원 면담까지 한 사연 (ft. 가을바람월드),"Oct 25, 2024",849,0
2025-08-08,LUVKTjM4ukU,시애틀에 있는 IONQ 양자 컴퓨터 제조 현장 방문 해 임원 면담까지 한 사연 (ft. 가을바람월드),"Oct 25, 2024",849,0
2025-08-09,LUVKTjM4ukU,시애틀에 있는 IONQ 양자 컴퓨터 제조 현장 방문 해 임원 면담까지 한 사연 (ft. 가을바람월드),"Oct 25, 2024",849,2
2025-08-10,LUVKTjM4ukU,시애틀에 있는 IONQ 양자 컴퓨터 제조 현장 방문 해 임원 면담까지 한 사연 (ft. 가을바람월드),"Oct 25, 2024",849,0
2025-08-11,LUVKTjM4ukU,시애틀에 있는 IONQ 양자 컴퓨터 제조 현장 방문 해 임원 면담까지 한 사연 (ft. 가을바람월드),"Oct 25, 2024",849,0
2025-08-12,LUVKTjM4ukU,시애틀에 있는 IONQ 양자 컴퓨터 제조 현장 방문 해 임원 면담까지 한 사연 (ft. 가을바람월드),"Oct 25, 2024",849,0
2025-08-13,LUVKTjM4ukU,시애틀에 있는 IONQ 양자 컴퓨터 제조 현장 방문 해 임원 면담까지 한 사연 (ft. 가을바람월드),"Oct 25, 2024",849,0
2025-08-14,LUVKTjM4ukU,시애틀에 있는 IONQ 양자 컴퓨터 제조 현장 방문 해 임원 면담까지 한 사연 (ft. 가을바람월드),"Oct 25, 2024",849,0
2025-08-15,LUVKTjM4ukU,시애틀에 있는 IONQ 양자 컴퓨터 제조 현장 방문 해 임원 면담까지 한 사연 (ft. 가을바람월드),"Oct 25, 2024",849,0
2025-08-16,LUVKTjM4ukU,시애틀에 있는 IONQ 양자 컴퓨터 제조 현장 방문 해 임원 면담까지 한 사연 (ft. 가을바람월드),"Oct 25, 2024",849,0
2025-08-17,LUVKTjM4ukU,시애틀에 있는 IONQ 양자 컴퓨터 제조 현장 방문 해 임원 면담까지 한 사연 (ft. 가을바람월드),"Oct 25, 2024",849,0
2025-08-18,LUVKTjM4ukU,시애틀에 있는 IONQ 양자 컴퓨터 제조 현장 방문 해 임원 면담까지 한 사연 (ft. 가을바람월드),"Oct 25, 2024",849,0
2025-08-19,LUVKTjM4ukU,시애틀에 있는 IONQ 양자 컴퓨터 제조 현장 방문 해 임원 면담까지 한 사연 (ft. 가을바람월드),"Oct 25, 2024",849,0
2025-08-20,LUVKTjM4ukU,시애틀에 있는 IONQ 양자 컴퓨터 제조 현장 방문 해 임원 면담까지 한 사연 (ft. 가을바람월드),"Oct 25, 2024",849,0
2025-08-21,LUVKTjM4ukU,시애틀에 있는 IONQ 양자 컴퓨터 제조 현장 방문 해 임원 면담까지 한 사연 (ft. 가을바람월드),"Oct 25, 2024",849,0
2025-08-22,LUVKTjM4ukU,시애틀에 있는 IONQ 양자 컴퓨터 제조 현장 방문 해 임원 면담까지 한 사연 (ft. 가을바람월드),"Oct 25, 2024",849,0
2025-08-23,LUVKTjM4ukU,시애틀에 있는 IONQ 양자 컴퓨터 제조 현장 방문 해 임원 면담까지 한 사연 (ft. 가을바람월드),"Oct 25, 2024",849,1
2025-08-24,LUVKTjM4ukU,시애틀에 있는 IONQ 양자 컴퓨터 제조 현장 방문 해 임원 면담까지 한 사연 (ft. 가을바람월드),"Oct 25, 2024",849,0
2025-08-25,LUVKTjM4ukU,시애틀에 있는 IONQ 양자 컴퓨터 제조 현장 방문 해 임원 면담까지 한 사연 (ft. 가을바람월드),"Oct 25, 2024",849,2
2025-08-26,LUVKTjM4ukU,시애틀에 있는 IONQ 양자 컴퓨터 제조 현장 방문 해 임원 면담까지 한 사연 (ft. 가을바람월드),"Oct 25, 2024",849,0
2025-08-27,LUVKTjM4ukU,시애틀에 있는 IONQ 양자 컴퓨터 제조 현장 방문 해 임원 면담까지 한 사연 (ft. 가을바람월드),"Oct 25, 2024",849,0
2025-08-28,LUVKTjM4ukU,시애틀에 있는 IONQ 양자 컴퓨터 제조 현장 방문 해 임원 면담까지 한 사연 (ft. 가을바람월드),"Oct 25, 2024",849,0
2025-08-29,LUVKTjM4ukU,시애틀에 있는 IONQ 양자 컴퓨터 제조 현장 방문 해 임원 면담까지 한 사연 (ft. 가을바람월드),"Oct 25, 2024",849,0
2025-08-30,LUVKTjM4ukU,시애틀에 있는 IONQ 양자 컴퓨터 제조 현장 방문 해 임원 면담까지 한 사연 (ft. 가을바람월드),"Oct 25, 2024",849,0
2025-08-31,LUVKTjM4ukU,시애틀에 있는 IONQ 양자 컴퓨터 제조 현장 방문 해 임원 면담까지 한 사연 (ft. 가을바람월드),"Oct 25, 2024",849,0
2025-09-01,LUVKTjM4ukU,시애틀에 있는 IONQ 양자 컴퓨터 제조 현장 방문 해 임원 면담까지 한 사연 (ft. 가을바람월드),"Oct 25, 2024",849,0
2025-09-02,LUVKTjM4ukU,시애틀에 있는 IONQ 양자 컴퓨터 제조 현장 방문 해 임원 면담까지 한 사연 (ft. 가을바람월드),"Oct 25, 2024",849,1
2025-09-03,LUVKTjM4ukU,시애틀에 있는 IONQ 양자 컴퓨터 제조 현장 방문 해 임원 면담까지 한 사연 (ft. 가을바람월드),"Oct 25, 2024",849,0
2025-09-04,LUVKTjM4ukU,시애틀에 있는 IONQ 양자 컴퓨터 제조 현장 방문 해 임원 면담까지 한 사연 (ft. 가을바람월드),"Oct 25, 2024",849,0
2025-09-05,LUVKTjM4ukU,시애틀에 있는 IONQ 양자 컴퓨터 제조 현장 방문 해 임원 면담까지 한 사연 (ft. 가을바람월드),"Oct 25, 2024",849,0
2025-09-06,LUVKTjM4ukU,시애틀에 있는 IONQ 양자 컴퓨터 제조 현장 방문 해 임원 면담까지 한 사연 (ft. 가을바람월드),"Oct 25, 2024",849,0
2025-09-07,LUVKTjM4ukU,시애틀에 있는 IONQ 양자 컴퓨터 제조 현장 방문 해 임원 면담까지 한 사연 (ft. 가을바람월드),"Oct 25, 2024",849,0
2025-09-08,LUVKTjM4ukU,시애틀에 있는 IONQ 양자 컴퓨터 제조 현장 방문 해 임원 면담까지 한 사연 (ft. 가을바람월드),"Oct 25, 2024",849,0
2025-09-09,LUVKTjM4ukU,시애틀에 있는 IONQ 양자 컴퓨터 제조 현장 방문 해 임원 면담까지 한 사연 (ft. 가을바람월드),"Oct 25, 2024",849,0
2025-09-10,LUVKTjM4ukU,시애틀에 있는 IONQ 양자 컴퓨터 제조 현장 방문 해 임원 면담까지 한 사연 (ft. 가을바람월드),"Oct 25, 2024",849,0
2025-09-11,LUVKTjM4ukU,시애틀에 있는 IONQ 양자 컴퓨터 제조 현장 방문 해 임원 면담까지 한 사연 (ft. 가을바람월드),"Oct 25, 2024",849,0
2025-09-12,LUVKTjM4ukU,시애틀에 있는 IONQ 양자 컴퓨터 제조 현장 방문 해 임원 면담까지 한 사연 (ft. 가을바람월드),"Oct 25, 2024",849,0
2025-09-13,LUVKTjM4ukU,시애틀에 있는 IONQ 양자 컴퓨터 제조 현장 방문 해 임원 면담까지 한 사연 (ft. 가을바람월드),"Oct 25, 2024",849,0
2025-09-14,LUVKTjM4ukU,시애틀에 있는 IONQ 양자 컴퓨터 제조 현장 방문 해 임원 면담까지 한 사연 (ft. 가을바람월드),"Oct 25, 2024",849,0
2025-09-15,LUVKTjM4ukU,시애틀에 있는 IONQ 양자 컴퓨터 제조 현장 방문 해 임원 면담까지 한 사연 (ft. 가을바람월드),"Oct 25, 2024",849,1
2025-09-16,LUVKTjM4ukU,시애틀에 있는 IONQ 양자 컴퓨터 제조 현장 방문 해 임원 면담까지 한 사연 (ft. 가을바람월드),"Oct 25, 2024",849,0
2025-09-17,LUVKTjM4ukU,시애틀에 있는 IONQ 양자 컴퓨터 제조 현장 방문 해 임원 면담까지 한 사연 (ft. 가을바람월드),"Oct 25, 2024",849,0
2025-09-18,LUVKTjM4ukU,시애틀에 있는 IONQ 양자 컴퓨터 제조 현장 방문 해 임원 면담까지 한 사연 (ft. 가을바람월드),"Oct 25, 2024",849,0
2025-09-19,LUVKTjM4ukU,시애틀에 있는 IONQ 양자 컴퓨터 제조 현장 방문 해 임원 면담까지 한 사연 (ft. 가을바람월드),"Oct 25, 2024",849,0
2025-09-20,LUVKTjM4ukU,시애틀에 있는 IONQ 양자 컴퓨터 제조 현장 방문 해 임원 면담까지 한 사연 (ft. 가을바람월드),"Oct 25, 2024",849,0
2025-09-21,LUVKTjM4ukU,시애틀에 있는 IONQ 양자 컴퓨터 제조 현장 방문 해 임원 면담까지 한 사연 (ft. 가을바람월드),"Oct 25, 2024",849,1
2025-09-22,LUVKTjM4ukU,시애틀에 있는 IONQ 양자 컴퓨터 제조 현장 방문 해 임원 면담까지 한 사연 (ft. 가을바람월드),"Oct 25, 2024",849,1
2025-09-23,LUVKTjM4ukU,시애틀에 있는 IONQ 양자 컴퓨터 제조 현장 방문 해 임원 면담까지 한 사연 (ft. 가을바람월드),"Oct 25, 2024",849,2
2025-09-24,LUVKTjM4ukU,시애틀에 있는 IONQ 양자 컴퓨터 제조 현장 방문 해 임원 면담까지 한 사연 (ft. 가을바람월드),"Oct 25, 2024",849,2
2025-09-25,LUVKTjM4ukU,시애틀에 있는 IONQ 양자 컴퓨터 제조 현장 방문 해 임원 면담까지 한 사연 (ft. 가을바람월드),"Oct 25, 2024",849,0
2025-09-26,LUVKTjM4ukU,시애틀에 있는 IONQ 양자 컴퓨터 제조 현장 방문 해 임원 면담까지 한 사연 (ft. 가을바람월드),"Oct 25, 2024",849,0
2025-09-27,LUVKTjM4ukU,시애틀에 있는 IONQ 양자 컴퓨터 제조 현장 방문 해 임원 면담까지 한 사연 (ft. 가을바람월드),"Oct 25, 2024",849,0
2025-09-28,LUVKTjM4ukU,시애틀에 있는 IONQ 양자 컴퓨터 제조 현장 방문 해 임원 면담까지 한 사연 (ft. 가을바람월드),"Oct 25, 2024",849,0
2025-09-29,LUVKTjM4ukU,시애틀에 있는 IONQ 양자 컴퓨터 제조 현장 방문 해 임원 면담까지 한 사연 (ft. 가을바람월드),"Oct 25, 2024",849,0
2025-09-30,LUVKTjM4ukU,시애틀에 있는 IONQ 양자 컴퓨터 제조 현장 방문 해 임원 면담까지 한 사연 (ft. 가을바람월드),"Oct 25, 2024",849,0
2025-10-01,LUVKTjM4ukU,시애틀에 있는 IONQ 양자 컴퓨터 제조 현장 방문 해 임원 면담까지 한 사연 (ft. 가을바람월드),"Oct 25, 2024",849,0
2025-10-02,LUVKTjM4ukU,시애틀에 있는 IONQ 양자 컴퓨터 제조 현장 방문 해 임원 면담까지 한 사연 (ft. 가을바람월드),"Oct 25, 2024",849,0
2025-10-03,LUVKTjM4ukU,시애틀에 있는 IONQ 양자 컴퓨터 제조 현장 방문 해 임원 면담까지 한 사연 (ft. 가을바람월드),"Oct 25, 2024",849,0
2025-10-04,LUVKTjM4ukU,시애틀에 있는 IONQ 양자 컴퓨터 제조 현장 방문 해 임원 면담까지 한 사연 (ft. 가을바람월드),"Oct 25, 2024",849,1
2025-10-05,LUVKTjM4ukU,시애틀에 있는 IONQ 양자 컴퓨터 제조 현장 방문 해 임원 면담까지 한 사연 (ft. 가을바람월드),"Oct 25, 2024",849,0
2025-10-06,LUVKTjM4ukU,시애틀에 있는 IONQ 양자 컴퓨터 제조 현장 방문 해 임원 면담까지 한 사연 (ft. 가을바람월드),"Oct 25, 2024",849,0
2025-10-07,LUVKTjM4ukU,시애틀에 있는 IONQ 양자 컴퓨터 제조 현장 방문 해 임원 면담까지 한 사연 (ft. 가을바람월드),"Oct 25, 2024",849,0
2025-10-08,LUVKTjM4ukU,시애틀에 있는 IONQ 양자 컴퓨터 제조 현장 방문 해 임원 면담까지 한 사연 (ft. 가을바람월드),"Oct 25, 2024",849,0
2025-10-09,LUVKTjM4ukU,시애틀에 있는 IONQ 양자 컴퓨터 제조 현장 방문 해 임원 면담까지 한 사연 (ft. 가을바람월드),"Oct 25, 2024",849,0
2025-10-10,LUVKTjM4ukU,시애틀에 있는 IONQ 양자 컴퓨터 제조 현장 방문 해 임원 면담까지 한 사연 (ft. 가을바람월드),"Oct 25, 2024",849,0
2025-10-11,LUVKTjM4ukU,시애틀에 있는 IONQ 양자 컴퓨터 제조 현장 방문 해 임원 면담까지 한 사연 (ft. 가을바람월드),"Oct 25, 2024",849,0
2025-10-12,LUVKTjM4ukU,시애틀에 있는 IONQ 양자 컴퓨터 제조 현장 방문 해 임원 면담까지 한 사연 (ft. 가을바람월드),"Oct 25, 2024",849,0
2025-10-13,LUVKTjM4ukU,시애틀에 있는 IONQ 양자 컴퓨터 제조 현장 방문 해 임원 면담까지 한 사연 (ft. 가을바람월드),"Oct 25, 2024",849,0
2025-10-14,LUVKTjM4ukU,시애틀에 있는 IONQ 양자 컴퓨터 제조 현장 방문 해 임원 면담까지 한 사연 (ft. 가을바람월드),"Oct 25, 2024",849,1
2025-10-15,LUVKTjM4ukU,시애틀에 있는 IONQ 양자 컴퓨터 제조 현장 방문 해 임원 면담까지 한 사연 (ft. 가을바람월드),"Oct 25, 2024",849,1
2025-10-16,LUVKTjM4ukU,시애틀에 있는 IONQ 양자 컴퓨터 제조 현장 방문 해 임원 면담까지 한 사연 (ft. 가을바람월드),"Oct 25, 2024",849,0
2025-10-17,LUVKTjM4ukU,시애틀에 있는 IONQ 양자 컴퓨터 제조 현장 방문 해 임원 면담까지 한 사연 (ft. 가을바람월드),"Oct 25, 2024",849,0
2025-10-18,LUVKTjM4ukU,시애틀에 있는 IONQ 양자 컴퓨터 제조 현장 방문 해 임원 면담까지 한 사연 (ft. 가을바람월드),"Oct 25, 2024",849,0
2025-10-19,LUVKTjM4ukU,시애틀에 있는 IONQ 양자 컴퓨터 제조 현장 방문 해 임원 면담까지 한 사연 (ft. 가을바람월드),"Oct 25, 2024",849,0
2025-10-20,LUVKTjM4ukU,시애틀에 있는 IONQ 양자 컴퓨터 제조 현장 방문 해 임원 면담까지 한 사연 (ft. 가을바람월드),"Oct 25, 2024",849,0
2025-10-21,LUVKTjM4ukU,시애틀에 있는 IONQ 양자 컴퓨터 제조 현장 방문 해 임원 면담까지 한 사연 (ft. 가을바람월드),"Oct 25, 2024",849,0
2025-10-22,LUVKTjM4ukU,시애틀에 있는 IONQ 양자 컴퓨터 제조 현장 방문 해 임원 면담까지 한 사연 (ft. 가을바람월드),"Oct 25, 2024",849,0
2025-10-23,LUVKTjM4ukU,시애틀에 있는 IONQ 양자 컴퓨터 제조 현장 방문 해 임원 면담까지 한 사연 (ft. 가을바람월드),"Oct 25, 2024",849,0
2025-10-24,LUVKTjM4ukU,시애틀에 있는 IONQ 양자 컴퓨터 제조 현장 방문 해 임원 면담까지 한 사연 (ft. 가을바람월드),"Oct 25, 2024",849,0
2025-10-25,LUVKTjM4ukU,시애틀에 있는 IONQ 양자 컴퓨터 제조 현장 방문 해 임원 면담까지 한 사연 (ft. 가을바람월드),"Oct 25, 2024",849,2
2025-10-26,LUVKTjM4ukU,시애틀에 있는 IONQ 양자 컴퓨터 제조 현장 방문 해 임원 면담까지 한 사연 (ft. 가을바람월드),"Oct 25, 2024",849,0
2025-10-27,LUVKTjM4ukU,시애틀에 있는 IONQ 양자 컴퓨터 제조 현장 방문 해 임원 면담까지 한 사연 (ft. 가을바람월드),"Oct 25, 2024",849,0
2025-10-28,LUVKTjM4ukU,시애틀에 있는 IONQ 양자 컴퓨터 제조 현장 방문 해 임원 면담까지 한 사연 (ft. 가을바람월드),"Oct 25, 2024",849,0
2025-10-29,LUVKTjM4ukU,시애틀에 있는 IONQ 양자 컴퓨터 제조 현장 방문 해 임원 면담까지 한 사연 (ft. 가을바람월드),"Oct 25, 2024",849,0
2025-10-30,LUVKTjM4ukU,시애틀에 있는 IONQ 양자 컴퓨터 제조 현장 방문 해 임원 면담까지 한 사연 (ft. 가을바람월드),"Oct 25, 2024",849,0
2025-10-31,LUVKTjM4ukU,시애틀에 있는 IONQ 양자 컴퓨터 제조 현장 방문 해 임원 면담까지 한 사연 (ft. 가을바람월드),"Oct 25, 2024",849,1
2025-11-01,LUVKTjM4ukU,시애틀에 있는 IONQ 양자 컴퓨터 제조 현장 방문 해 임원 면담까지 한 사연 (ft. 가을바람월드),"Oct 25, 2024",849,0
2025-11-02,LUVKTjM4ukU,시애틀에 있는 IONQ 양자 컴퓨터 제조 현장 방문 해 임원 면담까지 한 사연 (ft. 가을바람월드),"Oct 25, 2024",849,0
2025-11-03,LUVKTjM4ukU,시애틀에 있는 IONQ 양자 컴퓨터 제조 현장 방문 해 임원 면담까지 한 사연 (ft. 가을바람월드),"Oct 25, 2024",849,0
2025-11-04,LUVKTjM4ukU,시애틀에 있는 IONQ 양자 컴퓨터 제조 현장 방문 해 임원 면담까지 한 사연 (ft. 가을바람월드),"Oct 25, 2024",849,0
2025-11-05,LUVKTjM4ukU,시애틀에 있는 IONQ 양자 컴퓨터 제조 현장 방문 해 임원 면담까지 한 사연 (ft. 가을바람월드),"Oct 25, 2024",849,0
2025-11-06,LUVKTjM4ukU,시애틀에 있는 IONQ 양자 컴퓨터 제조 현장 방문 해 임원 면담까지 한 사연 (ft. 가을바람월드),"Oct 25, 2024",849,0
2025-11-07,LUVKTjM4ukU,시애틀에 있는 IONQ 양자 컴퓨터 제조 현장 방문 해 임원 면담까지 한 사연 (ft. 가을바람월드),"Oct 25, 2024",849,0
2025-11-08,LUVKTjM4ukU,시애틀에 있는 IONQ 양자 컴퓨터 제조 현장 방문 해 임원 면담까지 한 사연 (ft. 가을바람월드),"Oct 25, 2024",849,0
2025-11-09,LUVKTjM4ukU,시애틀에 있는 IONQ 양자 컴퓨터 제조 현장 방문 해 임원 면담까지 한 사연 (ft. 가을바람월드),"Oct 25, 2024",849,0
2025-11-10,LUVKTjM4ukU,시애틀에 있는 IONQ 양자 컴퓨터 제조 현장 방문 해 임원 면담까지 한 사연 (ft. 가을바람월드),"Oct 25, 2024",849,0
2025-11-11,LUVKTjM4ukU,시애틀에 있는 IONQ 양자 컴퓨터 제조 현장 방문 해 임원 면담까지 한 사연 (ft. 가을바람월드),"Oct 25, 2024",849,1
2025-11-12,LUVKTjM4ukU,시애틀에 있는 IONQ 양자 컴퓨터 제조 현장 방문 해 임원 면담까지 한 사연 (ft. 가을바람월드),"Oct 25, 2024",849,2
2025-11-13,LUVKTjM4ukU,시애틀에 있는 IONQ 양자 컴퓨터 제조 현장 방문 해 임원 면담까지 한 사연 (ft. 가을바람월드),"Oct 25, 2024",849,2
2025-11-14,LUVKTjM4ukU,시애틀에 있는 IONQ 양자 컴퓨터 제조 현장 방문 해 임원 면담까지 한 사연 (ft. 가을바람월드),"Oct 25, 2024",849,0
2025-11-15,LUVKTjM4ukU,시애틀에 있는 IONQ 양자 컴퓨터 제조 현장 방문 해 임원 면담까지 한 사연 (ft. 가을바람월드),"Oct 25, 2024",849,1
2025-11-16,LUVKTjM4ukU,시애틀에 있는 IONQ 양자 컴퓨터 제조 현장 방문 해 임원 면담까지 한 사연 (ft. 가을바람월드),"Oct 25, 2024",849,0
2025-11-17,LUVKTjM4ukU,시애틀에 있는 IONQ 양자 컴퓨터 제조 현장 방문 해 임원 면담까지 한 사연 (ft. 가을바람월드),"Oct 25, 2024",849,0
2025-11-18,LUVKTjM4ukU,시애틀에 있는 IONQ 양자 컴퓨터 제조 현장 방문 해 임원 면담까지 한 사연 (ft. 가을바람월드),"Oct 25, 2024",849,1
2025-11-19,LUVKTjM4ukU,시애틀에 있는 IONQ 양자 컴퓨터 제조 현장 방문 해 임원 면담까지 한 사연 (ft. 가을바람월드),"Oct 25, 2024",849,0
2025-11-20,LUVKTjM4ukU,시애틀에 있는 IONQ 양자 컴퓨터 제조 현장 방문 해 임원 면담까지 한 사연 (ft. 가을바람월드),"Oct 25, 2024",849,1
2025-11-21,LUVKTjM4ukU,시애틀에 있는 IONQ 양자 컴퓨터 제조 현장 방문 해 임원 면담까지 한 사연 (ft. 가을바람월드),"Oct 25, 2024",849,0
2025-11-22,LUVKTjM4ukU,시애틀에 있는 IONQ 양자 컴퓨터 제조 현장 방문 해 임원 면담까지 한 사연 (ft. 가을바람월드),"Oct 25, 2024",849,0
2025-11-23,LUVKTjM4ukU,시애틀에 있는 IONQ 양자 컴퓨터 제조 현장 방문 해 임원 면담까지 한 사연 (ft. 가을바람월드),"Oct 25, 2024",849,1
2025-11-24,LUVKTjM4ukU,시애틀에 있는 IONQ 양자 컴퓨터 제조 현장 방문 해 임원 면담까지 한 사연 (ft. 가을바람월드),"Oct 25, 2024",849,0
2025-11-25,LUVKTjM4ukU,시애틀에 있는 IONQ 양자 컴퓨터 제조 현장 방문 해 임원 면담까지 한 사연 (ft. 가을바람월드),"Oct 25, 2024",849,0
2025-11-26,LUVKTjM4ukU,시애틀에 있는 IONQ 양자 컴퓨터 제조 현장 방문 해 임원 면담까지 한 사연 (ft. 가을바람월드),"Oct 25, 2024",849,1
2025-11-27,LUVKTjM4ukU,시애틀에 있는 IONQ 양자 컴퓨터 제조 현장 방문 해 임원 면담까지 한 사연 (ft. 가을바람월드),"Oct 25, 2024",849,0
2025-11-28,LUVKTjM4ukU,시애틀에 있는 IONQ 양자 컴퓨터 제조 현장 방문 해 임원 면담까지 한 사연 (ft. 가을바람월드),"Oct 25, 2024",849,0
2025-11-29,LUVKTjM4ukU,시애틀에 있는 IONQ 양자 컴퓨터 제조 현장 방문 해 임원 면담까지 한 사연 (ft. 가을바람월드),"Oct 25, 2024",849,0
2025-11-30,LUVKTjM4ukU,시애틀에 있는 IONQ 양자 컴퓨터 제조 현장 방문 해 임원 면담까지 한 사연 (ft. 가을바람월드),"Oct 25, 2024",849,0
2025-12-01,LUVKTjM4ukU,시애틀에 있는 IONQ 양자 컴퓨터 제조 현장 방문 해 임원 면담까지 한 사연 (ft. 가을바람월드),"Oct 25, 2024",849,0
2025-12-02,LUVKTjM4ukU,시애틀에 있는 IONQ 양자 컴퓨터 제조 현장 방문 해 임원 면담까지 한 사연 (ft. 가을바람월드),"Oct 25, 2024",849,0
2025-12-03,LUVKTjM4ukU,시애틀에 있는 IONQ 양자 컴퓨터 제조 현장 방문 해 임원 면담까지 한 사연 (ft. 가을바람월드),"Oct 25, 2024",849,1
2025-12-04,LUVKTjM4ukU,시애틀에 있는 IONQ 양자 컴퓨터 제조 현장 방문 해 임원 면담까지 한 사연 (ft. 가을바람월드),"Oct 25, 2024",849,0
2025-12-05,LUVKTjM4ukU,시애틀에 있는 IONQ 양자 컴퓨터 제조 현장 방문 해 임원 면담까지 한 사연 (ft. 가을바람월드),"Oct 25, 2024",849,0
2025-12-06,LUVKTjM4ukU,시애틀에 있는 IONQ 양자 컴퓨터 제조 현장 방문 해 임원 면담까지 한 사연 (ft. 가을바람월드),"Oct 25, 2024",849,0
2025-12-07,LUVKTjM4ukU,시애틀에 있는 IONQ 양자 컴퓨터 제조 현장 방문 해 임원 면담까지 한 사연 (ft. 가을바람월드),"Oct 25, 2024",849,0
2025-12-08,LUVKTjM4ukU,시애틀에 있는 IONQ 양자 컴퓨터 제조 현장 방문 해 임원 면담까지 한 사연 (ft. 가을바람월드),"Oct 25, 2024",849,0
2025-12-09,LUVKTjM4ukU,시애틀에 있는 IONQ 양자 컴퓨터 제조 현장 방문 해 임원 면담까지 한 사연 (ft. 가을바람월드),"Oct 25, 2024",849,0
2025-12-10,LUVKTjM4ukU,시애틀에 있는 IONQ 양자 컴퓨터 제조 현장 방문 해 임원 면담까지 한 사연 (ft. 가을바람월드),"Oct 25, 2024",849,0
2025-12-11,LUVKTjM4ukU,시애틀에 있는 IONQ 양자 컴퓨터 제조 현장 방문 해 임원 면담까지 한 사연 (ft. 가을바람월드),"Oct 25, 2024",849,0
2025-12-12,LUVKTjM4ukU,시애틀에 있는 IONQ 양자 컴퓨터 제조 현장 방문 해 임원 면담까지 한 사연 (ft. 가을바람월드),"Oct 25, 2024",849,0
2025-12-13,LUVKTjM4ukU,시애틀에 있는 IONQ 양자 컴퓨터 제조 현장 방문 해 임원 면담까지 한 사연 (ft. 가을바람월드),"Oct 25, 2024",849,1
2025-12-14,LUVKTjM4ukU,시애틀에 있는 IONQ 양자 컴퓨터 제조 현장 방문 해 임원 면담까지 한 사연 (ft. 가을바람월드),"Oct 25, 2024",849,1
2025-12-15,LUVKTjM4ukU,시애틀에 있는 IONQ 양자 컴퓨터 제조 현장 방문 해 임원 면담까지 한 사연 (ft. 가을바람월드),"Oct 25, 2024",849,0
2025-12-16,LUVKTjM4ukU,시애틀에 있는 IONQ 양자 컴퓨터 제조 현장 방문 해 임원 면담까지 한 사연 (ft. 가을바람월드),"Oct 25, 2024",849,0
2025-12-17,LUVKTjM4ukU,시애틀에 있는 IONQ 양자 컴퓨터 제조 현장 방문 해 임원 면담까지 한 사연 (ft. 가을바람월드),"Oct 25, 2024",849,0
2025-12-18,LUVKTjM4ukU,시애틀에 있는 IONQ 양자 컴퓨터 제조 현장 방문 해 임원 면담까지 한 사연 (ft. 가을바람월드),"Oct 25, 2024",849,0
2025-12-19,LUVKTjM4ukU,시애틀에 있는 IONQ 양자 컴퓨터 제조 현장 방문 해 임원 면담까지 한 사연 (ft. 가을바람월드),"Oct 25, 2024",849,0
2025-12-20,LUVKTjM4ukU,시애틀에 있는 IONQ 양자 컴퓨터 제조 현장 방문 해 임원 면담까지 한 사연 (ft. 가을바람월드),"Oct 25, 2024",849,0
2025-12-21,LUVKTjM4ukU,시애틀에 있는 IONQ 양자 컴퓨터 제조 현장 방문 해 임원 면담까지 한 사연 (ft. 가을바람월드),"Oct 25, 2024",849,1
2025-12-22,LUVKTjM4ukU,시애틀에 있는 IONQ 양자 컴퓨터 제조 현장 방문 해 임원 면담까지 한 사연 (ft. 가을바람월드),"Oct 25, 2024",849,1
2025-12-23,LUVKTjM4ukU,시애틀에 있는 IONQ 양자 컴퓨터 제조 현장 방문 해 임원 면담까지 한 사연 (ft. 가을바람월드),"Oct 25, 2024",849,0
2025-12-24,LUVKTjM4ukU,시애틀에 있는 IONQ 양자 컴퓨터 제조 현장 방문 해 임원 면담까지 한 사연 (ft. 가을바람월드),"Oct 25, 2024",849,1
2025-12-25,LUVKTjM4ukU,시애틀에 있는 IONQ 양자 컴퓨터 제조 현장 방문 해 임원 면담까지 한 사연 (ft. 가을바람월드),"Oct 25, 2024",849,0
2025-12-26,LUVKTjM4ukU,시애틀에 있는 IONQ 양자 컴퓨터 제조 현장 방문 해 임원 면담까지 한 사연 (ft. 가을바람월드),"Oct 25, 2024",849,0
2025-12-27,LUVKTjM4ukU,시애틀에 있는 IONQ 양자 컴퓨터 제조 현장 방문 해 임원 면담까지 한 사연 (ft. 가을바람월드),"Oct 25, 2024",849,0
2025-12-28,LUVKTjM4ukU,시애틀에 있는 IONQ 양자 컴퓨터 제조 현장 방문 해 임원 면담까지 한 사연 (ft. 가을바람월드),"Oct 25, 2024",849,1
2025-12-29,LUVKTjM4ukU,시애틀에 있는 IONQ 양자 컴퓨터 제조 현장 방문 해 임원 면담까지 한 사연 (ft. 가을바람월드),"Oct 25, 2024",849,1
2025-12-30,LUVKTjM4ukU,시애틀에 있는 IONQ 양자 컴퓨터 제조 현장 방문 해 임원 면담까지 한 사연 (ft. 가을바람월드),"Oct 25, 2024",849,0
2025-12-31,LUVKTjM4ukU,시애틀에 있는 IONQ 양자 컴퓨터 제조 현장 방문 해 임원 면담까지 한 사연 (ft. 가을바람월드),"Oct 25, 2024",849,0
2026-01-01,LUVKTjM4ukU,시애틀에 있는 IONQ 양자 컴퓨터 제조 현장 방문 해 임원 면담까지 한 사연 (ft. 가을바람월드),"Oct 25, 2024",849,0
2026-01-02,LUVKTjM4ukU,시애틀에 있는 IONQ 양자 컴퓨터 제조 현장 방문 해 임원 면담까지 한 사연 (ft. 가을바람월드),"Oct 25, 2024",849,0
2026-01-03,LUVKTjM4ukU,시애틀에 있는 IONQ 양자 컴퓨터 제조 현장 방문 해 임원 면담까지 한 사연 (ft. 가을바람월드),"Oct 25, 2024",849,0
2026-01-04,LUVKTjM4ukU,시애틀에 있는 IONQ 양자 컴퓨터 제조 현장 방문 해 임원 면담까지 한 사연 (ft. 가을바람월드),"Oct 25, 2024",849,0
2026-01-05,LUVKTjM4ukU,시애틀에 있는 IONQ 양자 컴퓨터 제조 현장 방문 해 임원 면담까지 한 사연 (ft. 가을바람월드),"Oct 25, 2024",849,0
2026-01-06,LUVKTjM4ukU,시애틀에 있는 IONQ 양자 컴퓨터 제조 현장 방문 해 임원 면담까지 한 사연 (ft. 가을바람월드),"Oct 25, 2024",849,0
2026-01-07,LUVKTjM4ukU,시애틀에 있는 IONQ 양자 컴퓨터 제조 현장 방문 해 임원 면담까지 한 사연 (ft. 가을바람월드),"Oct 25, 2024",849,0
2026-01-08,LUVKTjM4ukU,시애틀에 있는 IONQ 양자 컴퓨터 제조 현장 방문 해 임원 면담까지 한 사연 (ft. 가을바람월드),"Oct 25, 2024",849,0
2026-01-09,LUVKTjM4ukU,시애틀에 있는 IONQ 양자 컴퓨터 제조 현장 방문 해 임원 면담까지 한 사연 (ft. 가을바람월드),"Oct 25, 2024",849,0
2026-01-10,LUVKTjM4ukU,시애틀에 있는 IONQ 양자 컴퓨터 제조 현장 방문 해 임원 면담까지 한 사연 (ft. 가을바람월드),"Oct 25, 2024",849,0
2026-01-11,LUVKTjM4ukU,시애틀에 있는 IONQ 양자 컴퓨터 제조 현장 방문 해 임원 면담까지 한 사연 (ft. 가을바람월드),"Oct 25, 2024",849,0
2026-01-12,LUVKTjM4ukU,시애틀에 있는 IONQ 양자 컴퓨터 제조 현장 방문 해 임원 면담까지 한 사연 (ft. 가을바람월드),"Oct 25, 2024",849,0
2026-01-13,LUVKTjM4ukU,시애틀에 있는 IONQ 양자 컴퓨터 제조 현장 방문 해 임원 면담까지 한 사연 (ft. 가을바람월드),"Oct 25, 2024",849,0
2026-01-14,LUVKTjM4ukU,시애틀에 있는 IONQ 양자 컴퓨터 제조 현장 방문 해 임원 면담까지 한 사연 (ft. 가을바람월드),"Oct 25, 2024",849,0
2026-01-15,LUVKTjM4ukU,시애틀에 있는 IONQ 양자 컴퓨터 제조 현장 방문 해 임원 면담까지 한 사연 (ft. 가을바람월드),"Oct 25, 2024",849,0
2026-01-16,LUVKTjM4ukU,시애틀에 있는 IONQ 양자 컴퓨터 제조 현장 방문 해 임원 면담까지 한 사연 (ft. 가을바람월드),"Oct 25, 2024",849,0
2026-01-17,LUVKTjM4ukU,시애틀에 있는 IONQ 양자 컴퓨터 제조 현장 방문 해 임원 면담까지 한 사연 (ft. 가을바람월드),"Oct 25, 2024",849,0
2026-01-18,LUVKTjM4ukU,시애틀에 있는 IONQ 양자 컴퓨터 제조 현장 방문 해 임원 면담까지 한 사연 (ft. 가을바람월드),"Oct 25, 2024",849,0
2026-01-19,LUVKTjM4ukU,시애틀에 있는 IONQ 양자 컴퓨터 제조 현장 방문 해 임원 면담까지 한 사연 (ft. 가을바람월드),"Oct 25, 2024",849,0
2026-01-20,LUVKTjM4ukU,시애틀에 있는 IONQ 양자 컴퓨터 제조 현장 방문 해 임원 면담까지 한 사연 (ft. 가을바람월드),"Oct 25, 2024",849,0
2026-01-21,LUVKTjM4ukU,시애틀에 있는 IONQ 양자 컴퓨터 제조 현장 방문 해 임원 면담까지 한 사연 (ft. 가을바람월드),"Oct 25, 2024",849,0
2026-01-22,LUVKTjM4ukU,시애틀에 있는 IONQ 양자 컴퓨터 제조 현장 방문 해 임원 면담까지 한 사연 (ft. 가을바람월드),"Oct 25, 2024",849,0
2026-01-23,LUVKTjM4ukU,시애틀에 있는 IONQ 양자 컴퓨터 제조 현장 방문 해 임원 면담까지 한 사연 (ft. 가을바람월드),"Oct 25, 2024",849,0
2026-01-24,LUVKTjM4ukU,시애틀에 있는 IONQ 양자 컴퓨터 제조 현장 방문 해 임원 면담까지 한 사연 (ft. 가을바람월드),"Oct 25, 2024",849,0
2026-01-25,LUVKTjM4ukU,시애틀에 있는 IONQ 양자 컴퓨터 제조 현장 방문 해 임원 면담까지 한 사연 (ft. 가을바람월드),"Oct 25, 2024",849,0
2026-01-26,LUVKTjM4ukU,시애틀에 있는 IONQ 양자 컴퓨터 제조 현장 방문 해 임원 면담까지 한 사연 (ft. 가을바람월드),"Oct 25, 2024",849,0
2026-01-27,LUVKTjM4ukU,시애틀에 있는 IONQ 양자 컴퓨터 제조 현장 방문 해 임원 면담까지 한 사연 (ft. 가을바람월드),"Oct 25, 2024",849,0
2026-01-28,LUVKTjM4ukU,시애틀에 있는 IONQ 양자 컴퓨터 제조 현장 방문 해 임원 면담까지 한 사연 (ft. 가을바람월드),"Oct 25, 2024",849,0
2026-01-29,LUVKTjM4ukU,시애틀에 있는 IONQ 양자 컴퓨터 제조 현장 방문 해 임원 면담까지 한 사연 (ft. 가을바람월드),"Oct 25, 2024",849,1
2026-01-30,LUVKTjM4ukU,시애틀에 있는 IONQ 양자 컴퓨터 제조 현장 방문 해 임원 면담까지 한 사연 (ft. 가을바람월드),"Oct 25, 2024",849,0
2026-01-31,LUVKTjM4ukU,시애틀에 있는 IONQ 양자 컴퓨터 제조 현장 방문 해 임원 면담까지 한 사연 (ft. 가을바람월드),"Oct 25, 2024",849,0
2026-02-01,LUVKTjM4ukU,시애틀에 있는 IONQ 양자 컴퓨터 제조 현장 방문 해 임원 면담까지 한 사연 (ft. 가을바람월드),"Oct 25, 2024",849,1
2026-02-02,LUVKTjM4ukU,시애틀에 있는 IONQ 양자 컴퓨터 제조 현장 방문 해 임원 면담까지 한 사연 (ft. 가을바람월드),"Oct 25, 2024",849,0
2026-02-03,LUVKTjM4ukU,시애틀에 있는 IONQ 양자 컴퓨터 제조 현장 방문 해 임원 면담까지 한 사연 (ft. 가을바람월드),"Oct 25, 2024",849,0
2026-02-04,LUVKTjM4ukU,시애틀에 있는 IONQ 양자 컴퓨터 제조 현장 방문 해 임원 면담까지 한 사연 (ft. 가을바람월드),"Oct 25, 2024",849,0
2026-02-05,LUVKTjM4ukU,시애틀에 있는 IONQ 양자 컴퓨터 제조 현장 방문 해 임원 면담까지 한 사연 (ft. 가을바람월드),"Oct 25, 2024",849,0
2026-02-06,LUVKTjM4ukU,시애틀에 있는 IONQ 양자 컴퓨터 제조 현장 방문 해 임원 면담까지 한 사연 (ft. 가을바람월드),"Oct 25, 2024",849,0
2026-02-07,LUVKTjM4ukU,시애틀에 있는 IONQ 양자 컴퓨터 제조 현장 방문 해 임원 면담까지 한 사연 (ft. 가을바람월드),"Oct 25, 2024",849,0
2026-02-08,LUVKTjM4ukU,시애틀에 있는 IONQ 양자 컴퓨터 제조 현장 방문 해 임원 면담까지 한 사연 (ft. 가을바람월드),"Oct 25, 2024",849,1
2026-02-09,LUVKTjM4ukU,시애틀에 있는 IONQ 양자 컴퓨터 제조 현장 방문 해 임원 면담까지 한 사연 (ft. 가을바람월드),"Oct 25, 2024",849,0
2026-02-10,LUVKTjM4ukU,시애틀에 있는 IONQ 양자 컴퓨터 제조 현장 방문 해 임원 면담까지 한 사연 (ft. 가을바람월드),"Oct 25, 2024",849,0
2026-02-11,LUVKTjM4ukU,시애틀에 있는 IONQ 양자 컴퓨터 제조 현장 방문 해 임원 면담까지 한 사연 (ft. 가을바람월드),"Oct 25, 2024",849,0
2026-02-12,LUVKTjM4ukU,시애틀에 있는 IONQ 양자 컴퓨터 제조 현장 방문 해 임원 면담까지 한 사연 (ft. 가을바람월드),"Oct 25, 2024",849,0
2026-02-13,LUVKTjM4ukU,시애틀에 있는 IONQ 양자 컴퓨터 제조 현장 방문 해 임원 면담까지 한 사연 (ft. 가을바람월드),"Oct 25, 2024",849,0
2026-02-14,LUVKTjM4ukU,시애틀에 있는 IONQ 양자 컴퓨터 제조 현장 방문 해 임원 면담까지 한 사연 (ft. 가을바람월드),"Oct 25, 2024",849,0
2026-02-15,LUVKTjM4ukU,시애틀에 있는 IONQ 양자 컴퓨터 제조 현장 방문 해 임원 면담까지 한 사연 (ft. 가을바람월드),"Oct 25, 2024",849,1
2026-02-16,LUVKTjM4ukU,시애틀에 있는 IONQ 양자 컴퓨터 제조 현장 방문 해 임원 면담까지 한 사연 (ft. 가을바람월드),"Oct 25, 2024",849,0
2026-02-17,LUVKTjM4ukU,시애틀에 있는 IONQ 양자 컴퓨터 제조 현장 방문 해 임원 면담까지 한 사연 (ft. 가을바람월드),"Oct 25, 2024",849,0
2026-02-18,LUVKTjM4ukU,시애틀에 있는 IONQ 양자 컴퓨터 제조 현장 방문 해 임원 면담까지 한 사연 (ft. 가을바람월드),"Oct 25, 2024",849,0
2026-02-19,LUVKTjM4ukU,시애틀에 있는 IONQ 양자 컴퓨터 제조 현장 방문 해 임원 면담까지 한 사연 (ft. 가을바람월드),"Oct 25, 2024",849,0
2026-02-20,LUVKTjM4ukU,시애틀에 있는 IONQ 양자 컴퓨터 제조 현장 방문 해 임원 면담까지 한 사연 (ft. 가을바람월드),"Oct 25, 2024",849,1
2026-02-21,LUVKTjM4ukU,시애틀에 있는 IONQ 양자 컴퓨터 제조 현장 방문 해 임원 면담까지 한 사연 (ft. 가을바람월드),"Oct 25, 2024",849,0
2026-02-22,LUVKTjM4ukU,시애틀에 있는 IONQ 양자 컴퓨터 제조 현장 방문 해 임원 면담까지 한 사연 (ft. 가을바람월드),"Oct 25, 2024",849,0
2026-02-23,LUVKTjM4ukU,시애틀에 있는 IONQ 양자 컴퓨터 제조 현장 방문 해 임원 면담까지 한 사연 (ft. 가을바람월드),"Oct 25, 2024",849,0
2026-02-24,LUVKTjM4ukU,시애틀에 있는 IONQ 양자 컴퓨터 제조 현장 방문 해 임원 면담까지 한 사연 (ft. 가을바람월드),"Oct 25, 2024",849,1
2026-02-25,LUVKTjM4ukU,시애틀에 있는 IONQ 양자 컴퓨터 제조 현장 방문 해 임원 면담까지 한 사연 (ft. 가을바람월드),"Oct 25, 2024",849,0
2026-02-26,LUVKTjM4ukU,시애틀에 있는 IONQ 양자 컴퓨터 제조 현장 방문 해 임원 면담까지 한 사연 (ft. 가을바람월드),"Oct 25, 2024",849,0
2026-02-27,LUVKTjM4ukU,시애틀에 있는 IONQ 양자 컴퓨터 제조 현장 방문 해 임원 면담까지 한 사연 (ft. 가을바람월드),"Oct 25, 2024",849,0
2026-02-28,LUVKTjM4ukU,시애틀에 있는 IONQ 양자 컴퓨터 제조 현장 방문 해 임원 면담까지 한 사연 (ft. 가을바람월드),"Oct 25, 2024",849,0
2026-03-01,LUVKTjM4ukU,시애틀에 있는 IONQ 양자 컴퓨터 제조 현장 방문 해 임원 면담까지 한 사연 (ft. 가을바람월드),"Oct 25, 2024",849,0
2026-03-02,LUVKTjM4ukU,시애틀에 있는 IONQ 양자 컴퓨터 제조 현장 방문 해 임원 면담까지 한 사연 (ft. 가을바람월드),"Oct 25, 2024",849,0
2026-03-03,LUVKTjM4ukU,시애틀에 있는 IONQ 양자 컴퓨터 제조 현장 방문 해 임원 면담까지 한 사연 (ft. 가을바람월드),"Oct 25, 2024",849,0
2026-03-04,LUVKTjM4ukU,시애틀에 있는 IONQ 양자 컴퓨터 제조 현장 방문 해 임원 면담까지 한 사연 (ft. 가을바람월드),"Oct 25, 2024",849,0
2026-03-05,LUVKTjM4ukU,시애틀에 있는 IONQ 양자 컴퓨터 제조 현장 방문 해 임원 면담까지 한 사연 (ft. 가을바람월드),"Oct 25, 2024",849,0
2026-03-06,LUVKTjM4ukU,시애틀에 있는 IONQ 양자 컴퓨터 제조 현장 방문 해 임원 면담까지 한 사연 (ft. 가을바람월드),"Oct 25, 2024",849,2
2026-03-07,LUVKTjM4ukU,시애틀에 있는 IONQ 양자 컴퓨터 제조 현장 방문 해 임원 면담까지 한 사연 (ft. 가을바람월드),"Oct 25, 2024",849,0
2026-03-08,LUVKTjM4ukU,시애틀에 있는 IONQ 양자 컴퓨터 제조 현장 방문 해 임원 면담까지 한 사연 (ft. 가을바람월드),"Oct 25, 2024",849,0
2026-03-09,LUVKTjM4ukU,시애틀에 있는 IONQ 양자 컴퓨터 제조 현장 방문 해 임원 면담까지 한 사연 (ft. 가을바람월드),"Oct 25, 2024",849,0
2026-03-10,LUVKTjM4ukU,시애틀에 있는 IONQ 양자 컴퓨터 제조 현장 방문 해 임원 면담까지 한 사연 (ft. 가을바람월드),"Oct 25, 2024",849,0
2026-03-11,LUVKTjM4ukU,시애틀에 있는 IONQ 양자 컴퓨터 제조 현장 방문 해 임원 면담까지 한 사연 (ft. 가을바람월드),"Oct 25, 2024",849,0
2026-03-12,LUVKTjM4ukU,시애틀에 있는 IONQ 양자 컴퓨터 제조 현장 방문 해 임원 면담까지 한 사연 (ft. 가을바람월드),"Oct 25, 2024",849,0
2026-03-13,LUVKTjM4ukU,시애틀에 있는 IONQ 양자 컴퓨터 제조 현장 방문 해 임원 면담까지 한 사연 (ft. 가을바람월드),"Oct 25, 2024",849,0
2026-03-14,LUVKTjM4ukU,시애틀에 있는 IONQ 양자 컴퓨터 제조 현장 방문 해 임원 면담까지 한 사연 (ft. 가을바람월드),"Oct 25, 2024",849,0
2026-03-15,LUVKTjM4ukU,시애틀에 있는 IONQ 양자 컴퓨터 제조 현장 방문 해 임원 면담까지 한 사연 (ft. 가을바람월드),"Oct 25, 2024",849,0
2026-03-16,LUVKTjM4ukU,시애틀에 있는 IONQ 양자 컴퓨터 제조 현장 방문 해 임원 면담까지 한 사연 (ft. 가을바람월드),"Oct 25, 2024",849,0
2026-03-17,LUVKTjM4ukU,시애틀에 있는 IONQ 양자 컴퓨터 제조 현장 방문 해 임원 면담까지 한 사연 (ft. 가을바람월드),"Oct 25, 2024",849,1
2026-03-18,LUVKTjM4ukU,시애틀에 있는 IONQ 양자 컴퓨터 제조 현장 방문 해 임원 면담까지 한 사연 (ft. 가을바람월드),"Oct 25, 2024",849,0
2026-03-19,LUVKTjM4ukU,시애틀에 있는 IONQ 양자 컴퓨터 제조 현장 방문 해 임원 면담까지 한 사연 (ft. 가을바람월드),"Oct 25, 2024",849,0
2026-03-20,LUVKTjM4ukU,시애틀에 있는 IONQ 양자 컴퓨터 제조 현장 방문 해 임원 면담까지 한 사연 (ft. 가을바람월드),"Oct 25, 2024",849,0
2026-03-21,LUVKTjM4ukU,시애틀에 있는 IONQ 양자 컴퓨터 제조 현장 방문 해 임원 면담까지 한 사연 (ft. 가을바람월드),"Oct 25, 2024",849,0
2026-03-22,LUVKTjM4ukU,시애틀에 있는 IONQ 양자 컴퓨터 제조 현장 방문 해 임원 면담까지 한 사연 (ft. 가을바람월드),"Oct 25, 2024",849,0
2026-03-23,LUVKTjM4ukU,시애틀에 있는 IONQ 양자 컴퓨터 제조 현장 방문 해 임원 면담까지 한 사연 (ft. 가을바람월드),"Oct 25, 2024",849,0
2026-03-24,LUVKTjM4ukU,시애틀에 있는 IONQ 양자 컴퓨터 제조 현장 방문 해 임원 면담까지 한 사연 (ft. 가을바람월드),"Oct 25, 2024",849,1
2026-03-25,LUVKTjM4ukU,시애틀에 있는 IONQ 양자 컴퓨터 제조 현장 방문 해 임원 면담까지 한 사연 (ft. 가을바람월드),"Oct 25, 2024",849,0
2026-03-26,LUVKTjM4ukU,시애틀에 있는 IONQ 양자 컴퓨터 제조 현장 방문 해 임원 면담까지 한 사연 (ft. 가을바람월드),"Oct 25, 2024",849,0
2026-03-27,LUVKTjM4ukU,시애틀에 있는 IONQ 양자 컴퓨터 제조 현장 방문 해 임원 면담까지 한 사연 (ft. 가을바람월드),"Oct 25, 2024",849,0
2026-03-28,LUVKTjM4ukU,시애틀에 있는 IONQ 양자 컴퓨터 제조 현장 방문 해 임원 면담까지 한 사연 (ft. 가을바람월드),"Oct 25, 2024",849,2
2026-03-29,LUVKTjM4ukU,시애틀에 있는 IONQ 양자 컴퓨터 제조 현장 방문 해 임원 면담까지 한 사연 (ft. 가을바람월드),"Oct 25, 2024",849,0
2026-03-30,LUVKTjM4ukU,시애틀에 있는 IONQ 양자 컴퓨터 제조 현장 방문 해 임원 면담까지 한 사연 (ft. 가을바람월드),"Oct 25, 2024",849,0
2026-03-31,LUVKTjM4ukU,시애틀에 있는 IONQ 양자 컴퓨터 제조 현장 방문 해 임원 면담까지 한 사연 (ft. 가을바람월드),"Oct 25, 2024",849,0
2026-04-01,LUVKTjM4ukU,시애틀에 있는 IONQ 양자 컴퓨터 제조 현장 방문 해 임원 면담까지 한 사연 (ft. 가을바람월드),"Oct 25, 2024",849,0
2026-04-02,LUVKTjM4ukU,시애틀에 있는 IONQ 양자 컴퓨터 제조 현장 방문 해 임원 면담까지 한 사연 (ft. 가을바람월드),"Oct 25, 2024",849,0
2026-04-03,LUVKTjM4ukU,시애틀에 있는 IONQ 양자 컴퓨터 제조 현장 방문 해 임원 면담까지 한 사연 (ft. 가을바람월드),"Oct 25, 2024",849,0
2026-04-04,LUVKTjM4ukU,시애틀에 있는 IONQ 양자 컴퓨터 제조 현장 방문 해 임원 면담까지 한 사연 (ft. 가을바람월드),"Oct 25, 2024",849,0
2026-04-05,LUVKTjM4ukU,시애틀에 있는 IONQ 양자 컴퓨터 제조 현장 방문 해 임원 면담까지 한 사연 (ft. 가을바람월드),"Oct 25, 2024",849,1
2026-04-06,LUVKTjM4ukU,시애틀에 있는 IONQ 양자 컴퓨터 제조 현장 방문 해 임원 면담까지 한 사연 (ft. 가을바람월드),"Oct 25, 2024",849,0
2026-04-07,LUVKTjM4ukU,시애틀에 있는 IONQ 양자 컴퓨터 제조 현장 방문 해 임원 면담까지 한 사연 (ft. 가을바람월드),"Oct 25, 2024",849,0
2026-04-08,LUVKTjM4ukU,시애틀에 있는 IONQ 양자 컴퓨터 제조 현장 방문 해 임원 면담까지 한 사연 (ft. 가을바람월드),"Oct 25, 2024",849,1
2026-04-09,LUVKTjM4ukU,시애틀에 있는 IONQ 양자 컴퓨터 제조 현장 방문 해 임원 면담까지 한 사연 (ft. 가을바람월드),"Oct 25, 2024",849,0
2026-04-10,LUVKTjM4ukU,시애틀에 있는 IONQ 양자 컴퓨터 제조 현장 방문 해 임원 면담까지 한 사연 (ft. 가을바람월드),"Oct 25, 2024",849,0
2026-04-11,LUVKTjM4ukU,시애틀에 있는 IONQ 양자 컴퓨터 제조 현장 방문 해 임원 면담까지 한 사연 (ft. 가을바람월드),"Oct 25, 2024",849,0
2026-04-12,LUVKTjM4ukU,시애틀에 있는 IONQ 양자 컴퓨터 제조 현장 방문 해 임원 면담까지 한 사연 (ft. 가을바람월드),"Oct 25, 2024",849,1
2026-04-13,LUVKTjM4ukU,시애틀에 있는 IONQ 양자 컴퓨터 제조 현장 방문 해 임원 면담까지 한 사연 (ft. 가을바람월드),"Oct 25, 2024",849,0
2026-04-14,LUVKTjM4ukU,시애틀에 있는 IONQ 양자 컴퓨터 제조 현장 방문 해 임원 면담까지 한 사연 (ft. 가을바람월드),"Oct 25, 2024",849,0
2026-04-15,LUVKTjM4ukU,시애틀에 있는 IONQ 양자 컴퓨터 제조 현장 방문 해 임원 면담까지 한 사연 (ft. 가을바람월드),"Oct 25, 2024",849,0
2026-04-16,LUVKTjM4ukU,시애틀에 있는 IONQ 양자 컴퓨터 제조 현장 방문 해 임원 면담까지 한 사연 (ft. 가을바람월드),"Oct 25, 2024",849,0
2026-04-17,LUVKTjM4ukU,시애틀에 있는 IONQ 양자 컴퓨터 제조 현장 방문 해 임원 면담까지 한 사연 (ft. 가을바람월드),"Oct 25, 2024",849,0
2026-04-18,LUVKTjM4ukU,시애틀에 있는 IONQ 양자 컴퓨터 제조 현장 방문 해 임원 면담까지 한 사연 (ft. 가을바람월드),"Oct 25, 2024",849,0
2026-04-19,LUVKTjM4ukU,시애틀에 있는 IONQ 양자 컴퓨터 제조 현장 방문 해 임원 면담까지 한 사연 (ft. 가을바람월드),"Oct 25, 2024",849,0
2026-04-20,LUVKTjM4ukU,시애틀에 있는 IONQ 양자 컴퓨터 제조 현장 방문 해 임원 면담까지 한 사연 (ft. 가을바람월드),"Oct 25, 2024",849,0
2026-04-21,LUVKTjM4ukU,시애틀에 있는 IONQ 양자 컴퓨터 제조 현장 방문 해 임원 면담까지 한 사연 (ft. 가을바람월드),"Oct 25, 2024",849,1
2026-04-22,LUVKTjM4ukU,시애틀에 있는 IONQ 양자 컴퓨터 제조 현장 방문 해 임원 면담까지 한 사연 (ft. 가을바람월드),"Oct 25, 2024",849,0
2026-04-23,LUVKTjM4ukU,시애틀에 있는 IONQ 양자 컴퓨터 제조 현장 방문 해 임원 면담까지 한 사연 (ft. 가을바람월드),"Oct 25, 2024",849,0
2026-04-24,LUVKTjM4ukU,시애틀에 있는 IONQ 양자 컴퓨터 제조 현장 방문 해 임원 면담까지 한 사연 (ft. 가을바람월드),"Oct 25, 2024",849,0
2026-04-25,LUVKTjM4ukU,시애틀에 있는 IONQ 양자 컴퓨터 제조 현장 방문 해 임원 면담까지 한 사연 (ft. 가을바람월드),"Oct 25, 2024",849,0
2026-04-26,LUVKTjM4ukU,시애틀에 있는 IONQ 양자 컴퓨터 제조 현장 방문 해 임원 면담까지 한 사연 (ft. 가을바람월드),"Oct 25, 2024",849,0
2026-04-27,LUVKTjM4ukU,시애틀에 있는 IONQ 양자 컴퓨터 제조 현장 방문 해 임원 면담까지 한 사연 (ft. 가을바람월드),"Oct 25, 2024",849,0
2026-04-28,LUVKTjM4ukU,시애틀에 있는 IONQ 양자 컴퓨터 제조 현장 방문 해 임원 면담까지 한 사연 (ft. 가을바람월드),"Oct 25, 2024",849,0
2026-04-29,LUVKTjM4ukU,시애틀에 있는 IONQ 양자 컴퓨터 제조 현장 방문 해 임원 면담까지 한 사연 (ft. 가을바람월드),"Oct 25, 2024",849,0
2026-04-30,LUVKTjM4ukU,시애틀에 있는 IONQ 양자 컴퓨터 제조 현장 방문 해 임원 면담까지 한 사연 (ft. 가을바람월드),"Oct 25, 2024",849,0
2026-05-01,LUVKTjM4ukU,시애틀에 있는 IONQ 양자 컴퓨터 제조 현장 방문 해 임원 면담까지 한 사연 (ft. 가을바람월드),"Oct 25, 2024",849,0
2026-05-02,LUVKTjM4ukU,시애틀에 있는 IONQ 양자 컴퓨터 제조 현장 방문 해 임원 면담까지 한 사연 (ft. 가을바람월드),"Oct 25, 2024",849,2
2026-05-03,LUVKTjM4ukU,시애틀에 있는 IONQ 양자 컴퓨터 제조 현장 방문 해 임원 면담까지 한 사연 (ft. 가을바람월드),"Oct 25, 2024",849,0
2026-05-04,LUVKTjM4ukU,시애틀에 있는 IONQ 양자 컴퓨터 제조 현장 방문 해 임원 면담까지 한 사연 (ft. 가을바람월드),"Oct 25, 2024",849,0
2026-05-05,LUVKTjM4ukU,시애틀에 있는 IONQ 양자 컴퓨터 제조 현장 방문 해 임원 면담까지 한 사연 (ft. 가을바람월드),"Oct 25, 2024",849,0
2026-05-06,LUVKTjM4ukU,시애틀에 있는 IONQ 양자 컴퓨터 제조 현장 방문 해 임원 면담까지 한 사연 (ft. 가을바람월드),"Oct 25, 2024",849,0
2026-05-07,LUVKTjM4ukU,시애틀에 있는 IONQ 양자 컴퓨터 제조 현장 방문 해 임원 면담까지 한 사연 (ft. 가을바람월드),"Oct 25, 2024",849,0
2026-05-08,LUVKTjM4ukU,시애틀에 있는 IONQ 양자 컴퓨터 제조 현장 방문 해 임원 면담까지 한 사연 (ft. 가을바람월드),"Oct 25, 2024",849,0
2026-05-09,LUVKTjM4ukU,시애틀에 있는 IONQ 양자 컴퓨터 제조 현장 방문 해 임원 면담까지 한 사연 (ft. 가을바람월드),"Oct 25, 2024",849,0
2026-05-10,LUVKTjM4ukU,시애틀에 있는 IONQ 양자 컴퓨터 제조 현장 방문 해 임원 면담까지 한 사연 (ft. 가을바람월드),"Oct 25, 2024",849,0
2026-05-11,LUVKTjM4ukU,시애틀에 있는 IONQ 양자 컴퓨터 제조 현장 방문 해 임원 면담까지 한 사연 (ft. 가을바람월드),"Oct 25, 2024",849,0
2026-05-12,LUVKTjM4ukU,시애틀에 있는 IONQ 양자 컴퓨터 제조 현장 방문 해 임원 면담까지 한 사연 (ft. 가을바람월드),"Oct 25, 2024",849,0
2026-05-13,LUVKTjM4ukU,시애틀에 있는 IONQ 양자 컴퓨터 제조 현장 방문 해 임원 면담까지 한 사연 (ft. 가을바람월드),"Oct 25, 2024",849,0
2026-05-14,LUVKTjM4ukU,시애틀에 있는 IONQ 양자 컴퓨터 제조 현장 방문 해 임원 면담까지 한 사연 (ft. 가을바람월드),"Oct 25, 2024",849,1
2026-05-15,LUVKTjM4ukU,시애틀에 있는 IONQ 양자 컴퓨터 제조 현장 방문 해 임원 면담까지 한 사연 (ft. 가을바람월드),"Oct 25, 2024",849,1
2026-05-16,LUVKTjM4ukU,시애틀에 있는 IONQ 양자 컴퓨터 제조 현장 방문 해 임원 면담까지 한 사연 (ft. 가을바람월드),"Oct 25, 2024",849,0
2026-05-17,LUVKTjM4ukU,시애틀에 있는 IONQ 양자 컴퓨터 제조 현장 방문 해 임원 면담까지 한 사연 (ft. 가을바람월드),"Oct 25, 2024",849,0
2026-05-18,LUVKTjM4ukU,시애틀에 있는 IONQ 양자 컴퓨터 제조 현장 방문 해 임원 면담까지 한 사연 (ft. 가을바람월드),"Oct 25, 2024",849,0
2026-05-19,LUVKTjM4ukU,시애틀에 있는 IONQ 양자 컴퓨터 제조 현장 방문 해 임원 면담까지 한 사연 (ft. 가을바람월드),"Oct 25, 2024",849,0
2026-05-20,LUVKTjM4ukU,시애틀에 있는 IONQ 양자 컴퓨터 제조 현장 방문 해 임원 면담까지 한 사연 (ft. 가을바람월드),"Oct 25, 2024",849,2
2026-05-21,LUVKTjM4ukU,시애틀에 있는 IONQ 양자 컴퓨터 제조 현장 방문 해 임원 면담까지 한 사연 (ft. 가을바람월드),"Oct 25, 2024",849,0
2026-05-22,LUVKTjM4ukU,시애틀에 있는 IONQ 양자 컴퓨터 제조 현장 방문 해 임원 면담까지 한 사연 (ft. 가을바람월드),"Oct 25, 2024",849,0
2026-05-23,LUVKTjM4ukU,시애틀에 있는 IONQ 양자 컴퓨터 제조 현장 방문 해 임원 면담까지 한 사연 (ft. 가을바람월드),"Oct 25, 2024",849,0
2026-05-24,LUVKTjM4ukU,시애틀에 있는 IONQ 양자 컴퓨터 제조 현장 방문 해 임원 면담까지 한 사연 (ft. 가을바람월드),"Oct 25, 2024",849,0
2026-05-25,LUVKTjM4ukU,시애틀에 있는 IONQ 양자 컴퓨터 제조 현장 방문 해 임원 면담까지 한 사연 (ft. 가을바람월드),"Oct 25, 2024",849,0
2026-05-26,LUVKTjM4ukU,시애틀에 있는 IONQ 양자 컴퓨터 제조 현장 방문 해 임원 면담까지 한 사연 (ft. 가을바람월드),"Oct 25, 2024",849,0
2026-05-27,LUVKTjM4ukU,시애틀에 있는 IONQ 양자 컴퓨터 제조 현장 방문 해 임원 면담까지 한 사연 (ft. 가을바람월드),"Oct 25, 2024",849,0
2026-05-28,LUVKTjM4ukU,시애틀에 있는 IONQ 양자 컴퓨터 제조 현장 방문 해 임원 면담까지 한 사연 (ft. 가을바람월드),"Oct 25, 2024",849,0
2026-05-29,LUVKTjM4ukU,시애틀에 있는 IONQ 양자 컴퓨터 제조 현장 방문 해 임원 면담까지 한 사연 (ft. 가을바람월드),"Oct 25, 2024",849,0
2026-05-30,LUVKTjM4ukU,시애틀에 있는 IONQ 양자 컴퓨터 제조 현장 방문 해 임원 면담까지 한 사연 (ft. 가을바람월드),"Oct 25, 2024",849,0
2026-05-31,LUVKTjM4ukU,시애틀에 있는 IONQ 양자 컴퓨터 제조 현장 방문 해 임원 면담까지 한 사연 (ft. 가을바람월드),"Oct 25, 2024",849,0
2026-06-01,LUVKTjM4ukU,시애틀에 있는 IONQ 양자 컴퓨터 제조 현장 방문 해 임원 면담까지 한 사연 (ft. 가을바람월드),"Oct 25, 2024",849,0
2026-06-02,LUVKTjM4ukU,시애틀에 있는 IONQ 양자 컴퓨터 제조 현장 방문 해 임원 면담까지 한 사연 (ft. 가을바람월드),"Oct 25, 2024",849,0
2026-06-03,LUVKTjM4ukU,시애틀에 있는 IONQ 양자 컴퓨터 제조 현장 방문 해 임원 면담까지 한 사연 (ft. 가을바람월드),"Oct 25, 2024",849,0
2026-06-04,LUVKTjM4ukU,시애틀에 있는 IONQ 양자 컴퓨터 제조 현장 방문 해 임원 면담까지 한 사연 (ft. 가을바람월드),"Oct 25, 2024",849,0
2026-06-05,LUVKTjM4ukU,시애틀에 있는 IONQ 양자 컴퓨터 제조 현장 방문 해 임원 면담까지 한 사연 (ft. 가을바람월드),"Oct 25, 2024",849,0
2026-06-06,LUVKTjM4ukU,시애틀에 있는 IONQ 양자 컴퓨터 제조 현장 방문 해 임원 면담까지 한 사연 (ft. 가을바람월드),"Oct 25, 2024",849,0
2026-06-07,LUVKTjM4ukU,시애틀에 있는 IONQ 양자 컴퓨터 제조 현장 방문 해 임원 면담까지 한 사연 (ft. 가을바람월드),"Oct 25, 2024",849,0
2026-06-08,LUVKTjM4ukU,시애틀에 있는 IONQ 양자 컴퓨터 제조 현장 방문 해 임원 면담까지 한 사연 (ft. 가을바람월드),"Oct 25, 2024",849,0
2026-06-09,LUVKTjM4ukU,시애틀에 있는 IONQ 양자 컴퓨터 제조 현장 방문 해 임원 면담까지 한 사연 (ft. 가을바람월드),"Oct 25, 2024",849,0
2026-06-10,LUVKTjM4ukU,시애틀에 있는 IONQ 양자 컴퓨터 제조 현장 방문 해 임원 면담까지 한 사연 (ft. 가을바람월드),"Oct 25, 2024",849,1
2026-06-11,LUVKTjM4ukU,시애틀에 있는 IONQ 양자 컴퓨터 제조 현장 방문 해 임원 면담까지 한 사연 (ft. 가을바람월드),"Oct 25, 2024",849,0
2026-06-12,LUVKTjM4ukU,시애틀에 있는 IONQ 양자 컴퓨터 제조 현장 방문 해 임원 면담까지 한 사연 (ft. 가을바람월드),"Oct 25, 2024",849,0
2026-06-13,LUVKTjM4ukU,시애틀에 있는 IONQ 양자 컴퓨터 제조 현장 방문 해 임원 면담까지 한 사연 (ft. 가을바람월드),"Oct 25, 2024",849,0
2026-06-14,LUVKTjM4ukU,시애틀에 있는 IONQ 양자 컴퓨터 제조 현장 방문 해 임원 면담까지 한 사연 (ft. 가을바람월드),"Oct 25, 2024",849,0
2026-06-15,LUVKTjM4ukU,시애틀에 있는 IONQ 양자 컴퓨터 제조 현장 방문 해 임원 면담까지 한 사연 (ft. 가을바람월드),"Oct 25, 2024",849,1
2026-06-16,LUVKTjM4ukU,시애틀에 있는 IONQ 양자 컴퓨터 제조 현장 방문 해 임원 면담까지 한 사연 (ft. 가을바람월드),"Oct 25, 2024",849,0
2026-06-17,LUVKTjM4ukU,시애틀에 있는 IONQ 양자 컴퓨터 제조 현장 방문 해 임원 면담까지 한 사연 (ft. 가을바람월드),"Oct 25, 2024",849,0
2026-06-18,LUVKTjM4ukU,시애틀에 있는 IONQ 양자 컴퓨터 제조 현장 방문 해 임원 면담까지 한 사연 (ft. 가을바람월드),"Oct 25, 2024",849,0
2026-06-19,LUVKTjM4ukU,시애틀에 있는 IONQ 양자 컴퓨터 제조 현장 방문 해 임원 면담까지 한 사연 (ft. 가을바람월드),"Oct 25, 2024",849,0
2026-06-20,LUVKTjM4ukU,시애틀에 있는 IONQ 양자 컴퓨터 제조 현장 방문 해 임원 면담까지 한 사연 (ft. 가을바람월드),"Oct 25, 2024",849,0
2026-06-21,LUVKTjM4ukU,시애틀에 있는 IONQ 양자 컴퓨터 제조 현장 방문 해 임원 면담까지 한 사연 (ft. 가을바람월드),"Oct 25, 2024",849,0
2026-06-22,LUVKTjM4ukU,시애틀에 있는 IONQ 양자 컴퓨터 제조 현장 방문 해 임원 면담까지 한 사연 (ft. 가을바람월드),"Oct 25, 2024",849,0
2026-06-23,LUVKTjM4ukU,시애틀에 있는 IONQ 양자 컴퓨터 제조 현장 방문 해 임원 면담까지 한 사연 (ft. 가을바람월드),"Oct 25, 2024",849,0
2023-03-15,PSTsSCvuoMk,LLMCompiler : 한국인이 만든 추론 방법론으로 AI Agent를 만듭니다. 역시 '빨리빨리',"Mar 26, 2025",1243,0
2023-03-16,PSTsSCvuoMk,LLMCompiler : 한국인이 만든 추론 방법론으로 AI Agent를 만듭니다. 역시 '빨리빨리',"Mar 26, 2025",1243,0
2023-03-17,PSTsSCvuoMk,LLMCompiler : 한국인이 만든 추론 방법론으로 AI Agent를 만듭니다. 역시 '빨리빨리',"Mar 26, 2025",1243,0
2023-03-18,PSTsSCvuoMk,LLMCompiler : 한국인이 만든 추론 방법론으로 AI Agent를 만듭니다. 역시 '빨리빨리',"Mar 26, 2025",1243,0
2023-03-19,PSTsSCvuoMk,LLMCompiler : 한국인이 만든 추론 방법론으로 AI Agent를 만듭니다. 역시 '빨리빨리',"Mar 26, 2025",1243,0
2023-03-20,PSTsSCvuoMk,LLMCompiler : 한국인이 만든 추론 방법론으로 AI Agent를 만듭니다. 역시 '빨리빨리',"Mar 26, 2025",1243,0
2023-03-21,PSTsSCvuoMk,LLMCompiler : 한국인이 만든 추론 방법론으로 AI Agent를 만듭니다. 역시 '빨리빨리',"Mar 26, 2025",1243,0
2023-03-22,PSTsSCvuoMk,LLMCompiler : 한국인이 만든 추론 방법론으로 AI Agent를 만듭니다. 역시 '빨리빨리',"Mar 26, 2025",1243,0
2023-03-23,PSTsSCvuoMk,LLMCompiler : 한국인이 만든 추론 방법론으로 AI Agent를 만듭니다. 역시 '빨리빨리',"Mar 26, 2025",1243,0
2023-03-24,PSTsSCvuoMk,LLMCompiler : 한국인이 만든 추론 방법론으로 AI Agent를 만듭니다. 역시 '빨리빨리',"Mar 26, 2025",1243,0
2023-03-25,PSTsSCvuoMk,LLMCompiler : 한국인이 만든 추론 방법론으로 AI Agent를 만듭니다. 역시 '빨리빨리',"Mar 26, 2025",1243,0
2023-03-26,PSTsSCvuoMk,LLMCompiler : 한국인이 만든 추론 방법론으로 AI Agent를 만듭니다. 역시 '빨리빨리',"Mar 26, 2025",1243,0
2023-03-27,PSTsSCvuoMk,LLMCompiler : 한국인이 만든 추론 방법론으로 AI Agent를 만듭니다. 역시 '빨리빨리',"Mar 26, 2025",1243,0
2023-03-28,PSTsSCvuoMk,LLMCompiler : 한국인이 만든 추론 방법론으로 AI Agent를 만듭니다. 역시 '빨리빨리',"Mar 26, 2025",1243,0
2023-03-29,PSTsSCvuoMk,LLMCompiler : 한국인이 만든 추론 방법론으로 AI Agent를 만듭니다. 역시 '빨리빨리',"Mar 26, 2025",1243,0
2023-03-30,PSTsSCvuoMk,LLMCompiler : 한국인이 만든 추론 방법론으로 AI Agent를 만듭니다. 역시 '빨리빨리',"Mar 26, 2025",1243,0
2023-03-31,PSTsSCvuoMk,LLMCompiler : 한국인이 만든 추론 방법론으로 AI Agent를 만듭니다. 역시 '빨리빨리',"Mar 26, 2025",1243,0
2023-04-01,PSTsSCvuoMk,LLMCompiler : 한국인이 만든 추론 방법론으로 AI Agent를 만듭니다. 역시 '빨리빨리',"Mar 26, 2025",1243,0
2023-04-02,PSTsSCvuoMk,LLMCompiler : 한국인이 만든 추론 방법론으로 AI Agent를 만듭니다. 역시 '빨리빨리',"Mar 26, 2025",1243,0
2023-04-03,PSTsSCvuoMk,LLMCompiler : 한국인이 만든 추론 방법론으로 AI Agent를 만듭니다. 역시 '빨리빨리',"Mar 26, 2025",1243,0
2023-04-04,PSTsSCvuoMk,LLMCompiler : 한국인이 만든 추론 방법론으로 AI Agent를 만듭니다. 역시 '빨리빨리',"Mar 26, 2025",1243,0
2023-04-05,PSTsSCvuoMk,LLMCompiler : 한국인이 만든 추론 방법론으로 AI Agent를 만듭니다. 역시 '빨리빨리',"Mar 26, 2025",1243,0
2023-04-06,PSTsSCvuoMk,LLMCompiler : 한국인이 만든 추론 방법론으로 AI Agent를 만듭니다. 역시 '빨리빨리',"Mar 26, 2025",1243,0
2023-04-07,PSTsSCvuoMk,LLMCompiler : 한국인이 만든 추론 방법론으로 AI Agent를 만듭니다. 역시 '빨리빨리',"Mar 26, 2025",1243,0
2023-04-08,PSTsSCvuoMk,LLMCompiler : 한국인이 만든 추론 방법론으로 AI Agent를 만듭니다. 역시 '빨리빨리',"Mar 26, 2025",1243,0
2023-04-09,PSTsSCvuoMk,LLMCompiler : 한국인이 만든 추론 방법론으로 AI Agent를 만듭니다. 역시 '빨리빨리',"Mar 26, 2025",1243,0
2023-04-10,PSTsSCvuoMk,LLMCompiler : 한국인이 만든 추론 방법론으로 AI Agent를 만듭니다. 역시 '빨리빨리',"Mar 26, 2025",1243,0
2023-04-11,PSTsSCvuoMk,LLMCompiler : 한국인이 만든 추론 방법론으로 AI Agent를 만듭니다. 역시 '빨리빨리',"Mar 26, 2025",1243,0
2023-04-12,PSTsSCvuoMk,LLMCompiler : 한국인이 만든 추론 방법론으로 AI Agent를 만듭니다. 역시 '빨리빨리',"Mar 26, 2025",1243,0
2023-04-13,PSTsSCvuoMk,LLMCompiler : 한국인이 만든 추론 방법론으로 AI Agent를 만듭니다. 역시 '빨리빨리',"Mar 26, 2025",1243,0
2023-04-14,PSTsSCvuoMk,LLMCompiler : 한국인이 만든 추론 방법론으로 AI Agent를 만듭니다. 역시 '빨리빨리',"Mar 26, 2025",1243,0
2023-04-15,PSTsSCvuoMk,LLMCompiler : 한국인이 만든 추론 방법론으로 AI Agent를 만듭니다. 역시 '빨리빨리',"Mar 26, 2025",1243,0
2023-04-16,PSTsSCvuoMk,LLMCompiler : 한국인이 만든 추론 방법론으로 AI Agent를 만듭니다. 역시 '빨리빨리',"Mar 26, 2025",1243,0
2023-04-17,PSTsSCvuoMk,LLMCompiler : 한국인이 만든 추론 방법론으로 AI Agent를 만듭니다. 역시 '빨리빨리',"Mar 26, 2025",1243,0
2023-04-18,PSTsSCvuoMk,LLMCompiler : 한국인이 만든 추론 방법론으로 AI Agent를 만듭니다. 역시 '빨리빨리',"Mar 26, 2025",1243,0
2023-04-19,PSTsSCvuoMk,LLMCompiler : 한국인이 만든 추론 방법론으로 AI Agent를 만듭니다. 역시 '빨리빨리',"Mar 26, 2025",1243,0
2023-04-20,PSTsSCvuoMk,LLMCompiler : 한국인이 만든 추론 방법론으로 AI Agent를 만듭니다. 역시 '빨리빨리',"Mar 26, 2025",1243,0
2023-04-21,PSTsSCvuoMk,LLMCompiler : 한국인이 만든 추론 방법론으로 AI Agent를 만듭니다. 역시 '빨리빨리',"Mar 26, 2025",1243,0
2023-04-22,PSTsSCvuoMk,LLMCompiler : 한국인이 만든 추론 방법론으로 AI Agent를 만듭니다. 역시 '빨리빨리',"Mar 26, 2025",1243,0
2023-04-23,PSTsSCvuoMk,LLMCompiler : 한국인이 만든 추론 방법론으로 AI Agent를 만듭니다. 역시 '빨리빨리',"Mar 26, 2025",1243,0
2023-04-24,PSTsSCvuoMk,LLMCompiler : 한국인이 만든 추론 방법론으로 AI Agent를 만듭니다. 역시 '빨리빨리',"Mar 26, 2025",1243,0
2023-04-25,PSTsSCvuoMk,LLMCompiler : 한국인이 만든 추론 방법론으로 AI Agent를 만듭니다. 역시 '빨리빨리',"Mar 26, 2025",1243,0
2023-04-26,PSTsSCvuoMk,LLMCompiler : 한국인이 만든 추론 방법론으로 AI Agent를 만듭니다. 역시 '빨리빨리',"Mar 26, 2025",1243,0
2023-04-27,PSTsSCvuoMk,LLMCompiler : 한국인이 만든 추론 방법론으로 AI Agent를 만듭니다. 역시 '빨리빨리',"Mar 26, 2025",1243,0
2023-04-28,PSTsSCvuoMk,LLMCompiler : 한국인이 만든 추론 방법론으로 AI Agent를 만듭니다. 역시 '빨리빨리',"Mar 26, 2025",1243,0
2023-04-29,PSTsSCvuoMk,LLMCompiler : 한국인이 만든 추론 방법론으로 AI Agent를 만듭니다. 역시 '빨리빨리',"Mar 26, 2025",1243,0
2023-04-30,PSTsSCvuoMk,LLMCompiler : 한국인이 만든 추론 방법론으로 AI Agent를 만듭니다. 역시 '빨리빨리',"Mar 26, 2025",1243,0
2023-05-01,PSTsSCvuoMk,LLMCompiler : 한국인이 만든 추론 방법론으로 AI Agent를 만듭니다. 역시 '빨리빨리',"Mar 26, 2025",1243,0
2023-05-02,PSTsSCvuoMk,LLMCompiler : 한국인이 만든 추론 방법론으로 AI Agent를 만듭니다. 역시 '빨리빨리',"Mar 26, 2025",1243,0
2023-05-03,PSTsSCvuoMk,LLMCompiler : 한국인이 만든 추론 방법론으로 AI Agent를 만듭니다. 역시 '빨리빨리',"Mar 26, 2025",1243,0
2023-05-04,PSTsSCvuoMk,LLMCompiler : 한국인이 만든 추론 방법론으로 AI Agent를 만듭니다. 역시 '빨리빨리',"Mar 26, 2025",1243,0
2023-05-05,PSTsSCvuoMk,LLMCompiler : 한국인이 만든 추론 방법론으로 AI Agent를 만듭니다. 역시 '빨리빨리',"Mar 26, 2025",1243,0
2023-05-06,PSTsSCvuoMk,LLMCompiler : 한국인이 만든 추론 방법론으로 AI Agent를 만듭니다. 역시 '빨리빨리',"Mar 26, 2025",1243,0
2023-05-07,PSTsSCvuoMk,LLMCompiler : 한국인이 만든 추론 방법론으로 AI Agent를 만듭니다. 역시 '빨리빨리',"Mar 26, 2025",1243,0
2023-05-08,PSTsSCvuoMk,LLMCompiler : 한국인이 만든 추론 방법론으로 AI Agent를 만듭니다. 역시 '빨리빨리',"Mar 26, 2025",1243,0
2023-05-09,PSTsSCvuoMk,LLMCompiler : 한국인이 만든 추론 방법론으로 AI Agent를 만듭니다. 역시 '빨리빨리',"Mar 26, 2025",1243,0
2023-05-10,PSTsSCvuoMk,LLMCompiler : 한국인이 만든 추론 방법론으로 AI Agent를 만듭니다. 역시 '빨리빨리',"Mar 26, 2025",1243,0
2023-05-11,PSTsSCvuoMk,LLMCompiler : 한국인이 만든 추론 방법론으로 AI Agent를 만듭니다. 역시 '빨리빨리',"Mar 26, 2025",1243,0
2023-05-12,PSTsSCvuoMk,LLMCompiler : 한국인이 만든 추론 방법론으로 AI Agent를 만듭니다. 역시 '빨리빨리',"Mar 26, 2025",1243,0
2023-05-13,PSTsSCvuoMk,LLMCompiler : 한국인이 만든 추론 방법론으로 AI Agent를 만듭니다. 역시 '빨리빨리',"Mar 26, 2025",1243,0
2023-05-14,PSTsSCvuoMk,LLMCompiler : 한국인이 만든 추론 방법론으로 AI Agent를 만듭니다. 역시 '빨리빨리',"Mar 26, 2025",1243,0
2023-05-15,PSTsSCvuoMk,LLMCompiler : 한국인이 만든 추론 방법론으로 AI Agent를 만듭니다. 역시 '빨리빨리',"Mar 26, 2025",1243,0
2023-05-16,PSTsSCvuoMk,LLMCompiler : 한국인이 만든 추론 방법론으로 AI Agent를 만듭니다. 역시 '빨리빨리',"Mar 26, 2025",1243,0
2023-05-17,PSTsSCvuoMk,LLMCompiler : 한국인이 만든 추론 방법론으로 AI Agent를 만듭니다. 역시 '빨리빨리',"Mar 26, 2025",1243,0
2023-05-18,PSTsSCvuoMk,LLMCompiler : 한국인이 만든 추론 방법론으로 AI Agent를 만듭니다. 역시 '빨리빨리',"Mar 26, 2025",1243,0
2023-05-19,PSTsSCvuoMk,LLMCompiler : 한국인이 만든 추론 방법론으로 AI Agent를 만듭니다. 역시 '빨리빨리',"Mar 26, 2025",1243,0
2023-05-20,PSTsSCvuoMk,LLMCompiler : 한국인이 만든 추론 방법론으로 AI Agent를 만듭니다. 역시 '빨리빨리',"Mar 26, 2025",1243,0
2023-05-21,PSTsSCvuoMk,LLMCompiler : 한국인이 만든 추론 방법론으로 AI Agent를 만듭니다. 역시 '빨리빨리',"Mar 26, 2025",1243,0
2023-05-22,PSTsSCvuoMk,LLMCompiler : 한국인이 만든 추론 방법론으로 AI Agent를 만듭니다. 역시 '빨리빨리',"Mar 26, 2025",1243,0
2023-05-23,PSTsSCvuoMk,LLMCompiler : 한국인이 만든 추론 방법론으로 AI Agent를 만듭니다. 역시 '빨리빨리',"Mar 26, 2025",1243,0
2023-05-24,PSTsSCvuoMk,LLMCompiler : 한국인이 만든 추론 방법론으로 AI Agent를 만듭니다. 역시 '빨리빨리',"Mar 26, 2025",1243,0
2023-05-25,PSTsSCvuoMk,LLMCompiler : 한국인이 만든 추론 방법론으로 AI Agent를 만듭니다. 역시 '빨리빨리',"Mar 26, 2025",1243,0
2023-05-26,PSTsSCvuoMk,LLMCompiler : 한국인이 만든 추론 방법론으로 AI Agent를 만듭니다. 역시 '빨리빨리',"Mar 26, 2025",1243,0
2023-05-27,PSTsSCvuoMk,LLMCompiler : 한국인이 만든 추론 방법론으로 AI Agent를 만듭니다. 역시 '빨리빨리',"Mar 26, 2025",1243,0
2023-05-28,PSTsSCvuoMk,LLMCompiler : 한국인이 만든 추론 방법론으로 AI Agent를 만듭니다. 역시 '빨리빨리',"Mar 26, 2025",1243,0
2023-05-29,PSTsSCvuoMk,LLMCompiler : 한국인이 만든 추론 방법론으로 AI Agent를 만듭니다. 역시 '빨리빨리',"Mar 26, 2025",1243,0
2023-05-30,PSTsSCvuoMk,LLMCompiler : 한국인이 만든 추론 방법론으로 AI Agent를 만듭니다. 역시 '빨리빨리',"Mar 26, 2025",1243,0
2023-05-31,PSTsSCvuoMk,LLMCompiler : 한국인이 만든 추론 방법론으로 AI Agent를 만듭니다. 역시 '빨리빨리',"Mar 26, 2025",1243,0
2023-06-01,PSTsSCvuoMk,LLMCompiler : 한국인이 만든 추론 방법론으로 AI Agent를 만듭니다. 역시 '빨리빨리',"Mar 26, 2025",1243,0
2023-06-02,PSTsSCvuoMk,LLMCompiler : 한국인이 만든 추론 방법론으로 AI Agent를 만듭니다. 역시 '빨리빨리',"Mar 26, 2025",1243,0
2023-06-03,PSTsSCvuoMk,LLMCompiler : 한국인이 만든 추론 방법론으로 AI Agent를 만듭니다. 역시 '빨리빨리',"Mar 26, 2025",1243,0
2023-06-04,PSTsSCvuoMk,LLMCompiler : 한국인이 만든 추론 방법론으로 AI Agent를 만듭니다. 역시 '빨리빨리',"Mar 26, 2025",1243,0
2023-06-05,PSTsSCvuoMk,LLMCompiler : 한국인이 만든 추론 방법론으로 AI Agent를 만듭니다. 역시 '빨리빨리',"Mar 26, 2025",1243,0
2023-06-06,PSTsSCvuoMk,LLMCompiler : 한국인이 만든 추론 방법론으로 AI Agent를 만듭니다. 역시 '빨리빨리',"Mar 26, 2025",1243,0
2023-06-07,PSTsSCvuoMk,LLMCompiler : 한국인이 만든 추론 방법론으로 AI Agent를 만듭니다. 역시 '빨리빨리',"Mar 26, 2025",1243,0
2023-06-08,PSTsSCvuoMk,LLMCompiler : 한국인이 만든 추론 방법론으로 AI Agent를 만듭니다. 역시 '빨리빨리',"Mar 26, 2025",1243,0
2023-06-09,PSTsSCvuoMk,LLMCompiler : 한국인이 만든 추론 방법론으로 AI Agent를 만듭니다. 역시 '빨리빨리',"Mar 26, 2025",1243,0
2023-06-10,PSTsSCvuoMk,LLMCompiler : 한국인이 만든 추론 방법론으로 AI Agent를 만듭니다. 역시 '빨리빨리',"Mar 26, 2025",1243,0
2023-06-11,PSTsSCvuoMk,LLMCompiler : 한국인이 만든 추론 방법론으로 AI Agent를 만듭니다. 역시 '빨리빨리',"Mar 26, 2025",1243,0
2023-06-12,PSTsSCvuoMk,LLMCompiler : 한국인이 만든 추론 방법론으로 AI Agent를 만듭니다. 역시 '빨리빨리',"Mar 26, 2025",1243,0
2023-06-13,PSTsSCvuoMk,LLMCompiler : 한국인이 만든 추론 방법론으로 AI Agent를 만듭니다. 역시 '빨리빨리',"Mar 26, 2025",1243,0
2023-06-14,PSTsSCvuoMk,LLMCompiler : 한국인이 만든 추론 방법론으로 AI Agent를 만듭니다. 역시 '빨리빨리',"Mar 26, 2025",1243,0
2023-06-15,PSTsSCvuoMk,LLMCompiler : 한국인이 만든 추론 방법론으로 AI Agent를 만듭니다. 역시 '빨리빨리',"Mar 26, 2025",1243,0
2023-06-16,PSTsSCvuoMk,LLMCompiler : 한국인이 만든 추론 방법론으로 AI Agent를 만듭니다. 역시 '빨리빨리',"Mar 26, 2025",1243,0
2023-06-17,PSTsSCvuoMk,LLMCompiler : 한국인이 만든 추론 방법론으로 AI Agent를 만듭니다. 역시 '빨리빨리',"Mar 26, 2025",1243,0
2023-06-18,PSTsSCvuoMk,LLMCompiler : 한국인이 만든 추론 방법론으로 AI Agent를 만듭니다. 역시 '빨리빨리',"Mar 26, 2025",1243,0
2023-06-19,PSTsSCvuoMk,LLMCompiler : 한국인이 만든 추론 방법론으로 AI Agent를 만듭니다. 역시 '빨리빨리',"Mar 26, 2025",1243,0
2023-06-20,PSTsSCvuoMk,LLMCompiler : 한국인이 만든 추론 방법론으로 AI Agent를 만듭니다. 역시 '빨리빨리',"Mar 26, 2025",1243,0
2023-06-21,PSTsSCvuoMk,LLMCompiler : 한국인이 만든 추론 방법론으로 AI Agent를 만듭니다. 역시 '빨리빨리',"Mar 26, 2025",1243,0
2023-06-22,PSTsSCvuoMk,LLMCompiler : 한국인이 만든 추론 방법론으로 AI Agent를 만듭니다. 역시 '빨리빨리',"Mar 26, 2025",1243,0
2023-06-23,PSTsSCvuoMk,LLMCompiler : 한국인이 만든 추론 방법론으로 AI Agent를 만듭니다. 역시 '빨리빨리',"Mar 26, 2025",1243,0
2023-06-24,PSTsSCvuoMk,LLMCompiler : 한국인이 만든 추론 방법론으로 AI Agent를 만듭니다. 역시 '빨리빨리',"Mar 26, 2025",1243,0
2023-06-25,PSTsSCvuoMk,LLMCompiler : 한국인이 만든 추론 방법론으로 AI Agent를 만듭니다. 역시 '빨리빨리',"Mar 26, 2025",1243,0
2023-06-26,PSTsSCvuoMk,LLMCompiler : 한국인이 만든 추론 방법론으로 AI Agent를 만듭니다. 역시 '빨리빨리',"Mar 26, 2025",1243,0
2023-06-27,PSTsSCvuoMk,LLMCompiler : 한국인이 만든 추론 방법론으로 AI Agent를 만듭니다. 역시 '빨리빨리',"Mar 26, 2025",1243,0
2023-06-28,PSTsSCvuoMk,LLMCompiler : 한국인이 만든 추론 방법론으로 AI Agent를 만듭니다. 역시 '빨리빨리',"Mar 26, 2025",1243,0
2023-06-29,PSTsSCvuoMk,LLMCompiler : 한국인이 만든 추론 방법론으로 AI Agent를 만듭니다. 역시 '빨리빨리',"Mar 26, 2025",1243,0
2023-06-30,PSTsSCvuoMk,LLMCompiler : 한국인이 만든 추론 방법론으로 AI Agent를 만듭니다. 역시 '빨리빨리',"Mar 26, 2025",1243,0
2023-07-01,PSTsSCvuoMk,LLMCompiler : 한국인이 만든 추론 방법론으로 AI Agent를 만듭니다. 역시 '빨리빨리',"Mar 26, 2025",1243,0
2023-07-02,PSTsSCvuoMk,LLMCompiler : 한국인이 만든 추론 방법론으로 AI Agent를 만듭니다. 역시 '빨리빨리',"Mar 26, 2025",1243,0
2023-07-03,PSTsSCvuoMk,LLMCompiler : 한국인이 만든 추론 방법론으로 AI Agent를 만듭니다. 역시 '빨리빨리',"Mar 26, 2025",1243,0
2023-07-04,PSTsSCvuoMk,LLMCompiler : 한국인이 만든 추론 방법론으로 AI Agent를 만듭니다. 역시 '빨리빨리',"Mar 26, 2025",1243,0
2023-07-05,PSTsSCvuoMk,LLMCompiler : 한국인이 만든 추론 방법론으로 AI Agent를 만듭니다. 역시 '빨리빨리',"Mar 26, 2025",1243,0
2023-07-06,PSTsSCvuoMk,LLMCompiler : 한국인이 만든 추론 방법론으로 AI Agent를 만듭니다. 역시 '빨리빨리',"Mar 26, 2025",1243,0
2023-07-07,PSTsSCvuoMk,LLMCompiler : 한국인이 만든 추론 방법론으로 AI Agent를 만듭니다. 역시 '빨리빨리',"Mar 26, 2025",1243,0
2023-07-08,PSTsSCvuoMk,LLMCompiler : 한국인이 만든 추론 방법론으로 AI Agent를 만듭니다. 역시 '빨리빨리',"Mar 26, 2025",1243,0
2023-07-09,PSTsSCvuoMk,LLMCompiler : 한국인이 만든 추론 방법론으로 AI Agent를 만듭니다. 역시 '빨리빨리',"Mar 26, 2025",1243,0
2023-07-10,PSTsSCvuoMk,LLMCompiler : 한국인이 만든 추론 방법론으로 AI Agent를 만듭니다. 역시 '빨리빨리',"Mar 26, 2025",1243,0
2023-07-11,PSTsSCvuoMk,LLMCompiler : 한국인이 만든 추론 방법론으로 AI Agent를 만듭니다. 역시 '빨리빨리',"Mar 26, 2025",1243,0
2023-07-12,PSTsSCvuoMk,LLMCompiler : 한국인이 만든 추론 방법론으로 AI Agent를 만듭니다. 역시 '빨리빨리',"Mar 26, 2025",1243,0
2023-07-13,PSTsSCvuoMk,LLMCompiler : 한국인이 만든 추론 방법론으로 AI Agent를 만듭니다. 역시 '빨리빨리',"Mar 26, 2025",1243,0
2023-07-14,PSTsSCvuoMk,LLMCompiler : 한국인이 만든 추론 방법론으로 AI Agent를 만듭니다. 역시 '빨리빨리',"Mar 26, 2025",1243,0
2023-07-15,PSTsSCvuoMk,LLMCompiler : 한국인이 만든 추론 방법론으로 AI Agent를 만듭니다. 역시 '빨리빨리',"Mar 26, 2025",1243,0
2023-07-16,PSTsSCvuoMk,LLMCompiler : 한국인이 만든 추론 방법론으로 AI Agent를 만듭니다. 역시 '빨리빨리',"Mar 26, 2025",1243,0
2023-07-17,PSTsSCvuoMk,LLMCompiler : 한국인이 만든 추론 방법론으로 AI Agent를 만듭니다. 역시 '빨리빨리',"Mar 26, 2025",1243,0
2023-07-18,PSTsSCvuoMk,LLMCompiler : 한국인이 만든 추론 방법론으로 AI Agent를 만듭니다. 역시 '빨리빨리',"Mar 26, 2025",1243,0
2023-07-19,PSTsSCvuoMk,LLMCompiler : 한국인이 만든 추론 방법론으로 AI Agent를 만듭니다. 역시 '빨리빨리',"Mar 26, 2025",1243,0
2023-07-20,PSTsSCvuoMk,LLMCompiler : 한국인이 만든 추론 방법론으로 AI Agent를 만듭니다. 역시 '빨리빨리',"Mar 26, 2025",1243,0
2023-07-21,PSTsSCvuoMk,LLMCompiler : 한국인이 만든 추론 방법론으로 AI Agent를 만듭니다. 역시 '빨리빨리',"Mar 26, 2025",1243,0
2023-07-22,PSTsSCvuoMk,LLMCompiler : 한국인이 만든 추론 방법론으로 AI Agent를 만듭니다. 역시 '빨리빨리',"Mar 26, 2025",1243,0
2023-07-23,PSTsSCvuoMk,LLMCompiler : 한국인이 만든 추론 방법론으로 AI Agent를 만듭니다. 역시 '빨리빨리',"Mar 26, 2025",1243,0
2023-07-24,PSTsSCvuoMk,LLMCompiler : 한국인이 만든 추론 방법론으로 AI Agent를 만듭니다. 역시 '빨리빨리',"Mar 26, 2025",1243,0
2023-07-25,PSTsSCvuoMk,LLMCompiler : 한국인이 만든 추론 방법론으로 AI Agent를 만듭니다. 역시 '빨리빨리',"Mar 26, 2025",1243,0
2023-07-26,PSTsSCvuoMk,LLMCompiler : 한국인이 만든 추론 방법론으로 AI Agent를 만듭니다. 역시 '빨리빨리',"Mar 26, 2025",1243,0
2023-07-27,PSTsSCvuoMk,LLMCompiler : 한국인이 만든 추론 방법론으로 AI Agent를 만듭니다. 역시 '빨리빨리',"Mar 26, 2025",1243,0
2023-07-28,PSTsSCvuoMk,LLMCompiler : 한국인이 만든 추론 방법론으로 AI Agent를 만듭니다. 역시 '빨리빨리',"Mar 26, 2025",1243,0
2023-07-29,PSTsSCvuoMk,LLMCompiler : 한국인이 만든 추론 방법론으로 AI Agent를 만듭니다. 역시 '빨리빨리',"Mar 26, 2025",1243,0
2023-07-30,PSTsSCvuoMk,LLMCompiler : 한국인이 만든 추론 방법론으로 AI Agent를 만듭니다. 역시 '빨리빨리',"Mar 26, 2025",1243,0
2023-07-31,PSTsSCvuoMk,LLMCompiler : 한국인이 만든 추론 방법론으로 AI Agent를 만듭니다. 역시 '빨리빨리',"Mar 26, 2025",1243,0
2023-08-01,PSTsSCvuoMk,LLMCompiler : 한국인이 만든 추론 방법론으로 AI Agent를 만듭니다. 역시 '빨리빨리',"Mar 26, 2025",1243,0
2023-08-02,PSTsSCvuoMk,LLMCompiler : 한국인이 만든 추론 방법론으로 AI Agent를 만듭니다. 역시 '빨리빨리',"Mar 26, 2025",1243,0
2023-08-03,PSTsSCvuoMk,LLMCompiler : 한국인이 만든 추론 방법론으로 AI Agent를 만듭니다. 역시 '빨리빨리',"Mar 26, 2025",1243,0
2023-08-04,PSTsSCvuoMk,LLMCompiler : 한국인이 만든 추론 방법론으로 AI Agent를 만듭니다. 역시 '빨리빨리',"Mar 26, 2025",1243,0
2023-08-05,PSTsSCvuoMk,LLMCompiler : 한국인이 만든 추론 방법론으로 AI Agent를 만듭니다. 역시 '빨리빨리',"Mar 26, 2025",1243,0
2023-08-06,PSTsSCvuoMk,LLMCompiler : 한국인이 만든 추론 방법론으로 AI Agent를 만듭니다. 역시 '빨리빨리',"Mar 26, 2025",1243,0
2023-08-07,PSTsSCvuoMk,LLMCompiler : 한국인이 만든 추론 방법론으로 AI Agent를 만듭니다. 역시 '빨리빨리',"Mar 26, 2025",1243,0
2023-08-08,PSTsSCvuoMk,LLMCompiler : 한국인이 만든 추론 방법론으로 AI Agent를 만듭니다. 역시 '빨리빨리',"Mar 26, 2025",1243,0
2023-08-09,PSTsSCvuoMk,LLMCompiler : 한국인이 만든 추론 방법론으로 AI Agent를 만듭니다. 역시 '빨리빨리',"Mar 26, 2025",1243,0
2023-08-10,PSTsSCvuoMk,LLMCompiler : 한국인이 만든 추론 방법론으로 AI Agent를 만듭니다. 역시 '빨리빨리',"Mar 26, 2025",1243,0
2023-08-11,PSTsSCvuoMk,LLMCompiler : 한국인이 만든 추론 방법론으로 AI Agent를 만듭니다. 역시 '빨리빨리',"Mar 26, 2025",1243,0
2023-08-12,PSTsSCvuoMk,LLMCompiler : 한국인이 만든 추론 방법론으로 AI Agent를 만듭니다. 역시 '빨리빨리',"Mar 26, 2025",1243,0
2023-08-13,PSTsSCvuoMk,LLMCompiler : 한국인이 만든 추론 방법론으로 AI Agent를 만듭니다. 역시 '빨리빨리',"Mar 26, 2025",1243,0
2023-08-14,PSTsSCvuoMk,LLMCompiler : 한국인이 만든 추론 방법론으로 AI Agent를 만듭니다. 역시 '빨리빨리',"Mar 26, 2025",1243,0
2023-08-15,PSTsSCvuoMk,LLMCompiler : 한국인이 만든 추론 방법론으로 AI Agent를 만듭니다. 역시 '빨리빨리',"Mar 26, 2025",1243,0
2023-08-16,PSTsSCvuoMk,LLMCompiler : 한국인이 만든 추론 방법론으로 AI Agent를 만듭니다. 역시 '빨리빨리',"Mar 26, 2025",1243,0
2023-08-17,PSTsSCvuoMk,LLMCompiler : 한국인이 만든 추론 방법론으로 AI Agent를 만듭니다. 역시 '빨리빨리',"Mar 26, 2025",1243,0
2023-08-18,PSTsSCvuoMk,LLMCompiler : 한국인이 만든 추론 방법론으로 AI Agent를 만듭니다. 역시 '빨리빨리',"Mar 26, 2025",1243,0
2023-08-19,PSTsSCvuoMk,LLMCompiler : 한국인이 만든 추론 방법론으로 AI Agent를 만듭니다. 역시 '빨리빨리',"Mar 26, 2025",1243,0
2023-08-20,PSTsSCvuoMk,LLMCompiler : 한국인이 만든 추론 방법론으로 AI Agent를 만듭니다. 역시 '빨리빨리',"Mar 26, 2025",1243,0
2023-08-21,PSTsSCvuoMk,LLMCompiler : 한국인이 만든 추론 방법론으로 AI Agent를 만듭니다. 역시 '빨리빨리',"Mar 26, 2025",1243,0
2023-08-22,PSTsSCvuoMk,LLMCompiler : 한국인이 만든 추론 방법론으로 AI Agent를 만듭니다. 역시 '빨리빨리',"Mar 26, 2025",1243,0
2023-08-23,PSTsSCvuoMk,LLMCompiler : 한국인이 만든 추론 방법론으로 AI Agent를 만듭니다. 역시 '빨리빨리',"Mar 26, 2025",1243,0
2023-08-24,PSTsSCvuoMk,LLMCompiler : 한국인이 만든 추론 방법론으로 AI Agent를 만듭니다. 역시 '빨리빨리',"Mar 26, 2025",1243,0
2023-08-25,PSTsSCvuoMk,LLMCompiler : 한국인이 만든 추론 방법론으로 AI Agent를 만듭니다. 역시 '빨리빨리',"Mar 26, 2025",1243,0
2023-08-26,PSTsSCvuoMk,LLMCompiler : 한국인이 만든 추론 방법론으로 AI Agent를 만듭니다. 역시 '빨리빨리',"Mar 26, 2025",1243,0
2023-08-27,PSTsSCvuoMk,LLMCompiler : 한국인이 만든 추론 방법론으로 AI Agent를 만듭니다. 역시 '빨리빨리',"Mar 26, 2025",1243,0
2023-08-28,PSTsSCvuoMk,LLMCompiler : 한국인이 만든 추론 방법론으로 AI Agent를 만듭니다. 역시 '빨리빨리',"Mar 26, 2025",1243,0
2023-08-29,PSTsSCvuoMk,LLMCompiler : 한국인이 만든 추론 방법론으로 AI Agent를 만듭니다. 역시 '빨리빨리',"Mar 26, 2025",1243,0
2023-08-30,PSTsSCvuoMk,LLMCompiler : 한국인이 만든 추론 방법론으로 AI Agent를 만듭니다. 역시 '빨리빨리',"Mar 26, 2025",1243,0
2023-08-31,PSTsSCvuoMk,LLMCompiler : 한국인이 만든 추론 방법론으로 AI Agent를 만듭니다. 역시 '빨리빨리',"Mar 26, 2025",1243,0
2023-09-01,PSTsSCvuoMk,LLMCompiler : 한국인이 만든 추론 방법론으로 AI Agent를 만듭니다. 역시 '빨리빨리',"Mar 26, 2025",1243,0
2023-09-02,PSTsSCvuoMk,LLMCompiler : 한국인이 만든 추론 방법론으로 AI Agent를 만듭니다. 역시 '빨리빨리',"Mar 26, 2025",1243,0
2023-09-03,PSTsSCvuoMk,LLMCompiler : 한국인이 만든 추론 방법론으로 AI Agent를 만듭니다. 역시 '빨리빨리',"Mar 26, 2025",1243,0
2023-09-04,PSTsSCvuoMk,LLMCompiler : 한국인이 만든 추론 방법론으로 AI Agent를 만듭니다. 역시 '빨리빨리',"Mar 26, 2025",1243,0
2023-09-05,PSTsSCvuoMk,LLMCompiler : 한국인이 만든 추론 방법론으로 AI Agent를 만듭니다. 역시 '빨리빨리',"Mar 26, 2025",1243,0
2023-09-06,PSTsSCvuoMk,LLMCompiler : 한국인이 만든 추론 방법론으로 AI Agent를 만듭니다. 역시 '빨리빨리',"Mar 26, 2025",1243,0
2023-09-07,PSTsSCvuoMk,LLMCompiler : 한국인이 만든 추론 방법론으로 AI Agent를 만듭니다. 역시 '빨리빨리',"Mar 26, 2025",1243,0
2023-09-08,PSTsSCvuoMk,LLMCompiler : 한국인이 만든 추론 방법론으로 AI Agent를 만듭니다. 역시 '빨리빨리',"Mar 26, 2025",1243,0
2023-09-09,PSTsSCvuoMk,LLMCompiler : 한국인이 만든 추론 방법론으로 AI Agent를 만듭니다. 역시 '빨리빨리',"Mar 26, 2025",1243,0
2023-09-10,PSTsSCvuoMk,LLMCompiler : 한국인이 만든 추론 방법론으로 AI Agent를 만듭니다. 역시 '빨리빨리',"Mar 26, 2025",1243,0
2023-09-11,PSTsSCvuoMk,LLMCompiler : 한국인이 만든 추론 방법론으로 AI Agent를 만듭니다. 역시 '빨리빨리',"Mar 26, 2025",1243,0
2023-09-12,PSTsSCvuoMk,LLMCompiler : 한국인이 만든 추론 방법론으로 AI Agent를 만듭니다. 역시 '빨리빨리',"Mar 26, 2025",1243,0
2023-09-13,PSTsSCvuoMk,LLMCompiler : 한국인이 만든 추론 방법론으로 AI Agent를 만듭니다. 역시 '빨리빨리',"Mar 26, 2025",1243,0
2023-09-14,PSTsSCvuoMk,LLMCompiler : 한국인이 만든 추론 방법론으로 AI Agent를 만듭니다. 역시 '빨리빨리',"Mar 26, 2025",1243,0
2023-09-15,PSTsSCvuoMk,LLMCompiler : 한국인이 만든 추론 방법론으로 AI Agent를 만듭니다. 역시 '빨리빨리',"Mar 26, 2025",1243,0
2023-09-16,PSTsSCvuoMk,LLMCompiler : 한국인이 만든 추론 방법론으로 AI Agent를 만듭니다. 역시 '빨리빨리',"Mar 26, 2025",1243,0
2023-09-17,PSTsSCvuoMk,LLMCompiler : 한국인이 만든 추론 방법론으로 AI Agent를 만듭니다. 역시 '빨리빨리',"Mar 26, 2025",1243,0
2023-09-18,PSTsSCvuoMk,LLMCompiler : 한국인이 만든 추론 방법론으로 AI Agent를 만듭니다. 역시 '빨리빨리',"Mar 26, 2025",1243,0
2023-09-19,PSTsSCvuoMk,LLMCompiler : 한국인이 만든 추론 방법론으로 AI Agent를 만듭니다. 역시 '빨리빨리',"Mar 26, 2025",1243,0
2023-09-20,PSTsSCvuoMk,LLMCompiler : 한국인이 만든 추론 방법론으로 AI Agent를 만듭니다. 역시 '빨리빨리',"Mar 26, 2025",1243,0
2023-09-21,PSTsSCvuoMk,LLMCompiler : 한국인이 만든 추론 방법론으로 AI Agent를 만듭니다. 역시 '빨리빨리',"Mar 26, 2025",1243,0
2023-09-22,PSTsSCvuoMk,LLMCompiler : 한국인이 만든 추론 방법론으로 AI Agent를 만듭니다. 역시 '빨리빨리',"Mar 26, 2025",1243,0
2023-09-23,PSTsSCvuoMk,LLMCompiler : 한국인이 만든 추론 방법론으로 AI Agent를 만듭니다. 역시 '빨리빨리',"Mar 26, 2025",1243,0
2023-09-24,PSTsSCvuoMk,LLMCompiler : 한국인이 만든 추론 방법론으로 AI Agent를 만듭니다. 역시 '빨리빨리',"Mar 26, 2025",1243,0
2023-09-25,PSTsSCvuoMk,LLMCompiler : 한국인이 만든 추론 방법론으로 AI Agent를 만듭니다. 역시 '빨리빨리',"Mar 26, 2025",1243,0
2023-09-26,PSTsSCvuoMk,LLMCompiler : 한국인이 만든 추론 방법론으로 AI Agent를 만듭니다. 역시 '빨리빨리',"Mar 26, 2025",1243,0
2023-09-27,PSTsSCvuoMk,LLMCompiler : 한국인이 만든 추론 방법론으로 AI Agent를 만듭니다. 역시 '빨리빨리',"Mar 26, 2025",1243,0
2023-09-28,PSTsSCvuoMk,LLMCompiler : 한국인이 만든 추론 방법론으로 AI Agent를 만듭니다. 역시 '빨리빨리',"Mar 26, 2025",1243,0
2023-09-29,PSTsSCvuoMk,LLMCompiler : 한국인이 만든 추론 방법론으로 AI Agent를 만듭니다. 역시 '빨리빨리',"Mar 26, 2025",1243,0
2023-09-30,PSTsSCvuoMk,LLMCompiler : 한국인이 만든 추론 방법론으로 AI Agent를 만듭니다. 역시 '빨리빨리',"Mar 26, 2025",1243,0
2023-10-01,PSTsSCvuoMk,LLMCompiler : 한국인이 만든 추론 방법론으로 AI Agent를 만듭니다. 역시 '빨리빨리',"Mar 26, 2025",1243,0
2023-10-02,PSTsSCvuoMk,LLMCompiler : 한국인이 만든 추론 방법론으로 AI Agent를 만듭니다. 역시 '빨리빨리',"Mar 26, 2025",1243,0
2023-10-03,PSTsSCvuoMk,LLMCompiler : 한국인이 만든 추론 방법론으로 AI Agent를 만듭니다. 역시 '빨리빨리',"Mar 26, 2025",1243,0
2023-10-04,PSTsSCvuoMk,LLMCompiler : 한국인이 만든 추론 방법론으로 AI Agent를 만듭니다. 역시 '빨리빨리',"Mar 26, 2025",1243,0
2023-10-05,PSTsSCvuoMk,LLMCompiler : 한국인이 만든 추론 방법론으로 AI Agent를 만듭니다. 역시 '빨리빨리',"Mar 26, 2025",1243,0
2023-10-06,PSTsSCvuoMk,LLMCompiler : 한국인이 만든 추론 방법론으로 AI Agent를 만듭니다. 역시 '빨리빨리',"Mar 26, 2025",1243,0
2023-10-07,PSTsSCvuoMk,LLMCompiler : 한국인이 만든 추론 방법론으로 AI Agent를 만듭니다. 역시 '빨리빨리',"Mar 26, 2025",1243,0
2023-10-08,PSTsSCvuoMk,LLMCompiler : 한국인이 만든 추론 방법론으로 AI Agent를 만듭니다. 역시 '빨리빨리',"Mar 26, 2025",1243,0
2023-10-09,PSTsSCvuoMk,LLMCompiler : 한국인이 만든 추론 방법론으로 AI Agent를 만듭니다. 역시 '빨리빨리',"Mar 26, 2025",1243,0
2023-10-10,PSTsSCvuoMk,LLMCompiler : 한국인이 만든 추론 방법론으로 AI Agent를 만듭니다. 역시 '빨리빨리',"Mar 26, 2025",1243,0
2023-10-11,PSTsSCvuoMk,LLMCompiler : 한국인이 만든 추론 방법론으로 AI Agent를 만듭니다. 역시 '빨리빨리',"Mar 26, 2025",1243,0
2023-10-12,PSTsSCvuoMk,LLMCompiler : 한국인이 만든 추론 방법론으로 AI Agent를 만듭니다. 역시 '빨리빨리',"Mar 26, 2025",1243,0
2023-10-13,PSTsSCvuoMk,LLMCompiler : 한국인이 만든 추론 방법론으로 AI Agent를 만듭니다. 역시 '빨리빨리',"Mar 26, 2025",1243,0
2023-10-14,PSTsSCvuoMk,LLMCompiler : 한국인이 만든 추론 방법론으로 AI Agent를 만듭니다. 역시 '빨리빨리',"Mar 26, 2025",1243,0
2023-10-15,PSTsSCvuoMk,LLMCompiler : 한국인이 만든 추론 방법론으로 AI Agent를 만듭니다. 역시 '빨리빨리',"Mar 26, 2025",1243,0
2023-10-16,PSTsSCvuoMk,LLMCompiler : 한국인이 만든 추론 방법론으로 AI Agent를 만듭니다. 역시 '빨리빨리',"Mar 26, 2025",1243,0
2023-10-17,PSTsSCvuoMk,LLMCompiler : 한국인이 만든 추론 방법론으로 AI Agent를 만듭니다. 역시 '빨리빨리',"Mar 26, 2025",1243,0
2023-10-18,PSTsSCvuoMk,LLMCompiler : 한국인이 만든 추론 방법론으로 AI Agent를 만듭니다. 역시 '빨리빨리',"Mar 26, 2025",1243,0
2023-10-19,PSTsSCvuoMk,LLMCompiler : 한국인이 만든 추론 방법론으로 AI Agent를 만듭니다. 역시 '빨리빨리',"Mar 26, 2025",1243,0
2023-10-20,PSTsSCvuoMk,LLMCompiler : 한국인이 만든 추론 방법론으로 AI Agent를 만듭니다. 역시 '빨리빨리',"Mar 26, 2025",1243,0
2023-10-21,PSTsSCvuoMk,LLMCompiler : 한국인이 만든 추론 방법론으로 AI Agent를 만듭니다. 역시 '빨리빨리',"Mar 26, 2025",1243,0
2023-10-22,PSTsSCvuoMk,LLMCompiler : 한국인이 만든 추론 방법론으로 AI Agent를 만듭니다. 역시 '빨리빨리',"Mar 26, 2025",1243,0
2023-10-23,PSTsSCvuoMk,LLMCompiler : 한국인이 만든 추론 방법론으로 AI Agent를 만듭니다. 역시 '빨리빨리',"Mar 26, 2025",1243,0
2023-10-24,PSTsSCvuoMk,LLMCompiler : 한국인이 만든 추론 방법론으로 AI Agent를 만듭니다. 역시 '빨리빨리',"Mar 26, 2025",1243,0
2023-10-25,PSTsSCvuoMk,LLMCompiler : 한국인이 만든 추론 방법론으로 AI Agent를 만듭니다. 역시 '빨리빨리',"Mar 26, 2025",1243,0
2023-10-26,PSTsSCvuoMk,LLMCompiler : 한국인이 만든 추론 방법론으로 AI Agent를 만듭니다. 역시 '빨리빨리',"Mar 26, 2025",1243,0
2023-10-27,PSTsSCvuoMk,LLMCompiler : 한국인이 만든 추론 방법론으로 AI Agent를 만듭니다. 역시 '빨리빨리',"Mar 26, 2025",1243,0
2023-10-28,PSTsSCvuoMk,LLMCompiler : 한국인이 만든 추론 방법론으로 AI Agent를 만듭니다. 역시 '빨리빨리',"Mar 26, 2025",1243,0
2023-10-29,PSTsSCvuoMk,LLMCompiler : 한국인이 만든 추론 방법론으로 AI Agent를 만듭니다. 역시 '빨리빨리',"Mar 26, 2025",1243,0
2023-10-30,PSTsSCvuoMk,LLMCompiler : 한국인이 만든 추론 방법론으로 AI Agent를 만듭니다. 역시 '빨리빨리',"Mar 26, 2025",1243,0
2023-10-31,PSTsSCvuoMk,LLMCompiler : 한국인이 만든 추론 방법론으로 AI Agent를 만듭니다. 역시 '빨리빨리',"Mar 26, 2025",1243,0
2023-11-01,PSTsSCvuoMk,LLMCompiler : 한국인이 만든 추론 방법론으로 AI Agent를 만듭니다. 역시 '빨리빨리',"Mar 26, 2025",1243,0
2023-11-02,PSTsSCvuoMk,LLMCompiler : 한국인이 만든 추론 방법론으로 AI Agent를 만듭니다. 역시 '빨리빨리',"Mar 26, 2025",1243,0
2023-11-03,PSTsSCvuoMk,LLMCompiler : 한국인이 만든 추론 방법론으로 AI Agent를 만듭니다. 역시 '빨리빨리',"Mar 26, 2025",1243,0
2023-11-04,PSTsSCvuoMk,LLMCompiler : 한국인이 만든 추론 방법론으로 AI Agent를 만듭니다. 역시 '빨리빨리',"Mar 26, 2025",1243,0
2023-11-05,PSTsSCvuoMk,LLMCompiler : 한국인이 만든 추론 방법론으로 AI Agent를 만듭니다. 역시 '빨리빨리',"Mar 26, 2025",1243,0
2023-11-06,PSTsSCvuoMk,LLMCompiler : 한국인이 만든 추론 방법론으로 AI Agent를 만듭니다. 역시 '빨리빨리',"Mar 26, 2025",1243,0
2023-11-07,PSTsSCvuoMk,LLMCompiler : 한국인이 만든 추론 방법론으로 AI Agent를 만듭니다. 역시 '빨리빨리',"Mar 26, 2025",1243,0
2023-11-08,PSTsSCvuoMk,LLMCompiler : 한국인이 만든 추론 방법론으로 AI Agent를 만듭니다. 역시 '빨리빨리',"Mar 26, 2025",1243,0
2023-11-09,PSTsSCvuoMk,LLMCompiler : 한국인이 만든 추론 방법론으로 AI Agent를 만듭니다. 역시 '빨리빨리',"Mar 26, 2025",1243,0
2023-11-10,PSTsSCvuoMk,LLMCompiler : 한국인이 만든 추론 방법론으로 AI Agent를 만듭니다. 역시 '빨리빨리',"Mar 26, 2025",1243,0
2023-11-11,PSTsSCvuoMk,LLMCompiler : 한국인이 만든 추론 방법론으로 AI Agent를 만듭니다. 역시 '빨리빨리',"Mar 26, 2025",1243,0
2023-11-12,PSTsSCvuoMk,LLMCompiler : 한국인이 만든 추론 방법론으로 AI Agent를 만듭니다. 역시 '빨리빨리',"Mar 26, 2025",1243,0
2023-11-13,PSTsSCvuoMk,LLMCompiler : 한국인이 만든 추론 방법론으로 AI Agent를 만듭니다. 역시 '빨리빨리',"Mar 26, 2025",1243,0
2023-11-14,PSTsSCvuoMk,LLMCompiler : 한국인이 만든 추론 방법론으로 AI Agent를 만듭니다. 역시 '빨리빨리',"Mar 26, 2025",1243,0
2023-11-15,PSTsSCvuoMk,LLMCompiler : 한국인이 만든 추론 방법론으로 AI Agent를 만듭니다. 역시 '빨리빨리',"Mar 26, 2025",1243,0
2023-11-16,PSTsSCvuoMk,LLMCompiler : 한국인이 만든 추론 방법론으로 AI Agent를 만듭니다. 역시 '빨리빨리',"Mar 26, 2025",1243,0
2023-11-17,PSTsSCvuoMk,LLMCompiler : 한국인이 만든 추론 방법론으로 AI Agent를 만듭니다. 역시 '빨리빨리',"Mar 26, 2025",1243,0
2023-11-18,PSTsSCvuoMk,LLMCompiler : 한국인이 만든 추론 방법론으로 AI Agent를 만듭니다. 역시 '빨리빨리',"Mar 26, 2025",1243,0
2023-11-19,PSTsSCvuoMk,LLMCompiler : 한국인이 만든 추론 방법론으로 AI Agent를 만듭니다. 역시 '빨리빨리',"Mar 26, 2025",1243,0
2023-11-20,PSTsSCvuoMk,LLMCompiler : 한국인이 만든 추론 방법론으로 AI Agent를 만듭니다. 역시 '빨리빨리',"Mar 26, 2025",1243,0
2023-11-21,PSTsSCvuoMk,LLMCompiler : 한국인이 만든 추론 방법론으로 AI Agent를 만듭니다. 역시 '빨리빨리',"Mar 26, 2025",1243,0
2023-11-22,PSTsSCvuoMk,LLMCompiler : 한국인이 만든 추론 방법론으로 AI Agent를 만듭니다. 역시 '빨리빨리',"Mar 26, 2025",1243,0
2023-11-23,PSTsSCvuoMk,LLMCompiler : 한국인이 만든 추론 방법론으로 AI Agent를 만듭니다. 역시 '빨리빨리',"Mar 26, 2025",1243,0
2023-11-24,PSTsSCvuoMk,LLMCompiler : 한국인이 만든 추론 방법론으로 AI Agent를 만듭니다. 역시 '빨리빨리',"Mar 26, 2025",1243,0
2023-11-25,PSTsSCvuoMk,LLMCompiler : 한국인이 만든 추론 방법론으로 AI Agent를 만듭니다. 역시 '빨리빨리',"Mar 26, 2025",1243,0
2023-11-26,PSTsSCvuoMk,LLMCompiler : 한국인이 만든 추론 방법론으로 AI Agent를 만듭니다. 역시 '빨리빨리',"Mar 26, 2025",1243,0
2023-11-27,PSTsSCvuoMk,LLMCompiler : 한국인이 만든 추론 방법론으로 AI Agent를 만듭니다. 역시 '빨리빨리',"Mar 26, 2025",1243,0
2023-11-28,PSTsSCvuoMk,LLMCompiler : 한국인이 만든 추론 방법론으로 AI Agent를 만듭니다. 역시 '빨리빨리',"Mar 26, 2025",1243,0
2023-11-29,PSTsSCvuoMk,LLMCompiler : 한국인이 만든 추론 방법론으로 AI Agent를 만듭니다. 역시 '빨리빨리',"Mar 26, 2025",1243,0
2023-11-30,PSTsSCvuoMk,LLMCompiler : 한국인이 만든 추론 방법론으로 AI Agent를 만듭니다. 역시 '빨리빨리',"Mar 26, 2025",1243,0
2023-12-01,PSTsSCvuoMk,LLMCompiler : 한국인이 만든 추론 방법론으로 AI Agent를 만듭니다. 역시 '빨리빨리',"Mar 26, 2025",1243,0
2023-12-02,PSTsSCvuoMk,LLMCompiler : 한국인이 만든 추론 방법론으로 AI Agent를 만듭니다. 역시 '빨리빨리',"Mar 26, 2025",1243,0
2023-12-03,PSTsSCvuoMk,LLMCompiler : 한국인이 만든 추론 방법론으로 AI Agent를 만듭니다. 역시 '빨리빨리',"Mar 26, 2025",1243,0
2023-12-04,PSTsSCvuoMk,LLMCompiler : 한국인이 만든 추론 방법론으로 AI Agent를 만듭니다. 역시 '빨리빨리',"Mar 26, 2025",1243,0
2023-12-05,PSTsSCvuoMk,LLMCompiler : 한국인이 만든 추론 방법론으로 AI Agent를 만듭니다. 역시 '빨리빨리',"Mar 26, 2025",1243,0
2023-12-06,PSTsSCvuoMk,LLMCompiler : 한국인이 만든 추론 방법론으로 AI Agent를 만듭니다. 역시 '빨리빨리',"Mar 26, 2025",1243,0
2023-12-07,PSTsSCvuoMk,LLMCompiler : 한국인이 만든 추론 방법론으로 AI Agent를 만듭니다. 역시 '빨리빨리',"Mar 26, 2025",1243,0
2023-12-08,PSTsSCvuoMk,LLMCompiler : 한국인이 만든 추론 방법론으로 AI Agent를 만듭니다. 역시 '빨리빨리',"Mar 26, 2025",1243,0
2023-12-09,PSTsSCvuoMk,LLMCompiler : 한국인이 만든 추론 방법론으로 AI Agent를 만듭니다. 역시 '빨리빨리',"Mar 26, 2025",1243,0
2023-12-10,PSTsSCvuoMk,LLMCompiler : 한국인이 만든 추론 방법론으로 AI Agent를 만듭니다. 역시 '빨리빨리',"Mar 26, 2025",1243,0
2023-12-11,PSTsSCvuoMk,LLMCompiler : 한국인이 만든 추론 방법론으로 AI Agent를 만듭니다. 역시 '빨리빨리',"Mar 26, 2025",1243,0
2023-12-12,PSTsSCvuoMk,LLMCompiler : 한국인이 만든 추론 방법론으로 AI Agent를 만듭니다. 역시 '빨리빨리',"Mar 26, 2025",1243,0
2023-12-13,PSTsSCvuoMk,LLMCompiler : 한국인이 만든 추론 방법론으로 AI Agent를 만듭니다. 역시 '빨리빨리',"Mar 26, 2025",1243,0
2023-12-14,PSTsSCvuoMk,LLMCompiler : 한국인이 만든 추론 방법론으로 AI Agent를 만듭니다. 역시 '빨리빨리',"Mar 26, 2025",1243,0
2023-12-15,PSTsSCvuoMk,LLMCompiler : 한국인이 만든 추론 방법론으로 AI Agent를 만듭니다. 역시 '빨리빨리',"Mar 26, 2025",1243,0
2023-12-16,PSTsSCvuoMk,LLMCompiler : 한국인이 만든 추론 방법론으로 AI Agent를 만듭니다. 역시 '빨리빨리',"Mar 26, 2025",1243,0
2023-12-17,PSTsSCvuoMk,LLMCompiler : 한국인이 만든 추론 방법론으로 AI Agent를 만듭니다. 역시 '빨리빨리',"Mar 26, 2025",1243,0
2023-12-18,PSTsSCvuoMk,LLMCompiler : 한국인이 만든 추론 방법론으로 AI Agent를 만듭니다. 역시 '빨리빨리',"Mar 26, 2025",1243,0
2023-12-19,PSTsSCvuoMk,LLMCompiler : 한국인이 만든 추론 방법론으로 AI Agent를 만듭니다. 역시 '빨리빨리',"Mar 26, 2025",1243,0
2023-12-20,PSTsSCvuoMk,LLMCompiler : 한국인이 만든 추론 방법론으로 AI Agent를 만듭니다. 역시 '빨리빨리',"Mar 26, 2025",1243,0
2023-12-21,PSTsSCvuoMk,LLMCompiler : 한국인이 만든 추론 방법론으로 AI Agent를 만듭니다. 역시 '빨리빨리',"Mar 26, 2025",1243,0
2023-12-22,PSTsSCvuoMk,LLMCompiler : 한국인이 만든 추론 방법론으로 AI Agent를 만듭니다. 역시 '빨리빨리',"Mar 26, 2025",1243,0
2023-12-23,PSTsSCvuoMk,LLMCompiler : 한국인이 만든 추론 방법론으로 AI Agent를 만듭니다. 역시 '빨리빨리',"Mar 26, 2025",1243,0
2023-12-24,PSTsSCvuoMk,LLMCompiler : 한국인이 만든 추론 방법론으로 AI Agent를 만듭니다. 역시 '빨리빨리',"Mar 26, 2025",1243,0
2023-12-25,PSTsSCvuoMk,LLMCompiler : 한국인이 만든 추론 방법론으로 AI Agent를 만듭니다. 역시 '빨리빨리',"Mar 26, 2025",1243,0
2023-12-26,PSTsSCvuoMk,LLMCompiler : 한국인이 만든 추론 방법론으로 AI Agent를 만듭니다. 역시 '빨리빨리',"Mar 26, 2025",1243,0
2023-12-27,PSTsSCvuoMk,LLMCompiler : 한국인이 만든 추론 방법론으로 AI Agent를 만듭니다. 역시 '빨리빨리',"Mar 26, 2025",1243,0
2023-12-28,PSTsSCvuoMk,LLMCompiler : 한국인이 만든 추론 방법론으로 AI Agent를 만듭니다. 역시 '빨리빨리',"Mar 26, 2025",1243,0
2023-12-29,PSTsSCvuoMk,LLMCompiler : 한국인이 만든 추론 방법론으로 AI Agent를 만듭니다. 역시 '빨리빨리',"Mar 26, 2025",1243,0
2023-12-30,PSTsSCvuoMk,LLMCompiler : 한국인이 만든 추론 방법론으로 AI Agent를 만듭니다. 역시 '빨리빨리',"Mar 26, 2025",1243,0
2023-12-31,PSTsSCvuoMk,LLMCompiler : 한국인이 만든 추론 방법론으로 AI Agent를 만듭니다. 역시 '빨리빨리',"Mar 26, 2025",1243,0
2024-01-01,PSTsSCvuoMk,LLMCompiler : 한국인이 만든 추론 방법론으로 AI Agent를 만듭니다. 역시 '빨리빨리',"Mar 26, 2025",1243,0
2024-01-02,PSTsSCvuoMk,LLMCompiler : 한국인이 만든 추론 방법론으로 AI Agent를 만듭니다. 역시 '빨리빨리',"Mar 26, 2025",1243,0
2024-01-03,PSTsSCvuoMk,LLMCompiler : 한국인이 만든 추론 방법론으로 AI Agent를 만듭니다. 역시 '빨리빨리',"Mar 26, 2025",1243,0
2024-01-04,PSTsSCvuoMk,LLMCompiler : 한국인이 만든 추론 방법론으로 AI Agent를 만듭니다. 역시 '빨리빨리',"Mar 26, 2025",1243,0
2024-01-05,PSTsSCvuoMk,LLMCompiler : 한국인이 만든 추론 방법론으로 AI Agent를 만듭니다. 역시 '빨리빨리',"Mar 26, 2025",1243,0
2024-01-06,PSTsSCvuoMk,LLMCompiler : 한국인이 만든 추론 방법론으로 AI Agent를 만듭니다. 역시 '빨리빨리',"Mar 26, 2025",1243,0
2024-01-07,PSTsSCvuoMk,LLMCompiler : 한국인이 만든 추론 방법론으로 AI Agent를 만듭니다. 역시 '빨리빨리',"Mar 26, 2025",1243,0
2024-01-08,PSTsSCvuoMk,LLMCompiler : 한국인이 만든 추론 방법론으로 AI Agent를 만듭니다. 역시 '빨리빨리',"Mar 26, 2025",1243,0
2024-01-09,PSTsSCvuoMk,LLMCompiler : 한국인이 만든 추론 방법론으로 AI Agent를 만듭니다. 역시 '빨리빨리',"Mar 26, 2025",1243,0
2024-01-10,PSTsSCvuoMk,LLMCompiler : 한국인이 만든 추론 방법론으로 AI Agent를 만듭니다. 역시 '빨리빨리',"Mar 26, 2025",1243,0
2024-01-11,PSTsSCvuoMk,LLMCompiler : 한국인이 만든 추론 방법론으로 AI Agent를 만듭니다. 역시 '빨리빨리',"Mar 26, 2025",1243,0
2024-01-12,PSTsSCvuoMk,LLMCompiler : 한국인이 만든 추론 방법론으로 AI Agent를 만듭니다. 역시 '빨리빨리',"Mar 26, 2025",1243,0
2024-01-13,PSTsSCvuoMk,LLMCompiler : 한국인이 만든 추론 방법론으로 AI Agent를 만듭니다. 역시 '빨리빨리',"Mar 26, 2025",1243,0
2024-01-14,PSTsSCvuoMk,LLMCompiler : 한국인이 만든 추론 방법론으로 AI Agent를 만듭니다. 역시 '빨리빨리',"Mar 26, 2025",1243,0
2024-01-15,PSTsSCvuoMk,LLMCompiler : 한국인이 만든 추론 방법론으로 AI Agent를 만듭니다. 역시 '빨리빨리',"Mar 26, 2025",1243,0
2024-01-16,PSTsSCvuoMk,LLMCompiler : 한국인이 만든 추론 방법론으로 AI Agent를 만듭니다. 역시 '빨리빨리',"Mar 26, 2025",1243,0
2024-01-17,PSTsSCvuoMk,LLMCompiler : 한국인이 만든 추론 방법론으로 AI Agent를 만듭니다. 역시 '빨리빨리',"Mar 26, 2025",1243,0
2024-01-18,PSTsSCvuoMk,LLMCompiler : 한국인이 만든 추론 방법론으로 AI Agent를 만듭니다. 역시 '빨리빨리',"Mar 26, 2025",1243,0
2024-01-19,PSTsSCvuoMk,LLMCompiler : 한국인이 만든 추론 방법론으로 AI Agent를 만듭니다. 역시 '빨리빨리',"Mar 26, 2025",1243,0
2024-01-20,PSTsSCvuoMk,LLMCompiler : 한국인이 만든 추론 방법론으로 AI Agent를 만듭니다. 역시 '빨리빨리',"Mar 26, 2025",1243,0
2024-01-21,PSTsSCvuoMk,LLMCompiler : 한국인이 만든 추론 방법론으로 AI Agent를 만듭니다. 역시 '빨리빨리',"Mar 26, 2025",1243,0
2024-01-22,PSTsSCvuoMk,LLMCompiler : 한국인이 만든 추론 방법론으로 AI Agent를 만듭니다. 역시 '빨리빨리',"Mar 26, 2025",1243,0
2024-01-23,PSTsSCvuoMk,LLMCompiler : 한국인이 만든 추론 방법론으로 AI Agent를 만듭니다. 역시 '빨리빨리',"Mar 26, 2025",1243,0
2024-01-24,PSTsSCvuoMk,LLMCompiler : 한국인이 만든 추론 방법론으로 AI Agent를 만듭니다. 역시 '빨리빨리',"Mar 26, 2025",1243,0
2024-01-25,PSTsSCvuoMk,LLMCompiler : 한국인이 만든 추론 방법론으로 AI Agent를 만듭니다. 역시 '빨리빨리',"Mar 26, 2025",1243,0
2024-01-26,PSTsSCvuoMk,LLMCompiler : 한국인이 만든 추론 방법론으로 AI Agent를 만듭니다. 역시 '빨리빨리',"Mar 26, 2025",1243,0
2024-01-27,PSTsSCvuoMk,LLMCompiler : 한국인이 만든 추론 방법론으로 AI Agent를 만듭니다. 역시 '빨리빨리',"Mar 26, 2025",1243,0
2024-01-28,PSTsSCvuoMk,LLMCompiler : 한국인이 만든 추론 방법론으로 AI Agent를 만듭니다. 역시 '빨리빨리',"Mar 26, 2025",1243,0
2024-01-29,PSTsSCvuoMk,LLMCompiler : 한국인이 만든 추론 방법론으로 AI Agent를 만듭니다. 역시 '빨리빨리',"Mar 26, 2025",1243,0
2024-01-30,PSTsSCvuoMk,LLMCompiler : 한국인이 만든 추론 방법론으로 AI Agent를 만듭니다. 역시 '빨리빨리',"Mar 26, 2025",1243,0
2024-01-31,PSTsSCvuoMk,LLMCompiler : 한국인이 만든 추론 방법론으로 AI Agent를 만듭니다. 역시 '빨리빨리',"Mar 26, 2025",1243,0
2024-02-01,PSTsSCvuoMk,LLMCompiler : 한국인이 만든 추론 방법론으로 AI Agent를 만듭니다. 역시 '빨리빨리',"Mar 26, 2025",1243,0
2024-02-02,PSTsSCvuoMk,LLMCompiler : 한국인이 만든 추론 방법론으로 AI Agent를 만듭니다. 역시 '빨리빨리',"Mar 26, 2025",1243,0
2024-02-03,PSTsSCvuoMk,LLMCompiler : 한국인이 만든 추론 방법론으로 AI Agent를 만듭니다. 역시 '빨리빨리',"Mar 26, 2025",1243,0
2024-02-04,PSTsSCvuoMk,LLMCompiler : 한국인이 만든 추론 방법론으로 AI Agent를 만듭니다. 역시 '빨리빨리',"Mar 26, 2025",1243,0
2024-02-05,PSTsSCvuoMk,LLMCompiler : 한국인이 만든 추론 방법론으로 AI Agent를 만듭니다. 역시 '빨리빨리',"Mar 26, 2025",1243,0
2024-02-06,PSTsSCvuoMk,LLMCompiler : 한국인이 만든 추론 방법론으로 AI Agent를 만듭니다. 역시 '빨리빨리',"Mar 26, 2025",1243,0
2024-02-07,PSTsSCvuoMk,LLMCompiler : 한국인이 만든 추론 방법론으로 AI Agent를 만듭니다. 역시 '빨리빨리',"Mar 26, 2025",1243,0
2024-02-08,PSTsSCvuoMk,LLMCompiler : 한국인이 만든 추론 방법론으로 AI Agent를 만듭니다. 역시 '빨리빨리',"Mar 26, 2025",1243,0
2024-02-09,PSTsSCvuoMk,LLMCompiler : 한국인이 만든 추론 방법론으로 AI Agent를 만듭니다. 역시 '빨리빨리',"Mar 26, 2025",1243,0
2024-02-10,PSTsSCvuoMk,LLMCompiler : 한국인이 만든 추론 방법론으로 AI Agent를 만듭니다. 역시 '빨리빨리',"Mar 26, 2025",1243,0
2024-02-11,PSTsSCvuoMk,LLMCompiler : 한국인이 만든 추론 방법론으로 AI Agent를 만듭니다. 역시 '빨리빨리',"Mar 26, 2025",1243,0
2024-02-12,PSTsSCvuoMk,LLMCompiler : 한국인이 만든 추론 방법론으로 AI Agent를 만듭니다. 역시 '빨리빨리',"Mar 26, 2025",1243,0
2024-02-13,PSTsSCvuoMk,LLMCompiler : 한국인이 만든 추론 방법론으로 AI Agent를 만듭니다. 역시 '빨리빨리',"Mar 26, 2025",1243,0
2024-02-14,PSTsSCvuoMk,LLMCompiler : 한국인이 만든 추론 방법론으로 AI Agent를 만듭니다. 역시 '빨리빨리',"Mar 26, 2025",1243,0
2024-02-15,PSTsSCvuoMk,LLMCompiler : 한국인이 만든 추론 방법론으로 AI Agent를 만듭니다. 역시 '빨리빨리',"Mar 26, 2025",1243,0
2024-02-16,PSTsSCvuoMk,LLMCompiler : 한국인이 만든 추론 방법론으로 AI Agent를 만듭니다. 역시 '빨리빨리',"Mar 26, 2025",1243,0
2024-02-17,PSTsSCvuoMk,LLMCompiler : 한국인이 만든 추론 방법론으로 AI Agent를 만듭니다. 역시 '빨리빨리',"Mar 26, 2025",1243,0
2024-02-18,PSTsSCvuoMk,LLMCompiler : 한국인이 만든 추론 방법론으로 AI Agent를 만듭니다. 역시 '빨리빨리',"Mar 26, 2025",1243,0
2024-02-19,PSTsSCvuoMk,LLMCompiler : 한국인이 만든 추론 방법론으로 AI Agent를 만듭니다. 역시 '빨리빨리',"Mar 26, 2025",1243,0
2024-02-20,PSTsSCvuoMk,LLMCompiler : 한국인이 만든 추론 방법론으로 AI Agent를 만듭니다. 역시 '빨리빨리',"Mar 26, 2025",1243,0
2024-02-21,PSTsSCvuoMk,LLMCompiler : 한국인이 만든 추론 방법론으로 AI Agent를 만듭니다. 역시 '빨리빨리',"Mar 26, 2025",1243,0
2024-02-22,PSTsSCvuoMk,LLMCompiler : 한국인이 만든 추론 방법론으로 AI Agent를 만듭니다. 역시 '빨리빨리',"Mar 26, 2025",1243,0
2024-02-23,PSTsSCvuoMk,LLMCompiler : 한국인이 만든 추론 방법론으로 AI Agent를 만듭니다. 역시 '빨리빨리',"Mar 26, 2025",1243,0
2024-02-24,PSTsSCvuoMk,LLMCompiler : 한국인이 만든 추론 방법론으로 AI Agent를 만듭니다. 역시 '빨리빨리',"Mar 26, 2025",1243,0
2024-02-25,PSTsSCvuoMk,LLMCompiler : 한국인이 만든 추론 방법론으로 AI Agent를 만듭니다. 역시 '빨리빨리',"Mar 26, 2025",1243,0
2024-02-26,PSTsSCvuoMk,LLMCompiler : 한국인이 만든 추론 방법론으로 AI Agent를 만듭니다. 역시 '빨리빨리',"Mar 26, 2025",1243,0
2024-02-27,PSTsSCvuoMk,LLMCompiler : 한국인이 만든 추론 방법론으로 AI Agent를 만듭니다. 역시 '빨리빨리',"Mar 26, 2025",1243,0
2024-02-28,PSTsSCvuoMk,LLMCompiler : 한국인이 만든 추론 방법론으로 AI Agent를 만듭니다. 역시 '빨리빨리',"Mar 26, 2025",1243,0
2024-02-29,PSTsSCvuoMk,LLMCompiler : 한국인이 만든 추론 방법론으로 AI Agent를 만듭니다. 역시 '빨리빨리',"Mar 26, 2025",1243,0
2024-03-01,PSTsSCvuoMk,LLMCompiler : 한국인이 만든 추론 방법론으로 AI Agent를 만듭니다. 역시 '빨리빨리',"Mar 26, 2025",1243,0
2024-03-02,PSTsSCvuoMk,LLMCompiler : 한국인이 만든 추론 방법론으로 AI Agent를 만듭니다. 역시 '빨리빨리',"Mar 26, 2025",1243,0
2024-03-03,PSTsSCvuoMk,LLMCompiler : 한국인이 만든 추론 방법론으로 AI Agent를 만듭니다. 역시 '빨리빨리',"Mar 26, 2025",1243,0
2024-03-04,PSTsSCvuoMk,LLMCompiler : 한국인이 만든 추론 방법론으로 AI Agent를 만듭니다. 역시 '빨리빨리',"Mar 26, 2025",1243,0
2024-03-05,PSTsSCvuoMk,LLMCompiler : 한국인이 만든 추론 방법론으로 AI Agent를 만듭니다. 역시 '빨리빨리',"Mar 26, 2025",1243,0
2024-03-06,PSTsSCvuoMk,LLMCompiler : 한국인이 만든 추론 방법론으로 AI Agent를 만듭니다. 역시 '빨리빨리',"Mar 26, 2025",1243,0
2024-03-07,PSTsSCvuoMk,LLMCompiler : 한국인이 만든 추론 방법론으로 AI Agent를 만듭니다. 역시 '빨리빨리',"Mar 26, 2025",1243,0
2024-03-08,PSTsSCvuoMk,LLMCompiler : 한국인이 만든 추론 방법론으로 AI Agent를 만듭니다. 역시 '빨리빨리',"Mar 26, 2025",1243,0
2024-03-09,PSTsSCvuoMk,LLMCompiler : 한국인이 만든 추론 방법론으로 AI Agent를 만듭니다. 역시 '빨리빨리',"Mar 26, 2025",1243,0
2024-03-10,PSTsSCvuoMk,LLMCompiler : 한국인이 만든 추론 방법론으로 AI Agent를 만듭니다. 역시 '빨리빨리',"Mar 26, 2025",1243,0
2024-03-11,PSTsSCvuoMk,LLMCompiler : 한국인이 만든 추론 방법론으로 AI Agent를 만듭니다. 역시 '빨리빨리',"Mar 26, 2025",1243,0
2024-03-12,PSTsSCvuoMk,LLMCompiler : 한국인이 만든 추론 방법론으로 AI Agent를 만듭니다. 역시 '빨리빨리',"Mar 26, 2025",1243,0
2024-03-13,PSTsSCvuoMk,LLMCompiler : 한국인이 만든 추론 방법론으로 AI Agent를 만듭니다. 역시 '빨리빨리',"Mar 26, 2025",1243,0
2024-03-14,PSTsSCvuoMk,LLMCompiler : 한국인이 만든 추론 방법론으로 AI Agent를 만듭니다. 역시 '빨리빨리',"Mar 26, 2025",1243,0
2024-03-15,PSTsSCvuoMk,LLMCompiler : 한국인이 만든 추론 방법론으로 AI Agent를 만듭니다. 역시 '빨리빨리',"Mar 26, 2025",1243,0
2024-03-16,PSTsSCvuoMk,LLMCompiler : 한국인이 만든 추론 방법론으로 AI Agent를 만듭니다. 역시 '빨리빨리',"Mar 26, 2025",1243,0
2024-03-17,PSTsSCvuoMk,LLMCompiler : 한국인이 만든 추론 방법론으로 AI Agent를 만듭니다. 역시 '빨리빨리',"Mar 26, 2025",1243,0
2024-03-18,PSTsSCvuoMk,LLMCompiler : 한국인이 만든 추론 방법론으로 AI Agent를 만듭니다. 역시 '빨리빨리',"Mar 26, 2025",1243,0
2024-03-19,PSTsSCvuoMk,LLMCompiler : 한국인이 만든 추론 방법론으로 AI Agent를 만듭니다. 역시 '빨리빨리',"Mar 26, 2025",1243,0
2024-03-20,PSTsSCvuoMk,LLMCompiler : 한국인이 만든 추론 방법론으로 AI Agent를 만듭니다. 역시 '빨리빨리',"Mar 26, 2025",1243,0
2024-03-21,PSTsSCvuoMk,LLMCompiler : 한국인이 만든 추론 방법론으로 AI Agent를 만듭니다. 역시 '빨리빨리',"Mar 26, 2025",1243,0
2024-03-22,PSTsSCvuoMk,LLMCompiler : 한국인이 만든 추론 방법론으로 AI Agent를 만듭니다. 역시 '빨리빨리',"Mar 26, 2025",1243,0
2024-03-23,PSTsSCvuoMk,LLMCompiler : 한국인이 만든 추론 방법론으로 AI Agent를 만듭니다. 역시 '빨리빨리',"Mar 26, 2025",1243,0
2024-03-24,PSTsSCvuoMk,LLMCompiler : 한국인이 만든 추론 방법론으로 AI Agent를 만듭니다. 역시 '빨리빨리',"Mar 26, 2025",1243,0
2024-03-25,PSTsSCvuoMk,LLMCompiler : 한국인이 만든 추론 방법론으로 AI Agent를 만듭니다. 역시 '빨리빨리',"Mar 26, 2025",1243,0
2024-03-26,PSTsSCvuoMk,LLMCompiler : 한국인이 만든 추론 방법론으로 AI Agent를 만듭니다. 역시 '빨리빨리',"Mar 26, 2025",1243,0
2024-03-27,PSTsSCvuoMk,LLMCompiler : 한국인이 만든 추론 방법론으로 AI Agent를 만듭니다. 역시 '빨리빨리',"Mar 26, 2025",1243,0
2024-03-28,PSTsSCvuoMk,LLMCompiler : 한국인이 만든 추론 방법론으로 AI Agent를 만듭니다. 역시 '빨리빨리',"Mar 26, 2025",1243,0
2024-03-29,PSTsSCvuoMk,LLMCompiler : 한국인이 만든 추론 방법론으로 AI Agent를 만듭니다. 역시 '빨리빨리',"Mar 26, 2025",1243,0
2024-03-30,PSTsSCvuoMk,LLMCompiler : 한국인이 만든 추론 방법론으로 AI Agent를 만듭니다. 역시 '빨리빨리',"Mar 26, 2025",1243,0
2024-03-31,PSTsSCvuoMk,LLMCompiler : 한국인이 만든 추론 방법론으로 AI Agent를 만듭니다. 역시 '빨리빨리',"Mar 26, 2025",1243,0
2024-04-01,PSTsSCvuoMk,LLMCompiler : 한국인이 만든 추론 방법론으로 AI Agent를 만듭니다. 역시 '빨리빨리',"Mar 26, 2025",1243,0
2024-04-02,PSTsSCvuoMk,LLMCompiler : 한국인이 만든 추론 방법론으로 AI Agent를 만듭니다. 역시 '빨리빨리',"Mar 26, 2025",1243,0
2024-04-03,PSTsSCvuoMk,LLMCompiler : 한국인이 만든 추론 방법론으로 AI Agent를 만듭니다. 역시 '빨리빨리',"Mar 26, 2025",1243,0
2024-04-04,PSTsSCvuoMk,LLMCompiler : 한국인이 만든 추론 방법론으로 AI Agent를 만듭니다. 역시 '빨리빨리',"Mar 26, 2025",1243,0
2024-04-05,PSTsSCvuoMk,LLMCompiler : 한국인이 만든 추론 방법론으로 AI Agent를 만듭니다. 역시 '빨리빨리',"Mar 26, 2025",1243,0
2024-04-06,PSTsSCvuoMk,LLMCompiler : 한국인이 만든 추론 방법론으로 AI Agent를 만듭니다. 역시 '빨리빨리',"Mar 26, 2025",1243,0
2024-04-07,PSTsSCvuoMk,LLMCompiler : 한국인이 만든 추론 방법론으로 AI Agent를 만듭니다. 역시 '빨리빨리',"Mar 26, 2025",1243,0
2024-04-08,PSTsSCvuoMk,LLMCompiler : 한국인이 만든 추론 방법론으로 AI Agent를 만듭니다. 역시 '빨리빨리',"Mar 26, 2025",1243,0
2024-04-09,PSTsSCvuoMk,LLMCompiler : 한국인이 만든 추론 방법론으로 AI Agent를 만듭니다. 역시 '빨리빨리',"Mar 26, 2025",1243,0
2024-04-10,PSTsSCvuoMk,LLMCompiler : 한국인이 만든 추론 방법론으로 AI Agent를 만듭니다. 역시 '빨리빨리',"Mar 26, 2025",1243,0
2024-04-11,PSTsSCvuoMk,LLMCompiler : 한국인이 만든 추론 방법론으로 AI Agent를 만듭니다. 역시 '빨리빨리',"Mar 26, 2025",1243,0
2024-04-12,PSTsSCvuoMk,LLMCompiler : 한국인이 만든 추론 방법론으로 AI Agent를 만듭니다. 역시 '빨리빨리',"Mar 26, 2025",1243,0
2024-04-13,PSTsSCvuoMk,LLMCompiler : 한국인이 만든 추론 방법론으로 AI Agent를 만듭니다. 역시 '빨리빨리',"Mar 26, 2025",1243,0
2024-04-14,PSTsSCvuoMk,LLMCompiler : 한국인이 만든 추론 방법론으로 AI Agent를 만듭니다. 역시 '빨리빨리',"Mar 26, 2025",1243,0
2024-04-15,PSTsSCvuoMk,LLMCompiler : 한국인이 만든 추론 방법론으로 AI Agent를 만듭니다. 역시 '빨리빨리',"Mar 26, 2025",1243,0
2024-04-16,PSTsSCvuoMk,LLMCompiler : 한국인이 만든 추론 방법론으로 AI Agent를 만듭니다. 역시 '빨리빨리',"Mar 26, 2025",1243,0
2024-04-17,PSTsSCvuoMk,LLMCompiler : 한국인이 만든 추론 방법론으로 AI Agent를 만듭니다. 역시 '빨리빨리',"Mar 26, 2025",1243,0
2024-04-18,PSTsSCvuoMk,LLMCompiler : 한국인이 만든 추론 방법론으로 AI Agent를 만듭니다. 역시 '빨리빨리',"Mar 26, 2025",1243,0
2024-04-19,PSTsSCvuoMk,LLMCompiler : 한국인이 만든 추론 방법론으로 AI Agent를 만듭니다. 역시 '빨리빨리',"Mar 26, 2025",1243,0
2024-04-20,PSTsSCvuoMk,LLMCompiler : 한국인이 만든 추론 방법론으로 AI Agent를 만듭니다. 역시 '빨리빨리',"Mar 26, 2025",1243,0
2024-04-21,PSTsSCvuoMk,LLMCompiler : 한국인이 만든 추론 방법론으로 AI Agent를 만듭니다. 역시 '빨리빨리',"Mar 26, 2025",1243,0
2024-04-22,PSTsSCvuoMk,LLMCompiler : 한국인이 만든 추론 방법론으로 AI Agent를 만듭니다. 역시 '빨리빨리',"Mar 26, 2025",1243,0
2024-04-23,PSTsSCvuoMk,LLMCompiler : 한국인이 만든 추론 방법론으로 AI Agent를 만듭니다. 역시 '빨리빨리',"Mar 26, 2025",1243,0
2024-04-24,PSTsSCvuoMk,LLMCompiler : 한국인이 만든 추론 방법론으로 AI Agent를 만듭니다. 역시 '빨리빨리',"Mar 26, 2025",1243,0
2024-04-25,PSTsSCvuoMk,LLMCompiler : 한국인이 만든 추론 방법론으로 AI Agent를 만듭니다. 역시 '빨리빨리',"Mar 26, 2025",1243,0
2024-04-26,PSTsSCvuoMk,LLMCompiler : 한국인이 만든 추론 방법론으로 AI Agent를 만듭니다. 역시 '빨리빨리',"Mar 26, 2025",1243,0
2024-04-27,PSTsSCvuoMk,LLMCompiler : 한국인이 만든 추론 방법론으로 AI Agent를 만듭니다. 역시 '빨리빨리',"Mar 26, 2025",1243,0
2024-04-28,PSTsSCvuoMk,LLMCompiler : 한국인이 만든 추론 방법론으로 AI Agent를 만듭니다. 역시 '빨리빨리',"Mar 26, 2025",1243,0
2024-04-29,PSTsSCvuoMk,LLMCompiler : 한국인이 만든 추론 방법론으로 AI Agent를 만듭니다. 역시 '빨리빨리',"Mar 26, 2025",1243,0
2024-04-30,PSTsSCvuoMk,LLMCompiler : 한국인이 만든 추론 방법론으로 AI Agent를 만듭니다. 역시 '빨리빨리',"Mar 26, 2025",1243,0
2024-05-01,PSTsSCvuoMk,LLMCompiler : 한국인이 만든 추론 방법론으로 AI Agent를 만듭니다. 역시 '빨리빨리',"Mar 26, 2025",1243,0
2024-05-02,PSTsSCvuoMk,LLMCompiler : 한국인이 만든 추론 방법론으로 AI Agent를 만듭니다. 역시 '빨리빨리',"Mar 26, 2025",1243,0
2024-05-03,PSTsSCvuoMk,LLMCompiler : 한국인이 만든 추론 방법론으로 AI Agent를 만듭니다. 역시 '빨리빨리',"Mar 26, 2025",1243,0
2024-05-04,PSTsSCvuoMk,LLMCompiler : 한국인이 만든 추론 방법론으로 AI Agent를 만듭니다. 역시 '빨리빨리',"Mar 26, 2025",1243,0
2024-05-05,PSTsSCvuoMk,LLMCompiler : 한국인이 만든 추론 방법론으로 AI Agent를 만듭니다. 역시 '빨리빨리',"Mar 26, 2025",1243,0
2024-05-06,PSTsSCvuoMk,LLMCompiler : 한국인이 만든 추론 방법론으로 AI Agent를 만듭니다. 역시 '빨리빨리',"Mar 26, 2025",1243,0
2024-05-07,PSTsSCvuoMk,LLMCompiler : 한국인이 만든 추론 방법론으로 AI Agent를 만듭니다. 역시 '빨리빨리',"Mar 26, 2025",1243,0
2024-05-08,PSTsSCvuoMk,LLMCompiler : 한국인이 만든 추론 방법론으로 AI Agent를 만듭니다. 역시 '빨리빨리',"Mar 26, 2025",1243,0
2024-05-09,PSTsSCvuoMk,LLMCompiler : 한국인이 만든 추론 방법론으로 AI Agent를 만듭니다. 역시 '빨리빨리',"Mar 26, 2025",1243,0
2024-05-10,PSTsSCvuoMk,LLMCompiler : 한국인이 만든 추론 방법론으로 AI Agent를 만듭니다. 역시 '빨리빨리',"Mar 26, 2025",1243,0
2024-05-11,PSTsSCvuoMk,LLMCompiler : 한국인이 만든 추론 방법론으로 AI Agent를 만듭니다. 역시 '빨리빨리',"Mar 26, 2025",1243,0
2024-05-12,PSTsSCvuoMk,LLMCompiler : 한국인이 만든 추론 방법론으로 AI Agent를 만듭니다. 역시 '빨리빨리',"Mar 26, 2025",1243,0
2024-05-13,PSTsSCvuoMk,LLMCompiler : 한국인이 만든 추론 방법론으로 AI Agent를 만듭니다. 역시 '빨리빨리',"Mar 26, 2025",1243,0
2024-05-14,PSTsSCvuoMk,LLMCompiler : 한국인이 만든 추론 방법론으로 AI Agent를 만듭니다. 역시 '빨리빨리',"Mar 26, 2025",1243,0
2024-05-15,PSTsSCvuoMk,LLMCompiler : 한국인이 만든 추론 방법론으로 AI Agent를 만듭니다. 역시 '빨리빨리',"Mar 26, 2025",1243,0
2024-05-16,PSTsSCvuoMk,LLMCompiler : 한국인이 만든 추론 방법론으로 AI Agent를 만듭니다. 역시 '빨리빨리',"Mar 26, 2025",1243,0
2024-05-17,PSTsSCvuoMk,LLMCompiler : 한국인이 만든 추론 방법론으로 AI Agent를 만듭니다. 역시 '빨리빨리',"Mar 26, 2025",1243,0
2024-05-18,PSTsSCvuoMk,LLMCompiler : 한국인이 만든 추론 방법론으로 AI Agent를 만듭니다. 역시 '빨리빨리',"Mar 26, 2025",1243,0
2024-05-19,PSTsSCvuoMk,LLMCompiler : 한국인이 만든 추론 방법론으로 AI Agent를 만듭니다. 역시 '빨리빨리',"Mar 26, 2025",1243,0
2024-05-20,PSTsSCvuoMk,LLMCompiler : 한국인이 만든 추론 방법론으로 AI Agent를 만듭니다. 역시 '빨리빨리',"Mar 26, 2025",1243,0
2024-05-21,PSTsSCvuoMk,LLMCompiler : 한국인이 만든 추론 방법론으로 AI Agent를 만듭니다. 역시 '빨리빨리',"Mar 26, 2025",1243,0
2024-05-22,PSTsSCvuoMk,LLMCompiler : 한국인이 만든 추론 방법론으로 AI Agent를 만듭니다. 역시 '빨리빨리',"Mar 26, 2025",1243,0
2024-05-23,PSTsSCvuoMk,LLMCompiler : 한국인이 만든 추론 방법론으로 AI Agent를 만듭니다. 역시 '빨리빨리',"Mar 26, 2025",1243,0
2024-05-24,PSTsSCvuoMk,LLMCompiler : 한국인이 만든 추론 방법론으로 AI Agent를 만듭니다. 역시 '빨리빨리',"Mar 26, 2025",1243,0
2024-05-25,PSTsSCvuoMk,LLMCompiler : 한국인이 만든 추론 방법론으로 AI Agent를 만듭니다. 역시 '빨리빨리',"Mar 26, 2025",1243,0
2024-05-26,PSTsSCvuoMk,LLMCompiler : 한국인이 만든 추론 방법론으로 AI Agent를 만듭니다. 역시 '빨리빨리',"Mar 26, 2025",1243,0
2024-05-27,PSTsSCvuoMk,LLMCompiler : 한국인이 만든 추론 방법론으로 AI Agent를 만듭니다. 역시 '빨리빨리',"Mar 26, 2025",1243,0
2024-05-28,PSTsSCvuoMk,LLMCompiler : 한국인이 만든 추론 방법론으로 AI Agent를 만듭니다. 역시 '빨리빨리',"Mar 26, 2025",1243,0
2024-05-29,PSTsSCvuoMk,LLMCompiler : 한국인이 만든 추론 방법론으로 AI Agent를 만듭니다. 역시 '빨리빨리',"Mar 26, 2025",1243,0
2024-05-30,PSTsSCvuoMk,LLMCompiler : 한국인이 만든 추론 방법론으로 AI Agent를 만듭니다. 역시 '빨리빨리',"Mar 26, 2025",1243,0
2024-05-31,PSTsSCvuoMk,LLMCompiler : 한국인이 만든 추론 방법론으로 AI Agent를 만듭니다. 역시 '빨리빨리',"Mar 26, 2025",1243,0
2024-06-01,PSTsSCvuoMk,LLMCompiler : 한국인이 만든 추론 방법론으로 AI Agent를 만듭니다. 역시 '빨리빨리',"Mar 26, 2025",1243,0
2024-06-02,PSTsSCvuoMk,LLMCompiler : 한국인이 만든 추론 방법론으로 AI Agent를 만듭니다. 역시 '빨리빨리',"Mar 26, 2025",1243,0
2024-06-03,PSTsSCvuoMk,LLMCompiler : 한국인이 만든 추론 방법론으로 AI Agent를 만듭니다. 역시 '빨리빨리',"Mar 26, 2025",1243,0
2024-06-04,PSTsSCvuoMk,LLMCompiler : 한국인이 만든 추론 방법론으로 AI Agent를 만듭니다. 역시 '빨리빨리',"Mar 26, 2025",1243,0
2024-06-05,PSTsSCvuoMk,LLMCompiler : 한국인이 만든 추론 방법론으로 AI Agent를 만듭니다. 역시 '빨리빨리',"Mar 26, 2025",1243,0
2024-06-06,PSTsSCvuoMk,LLMCompiler : 한국인이 만든 추론 방법론으로 AI Agent를 만듭니다. 역시 '빨리빨리',"Mar 26, 2025",1243,0
2024-06-07,PSTsSCvuoMk,LLMCompiler : 한국인이 만든 추론 방법론으로 AI Agent를 만듭니다. 역시 '빨리빨리',"Mar 26, 2025",1243,0
2024-06-08,PSTsSCvuoMk,LLMCompiler : 한국인이 만든 추론 방법론으로 AI Agent를 만듭니다. 역시 '빨리빨리',"Mar 26, 2025",1243,0
2024-06-09,PSTsSCvuoMk,LLMCompiler : 한국인이 만든 추론 방법론으로 AI Agent를 만듭니다. 역시 '빨리빨리',"Mar 26, 2025",1243,0
2024-06-10,PSTsSCvuoMk,LLMCompiler : 한국인이 만든 추론 방법론으로 AI Agent를 만듭니다. 역시 '빨리빨리',"Mar 26, 2025",1243,0
2024-06-11,PSTsSCvuoMk,LLMCompiler : 한국인이 만든 추론 방법론으로 AI Agent를 만듭니다. 역시 '빨리빨리',"Mar 26, 2025",1243,0
2024-06-12,PSTsSCvuoMk,LLMCompiler : 한국인이 만든 추론 방법론으로 AI Agent를 만듭니다. 역시 '빨리빨리',"Mar 26, 2025",1243,0
2024-06-13,PSTsSCvuoMk,LLMCompiler : 한국인이 만든 추론 방법론으로 AI Agent를 만듭니다. 역시 '빨리빨리',"Mar 26, 2025",1243,0
2024-06-14,PSTsSCvuoMk,LLMCompiler : 한국인이 만든 추론 방법론으로 AI Agent를 만듭니다. 역시 '빨리빨리',"Mar 26, 2025",1243,0
2024-06-15,PSTsSCvuoMk,LLMCompiler : 한국인이 만든 추론 방법론으로 AI Agent를 만듭니다. 역시 '빨리빨리',"Mar 26, 2025",1243,0
2024-06-16,PSTsSCvuoMk,LLMCompiler : 한국인이 만든 추론 방법론으로 AI Agent를 만듭니다. 역시 '빨리빨리',"Mar 26, 2025",1243,0
2024-06-17,PSTsSCvuoMk,LLMCompiler : 한국인이 만든 추론 방법론으로 AI Agent를 만듭니다. 역시 '빨리빨리',"Mar 26, 2025",1243,0
2024-06-18,PSTsSCvuoMk,LLMCompiler : 한국인이 만든 추론 방법론으로 AI Agent를 만듭니다. 역시 '빨리빨리',"Mar 26, 2025",1243,0
2024-06-19,PSTsSCvuoMk,LLMCompiler : 한국인이 만든 추론 방법론으로 AI Agent를 만듭니다. 역시 '빨리빨리',"Mar 26, 2025",1243,0
2024-06-20,PSTsSCvuoMk,LLMCompiler : 한국인이 만든 추론 방법론으로 AI Agent를 만듭니다. 역시 '빨리빨리',"Mar 26, 2025",1243,0
2024-06-21,PSTsSCvuoMk,LLMCompiler : 한국인이 만든 추론 방법론으로 AI Agent를 만듭니다. 역시 '빨리빨리',"Mar 26, 2025",1243,0
2024-06-22,PSTsSCvuoMk,LLMCompiler : 한국인이 만든 추론 방법론으로 AI Agent를 만듭니다. 역시 '빨리빨리',"Mar 26, 2025",1243,0
2024-06-23,PSTsSCvuoMk,LLMCompiler : 한국인이 만든 추론 방법론으로 AI Agent를 만듭니다. 역시 '빨리빨리',"Mar 26, 2025",1243,0
2024-06-24,PSTsSCvuoMk,LLMCompiler : 한국인이 만든 추론 방법론으로 AI Agent를 만듭니다. 역시 '빨리빨리',"Mar 26, 2025",1243,0
2024-06-25,PSTsSCvuoMk,LLMCompiler : 한국인이 만든 추론 방법론으로 AI Agent를 만듭니다. 역시 '빨리빨리',"Mar 26, 2025",1243,0
2024-06-26,PSTsSCvuoMk,LLMCompiler : 한국인이 만든 추론 방법론으로 AI Agent를 만듭니다. 역시 '빨리빨리',"Mar 26, 2025",1243,0
2024-06-27,PSTsSCvuoMk,LLMCompiler : 한국인이 만든 추론 방법론으로 AI Agent를 만듭니다. 역시 '빨리빨리',"Mar 26, 2025",1243,0
2024-06-28,PSTsSCvuoMk,LLMCompiler : 한국인이 만든 추론 방법론으로 AI Agent를 만듭니다. 역시 '빨리빨리',"Mar 26, 2025",1243,0
2024-06-29,PSTsSCvuoMk,LLMCompiler : 한국인이 만든 추론 방법론으로 AI Agent를 만듭니다. 역시 '빨리빨리',"Mar 26, 2025",1243,0
2024-06-30,PSTsSCvuoMk,LLMCompiler : 한국인이 만든 추론 방법론으로 AI Agent를 만듭니다. 역시 '빨리빨리',"Mar 26, 2025",1243,0
2024-07-01,PSTsSCvuoMk,LLMCompiler : 한국인이 만든 추론 방법론으로 AI Agent를 만듭니다. 역시 '빨리빨리',"Mar 26, 2025",1243,0
2024-07-02,PSTsSCvuoMk,LLMCompiler : 한국인이 만든 추론 방법론으로 AI Agent를 만듭니다. 역시 '빨리빨리',"Mar 26, 2025",1243,0
2024-07-03,PSTsSCvuoMk,LLMCompiler : 한국인이 만든 추론 방법론으로 AI Agent를 만듭니다. 역시 '빨리빨리',"Mar 26, 2025",1243,0
2024-07-04,PSTsSCvuoMk,LLMCompiler : 한국인이 만든 추론 방법론으로 AI Agent를 만듭니다. 역시 '빨리빨리',"Mar 26, 2025",1243,0
2024-07-05,PSTsSCvuoMk,LLMCompiler : 한국인이 만든 추론 방법론으로 AI Agent를 만듭니다. 역시 '빨리빨리',"Mar 26, 2025",1243,0
2024-07-06,PSTsSCvuoMk,LLMCompiler : 한국인이 만든 추론 방법론으로 AI Agent를 만듭니다. 역시 '빨리빨리',"Mar 26, 2025",1243,0
2024-07-07,PSTsSCvuoMk,LLMCompiler : 한국인이 만든 추론 방법론으로 AI Agent를 만듭니다. 역시 '빨리빨리',"Mar 26, 2025",1243,0
2024-07-08,PSTsSCvuoMk,LLMCompiler : 한국인이 만든 추론 방법론으로 AI Agent를 만듭니다. 역시 '빨리빨리',"Mar 26, 2025",1243,0
2024-07-09,PSTsSCvuoMk,LLMCompiler : 한국인이 만든 추론 방법론으로 AI Agent를 만듭니다. 역시 '빨리빨리',"Mar 26, 2025",1243,0
2024-07-10,PSTsSCvuoMk,LLMCompiler : 한국인이 만든 추론 방법론으로 AI Agent를 만듭니다. 역시 '빨리빨리',"Mar 26, 2025",1243,0
2024-07-11,PSTsSCvuoMk,LLMCompiler : 한국인이 만든 추론 방법론으로 AI Agent를 만듭니다. 역시 '빨리빨리',"Mar 26, 2025",1243,0
2024-07-12,PSTsSCvuoMk,LLMCompiler : 한국인이 만든 추론 방법론으로 AI Agent를 만듭니다. 역시 '빨리빨리',"Mar 26, 2025",1243,0
2024-07-13,PSTsSCvuoMk,LLMCompiler : 한국인이 만든 추론 방법론으로 AI Agent를 만듭니다. 역시 '빨리빨리',"Mar 26, 2025",1243,0
2024-07-14,PSTsSCvuoMk,LLMCompiler : 한국인이 만든 추론 방법론으로 AI Agent를 만듭니다. 역시 '빨리빨리',"Mar 26, 2025",1243,0
2024-07-15,PSTsSCvuoMk,LLMCompiler : 한국인이 만든 추론 방법론으로 AI Agent를 만듭니다. 역시 '빨리빨리',"Mar 26, 2025",1243,0
2024-07-16,PSTsSCvuoMk,LLMCompiler : 한국인이 만든 추론 방법론으로 AI Agent를 만듭니다. 역시 '빨리빨리',"Mar 26, 2025",1243,0
2024-07-17,PSTsSCvuoMk,LLMCompiler : 한국인이 만든 추론 방법론으로 AI Agent를 만듭니다. 역시 '빨리빨리',"Mar 26, 2025",1243,0
2024-07-18,PSTsSCvuoMk,LLMCompiler : 한국인이 만든 추론 방법론으로 AI Agent를 만듭니다. 역시 '빨리빨리',"Mar 26, 2025",1243,0
2024-07-19,PSTsSCvuoMk,LLMCompiler : 한국인이 만든 추론 방법론으로 AI Agent를 만듭니다. 역시 '빨리빨리',"Mar 26, 2025",1243,0
2024-07-20,PSTsSCvuoMk,LLMCompiler : 한국인이 만든 추론 방법론으로 AI Agent를 만듭니다. 역시 '빨리빨리',"Mar 26, 2025",1243,0
2024-07-21,PSTsSCvuoMk,LLMCompiler : 한국인이 만든 추론 방법론으로 AI Agent를 만듭니다. 역시 '빨리빨리',"Mar 26, 2025",1243,0
2024-07-22,PSTsSCvuoMk,LLMCompiler : 한국인이 만든 추론 방법론으로 AI Agent를 만듭니다. 역시 '빨리빨리',"Mar 26, 2025",1243,0
2024-07-23,PSTsSCvuoMk,LLMCompiler : 한국인이 만든 추론 방법론으로 AI Agent를 만듭니다. 역시 '빨리빨리',"Mar 26, 2025",1243,0
2024-07-24,PSTsSCvuoMk,LLMCompiler : 한국인이 만든 추론 방법론으로 AI Agent를 만듭니다. 역시 '빨리빨리',"Mar 26, 2025",1243,0
2024-07-25,PSTsSCvuoMk,LLMCompiler : 한국인이 만든 추론 방법론으로 AI Agent를 만듭니다. 역시 '빨리빨리',"Mar 26, 2025",1243,0
2024-07-26,PSTsSCvuoMk,LLMCompiler : 한국인이 만든 추론 방법론으로 AI Agent를 만듭니다. 역시 '빨리빨리',"Mar 26, 2025",1243,0
2024-07-27,PSTsSCvuoMk,LLMCompiler : 한국인이 만든 추론 방법론으로 AI Agent를 만듭니다. 역시 '빨리빨리',"Mar 26, 2025",1243,0
2024-07-28,PSTsSCvuoMk,LLMCompiler : 한국인이 만든 추론 방법론으로 AI Agent를 만듭니다. 역시 '빨리빨리',"Mar 26, 2025",1243,0
2024-07-29,PSTsSCvuoMk,LLMCompiler : 한국인이 만든 추론 방법론으로 AI Agent를 만듭니다. 역시 '빨리빨리',"Mar 26, 2025",1243,0
2024-07-30,PSTsSCvuoMk,LLMCompiler : 한국인이 만든 추론 방법론으로 AI Agent를 만듭니다. 역시 '빨리빨리',"Mar 26, 2025",1243,0
2024-07-31,PSTsSCvuoMk,LLMCompiler : 한국인이 만든 추론 방법론으로 AI Agent를 만듭니다. 역시 '빨리빨리',"Mar 26, 2025",1243,0
2024-08-01,PSTsSCvuoMk,LLMCompiler : 한국인이 만든 추론 방법론으로 AI Agent를 만듭니다. 역시 '빨리빨리',"Mar 26, 2025",1243,0
2024-08-02,PSTsSCvuoMk,LLMCompiler : 한국인이 만든 추론 방법론으로 AI Agent를 만듭니다. 역시 '빨리빨리',"Mar 26, 2025",1243,0
2024-08-03,PSTsSCvuoMk,LLMCompiler : 한국인이 만든 추론 방법론으로 AI Agent를 만듭니다. 역시 '빨리빨리',"Mar 26, 2025",1243,0
2024-08-04,PSTsSCvuoMk,LLMCompiler : 한국인이 만든 추론 방법론으로 AI Agent를 만듭니다. 역시 '빨리빨리',"Mar 26, 2025",1243,0
2024-08-05,PSTsSCvuoMk,LLMCompiler : 한국인이 만든 추론 방법론으로 AI Agent를 만듭니다. 역시 '빨리빨리',"Mar 26, 2025",1243,0
2024-08-06,PSTsSCvuoMk,LLMCompiler : 한국인이 만든 추론 방법론으로 AI Agent를 만듭니다. 역시 '빨리빨리',"Mar 26, 2025",1243,0
2024-08-07,PSTsSCvuoMk,LLMCompiler : 한국인이 만든 추론 방법론으로 AI Agent를 만듭니다. 역시 '빨리빨리',"Mar 26, 2025",1243,0
2024-08-08,PSTsSCvuoMk,LLMCompiler : 한국인이 만든 추론 방법론으로 AI Agent를 만듭니다. 역시 '빨리빨리',"Mar 26, 2025",1243,0
2024-08-09,PSTsSCvuoMk,LLMCompiler : 한국인이 만든 추론 방법론으로 AI Agent를 만듭니다. 역시 '빨리빨리',"Mar 26, 2025",1243,0
2024-08-10,PSTsSCvuoMk,LLMCompiler : 한국인이 만든 추론 방법론으로 AI Agent를 만듭니다. 역시 '빨리빨리',"Mar 26, 2025",1243,0
2024-08-11,PSTsSCvuoMk,LLMCompiler : 한국인이 만든 추론 방법론으로 AI Agent를 만듭니다. 역시 '빨리빨리',"Mar 26, 2025",1243,0
2024-08-12,PSTsSCvuoMk,LLMCompiler : 한국인이 만든 추론 방법론으로 AI Agent를 만듭니다. 역시 '빨리빨리',"Mar 26, 2025",1243,0
2024-08-13,PSTsSCvuoMk,LLMCompiler : 한국인이 만든 추론 방법론으로 AI Agent를 만듭니다. 역시 '빨리빨리',"Mar 26, 2025",1243,0
2024-08-14,PSTsSCvuoMk,LLMCompiler : 한국인이 만든 추론 방법론으로 AI Agent를 만듭니다. 역시 '빨리빨리',"Mar 26, 2025",1243,0
2024-08-15,PSTsSCvuoMk,LLMCompiler : 한국인이 만든 추론 방법론으로 AI Agent를 만듭니다. 역시 '빨리빨리',"Mar 26, 2025",1243,0
2024-08-16,PSTsSCvuoMk,LLMCompiler : 한국인이 만든 추론 방법론으로 AI Agent를 만듭니다. 역시 '빨리빨리',"Mar 26, 2025",1243,0
2024-08-17,PSTsSCvuoMk,LLMCompiler : 한국인이 만든 추론 방법론으로 AI Agent를 만듭니다. 역시 '빨리빨리',"Mar 26, 2025",1243,0
2024-08-18,PSTsSCvuoMk,LLMCompiler : 한국인이 만든 추론 방법론으로 AI Agent를 만듭니다. 역시 '빨리빨리',"Mar 26, 2025",1243,0
2024-08-19,PSTsSCvuoMk,LLMCompiler : 한국인이 만든 추론 방법론으로 AI Agent를 만듭니다. 역시 '빨리빨리',"Mar 26, 2025",1243,0
2024-08-20,PSTsSCvuoMk,LLMCompiler : 한국인이 만든 추론 방법론으로 AI Agent를 만듭니다. 역시 '빨리빨리',"Mar 26, 2025",1243,0
2024-08-21,PSTsSCvuoMk,LLMCompiler : 한국인이 만든 추론 방법론으로 AI Agent를 만듭니다. 역시 '빨리빨리',"Mar 26, 2025",1243,0
2024-08-22,PSTsSCvuoMk,LLMCompiler : 한국인이 만든 추론 방법론으로 AI Agent를 만듭니다. 역시 '빨리빨리',"Mar 26, 2025",1243,0
2024-08-23,PSTsSCvuoMk,LLMCompiler : 한국인이 만든 추론 방법론으로 AI Agent를 만듭니다. 역시 '빨리빨리',"Mar 26, 2025",1243,0
2024-08-24,PSTsSCvuoMk,LLMCompiler : 한국인이 만든 추론 방법론으로 AI Agent를 만듭니다. 역시 '빨리빨리',"Mar 26, 2025",1243,0
2024-08-25,PSTsSCvuoMk,LLMCompiler : 한국인이 만든 추론 방법론으로 AI Agent를 만듭니다. 역시 '빨리빨리',"Mar 26, 2025",1243,0
2024-08-26,PSTsSCvuoMk,LLMCompiler : 한국인이 만든 추론 방법론으로 AI Agent를 만듭니다. 역시 '빨리빨리',"Mar 26, 2025",1243,0
2024-08-27,PSTsSCvuoMk,LLMCompiler : 한국인이 만든 추론 방법론으로 AI Agent를 만듭니다. 역시 '빨리빨리',"Mar 26, 2025",1243,0
2024-08-28,PSTsSCvuoMk,LLMCompiler : 한국인이 만든 추론 방법론으로 AI Agent를 만듭니다. 역시 '빨리빨리',"Mar 26, 2025",1243,0
2024-08-29,PSTsSCvuoMk,LLMCompiler : 한국인이 만든 추론 방법론으로 AI Agent를 만듭니다. 역시 '빨리빨리',"Mar 26, 2025",1243,0
2024-08-30,PSTsSCvuoMk,LLMCompiler : 한국인이 만든 추론 방법론으로 AI Agent를 만듭니다. 역시 '빨리빨리',"Mar 26, 2025",1243,0
2024-08-31,PSTsSCvuoMk,LLMCompiler : 한국인이 만든 추론 방법론으로 AI Agent를 만듭니다. 역시 '빨리빨리',"Mar 26, 2025",1243,0
2024-09-01,PSTsSCvuoMk,LLMCompiler : 한국인이 만든 추론 방법론으로 AI Agent를 만듭니다. 역시 '빨리빨리',"Mar 26, 2025",1243,0
2024-09-02,PSTsSCvuoMk,LLMCompiler : 한국인이 만든 추론 방법론으로 AI Agent를 만듭니다. 역시 '빨리빨리',"Mar 26, 2025",1243,0
2024-09-03,PSTsSCvuoMk,LLMCompiler : 한국인이 만든 추론 방법론으로 AI Agent를 만듭니다. 역시 '빨리빨리',"Mar 26, 2025",1243,0
2024-09-04,PSTsSCvuoMk,LLMCompiler : 한국인이 만든 추론 방법론으로 AI Agent를 만듭니다. 역시 '빨리빨리',"Mar 26, 2025",1243,0
2024-09-05,PSTsSCvuoMk,LLMCompiler : 한국인이 만든 추론 방법론으로 AI Agent를 만듭니다. 역시 '빨리빨리',"Mar 26, 2025",1243,0
2024-09-06,PSTsSCvuoMk,LLMCompiler : 한국인이 만든 추론 방법론으로 AI Agent를 만듭니다. 역시 '빨리빨리',"Mar 26, 2025",1243,0
2024-09-07,PSTsSCvuoMk,LLMCompiler : 한국인이 만든 추론 방법론으로 AI Agent를 만듭니다. 역시 '빨리빨리',"Mar 26, 2025",1243,0
2024-09-08,PSTsSCvuoMk,LLMCompiler : 한국인이 만든 추론 방법론으로 AI Agent를 만듭니다. 역시 '빨리빨리',"Mar 26, 2025",1243,0
2024-09-09,PSTsSCvuoMk,LLMCompiler : 한국인이 만든 추론 방법론으로 AI Agent를 만듭니다. 역시 '빨리빨리',"Mar 26, 2025",1243,0
2024-09-10,PSTsSCvuoMk,LLMCompiler : 한국인이 만든 추론 방법론으로 AI Agent를 만듭니다. 역시 '빨리빨리',"Mar 26, 2025",1243,0
2024-09-11,PSTsSCvuoMk,LLMCompiler : 한국인이 만든 추론 방법론으로 AI Agent를 만듭니다. 역시 '빨리빨리',"Mar 26, 2025",1243,0
2024-09-12,PSTsSCvuoMk,LLMCompiler : 한국인이 만든 추론 방법론으로 AI Agent를 만듭니다. 역시 '빨리빨리',"Mar 26, 2025",1243,0
2024-09-13,PSTsSCvuoMk,LLMCompiler : 한국인이 만든 추론 방법론으로 AI Agent를 만듭니다. 역시 '빨리빨리',"Mar 26, 2025",1243,0
2024-09-14,PSTsSCvuoMk,LLMCompiler : 한국인이 만든 추론 방법론으로 AI Agent를 만듭니다. 역시 '빨리빨리',"Mar 26, 2025",1243,0
2024-09-15,PSTsSCvuoMk,LLMCompiler : 한국인이 만든 추론 방법론으로 AI Agent를 만듭니다. 역시 '빨리빨리',"Mar 26, 2025",1243,0
2024-09-16,PSTsSCvuoMk,LLMCompiler : 한국인이 만든 추론 방법론으로 AI Agent를 만듭니다. 역시 '빨리빨리',"Mar 26, 2025",1243,0
2024-09-17,PSTsSCvuoMk,LLMCompiler : 한국인이 만든 추론 방법론으로 AI Agent를 만듭니다. 역시 '빨리빨리',"Mar 26, 2025",1243,0
2024-09-18,PSTsSCvuoMk,LLMCompiler : 한국인이 만든 추론 방법론으로 AI Agent를 만듭니다. 역시 '빨리빨리',"Mar 26, 2025",1243,0
2024-09-19,PSTsSCvuoMk,LLMCompiler : 한국인이 만든 추론 방법론으로 AI Agent를 만듭니다. 역시 '빨리빨리',"Mar 26, 2025",1243,0
2024-09-20,PSTsSCvuoMk,LLMCompiler : 한국인이 만든 추론 방법론으로 AI Agent를 만듭니다. 역시 '빨리빨리',"Mar 26, 2025",1243,0
2024-09-21,PSTsSCvuoMk,LLMCompiler : 한국인이 만든 추론 방법론으로 AI Agent를 만듭니다. 역시 '빨리빨리',"Mar 26, 2025",1243,0
2024-09-22,PSTsSCvuoMk,LLMCompiler : 한국인이 만든 추론 방법론으로 AI Agent를 만듭니다. 역시 '빨리빨리',"Mar 26, 2025",1243,0
2024-09-23,PSTsSCvuoMk,LLMCompiler : 한국인이 만든 추론 방법론으로 AI Agent를 만듭니다. 역시 '빨리빨리',"Mar 26, 2025",1243,0
2024-09-24,PSTsSCvuoMk,LLMCompiler : 한국인이 만든 추론 방법론으로 AI Agent를 만듭니다. 역시 '빨리빨리',"Mar 26, 2025",1243,0
2024-09-25,PSTsSCvuoMk,LLMCompiler : 한국인이 만든 추론 방법론으로 AI Agent를 만듭니다. 역시 '빨리빨리',"Mar 26, 2025",1243,0
2024-09-26,PSTsSCvuoMk,LLMCompiler : 한국인이 만든 추론 방법론으로 AI Agent를 만듭니다. 역시 '빨리빨리',"Mar 26, 2025",1243,0
2024-09-27,PSTsSCvuoMk,LLMCompiler : 한국인이 만든 추론 방법론으로 AI Agent를 만듭니다. 역시 '빨리빨리',"Mar 26, 2025",1243,0
2024-09-28,PSTsSCvuoMk,LLMCompiler : 한국인이 만든 추론 방법론으로 AI Agent를 만듭니다. 역시 '빨리빨리',"Mar 26, 2025",1243,0
2024-09-29,PSTsSCvuoMk,LLMCompiler : 한국인이 만든 추론 방법론으로 AI Agent를 만듭니다. 역시 '빨리빨리',"Mar 26, 2025",1243,0
2024-09-30,PSTsSCvuoMk,LLMCompiler : 한국인이 만든 추론 방법론으로 AI Agent를 만듭니다. 역시 '빨리빨리',"Mar 26, 2025",1243,0
2024-10-01,PSTsSCvuoMk,LLMCompiler : 한국인이 만든 추론 방법론으로 AI Agent를 만듭니다. 역시 '빨리빨리',"Mar 26, 2025",1243,0
2024-10-02,PSTsSCvuoMk,LLMCompiler : 한국인이 만든 추론 방법론으로 AI Agent를 만듭니다. 역시 '빨리빨리',"Mar 26, 2025",1243,0
2024-10-03,PSTsSCvuoMk,LLMCompiler : 한국인이 만든 추론 방법론으로 AI Agent를 만듭니다. 역시 '빨리빨리',"Mar 26, 2025",1243,0
2024-10-04,PSTsSCvuoMk,LLMCompiler : 한국인이 만든 추론 방법론으로 AI Agent를 만듭니다. 역시 '빨리빨리',"Mar 26, 2025",1243,0
2024-10-05,PSTsSCvuoMk,LLMCompiler : 한국인이 만든 추론 방법론으로 AI Agent를 만듭니다. 역시 '빨리빨리',"Mar 26, 2025",1243,0
2024-10-06,PSTsSCvuoMk,LLMCompiler : 한국인이 만든 추론 방법론으로 AI Agent를 만듭니다. 역시 '빨리빨리',"Mar 26, 2025",1243,0
2024-10-07,PSTsSCvuoMk,LLMCompiler : 한국인이 만든 추론 방법론으로 AI Agent를 만듭니다. 역시 '빨리빨리',"Mar 26, 2025",1243,0
2024-10-08,PSTsSCvuoMk,LLMCompiler : 한국인이 만든 추론 방법론으로 AI Agent를 만듭니다. 역시 '빨리빨리',"Mar 26, 2025",1243,0
2024-10-09,PSTsSCvuoMk,LLMCompiler : 한국인이 만든 추론 방법론으로 AI Agent를 만듭니다. 역시 '빨리빨리',"Mar 26, 2025",1243,0
2024-10-10,PSTsSCvuoMk,LLMCompiler : 한국인이 만든 추론 방법론으로 AI Agent를 만듭니다. 역시 '빨리빨리',"Mar 26, 2025",1243,0
2024-10-11,PSTsSCvuoMk,LLMCompiler : 한국인이 만든 추론 방법론으로 AI Agent를 만듭니다. 역시 '빨리빨리',"Mar 26, 2025",1243,0
2024-10-12,PSTsSCvuoMk,LLMCompiler : 한국인이 만든 추론 방법론으로 AI Agent를 만듭니다. 역시 '빨리빨리',"Mar 26, 2025",1243,0
2024-10-13,PSTsSCvuoMk,LLMCompiler : 한국인이 만든 추론 방법론으로 AI Agent를 만듭니다. 역시 '빨리빨리',"Mar 26, 2025",1243,0
2024-10-14,PSTsSCvuoMk,LLMCompiler : 한국인이 만든 추론 방법론으로 AI Agent를 만듭니다. 역시 '빨리빨리',"Mar 26, 2025",1243,0
2024-10-15,PSTsSCvuoMk,LLMCompiler : 한국인이 만든 추론 방법론으로 AI Agent를 만듭니다. 역시 '빨리빨리',"Mar 26, 2025",1243,0
2024-10-16,PSTsSCvuoMk,LLMCompiler : 한국인이 만든 추론 방법론으로 AI Agent를 만듭니다. 역시 '빨리빨리',"Mar 26, 2025",1243,0
2024-10-17,PSTsSCvuoMk,LLMCompiler : 한국인이 만든 추론 방법론으로 AI Agent를 만듭니다. 역시 '빨리빨리',"Mar 26, 2025",1243,0
2024-10-18,PSTsSCvuoMk,LLMCompiler : 한국인이 만든 추론 방법론으로 AI Agent를 만듭니다. 역시 '빨리빨리',"Mar 26, 2025",1243,0
2024-10-19,PSTsSCvuoMk,LLMCompiler : 한국인이 만든 추론 방법론으로 AI Agent를 만듭니다. 역시 '빨리빨리',"Mar 26, 2025",1243,0
2024-10-20,PSTsSCvuoMk,LLMCompiler : 한국인이 만든 추론 방법론으로 AI Agent를 만듭니다. 역시 '빨리빨리',"Mar 26, 2025",1243,0
2024-10-21,PSTsSCvuoMk,LLMCompiler : 한국인이 만든 추론 방법론으로 AI Agent를 만듭니다. 역시 '빨리빨리',"Mar 26, 2025",1243,0
2024-10-22,PSTsSCvuoMk,LLMCompiler : 한국인이 만든 추론 방법론으로 AI Agent를 만듭니다. 역시 '빨리빨리',"Mar 26, 2025",1243,0
2024-10-23,PSTsSCvuoMk,LLMCompiler : 한국인이 만든 추론 방법론으로 AI Agent를 만듭니다. 역시 '빨리빨리',"Mar 26, 2025",1243,0
2024-10-24,PSTsSCvuoMk,LLMCompiler : 한국인이 만든 추론 방법론으로 AI Agent를 만듭니다. 역시 '빨리빨리',"Mar 26, 2025",1243,0
2024-10-25,PSTsSCvuoMk,LLMCompiler : 한국인이 만든 추론 방법론으로 AI Agent를 만듭니다. 역시 '빨리빨리',"Mar 26, 2025",1243,0
2024-10-26,PSTsSCvuoMk,LLMCompiler : 한국인이 만든 추론 방법론으로 AI Agent를 만듭니다. 역시 '빨리빨리',"Mar 26, 2025",1243,0
2024-10-27,PSTsSCvuoMk,LLMCompiler : 한국인이 만든 추론 방법론으로 AI Agent를 만듭니다. 역시 '빨리빨리',"Mar 26, 2025",1243,0
2024-10-28,PSTsSCvuoMk,LLMCompiler : 한국인이 만든 추론 방법론으로 AI Agent를 만듭니다. 역시 '빨리빨리',"Mar 26, 2025",1243,0
2024-10-29,PSTsSCvuoMk,LLMCompiler : 한국인이 만든 추론 방법론으로 AI Agent를 만듭니다. 역시 '빨리빨리',"Mar 26, 2025",1243,0
2024-10-30,PSTsSCvuoMk,LLMCompiler : 한국인이 만든 추론 방법론으로 AI Agent를 만듭니다. 역시 '빨리빨리',"Mar 26, 2025",1243,0
2024-10-31,PSTsSCvuoMk,LLMCompiler : 한국인이 만든 추론 방법론으로 AI Agent를 만듭니다. 역시 '빨리빨리',"Mar 26, 2025",1243,0
2024-11-01,PSTsSCvuoMk,LLMCompiler : 한국인이 만든 추론 방법론으로 AI Agent를 만듭니다. 역시 '빨리빨리',"Mar 26, 2025",1243,0
2024-11-02,PSTsSCvuoMk,LLMCompiler : 한국인이 만든 추론 방법론으로 AI Agent를 만듭니다. 역시 '빨리빨리',"Mar 26, 2025",1243,0
2024-11-03,PSTsSCvuoMk,LLMCompiler : 한국인이 만든 추론 방법론으로 AI Agent를 만듭니다. 역시 '빨리빨리',"Mar 26, 2025",1243,0
2024-11-04,PSTsSCvuoMk,LLMCompiler : 한국인이 만든 추론 방법론으로 AI Agent를 만듭니다. 역시 '빨리빨리',"Mar 26, 2025",1243,0
2024-11-05,PSTsSCvuoMk,LLMCompiler : 한국인이 만든 추론 방법론으로 AI Agent를 만듭니다. 역시 '빨리빨리',"Mar 26, 2025",1243,0
2024-11-06,PSTsSCvuoMk,LLMCompiler : 한국인이 만든 추론 방법론으로 AI Agent를 만듭니다. 역시 '빨리빨리',"Mar 26, 2025",1243,0
2024-11-07,PSTsSCvuoMk,LLMCompiler : 한국인이 만든 추론 방법론으로 AI Agent를 만듭니다. 역시 '빨리빨리',"Mar 26, 2025",1243,0
2024-11-08,PSTsSCvuoMk,LLMCompiler : 한국인이 만든 추론 방법론으로 AI Agent를 만듭니다. 역시 '빨리빨리',"Mar 26, 2025",1243,0
2024-11-09,PSTsSCvuoMk,LLMCompiler : 한국인이 만든 추론 방법론으로 AI Agent를 만듭니다. 역시 '빨리빨리',"Mar 26, 2025",1243,0
2024-11-10,PSTsSCvuoMk,LLMCompiler : 한국인이 만든 추론 방법론으로 AI Agent를 만듭니다. 역시 '빨리빨리',"Mar 26, 2025",1243,0
2024-11-11,PSTsSCvuoMk,LLMCompiler : 한국인이 만든 추론 방법론으로 AI Agent를 만듭니다. 역시 '빨리빨리',"Mar 26, 2025",1243,0
2024-11-12,PSTsSCvuoMk,LLMCompiler : 한국인이 만든 추론 방법론으로 AI Agent를 만듭니다. 역시 '빨리빨리',"Mar 26, 2025",1243,0
2024-11-13,PSTsSCvuoMk,LLMCompiler : 한국인이 만든 추론 방법론으로 AI Agent를 만듭니다. 역시 '빨리빨리',"Mar 26, 2025",1243,0
2024-11-14,PSTsSCvuoMk,LLMCompiler : 한국인이 만든 추론 방법론으로 AI Agent를 만듭니다. 역시 '빨리빨리',"Mar 26, 2025",1243,0
2024-11-15,PSTsSCvuoMk,LLMCompiler : 한국인이 만든 추론 방법론으로 AI Agent를 만듭니다. 역시 '빨리빨리',"Mar 26, 2025",1243,0
2024-11-16,PSTsSCvuoMk,LLMCompiler : 한국인이 만든 추론 방법론으로 AI Agent를 만듭니다. 역시 '빨리빨리',"Mar 26, 2025",1243,0
2024-11-17,PSTsSCvuoMk,LLMCompiler : 한국인이 만든 추론 방법론으로 AI Agent를 만듭니다. 역시 '빨리빨리',"Mar 26, 2025",1243,0
2024-11-18,PSTsSCvuoMk,LLMCompiler : 한국인이 만든 추론 방법론으로 AI Agent를 만듭니다. 역시 '빨리빨리',"Mar 26, 2025",1243,0
2024-11-19,PSTsSCvuoMk,LLMCompiler : 한국인이 만든 추론 방법론으로 AI Agent를 만듭니다. 역시 '빨리빨리',"Mar 26, 2025",1243,0
2024-11-20,PSTsSCvuoMk,LLMCompiler : 한국인이 만든 추론 방법론으로 AI Agent를 만듭니다. 역시 '빨리빨리',"Mar 26, 2025",1243,0
2024-11-21,PSTsSCvuoMk,LLMCompiler : 한국인이 만든 추론 방법론으로 AI Agent를 만듭니다. 역시 '빨리빨리',"Mar 26, 2025",1243,0
2024-11-22,PSTsSCvuoMk,LLMCompiler : 한국인이 만든 추론 방법론으로 AI Agent를 만듭니다. 역시 '빨리빨리',"Mar 26, 2025",1243,0
2024-11-23,PSTsSCvuoMk,LLMCompiler : 한국인이 만든 추론 방법론으로 AI Agent를 만듭니다. 역시 '빨리빨리',"Mar 26, 2025",1243,0
2024-11-24,PSTsSCvuoMk,LLMCompiler : 한국인이 만든 추론 방법론으로 AI Agent를 만듭니다. 역시 '빨리빨리',"Mar 26, 2025",1243,0
2024-11-25,PSTsSCvuoMk,LLMCompiler : 한국인이 만든 추론 방법론으로 AI Agent를 만듭니다. 역시 '빨리빨리',"Mar 26, 2025",1243,0
2024-11-26,PSTsSCvuoMk,LLMCompiler : 한국인이 만든 추론 방법론으로 AI Agent를 만듭니다. 역시 '빨리빨리',"Mar 26, 2025",1243,0
2024-11-27,PSTsSCvuoMk,LLMCompiler : 한국인이 만든 추론 방법론으로 AI Agent를 만듭니다. 역시 '빨리빨리',"Mar 26, 2025",1243,0
2024-11-28,PSTsSCvuoMk,LLMCompiler : 한국인이 만든 추론 방법론으로 AI Agent를 만듭니다. 역시 '빨리빨리',"Mar 26, 2025",1243,0
2024-11-29,PSTsSCvuoMk,LLMCompiler : 한국인이 만든 추론 방법론으로 AI Agent를 만듭니다. 역시 '빨리빨리',"Mar 26, 2025",1243,0
2024-11-30,PSTsSCvuoMk,LLMCompiler : 한국인이 만든 추론 방법론으로 AI Agent를 만듭니다. 역시 '빨리빨리',"Mar 26, 2025",1243,0
2024-12-01,PSTsSCvuoMk,LLMCompiler : 한국인이 만든 추론 방법론으로 AI Agent를 만듭니다. 역시 '빨리빨리',"Mar 26, 2025",1243,0
2024-12-02,PSTsSCvuoMk,LLMCompiler : 한국인이 만든 추론 방법론으로 AI Agent를 만듭니다. 역시 '빨리빨리',"Mar 26, 2025",1243,0
2024-12-03,PSTsSCvuoMk,LLMCompiler : 한국인이 만든 추론 방법론으로 AI Agent를 만듭니다. 역시 '빨리빨리',"Mar 26, 2025",1243,0
2024-12-04,PSTsSCvuoMk,LLMCompiler : 한국인이 만든 추론 방법론으로 AI Agent를 만듭니다. 역시 '빨리빨리',"Mar 26, 2025",1243,0
2024-12-05,PSTsSCvuoMk,LLMCompiler : 한국인이 만든 추론 방법론으로 AI Agent를 만듭니다. 역시 '빨리빨리',"Mar 26, 2025",1243,0
2024-12-06,PSTsSCvuoMk,LLMCompiler : 한국인이 만든 추론 방법론으로 AI Agent를 만듭니다. 역시 '빨리빨리',"Mar 26, 2025",1243,0
2024-12-07,PSTsSCvuoMk,LLMCompiler : 한국인이 만든 추론 방법론으로 AI Agent를 만듭니다. 역시 '빨리빨리',"Mar 26, 2025",1243,0
2024-12-08,PSTsSCvuoMk,LLMCompiler : 한국인이 만든 추론 방법론으로 AI Agent를 만듭니다. 역시 '빨리빨리',"Mar 26, 2025",1243,0
2024-12-09,PSTsSCvuoMk,LLMCompiler : 한국인이 만든 추론 방법론으로 AI Agent를 만듭니다. 역시 '빨리빨리',"Mar 26, 2025",1243,0
2024-12-10,PSTsSCvuoMk,LLMCompiler : 한국인이 만든 추론 방법론으로 AI Agent를 만듭니다. 역시 '빨리빨리',"Mar 26, 2025",1243,0
2024-12-11,PSTsSCvuoMk,LLMCompiler : 한국인이 만든 추론 방법론으로 AI Agent를 만듭니다. 역시 '빨리빨리',"Mar 26, 2025",1243,0
2024-12-12,PSTsSCvuoMk,LLMCompiler : 한국인이 만든 추론 방법론으로 AI Agent를 만듭니다. 역시 '빨리빨리',"Mar 26, 2025",1243,0
2024-12-13,PSTsSCvuoMk,LLMCompiler : 한국인이 만든 추론 방법론으로 AI Agent를 만듭니다. 역시 '빨리빨리',"Mar 26, 2025",1243,0
2024-12-14,PSTsSCvuoMk,LLMCompiler : 한국인이 만든 추론 방법론으로 AI Agent를 만듭니다. 역시 '빨리빨리',"Mar 26, 2025",1243,0
2024-12-15,PSTsSCvuoMk,LLMCompiler : 한국인이 만든 추론 방법론으로 AI Agent를 만듭니다. 역시 '빨리빨리',"Mar 26, 2025",1243,0
2024-12-16,PSTsSCvuoMk,LLMCompiler : 한국인이 만든 추론 방법론으로 AI Agent를 만듭니다. 역시 '빨리빨리',"Mar 26, 2025",1243,0
2024-12-17,PSTsSCvuoMk,LLMCompiler : 한국인이 만든 추론 방법론으로 AI Agent를 만듭니다. 역시 '빨리빨리',"Mar 26, 2025",1243,0
2024-12-18,PSTsSCvuoMk,LLMCompiler : 한국인이 만든 추론 방법론으로 AI Agent를 만듭니다. 역시 '빨리빨리',"Mar 26, 2025",1243,0
2024-12-19,PSTsSCvuoMk,LLMCompiler : 한국인이 만든 추론 방법론으로 AI Agent를 만듭니다. 역시 '빨리빨리',"Mar 26, 2025",1243,0
2024-12-20,PSTsSCvuoMk,LLMCompiler : 한국인이 만든 추론 방법론으로 AI Agent를 만듭니다. 역시 '빨리빨리',"Mar 26, 2025",1243,0
2024-12-21,PSTsSCvuoMk,LLMCompiler : 한국인이 만든 추론 방법론으로 AI Agent를 만듭니다. 역시 '빨리빨리',"Mar 26, 2025",1243,0
2024-12-22,PSTsSCvuoMk,LLMCompiler : 한국인이 만든 추론 방법론으로 AI Agent를 만듭니다. 역시 '빨리빨리',"Mar 26, 2025",1243,0
2024-12-23,PSTsSCvuoMk,LLMCompiler : 한국인이 만든 추론 방법론으로 AI Agent를 만듭니다. 역시 '빨리빨리',"Mar 26, 2025",1243,0
2024-12-24,PSTsSCvuoMk,LLMCompiler : 한국인이 만든 추론 방법론으로 AI Agent를 만듭니다. 역시 '빨리빨리',"Mar 26, 2025",1243,0
2024-12-25,PSTsSCvuoMk,LLMCompiler : 한국인이 만든 추론 방법론으로 AI Agent를 만듭니다. 역시 '빨리빨리',"Mar 26, 2025",1243,0
2024-12-26,PSTsSCvuoMk,LLMCompiler : 한국인이 만든 추론 방법론으로 AI Agent를 만듭니다. 역시 '빨리빨리',"Mar 26, 2025",1243,0
2024-12-27,PSTsSCvuoMk,LLMCompiler : 한국인이 만든 추론 방법론으로 AI Agent를 만듭니다. 역시 '빨리빨리',"Mar 26, 2025",1243,0
2024-12-28,PSTsSCvuoMk,LLMCompiler : 한국인이 만든 추론 방법론으로 AI Agent를 만듭니다. 역시 '빨리빨리',"Mar 26, 2025",1243,0
2024-12-29,PSTsSCvuoMk,LLMCompiler : 한국인이 만든 추론 방법론으로 AI Agent를 만듭니다. 역시 '빨리빨리',"Mar 26, 2025",1243,0
2024-12-30,PSTsSCvuoMk,LLMCompiler : 한국인이 만든 추론 방법론으로 AI Agent를 만듭니다. 역시 '빨리빨리',"Mar 26, 2025",1243,0
2024-12-31,PSTsSCvuoMk,LLMCompiler : 한국인이 만든 추론 방법론으로 AI Agent를 만듭니다. 역시 '빨리빨리',"Mar 26, 2025",1243,0
2025-01-01,PSTsSCvuoMk,LLMCompiler : 한국인이 만든 추론 방법론으로 AI Agent를 만듭니다. 역시 '빨리빨리',"Mar 26, 2025",1243,0
2025-01-02,PSTsSCvuoMk,LLMCompiler : 한국인이 만든 추론 방법론으로 AI Agent를 만듭니다. 역시 '빨리빨리',"Mar 26, 2025",1243,0
2025-01-03,PSTsSCvuoMk,LLMCompiler : 한국인이 만든 추론 방법론으로 AI Agent를 만듭니다. 역시 '빨리빨리',"Mar 26, 2025",1243,0
2025-01-04,PSTsSCvuoMk,LLMCompiler : 한국인이 만든 추론 방법론으로 AI Agent를 만듭니다. 역시 '빨리빨리',"Mar 26, 2025",1243,0
2025-01-05,PSTsSCvuoMk,LLMCompiler : 한국인이 만든 추론 방법론으로 AI Agent를 만듭니다. 역시 '빨리빨리',"Mar 26, 2025",1243,0
2025-01-06,PSTsSCvuoMk,LLMCompiler : 한국인이 만든 추론 방법론으로 AI Agent를 만듭니다. 역시 '빨리빨리',"Mar 26, 2025",1243,0
2025-01-07,PSTsSCvuoMk,LLMCompiler : 한국인이 만든 추론 방법론으로 AI Agent를 만듭니다. 역시 '빨리빨리',"Mar 26, 2025",1243,0
2025-01-08,PSTsSCvuoMk,LLMCompiler : 한국인이 만든 추론 방법론으로 AI Agent를 만듭니다. 역시 '빨리빨리',"Mar 26, 2025",1243,0
2025-01-09,PSTsSCvuoMk,LLMCompiler : 한국인이 만든 추론 방법론으로 AI Agent를 만듭니다. 역시 '빨리빨리',"Mar 26, 2025",1243,0
2025-01-10,PSTsSCvuoMk,LLMCompiler : 한국인이 만든 추론 방법론으로 AI Agent를 만듭니다. 역시 '빨리빨리',"Mar 26, 2025",1243,0
2025-01-11,PSTsSCvuoMk,LLMCompiler : 한국인이 만든 추론 방법론으로 AI Agent를 만듭니다. 역시 '빨리빨리',"Mar 26, 2025",1243,0
2025-01-12,PSTsSCvuoMk,LLMCompiler : 한국인이 만든 추론 방법론으로 AI Agent를 만듭니다. 역시 '빨리빨리',"Mar 26, 2025",1243,0
2025-01-13,PSTsSCvuoMk,LLMCompiler : 한국인이 만든 추론 방법론으로 AI Agent를 만듭니다. 역시 '빨리빨리',"Mar 26, 2025",1243,0
2025-01-14,PSTsSCvuoMk,LLMCompiler : 한국인이 만든 추론 방법론으로 AI Agent를 만듭니다. 역시 '빨리빨리',"Mar 26, 2025",1243,0
2025-01-15,PSTsSCvuoMk,LLMCompiler : 한국인이 만든 추론 방법론으로 AI Agent를 만듭니다. 역시 '빨리빨리',"Mar 26, 2025",1243,0
2025-01-16,PSTsSCvuoMk,LLMCompiler : 한국인이 만든 추론 방법론으로 AI Agent를 만듭니다. 역시 '빨리빨리',"Mar 26, 2025",1243,0
2025-01-17,PSTsSCvuoMk,LLMCompiler : 한국인이 만든 추론 방법론으로 AI Agent를 만듭니다. 역시 '빨리빨리',"Mar 26, 2025",1243,0
2025-01-18,PSTsSCvuoMk,LLMCompiler : 한국인이 만든 추론 방법론으로 AI Agent를 만듭니다. 역시 '빨리빨리',"Mar 26, 2025",1243,0
2025-01-19,PSTsSCvuoMk,LLMCompiler : 한국인이 만든 추론 방법론으로 AI Agent를 만듭니다. 역시 '빨리빨리',"Mar 26, 2025",1243,0
2025-01-20,PSTsSCvuoMk,LLMCompiler : 한국인이 만든 추론 방법론으로 AI Agent를 만듭니다. 역시 '빨리빨리',"Mar 26, 2025",1243,0
2025-01-21,PSTsSCvuoMk,LLMCompiler : 한국인이 만든 추론 방법론으로 AI Agent를 만듭니다. 역시 '빨리빨리',"Mar 26, 2025",1243,0
2025-01-22,PSTsSCvuoMk,LLMCompiler : 한국인이 만든 추론 방법론으로 AI Agent를 만듭니다. 역시 '빨리빨리',"Mar 26, 2025",1243,0
2025-01-23,PSTsSCvuoMk,LLMCompiler : 한국인이 만든 추론 방법론으로 AI Agent를 만듭니다. 역시 '빨리빨리',"Mar 26, 2025",1243,0
2025-01-24,PSTsSCvuoMk,LLMCompiler : 한국인이 만든 추론 방법론으로 AI Agent를 만듭니다. 역시 '빨리빨리',"Mar 26, 2025",1243,0
2025-01-25,PSTsSCvuoMk,LLMCompiler : 한국인이 만든 추론 방법론으로 AI Agent를 만듭니다. 역시 '빨리빨리',"Mar 26, 2025",1243,0
2025-01-26,PSTsSCvuoMk,LLMCompiler : 한국인이 만든 추론 방법론으로 AI Agent를 만듭니다. 역시 '빨리빨리',"Mar 26, 2025",1243,0
2025-01-27,PSTsSCvuoMk,LLMCompiler : 한국인이 만든 추론 방법론으로 AI Agent를 만듭니다. 역시 '빨리빨리',"Mar 26, 2025",1243,0
2025-01-28,PSTsSCvuoMk,LLMCompiler : 한국인이 만든 추론 방법론으로 AI Agent를 만듭니다. 역시 '빨리빨리',"Mar 26, 2025",1243,0
2025-01-29,PSTsSCvuoMk,LLMCompiler : 한국인이 만든 추론 방법론으로 AI Agent를 만듭니다. 역시 '빨리빨리',"Mar 26, 2025",1243,0
2025-01-30,PSTsSCvuoMk,LLMCompiler : 한국인이 만든 추론 방법론으로 AI Agent를 만듭니다. 역시 '빨리빨리',"Mar 26, 2025",1243,0
2025-01-31,PSTsSCvuoMk,LLMCompiler : 한국인이 만든 추론 방법론으로 AI Agent를 만듭니다. 역시 '빨리빨리',"Mar 26, 2025",1243,0
2025-02-01,PSTsSCvuoMk,LLMCompiler : 한국인이 만든 추론 방법론으로 AI Agent를 만듭니다. 역시 '빨리빨리',"Mar 26, 2025",1243,0
2025-02-02,PSTsSCvuoMk,LLMCompiler : 한국인이 만든 추론 방법론으로 AI Agent를 만듭니다. 역시 '빨리빨리',"Mar 26, 2025",1243,0
2025-02-03,PSTsSCvuoMk,LLMCompiler : 한국인이 만든 추론 방법론으로 AI Agent를 만듭니다. 역시 '빨리빨리',"Mar 26, 2025",1243,0
2025-02-04,PSTsSCvuoMk,LLMCompiler : 한국인이 만든 추론 방법론으로 AI Agent를 만듭니다. 역시 '빨리빨리',"Mar 26, 2025",1243,0
2025-02-05,PSTsSCvuoMk,LLMCompiler : 한국인이 만든 추론 방법론으로 AI Agent를 만듭니다. 역시 '빨리빨리',"Mar 26, 2025",1243,0
2025-02-06,PSTsSCvuoMk,LLMCompiler : 한국인이 만든 추론 방법론으로 AI Agent를 만듭니다. 역시 '빨리빨리',"Mar 26, 2025",1243,0
2025-02-07,PSTsSCvuoMk,LLMCompiler : 한국인이 만든 추론 방법론으로 AI Agent를 만듭니다. 역시 '빨리빨리',"Mar 26, 2025",1243,0
2025-02-08,PSTsSCvuoMk,LLMCompiler : 한국인이 만든 추론 방법론으로 AI Agent를 만듭니다. 역시 '빨리빨리',"Mar 26, 2025",1243,0
2025-02-09,PSTsSCvuoMk,LLMCompiler : 한국인이 만든 추론 방법론으로 AI Agent를 만듭니다. 역시 '빨리빨리',"Mar 26, 2025",1243,0
2025-02-10,PSTsSCvuoMk,LLMCompiler : 한국인이 만든 추론 방법론으로 AI Agent를 만듭니다. 역시 '빨리빨리',"Mar 26, 2025",1243,0
2025-02-11,PSTsSCvuoMk,LLMCompiler : 한국인이 만든 추론 방법론으로 AI Agent를 만듭니다. 역시 '빨리빨리',"Mar 26, 2025",1243,0
2025-02-12,PSTsSCvuoMk,LLMCompiler : 한국인이 만든 추론 방법론으로 AI Agent를 만듭니다. 역시 '빨리빨리',"Mar 26, 2025",1243,0
2025-02-13,PSTsSCvuoMk,LLMCompiler : 한국인이 만든 추론 방법론으로 AI Agent를 만듭니다. 역시 '빨리빨리',"Mar 26, 2025",1243,0
2025-02-14,PSTsSCvuoMk,LLMCompiler : 한국인이 만든 추론 방법론으로 AI Agent를 만듭니다. 역시 '빨리빨리',"Mar 26, 2025",1243,0
2025-02-15,PSTsSCvuoMk,LLMCompiler : 한국인이 만든 추론 방법론으로 AI Agent를 만듭니다. 역시 '빨리빨리',"Mar 26, 2025",1243,0
2025-02-16,PSTsSCvuoMk,LLMCompiler : 한국인이 만든 추론 방법론으로 AI Agent를 만듭니다. 역시 '빨리빨리',"Mar 26, 2025",1243,0
2025-02-17,PSTsSCvuoMk,LLMCompiler : 한국인이 만든 추론 방법론으로 AI Agent를 만듭니다. 역시 '빨리빨리',"Mar 26, 2025",1243,0
2025-02-18,PSTsSCvuoMk,LLMCompiler : 한국인이 만든 추론 방법론으로 AI Agent를 만듭니다. 역시 '빨리빨리',"Mar 26, 2025",1243,0
2025-02-19,PSTsSCvuoMk,LLMCompiler : 한국인이 만든 추론 방법론으로 AI Agent를 만듭니다. 역시 '빨리빨리',"Mar 26, 2025",1243,0
2025-02-20,PSTsSCvuoMk,LLMCompiler : 한국인이 만든 추론 방법론으로 AI Agent를 만듭니다. 역시 '빨리빨리',"Mar 26, 2025",1243,0
2025-02-21,PSTsSCvuoMk,LLMCompiler : 한국인이 만든 추론 방법론으로 AI Agent를 만듭니다. 역시 '빨리빨리',"Mar 26, 2025",1243,0
2025-02-22,PSTsSCvuoMk,LLMCompiler : 한국인이 만든 추론 방법론으로 AI Agent를 만듭니다. 역시 '빨리빨리',"Mar 26, 2025",1243,0
2025-02-23,PSTsSCvuoMk,LLMCompiler : 한국인이 만든 추론 방법론으로 AI Agent를 만듭니다. 역시 '빨리빨리',"Mar 26, 2025",1243,0
2025-02-24,PSTsSCvuoMk,LLMCompiler : 한국인이 만든 추론 방법론으로 AI Agent를 만듭니다. 역시 '빨리빨리',"Mar 26, 2025",1243,0
2025-02-25,PSTsSCvuoMk,LLMCompiler : 한국인이 만든 추론 방법론으로 AI Agent를 만듭니다. 역시 '빨리빨리',"Mar 26, 2025",1243,0
2025-02-26,PSTsSCvuoMk,LLMCompiler : 한국인이 만든 추론 방법론으로 AI Agent를 만듭니다. 역시 '빨리빨리',"Mar 26, 2025",1243,0
2025-02-27,PSTsSCvuoMk,LLMCompiler : 한국인이 만든 추론 방법론으로 AI Agent를 만듭니다. 역시 '빨리빨리',"Mar 26, 2025",1243,0
2025-02-28,PSTsSCvuoMk,LLMCompiler : 한국인이 만든 추론 방법론으로 AI Agent를 만듭니다. 역시 '빨리빨리',"Mar 26, 2025",1243,0
2025-03-01,PSTsSCvuoMk,LLMCompiler : 한국인이 만든 추론 방법론으로 AI Agent를 만듭니다. 역시 '빨리빨리',"Mar 26, 2025",1243,0
2025-03-02,PSTsSCvuoMk,LLMCompiler : 한국인이 만든 추론 방법론으로 AI Agent를 만듭니다. 역시 '빨리빨리',"Mar 26, 2025",1243,0
2025-03-03,PSTsSCvuoMk,LLMCompiler : 한국인이 만든 추론 방법론으로 AI Agent를 만듭니다. 역시 '빨리빨리',"Mar 26, 2025",1243,0
2025-03-04,PSTsSCvuoMk,LLMCompiler : 한국인이 만든 추론 방법론으로 AI Agent를 만듭니다. 역시 '빨리빨리',"Mar 26, 2025",1243,0
2025-03-05,PSTsSCvuoMk,LLMCompiler : 한국인이 만든 추론 방법론으로 AI Agent를 만듭니다. 역시 '빨리빨리',"Mar 26, 2025",1243,0
2025-03-06,PSTsSCvuoMk,LLMCompiler : 한국인이 만든 추론 방법론으로 AI Agent를 만듭니다. 역시 '빨리빨리',"Mar 26, 2025",1243,0
2025-03-07,PSTsSCvuoMk,LLMCompiler : 한국인이 만든 추론 방법론으로 AI Agent를 만듭니다. 역시 '빨리빨리',"Mar 26, 2025",1243,0
2025-03-08,PSTsSCvuoMk,LLMCompiler : 한국인이 만든 추론 방법론으로 AI Agent를 만듭니다. 역시 '빨리빨리',"Mar 26, 2025",1243,0
2025-03-09,PSTsSCvuoMk,LLMCompiler : 한국인이 만든 추론 방법론으로 AI Agent를 만듭니다. 역시 '빨리빨리',"Mar 26, 2025",1243,0
2025-03-10,PSTsSCvuoMk,LLMCompiler : 한국인이 만든 추론 방법론으로 AI Agent를 만듭니다. 역시 '빨리빨리',"Mar 26, 2025",1243,0
2025-03-11,PSTsSCvuoMk,LLMCompiler : 한국인이 만든 추론 방법론으로 AI Agent를 만듭니다. 역시 '빨리빨리',"Mar 26, 2025",1243,0
2025-03-12,PSTsSCvuoMk,LLMCompiler : 한국인이 만든 추론 방법론으로 AI Agent를 만듭니다. 역시 '빨리빨리',"Mar 26, 2025",1243,0
2025-03-13,PSTsSCvuoMk,LLMCompiler : 한국인이 만든 추론 방법론으로 AI Agent를 만듭니다. 역시 '빨리빨리',"Mar 26, 2025",1243,0
2025-03-14,PSTsSCvuoMk,LLMCompiler : 한국인이 만든 추론 방법론으로 AI Agent를 만듭니다. 역시 '빨리빨리',"Mar 26, 2025",1243,0
2025-03-15,PSTsSCvuoMk,LLMCompiler : 한국인이 만든 추론 방법론으로 AI Agent를 만듭니다. 역시 '빨리빨리',"Mar 26, 2025",1243,0
2025-03-16,PSTsSCvuoMk,LLMCompiler : 한국인이 만든 추론 방법론으로 AI Agent를 만듭니다. 역시 '빨리빨리',"Mar 26, 2025",1243,0
2025-03-17,PSTsSCvuoMk,LLMCompiler : 한국인이 만든 추론 방법론으로 AI Agent를 만듭니다. 역시 '빨리빨리',"Mar 26, 2025",1243,0
2025-03-18,PSTsSCvuoMk,LLMCompiler : 한국인이 만든 추론 방법론으로 AI Agent를 만듭니다. 역시 '빨리빨리',"Mar 26, 2025",1243,0
2025-03-19,PSTsSCvuoMk,LLMCompiler : 한국인이 만든 추론 방법론으로 AI Agent를 만듭니다. 역시 '빨리빨리',"Mar 26, 2025",1243,0
2025-03-20,PSTsSCvuoMk,LLMCompiler : 한국인이 만든 추론 방법론으로 AI Agent를 만듭니다. 역시 '빨리빨리',"Mar 26, 2025",1243,0
2025-03-21,PSTsSCvuoMk,LLMCompiler : 한국인이 만든 추론 방법론으로 AI Agent를 만듭니다. 역시 '빨리빨리',"Mar 26, 2025",1243,0
2025-03-22,PSTsSCvuoMk,LLMCompiler : 한국인이 만든 추론 방법론으로 AI Agent를 만듭니다. 역시 '빨리빨리',"Mar 26, 2025",1243,0
2025-03-23,PSTsSCvuoMk,LLMCompiler : 한국인이 만든 추론 방법론으로 AI Agent를 만듭니다. 역시 '빨리빨리',"Mar 26, 2025",1243,0
2025-03-24,PSTsSCvuoMk,LLMCompiler : 한국인이 만든 추론 방법론으로 AI Agent를 만듭니다. 역시 '빨리빨리',"Mar 26, 2025",1243,0
2025-03-25,PSTsSCvuoMk,LLMCompiler : 한국인이 만든 추론 방법론으로 AI Agent를 만듭니다. 역시 '빨리빨리',"Mar 26, 2025",1243,0
2025-03-26,PSTsSCvuoMk,LLMCompiler : 한국인이 만든 추론 방법론으로 AI Agent를 만듭니다. 역시 '빨리빨리',"Mar 26, 2025",1243,479
2025-03-27,PSTsSCvuoMk,LLMCompiler : 한국인이 만든 추론 방법론으로 AI Agent를 만듭니다. 역시 '빨리빨리',"Mar 26, 2025",1243,1900
2025-03-28,PSTsSCvuoMk,LLMCompiler : 한국인이 만든 추론 방법론으로 AI Agent를 만듭니다. 역시 '빨리빨리',"Mar 26, 2025",1243,306
2025-03-29,PSTsSCvuoMk,LLMCompiler : 한국인이 만든 추론 방법론으로 AI Agent를 만듭니다. 역시 '빨리빨리',"Mar 26, 2025",1243,178
2025-03-30,PSTsSCvuoMk,LLMCompiler : 한국인이 만든 추론 방법론으로 AI Agent를 만듭니다. 역시 '빨리빨리',"Mar 26, 2025",1243,61
2025-03-31,PSTsSCvuoMk,LLMCompiler : 한국인이 만든 추론 방법론으로 AI Agent를 만듭니다. 역시 '빨리빨리',"Mar 26, 2025",1243,23
2025-04-01,PSTsSCvuoMk,LLMCompiler : 한국인이 만든 추론 방법론으로 AI Agent를 만듭니다. 역시 '빨리빨리',"Mar 26, 2025",1243,31
2025-04-02,PSTsSCvuoMk,LLMCompiler : 한국인이 만든 추론 방법론으로 AI Agent를 만듭니다. 역시 '빨리빨리',"Mar 26, 2025",1243,42
2025-04-03,PSTsSCvuoMk,LLMCompiler : 한국인이 만든 추론 방법론으로 AI Agent를 만듭니다. 역시 '빨리빨리',"Mar 26, 2025",1243,43
2025-04-04,PSTsSCvuoMk,LLMCompiler : 한국인이 만든 추론 방법론으로 AI Agent를 만듭니다. 역시 '빨리빨리',"Mar 26, 2025",1243,63
2025-04-05,PSTsSCvuoMk,LLMCompiler : 한국인이 만든 추론 방법론으로 AI Agent를 만듭니다. 역시 '빨리빨리',"Mar 26, 2025",1243,41
2025-04-06,PSTsSCvuoMk,LLMCompiler : 한국인이 만든 추론 방법론으로 AI Agent를 만듭니다. 역시 '빨리빨리',"Mar 26, 2025",1243,51
2025-04-07,PSTsSCvuoMk,LLMCompiler : 한국인이 만든 추론 방법론으로 AI Agent를 만듭니다. 역시 '빨리빨리',"Mar 26, 2025",1243,40
2025-04-08,PSTsSCvuoMk,LLMCompiler : 한국인이 만든 추론 방법론으로 AI Agent를 만듭니다. 역시 '빨리빨리',"Mar 26, 2025",1243,11
2025-04-09,PSTsSCvuoMk,LLMCompiler : 한국인이 만든 추론 방법론으로 AI Agent를 만듭니다. 역시 '빨리빨리',"Mar 26, 2025",1243,6
2025-04-10,PSTsSCvuoMk,LLMCompiler : 한국인이 만든 추론 방법론으로 AI Agent를 만듭니다. 역시 '빨리빨리',"Mar 26, 2025",1243,15
2025-04-11,PSTsSCvuoMk,LLMCompiler : 한국인이 만든 추론 방법론으로 AI Agent를 만듭니다. 역시 '빨리빨리',"Mar 26, 2025",1243,14
2025-04-12,PSTsSCvuoMk,LLMCompiler : 한국인이 만든 추론 방법론으로 AI Agent를 만듭니다. 역시 '빨리빨리',"Mar 26, 2025",1243,17
2025-04-13,PSTsSCvuoMk,LLMCompiler : 한국인이 만든 추론 방법론으로 AI Agent를 만듭니다. 역시 '빨리빨리',"Mar 26, 2025",1243,36
2025-04-14,PSTsSCvuoMk,LLMCompiler : 한국인이 만든 추론 방법론으로 AI Agent를 만듭니다. 역시 '빨리빨리',"Mar 26, 2025",1243,71
2025-04-15,PSTsSCvuoMk,LLMCompiler : 한국인이 만든 추론 방법론으로 AI Agent를 만듭니다. 역시 '빨리빨리',"Mar 26, 2025",1243,63
2025-04-16,PSTsSCvuoMk,LLMCompiler : 한국인이 만든 추론 방법론으로 AI Agent를 만듭니다. 역시 '빨리빨리',"Mar 26, 2025",1243,39
2025-04-17,PSTsSCvuoMk,LLMCompiler : 한국인이 만든 추론 방법론으로 AI Agent를 만듭니다. 역시 '빨리빨리',"Mar 26, 2025",1243,16
2025-04-18,PSTsSCvuoMk,LLMCompiler : 한국인이 만든 추론 방법론으로 AI Agent를 만듭니다. 역시 '빨리빨리',"Mar 26, 2025",1243,24
2025-04-19,PSTsSCvuoMk,LLMCompiler : 한국인이 만든 추론 방법론으로 AI Agent를 만듭니다. 역시 '빨리빨리',"Mar 26, 2025",1243,12
2025-04-20,PSTsSCvuoMk,LLMCompiler : 한국인이 만든 추론 방법론으로 AI Agent를 만듭니다. 역시 '빨리빨리',"Mar 26, 2025",1243,10
2025-04-21,PSTsSCvuoMk,LLMCompiler : 한국인이 만든 추론 방법론으로 AI Agent를 만듭니다. 역시 '빨리빨리',"Mar 26, 2025",1243,7
2025-04-22,PSTsSCvuoMk,LLMCompiler : 한국인이 만든 추론 방법론으로 AI Agent를 만듭니다. 역시 '빨리빨리',"Mar 26, 2025",1243,13
2025-04-23,PSTsSCvuoMk,LLMCompiler : 한국인이 만든 추론 방법론으로 AI Agent를 만듭니다. 역시 '빨리빨리',"Mar 26, 2025",1243,15
2025-04-24,PSTsSCvuoMk,LLMCompiler : 한국인이 만든 추론 방법론으로 AI Agent를 만듭니다. 역시 '빨리빨리',"Mar 26, 2025",1243,16
2025-04-25,PSTsSCvuoMk,LLMCompiler : 한국인이 만든 추론 방법론으로 AI Agent를 만듭니다. 역시 '빨리빨리',"Mar 26, 2025",1243,5
2025-04-26,PSTsSCvuoMk,LLMCompiler : 한국인이 만든 추론 방법론으로 AI Agent를 만듭니다. 역시 '빨리빨리',"Mar 26, 2025",1243,13
2025-04-27,PSTsSCvuoMk,LLMCompiler : 한국인이 만든 추론 방법론으로 AI Agent를 만듭니다. 역시 '빨리빨리',"Mar 26, 2025",1243,11
2025-04-28,PSTsSCvuoMk,LLMCompiler : 한국인이 만든 추론 방법론으로 AI Agent를 만듭니다. 역시 '빨리빨리',"Mar 26, 2025",1243,7
2025-04-29,PSTsSCvuoMk,LLMCompiler : 한국인이 만든 추론 방법론으로 AI Agent를 만듭니다. 역시 '빨리빨리',"Mar 26, 2025",1243,4
2025-04-30,PSTsSCvuoMk,LLMCompiler : 한국인이 만든 추론 방법론으로 AI Agent를 만듭니다. 역시 '빨리빨리',"Mar 26, 2025",1243,6
2025-05-01,PSTsSCvuoMk,LLMCompiler : 한국인이 만든 추론 방법론으로 AI Agent를 만듭니다. 역시 '빨리빨리',"Mar 26, 2025",1243,6
2025-05-02,PSTsSCvuoMk,LLMCompiler : 한국인이 만든 추론 방법론으로 AI Agent를 만듭니다. 역시 '빨리빨리',"Mar 26, 2025",1243,11
2025-05-03,PSTsSCvuoMk,LLMCompiler : 한국인이 만든 추론 방법론으로 AI Agent를 만듭니다. 역시 '빨리빨리',"Mar 26, 2025",1243,5
2025-05-04,PSTsSCvuoMk,LLMCompiler : 한국인이 만든 추론 방법론으로 AI Agent를 만듭니다. 역시 '빨리빨리',"Mar 26, 2025",1243,1
2025-05-05,PSTsSCvuoMk,LLMCompiler : 한국인이 만든 추론 방법론으로 AI Agent를 만듭니다. 역시 '빨리빨리',"Mar 26, 2025",1243,2
2025-05-06,PSTsSCvuoMk,LLMCompiler : 한국인이 만든 추론 방법론으로 AI Agent를 만듭니다. 역시 '빨리빨리',"Mar 26, 2025",1243,7
2025-05-07,PSTsSCvuoMk,LLMCompiler : 한국인이 만든 추론 방법론으로 AI Agent를 만듭니다. 역시 '빨리빨리',"Mar 26, 2025",1243,5
2025-05-08,PSTsSCvuoMk,LLMCompiler : 한국인이 만든 추론 방법론으로 AI Agent를 만듭니다. 역시 '빨리빨리',"Mar 26, 2025",1243,3
2025-05-09,PSTsSCvuoMk,LLMCompiler : 한국인이 만든 추론 방법론으로 AI Agent를 만듭니다. 역시 '빨리빨리',"Mar 26, 2025",1243,1
2025-05-10,PSTsSCvuoMk,LLMCompiler : 한국인이 만든 추론 방법론으로 AI Agent를 만듭니다. 역시 '빨리빨리',"Mar 26, 2025",1243,4
2025-05-11,PSTsSCvuoMk,LLMCompiler : 한국인이 만든 추론 방법론으로 AI Agent를 만듭니다. 역시 '빨리빨리',"Mar 26, 2025",1243,6
2025-05-12,PSTsSCvuoMk,LLMCompiler : 한국인이 만든 추론 방법론으로 AI Agent를 만듭니다. 역시 '빨리빨리',"Mar 26, 2025",1243,0
2025-05-13,PSTsSCvuoMk,LLMCompiler : 한국인이 만든 추론 방법론으로 AI Agent를 만듭니다. 역시 '빨리빨리',"Mar 26, 2025",1243,2
2025-05-14,PSTsSCvuoMk,LLMCompiler : 한국인이 만든 추론 방법론으로 AI Agent를 만듭니다. 역시 '빨리빨리',"Mar 26, 2025",1243,1
2025-05-15,PSTsSCvuoMk,LLMCompiler : 한국인이 만든 추론 방법론으로 AI Agent를 만듭니다. 역시 '빨리빨리',"Mar 26, 2025",1243,1
2025-05-16,PSTsSCvuoMk,LLMCompiler : 한국인이 만든 추론 방법론으로 AI Agent를 만듭니다. 역시 '빨리빨리',"Mar 26, 2025",1243,0
2025-05-17,PSTsSCvuoMk,LLMCompiler : 한국인이 만든 추론 방법론으로 AI Agent를 만듭니다. 역시 '빨리빨리',"Mar 26, 2025",1243,0
2025-05-18,PSTsSCvuoMk,LLMCompiler : 한국인이 만든 추론 방법론으로 AI Agent를 만듭니다. 역시 '빨리빨리',"Mar 26, 2025",1243,0
2025-05-19,PSTsSCvuoMk,LLMCompiler : 한국인이 만든 추론 방법론으로 AI Agent를 만듭니다. 역시 '빨리빨리',"Mar 26, 2025",1243,1
2025-05-20,PSTsSCvuoMk,LLMCompiler : 한국인이 만든 추론 방법론으로 AI Agent를 만듭니다. 역시 '빨리빨리',"Mar 26, 2025",1243,0
2025-05-21,PSTsSCvuoMk,LLMCompiler : 한국인이 만든 추론 방법론으로 AI Agent를 만듭니다. 역시 '빨리빨리',"Mar 26, 2025",1243,0
2025-05-22,PSTsSCvuoMk,LLMCompiler : 한국인이 만든 추론 방법론으로 AI Agent를 만듭니다. 역시 '빨리빨리',"Mar 26, 2025",1243,2
2025-05-23,PSTsSCvuoMk,LLMCompiler : 한국인이 만든 추론 방법론으로 AI Agent를 만듭니다. 역시 '빨리빨리',"Mar 26, 2025",1243,0
2025-05-24,PSTsSCvuoMk,LLMCompiler : 한국인이 만든 추론 방법론으로 AI Agent를 만듭니다. 역시 '빨리빨리',"Mar 26, 2025",1243,2
2025-05-25,PSTsSCvuoMk,LLMCompiler : 한국인이 만든 추론 방법론으로 AI Agent를 만듭니다. 역시 '빨리빨리',"Mar 26, 2025",1243,2
2025-05-26,PSTsSCvuoMk,LLMCompiler : 한국인이 만든 추론 방법론으로 AI Agent를 만듭니다. 역시 '빨리빨리',"Mar 26, 2025",1243,0
2025-05-27,PSTsSCvuoMk,LLMCompiler : 한국인이 만든 추론 방법론으로 AI Agent를 만듭니다. 역시 '빨리빨리',"Mar 26, 2025",1243,2
2025-05-28,PSTsSCvuoMk,LLMCompiler : 한국인이 만든 추론 방법론으로 AI Agent를 만듭니다. 역시 '빨리빨리',"Mar 26, 2025",1243,3
2025-05-29,PSTsSCvuoMk,LLMCompiler : 한국인이 만든 추론 방법론으로 AI Agent를 만듭니다. 역시 '빨리빨리',"Mar 26, 2025",1243,3
2025-05-30,PSTsSCvuoMk,LLMCompiler : 한국인이 만든 추론 방법론으로 AI Agent를 만듭니다. 역시 '빨리빨리',"Mar 26, 2025",1243,1
2025-05-31,PSTsSCvuoMk,LLMCompiler : 한국인이 만든 추론 방법론으로 AI Agent를 만듭니다. 역시 '빨리빨리',"Mar 26, 2025",1243,2
2025-06-01,PSTsSCvuoMk,LLMCompiler : 한국인이 만든 추론 방법론으로 AI Agent를 만듭니다. 역시 '빨리빨리',"Mar 26, 2025",1243,1
2025-06-02,PSTsSCvuoMk,LLMCompiler : 한국인이 만든 추론 방법론으로 AI Agent를 만듭니다. 역시 '빨리빨리',"Mar 26, 2025",1243,2
2025-06-03,PSTsSCvuoMk,LLMCompiler : 한국인이 만든 추론 방법론으로 AI Agent를 만듭니다. 역시 '빨리빨리',"Mar 26, 2025",1243,1
2025-06-04,PSTsSCvuoMk,LLMCompiler : 한국인이 만든 추론 방법론으로 AI Agent를 만듭니다. 역시 '빨리빨리',"Mar 26, 2025",1243,1
2025-06-05,PSTsSCvuoMk,LLMCompiler : 한국인이 만든 추론 방법론으로 AI Agent를 만듭니다. 역시 '빨리빨리',"Mar 26, 2025",1243,2
2025-06-06,PSTsSCvuoMk,LLMCompiler : 한국인이 만든 추론 방법론으로 AI Agent를 만듭니다. 역시 '빨리빨리',"Mar 26, 2025",1243,2
2025-06-07,PSTsSCvuoMk,LLMCompiler : 한국인이 만든 추론 방법론으로 AI Agent를 만듭니다. 역시 '빨리빨리',"Mar 26, 2025",1243,2
2025-06-08,PSTsSCvuoMk,LLMCompiler : 한국인이 만든 추론 방법론으로 AI Agent를 만듭니다. 역시 '빨리빨리',"Mar 26, 2025",1243,4
2025-06-09,PSTsSCvuoMk,LLMCompiler : 한국인이 만든 추론 방법론으로 AI Agent를 만듭니다. 역시 '빨리빨리',"Mar 26, 2025",1243,4
2025-06-10,PSTsSCvuoMk,LLMCompiler : 한국인이 만든 추론 방법론으로 AI Agent를 만듭니다. 역시 '빨리빨리',"Mar 26, 2025",1243,6
2025-06-11,PSTsSCvuoMk,LLMCompiler : 한국인이 만든 추론 방법론으로 AI Agent를 만듭니다. 역시 '빨리빨리',"Mar 26, 2025",1243,9
2025-06-12,PSTsSCvuoMk,LLMCompiler : 한국인이 만든 추론 방법론으로 AI Agent를 만듭니다. 역시 '빨리빨리',"Mar 26, 2025",1243,8
2025-06-13,PSTsSCvuoMk,LLMCompiler : 한국인이 만든 추론 방법론으로 AI Agent를 만듭니다. 역시 '빨리빨리',"Mar 26, 2025",1243,10
2025-06-14,PSTsSCvuoMk,LLMCompiler : 한국인이 만든 추론 방법론으로 AI Agent를 만듭니다. 역시 '빨리빨리',"Mar 26, 2025",1243,6
2025-06-15,PSTsSCvuoMk,LLMCompiler : 한국인이 만든 추론 방법론으로 AI Agent를 만듭니다. 역시 '빨리빨리',"Mar 26, 2025",1243,1
2025-06-16,PSTsSCvuoMk,LLMCompiler : 한국인이 만든 추론 방법론으로 AI Agent를 만듭니다. 역시 '빨리빨리',"Mar 26, 2025",1243,4
2025-06-17,PSTsSCvuoMk,LLMCompiler : 한국인이 만든 추론 방법론으로 AI Agent를 만듭니다. 역시 '빨리빨리',"Mar 26, 2025",1243,0
2025-06-18,PSTsSCvuoMk,LLMCompiler : 한국인이 만든 추론 방법론으로 AI Agent를 만듭니다. 역시 '빨리빨리',"Mar 26, 2025",1243,5
2025-06-19,PSTsSCvuoMk,LLMCompiler : 한국인이 만든 추론 방법론으로 AI Agent를 만듭니다. 역시 '빨리빨리',"Mar 26, 2025",1243,3
2025-06-20,PSTsSCvuoMk,LLMCompiler : 한국인이 만든 추론 방법론으로 AI Agent를 만듭니다. 역시 '빨리빨리',"Mar 26, 2025",1243,4
2025-06-21,PSTsSCvuoMk,LLMCompiler : 한국인이 만든 추론 방법론으로 AI Agent를 만듭니다. 역시 '빨리빨리',"Mar 26, 2025",1243,4
2025-06-22,PSTsSCvuoMk,LLMCompiler : 한국인이 만든 추론 방법론으로 AI Agent를 만듭니다. 역시 '빨리빨리',"Mar 26, 2025",1243,2
2025-06-23,PSTsSCvuoMk,LLMCompiler : 한국인이 만든 추론 방법론으로 AI Agent를 만듭니다. 역시 '빨리빨리',"Mar 26, 2025",1243,5
2025-06-24,PSTsSCvuoMk,LLMCompiler : 한국인이 만든 추론 방법론으로 AI Agent를 만듭니다. 역시 '빨리빨리',"Mar 26, 2025",1243,3
2025-06-25,PSTsSCvuoMk,LLMCompiler : 한국인이 만든 추론 방법론으로 AI Agent를 만듭니다. 역시 '빨리빨리',"Mar 26, 2025",1243,1
2025-06-26,PSTsSCvuoMk,LLMCompiler : 한국인이 만든 추론 방법론으로 AI Agent를 만듭니다. 역시 '빨리빨리',"Mar 26, 2025",1243,6
2025-06-27,PSTsSCvuoMk,LLMCompiler : 한국인이 만든 추론 방법론으로 AI Agent를 만듭니다. 역시 '빨리빨리',"Mar 26, 2025",1243,1
2025-06-28,PSTsSCvuoMk,LLMCompiler : 한국인이 만든 추론 방법론으로 AI Agent를 만듭니다. 역시 '빨리빨리',"Mar 26, 2025",1243,0
2025-06-29,PSTsSCvuoMk,LLMCompiler : 한국인이 만든 추론 방법론으로 AI Agent를 만듭니다. 역시 '빨리빨리',"Mar 26, 2025",1243,2
2025-06-30,PSTsSCvuoMk,LLMCompiler : 한국인이 만든 추론 방법론으로 AI Agent를 만듭니다. 역시 '빨리빨리',"Mar 26, 2025",1243,1
2025-07-01,PSTsSCvuoMk,LLMCompiler : 한국인이 만든 추론 방법론으로 AI Agent를 만듭니다. 역시 '빨리빨리',"Mar 26, 2025",1243,0
2025-07-02,PSTsSCvuoMk,LLMCompiler : 한국인이 만든 추론 방법론으로 AI Agent를 만듭니다. 역시 '빨리빨리',"Mar 26, 2025",1243,2
2025-07-03,PSTsSCvuoMk,LLMCompiler : 한국인이 만든 추론 방법론으로 AI Agent를 만듭니다. 역시 '빨리빨리',"Mar 26, 2025",1243,1
2025-07-04,PSTsSCvuoMk,LLMCompiler : 한국인이 만든 추론 방법론으로 AI Agent를 만듭니다. 역시 '빨리빨리',"Mar 26, 2025",1243,2
2025-07-05,PSTsSCvuoMk,LLMCompiler : 한국인이 만든 추론 방법론으로 AI Agent를 만듭니다. 역시 '빨리빨리',"Mar 26, 2025",1243,4
2025-07-06,PSTsSCvuoMk,LLMCompiler : 한국인이 만든 추론 방법론으로 AI Agent를 만듭니다. 역시 '빨리빨리',"Mar 26, 2025",1243,4
2025-07-07,PSTsSCvuoMk,LLMCompiler : 한국인이 만든 추론 방법론으로 AI Agent를 만듭니다. 역시 '빨리빨리',"Mar 26, 2025",1243,1
2025-07-08,PSTsSCvuoMk,LLMCompiler : 한국인이 만든 추론 방법론으로 AI Agent를 만듭니다. 역시 '빨리빨리',"Mar 26, 2025",1243,3
2025-07-09,PSTsSCvuoMk,LLMCompiler : 한국인이 만든 추론 방법론으로 AI Agent를 만듭니다. 역시 '빨리빨리',"Mar 26, 2025",1243,1
2025-07-10,PSTsSCvuoMk,LLMCompiler : 한국인이 만든 추론 방법론으로 AI Agent를 만듭니다. 역시 '빨리빨리',"Mar 26, 2025",1243,1
2025-07-11,PSTsSCvuoMk,LLMCompiler : 한국인이 만든 추론 방법론으로 AI Agent를 만듭니다. 역시 '빨리빨리',"Mar 26, 2025",1243,4
2025-07-12,PSTsSCvuoMk,LLMCompiler : 한국인이 만든 추론 방법론으로 AI Agent를 만듭니다. 역시 '빨리빨리',"Mar 26, 2025",1243,0
2025-07-13,PSTsSCvuoMk,LLMCompiler : 한국인이 만든 추론 방법론으로 AI Agent를 만듭니다. 역시 '빨리빨리',"Mar 26, 2025",1243,2
2025-07-14,PSTsSCvuoMk,LLMCompiler : 한국인이 만든 추론 방법론으로 AI Agent를 만듭니다. 역시 '빨리빨리',"Mar 26, 2025",1243,2
2025-07-15,PSTsSCvuoMk,LLMCompiler : 한국인이 만든 추론 방법론으로 AI Agent를 만듭니다. 역시 '빨리빨리',"Mar 26, 2025",1243,1
2025-07-16,PSTsSCvuoMk,LLMCompiler : 한국인이 만든 추론 방법론으로 AI Agent를 만듭니다. 역시 '빨리빨리',"Mar 26, 2025",1243,2
2025-07-17,PSTsSCvuoMk,LLMCompiler : 한국인이 만든 추론 방법론으로 AI Agent를 만듭니다. 역시 '빨리빨리',"Mar 26, 2025",1243,5
2025-07-18,PSTsSCvuoMk,LLMCompiler : 한국인이 만든 추론 방법론으로 AI Agent를 만듭니다. 역시 '빨리빨리',"Mar 26, 2025",1243,2
2025-07-19,PSTsSCvuoMk,LLMCompiler : 한국인이 만든 추론 방법론으로 AI Agent를 만듭니다. 역시 '빨리빨리',"Mar 26, 2025",1243,3
2025-07-20,PSTsSCvuoMk,LLMCompiler : 한국인이 만든 추론 방법론으로 AI Agent를 만듭니다. 역시 '빨리빨리',"Mar 26, 2025",1243,1
2025-07-21,PSTsSCvuoMk,LLMCompiler : 한국인이 만든 추론 방법론으로 AI Agent를 만듭니다. 역시 '빨리빨리',"Mar 26, 2025",1243,0
2025-07-22,PSTsSCvuoMk,LLMCompiler : 한국인이 만든 추론 방법론으로 AI Agent를 만듭니다. 역시 '빨리빨리',"Mar 26, 2025",1243,3
2025-07-23,PSTsSCvuoMk,LLMCompiler : 한국인이 만든 추론 방법론으로 AI Agent를 만듭니다. 역시 '빨리빨리',"Mar 26, 2025",1243,2
2025-07-24,PSTsSCvuoMk,LLMCompiler : 한국인이 만든 추론 방법론으로 AI Agent를 만듭니다. 역시 '빨리빨리',"Mar 26, 2025",1243,1
2025-07-25,PSTsSCvuoMk,LLMCompiler : 한국인이 만든 추론 방법론으로 AI Agent를 만듭니다. 역시 '빨리빨리',"Mar 26, 2025",1243,4
2025-07-26,PSTsSCvuoMk,LLMCompiler : 한국인이 만든 추론 방법론으로 AI Agent를 만듭니다. 역시 '빨리빨리',"Mar 26, 2025",1243,1
2025-07-27,PSTsSCvuoMk,LLMCompiler : 한국인이 만든 추론 방법론으로 AI Agent를 만듭니다. 역시 '빨리빨리',"Mar 26, 2025",1243,2
2025-07-28,PSTsSCvuoMk,LLMCompiler : 한국인이 만든 추론 방법론으로 AI Agent를 만듭니다. 역시 '빨리빨리',"Mar 26, 2025",1243,0
2025-07-29,PSTsSCvuoMk,LLMCompiler : 한국인이 만든 추론 방법론으로 AI Agent를 만듭니다. 역시 '빨리빨리',"Mar 26, 2025",1243,1
2025-07-30,PSTsSCvuoMk,LLMCompiler : 한국인이 만든 추론 방법론으로 AI Agent를 만듭니다. 역시 '빨리빨리',"Mar 26, 2025",1243,0
2025-07-31,PSTsSCvuoMk,LLMCompiler : 한국인이 만든 추론 방법론으로 AI Agent를 만듭니다. 역시 '빨리빨리',"Mar 26, 2025",1243,0
2025-08-01,PSTsSCvuoMk,LLMCompiler : 한국인이 만든 추론 방법론으로 AI Agent를 만듭니다. 역시 '빨리빨리',"Mar 26, 2025",1243,2
2025-08-02,PSTsSCvuoMk,LLMCompiler : 한국인이 만든 추론 방법론으로 AI Agent를 만듭니다. 역시 '빨리빨리',"Mar 26, 2025",1243,1
2025-08-03,PSTsSCvuoMk,LLMCompiler : 한국인이 만든 추론 방법론으로 AI Agent를 만듭니다. 역시 '빨리빨리',"Mar 26, 2025",1243,4
2025-08-04,PSTsSCvuoMk,LLMCompiler : 한국인이 만든 추론 방법론으로 AI Agent를 만듭니다. 역시 '빨리빨리',"Mar 26, 2025",1243,1
2025-08-05,PSTsSCvuoMk,LLMCompiler : 한국인이 만든 추론 방법론으로 AI Agent를 만듭니다. 역시 '빨리빨리',"Mar 26, 2025",1243,1
2025-08-06,PSTsSCvuoMk,LLMCompiler : 한국인이 만든 추론 방법론으로 AI Agent를 만듭니다. 역시 '빨리빨리',"Mar 26, 2025",1243,0
2025-08-07,PSTsSCvuoMk,LLMCompiler : 한국인이 만든 추론 방법론으로 AI Agent를 만듭니다. 역시 '빨리빨리',"Mar 26, 2025",1243,0
2025-08-08,PSTsSCvuoMk,LLMCompiler : 한국인이 만든 추론 방법론으로 AI Agent를 만듭니다. 역시 '빨리빨리',"Mar 26, 2025",1243,0
2025-08-09,PSTsSCvuoMk,LLMCompiler : 한국인이 만든 추론 방법론으로 AI Agent를 만듭니다. 역시 '빨리빨리',"Mar 26, 2025",1243,0
2025-08-10,PSTsSCvuoMk,LLMCompiler : 한국인이 만든 추론 방법론으로 AI Agent를 만듭니다. 역시 '빨리빨리',"Mar 26, 2025",1243,2
2025-08-11,PSTsSCvuoMk,LLMCompiler : 한국인이 만든 추론 방법론으로 AI Agent를 만듭니다. 역시 '빨리빨리',"Mar 26, 2025",1243,1
2025-08-12,PSTsSCvuoMk,LLMCompiler : 한국인이 만든 추론 방법론으로 AI Agent를 만듭니다. 역시 '빨리빨리',"Mar 26, 2025",1243,0
2025-08-13,PSTsSCvuoMk,LLMCompiler : 한국인이 만든 추론 방법론으로 AI Agent를 만듭니다. 역시 '빨리빨리',"Mar 26, 2025",1243,1
2025-08-14,PSTsSCvuoMk,LLMCompiler : 한국인이 만든 추론 방법론으로 AI Agent를 만듭니다. 역시 '빨리빨리',"Mar 26, 2025",1243,3
2025-08-15,PSTsSCvuoMk,LLMCompiler : 한국인이 만든 추론 방법론으로 AI Agent를 만듭니다. 역시 '빨리빨리',"Mar 26, 2025",1243,1
2025-08-16,PSTsSCvuoMk,LLMCompiler : 한국인이 만든 추론 방법론으로 AI Agent를 만듭니다. 역시 '빨리빨리',"Mar 26, 2025",1243,1
2025-08-17,PSTsSCvuoMk,LLMCompiler : 한국인이 만든 추론 방법론으로 AI Agent를 만듭니다. 역시 '빨리빨리',"Mar 26, 2025",1243,3
2025-08-18,PSTsSCvuoMk,LLMCompiler : 한국인이 만든 추론 방법론으로 AI Agent를 만듭니다. 역시 '빨리빨리',"Mar 26, 2025",1243,0
2025-08-19,PSTsSCvuoMk,LLMCompiler : 한국인이 만든 추론 방법론으로 AI Agent를 만듭니다. 역시 '빨리빨리',"Mar 26, 2025",1243,1
2025-08-20,PSTsSCvuoMk,LLMCompiler : 한국인이 만든 추론 방법론으로 AI Agent를 만듭니다. 역시 '빨리빨리',"Mar 26, 2025",1243,0
2025-08-21,PSTsSCvuoMk,LLMCompiler : 한국인이 만든 추론 방법론으로 AI Agent를 만듭니다. 역시 '빨리빨리',"Mar 26, 2025",1243,3
2025-08-22,PSTsSCvuoMk,LLMCompiler : 한국인이 만든 추론 방법론으로 AI Agent를 만듭니다. 역시 '빨리빨리',"Mar 26, 2025",1243,0
2025-08-23,PSTsSCvuoMk,LLMCompiler : 한국인이 만든 추론 방법론으로 AI Agent를 만듭니다. 역시 '빨리빨리',"Mar 26, 2025",1243,2
2025-08-24,PSTsSCvuoMk,LLMCompiler : 한국인이 만든 추론 방법론으로 AI Agent를 만듭니다. 역시 '빨리빨리',"Mar 26, 2025",1243,0
2025-08-25,PSTsSCvuoMk,LLMCompiler : 한국인이 만든 추론 방법론으로 AI Agent를 만듭니다. 역시 '빨리빨리',"Mar 26, 2025",1243,0
2025-08-26,PSTsSCvuoMk,LLMCompiler : 한국인이 만든 추론 방법론으로 AI Agent를 만듭니다. 역시 '빨리빨리',"Mar 26, 2025",1243,0
2025-08-27,PSTsSCvuoMk,LLMCompiler : 한국인이 만든 추론 방법론으로 AI Agent를 만듭니다. 역시 '빨리빨리',"Mar 26, 2025",1243,1
2025-08-28,PSTsSCvuoMk,LLMCompiler : 한국인이 만든 추론 방법론으로 AI Agent를 만듭니다. 역시 '빨리빨리',"Mar 26, 2025",1243,1
2025-08-29,PSTsSCvuoMk,LLMCompiler : 한국인이 만든 추론 방법론으로 AI Agent를 만듭니다. 역시 '빨리빨리',"Mar 26, 2025",1243,3
2025-08-30,PSTsSCvuoMk,LLMCompiler : 한국인이 만든 추론 방법론으로 AI Agent를 만듭니다. 역시 '빨리빨리',"Mar 26, 2025",1243,2
2025-08-31,PSTsSCvuoMk,LLMCompiler : 한국인이 만든 추론 방법론으로 AI Agent를 만듭니다. 역시 '빨리빨리',"Mar 26, 2025",1243,1
2025-09-01,PSTsSCvuoMk,LLMCompiler : 한국인이 만든 추론 방법론으로 AI Agent를 만듭니다. 역시 '빨리빨리',"Mar 26, 2025",1243,0
2025-09-02,PSTsSCvuoMk,LLMCompiler : 한국인이 만든 추론 방법론으로 AI Agent를 만듭니다. 역시 '빨리빨리',"Mar 26, 2025",1243,1
2025-09-03,PSTsSCvuoMk,LLMCompiler : 한국인이 만든 추론 방법론으로 AI Agent를 만듭니다. 역시 '빨리빨리',"Mar 26, 2025",1243,1
2025-09-04,PSTsSCvuoMk,LLMCompiler : 한국인이 만든 추론 방법론으로 AI Agent를 만듭니다. 역시 '빨리빨리',"Mar 26, 2025",1243,1
2025-09-05,PSTsSCvuoMk,LLMCompiler : 한국인이 만든 추론 방법론으로 AI Agent를 만듭니다. 역시 '빨리빨리',"Mar 26, 2025",1243,0
2025-09-06,PSTsSCvuoMk,LLMCompiler : 한국인이 만든 추론 방법론으로 AI Agent를 만듭니다. 역시 '빨리빨리',"Mar 26, 2025",1243,1
2025-09-07,PSTsSCvuoMk,LLMCompiler : 한국인이 만든 추론 방법론으로 AI Agent를 만듭니다. 역시 '빨리빨리',"Mar 26, 2025",1243,2
2025-09-08,PSTsSCvuoMk,LLMCompiler : 한국인이 만든 추론 방법론으로 AI Agent를 만듭니다. 역시 '빨리빨리',"Mar 26, 2025",1243,0
2025-09-09,PSTsSCvuoMk,LLMCompiler : 한국인이 만든 추론 방법론으로 AI Agent를 만듭니다. 역시 '빨리빨리',"Mar 26, 2025",1243,0
2025-09-10,PSTsSCvuoMk,LLMCompiler : 한국인이 만든 추론 방법론으로 AI Agent를 만듭니다. 역시 '빨리빨리',"Mar 26, 2025",1243,0
2025-09-11,PSTsSCvuoMk,LLMCompiler : 한국인이 만든 추론 방법론으로 AI Agent를 만듭니다. 역시 '빨리빨리',"Mar 26, 2025",1243,0
2025-09-12,PSTsSCvuoMk,LLMCompiler : 한국인이 만든 추론 방법론으로 AI Agent를 만듭니다. 역시 '빨리빨리',"Mar 26, 2025",1243,1
2025-09-13,PSTsSCvuoMk,LLMCompiler : 한국인이 만든 추론 방법론으로 AI Agent를 만듭니다. 역시 '빨리빨리',"Mar 26, 2025",1243,0
2025-09-14,PSTsSCvuoMk,LLMCompiler : 한국인이 만든 추론 방법론으로 AI Agent를 만듭니다. 역시 '빨리빨리',"Mar 26, 2025",1243,1
2025-09-15,PSTsSCvuoMk,LLMCompiler : 한국인이 만든 추론 방법론으로 AI Agent를 만듭니다. 역시 '빨리빨리',"Mar 26, 2025",1243,0
2025-09-16,PSTsSCvuoMk,LLMCompiler : 한국인이 만든 추론 방법론으로 AI Agent를 만듭니다. 역시 '빨리빨리',"Mar 26, 2025",1243,0
2025-09-17,PSTsSCvuoMk,LLMCompiler : 한국인이 만든 추론 방법론으로 AI Agent를 만듭니다. 역시 '빨리빨리',"Mar 26, 2025",1243,0
2025-09-18,PSTsSCvuoMk,LLMCompiler : 한국인이 만든 추론 방법론으로 AI Agent를 만듭니다. 역시 '빨리빨리',"Mar 26, 2025",1243,1
2025-09-19,PSTsSCvuoMk,LLMCompiler : 한국인이 만든 추론 방법론으로 AI Agent를 만듭니다. 역시 '빨리빨리',"Mar 26, 2025",1243,1
2025-09-20,PSTsSCvuoMk,LLMCompiler : 한국인이 만든 추론 방법론으로 AI Agent를 만듭니다. 역시 '빨리빨리',"Mar 26, 2025",1243,0
2025-09-21,PSTsSCvuoMk,LLMCompiler : 한국인이 만든 추론 방법론으로 AI Agent를 만듭니다. 역시 '빨리빨리',"Mar 26, 2025",1243,0
2025-09-22,PSTsSCvuoMk,LLMCompiler : 한국인이 만든 추론 방법론으로 AI Agent를 만듭니다. 역시 '빨리빨리',"Mar 26, 2025",1243,1
2025-09-23,PSTsSCvuoMk,LLMCompiler : 한국인이 만든 추론 방법론으로 AI Agent를 만듭니다. 역시 '빨리빨리',"Mar 26, 2025",1243,0
2025-09-24,PSTsSCvuoMk,LLMCompiler : 한국인이 만든 추론 방법론으로 AI Agent를 만듭니다. 역시 '빨리빨리',"Mar 26, 2025",1243,1
2025-09-25,PSTsSCvuoMk,LLMCompiler : 한국인이 만든 추론 방법론으로 AI Agent를 만듭니다. 역시 '빨리빨리',"Mar 26, 2025",1243,0
2025-09-26,PSTsSCvuoMk,LLMCompiler : 한국인이 만든 추론 방법론으로 AI Agent를 만듭니다. 역시 '빨리빨리',"Mar 26, 2025",1243,0
2025-09-27,PSTsSCvuoMk,LLMCompiler : 한국인이 만든 추론 방법론으로 AI Agent를 만듭니다. 역시 '빨리빨리',"Mar 26, 2025",1243,2
2025-09-28,PSTsSCvuoMk,LLMCompiler : 한국인이 만든 추론 방법론으로 AI Agent를 만듭니다. 역시 '빨리빨리',"Mar 26, 2025",1243,2
2025-09-29,PSTsSCvuoMk,LLMCompiler : 한국인이 만든 추론 방법론으로 AI Agent를 만듭니다. 역시 '빨리빨리',"Mar 26, 2025",1243,2
2025-09-30,PSTsSCvuoMk,LLMCompiler : 한국인이 만든 추론 방법론으로 AI Agent를 만듭니다. 역시 '빨리빨리',"Mar 26, 2025",1243,0
2025-10-01,PSTsSCvuoMk,LLMCompiler : 한국인이 만든 추론 방법론으로 AI Agent를 만듭니다. 역시 '빨리빨리',"Mar 26, 2025",1243,0
2025-10-02,PSTsSCvuoMk,LLMCompiler : 한국인이 만든 추론 방법론으로 AI Agent를 만듭니다. 역시 '빨리빨리',"Mar 26, 2025",1243,1
2025-10-03,PSTsSCvuoMk,LLMCompiler : 한국인이 만든 추론 방법론으로 AI Agent를 만듭니다. 역시 '빨리빨리',"Mar 26, 2025",1243,0
2025-10-04,PSTsSCvuoMk,LLMCompiler : 한국인이 만든 추론 방법론으로 AI Agent를 만듭니다. 역시 '빨리빨리',"Mar 26, 2025",1243,0
2025-10-05,PSTsSCvuoMk,LLMCompiler : 한국인이 만든 추론 방법론으로 AI Agent를 만듭니다. 역시 '빨리빨리',"Mar 26, 2025",1243,0
2025-10-06,PSTsSCvuoMk,LLMCompiler : 한국인이 만든 추론 방법론으로 AI Agent를 만듭니다. 역시 '빨리빨리',"Mar 26, 2025",1243,1
2025-10-07,PSTsSCvuoMk,LLMCompiler : 한국인이 만든 추론 방법론으로 AI Agent를 만듭니다. 역시 '빨리빨리',"Mar 26, 2025",1243,0
2025-10-08,PSTsSCvuoMk,LLMCompiler : 한국인이 만든 추론 방법론으로 AI Agent를 만듭니다. 역시 '빨리빨리',"Mar 26, 2025",1243,0
2025-10-09,PSTsSCvuoMk,LLMCompiler : 한국인이 만든 추론 방법론으로 AI Agent를 만듭니다. 역시 '빨리빨리',"Mar 26, 2025",1243,0
2025-10-10,PSTsSCvuoMk,LLMCompiler : 한국인이 만든 추론 방법론으로 AI Agent를 만듭니다. 역시 '빨리빨리',"Mar 26, 2025",1243,0
2025-10-11,PSTsSCvuoMk,LLMCompiler : 한국인이 만든 추론 방법론으로 AI Agent를 만듭니다. 역시 '빨리빨리',"Mar 26, 2025",1243,0
2025-10-12,PSTsSCvuoMk,LLMCompiler : 한국인이 만든 추론 방법론으로 AI Agent를 만듭니다. 역시 '빨리빨리',"Mar 26, 2025",1243,0
2025-10-13,PSTsSCvuoMk,LLMCompiler : 한국인이 만든 추론 방법론으로 AI Agent를 만듭니다. 역시 '빨리빨리',"Mar 26, 2025",1243,0
2025-10-14,PSTsSCvuoMk,LLMCompiler : 한국인이 만든 추론 방법론으로 AI Agent를 만듭니다. 역시 '빨리빨리',"Mar 26, 2025",1243,1
2025-10-15,PSTsSCvuoMk,LLMCompiler : 한국인이 만든 추론 방법론으로 AI Agent를 만듭니다. 역시 '빨리빨리',"Mar 26, 2025",1243,0
2025-10-16,PSTsSCvuoMk,LLMCompiler : 한국인이 만든 추론 방법론으로 AI Agent를 만듭니다. 역시 '빨리빨리',"Mar 26, 2025",1243,0
2025-10-17,PSTsSCvuoMk,LLMCompiler : 한국인이 만든 추론 방법론으로 AI Agent를 만듭니다. 역시 '빨리빨리',"Mar 26, 2025",1243,0
2025-10-18,PSTsSCvuoMk,LLMCompiler : 한국인이 만든 추론 방법론으로 AI Agent를 만듭니다. 역시 '빨리빨리',"Mar 26, 2025",1243,0
2025-10-19,PSTsSCvuoMk,LLMCompiler : 한국인이 만든 추론 방법론으로 AI Agent를 만듭니다. 역시 '빨리빨리',"Mar 26, 2025",1243,0
2025-10-20,PSTsSCvuoMk,LLMCompiler : 한국인이 만든 추론 방법론으로 AI Agent를 만듭니다. 역시 '빨리빨리',"Mar 26, 2025",1243,0
2025-10-21,PSTsSCvuoMk,LLMCompiler : 한국인이 만든 추론 방법론으로 AI Agent를 만듭니다. 역시 '빨리빨리',"Mar 26, 2025",1243,0
2025-10-22,PSTsSCvuoMk,LLMCompiler : 한국인이 만든 추론 방법론으로 AI Agent를 만듭니다. 역시 '빨리빨리',"Mar 26, 2025",1243,0
2025-10-23,PSTsSCvuoMk,LLMCompiler : 한국인이 만든 추론 방법론으로 AI Agent를 만듭니다. 역시 '빨리빨리',"Mar 26, 2025",1243,2
2025-10-24,PSTsSCvuoMk,LLMCompiler : 한국인이 만든 추론 방법론으로 AI Agent를 만듭니다. 역시 '빨리빨리',"Mar 26, 2025",1243,0
2025-10-25,PSTsSCvuoMk,LLMCompiler : 한국인이 만든 추론 방법론으로 AI Agent를 만듭니다. 역시 '빨리빨리',"Mar 26, 2025",1243,0
2025-10-26,PSTsSCvuoMk,LLMCompiler : 한국인이 만든 추론 방법론으로 AI Agent를 만듭니다. 역시 '빨리빨리',"Mar 26, 2025",1243,0
2025-10-27,PSTsSCvuoMk,LLMCompiler : 한국인이 만든 추론 방법론으로 AI Agent를 만듭니다. 역시 '빨리빨리',"Mar 26, 2025",1243,0
2025-10-28,PSTsSCvuoMk,LLMCompiler : 한국인이 만든 추론 방법론으로 AI Agent를 만듭니다. 역시 '빨리빨리',"Mar 26, 2025",1243,0
2025-10-29,PSTsSCvuoMk,LLMCompiler : 한국인이 만든 추론 방법론으로 AI Agent를 만듭니다. 역시 '빨리빨리',"Mar 26, 2025",1243,0
2025-10-30,PSTsSCvuoMk,LLMCompiler : 한국인이 만든 추론 방법론으로 AI Agent를 만듭니다. 역시 '빨리빨리',"Mar 26, 2025",1243,0
2025-10-31,PSTsSCvuoMk,LLMCompiler : 한국인이 만든 추론 방법론으로 AI Agent를 만듭니다. 역시 '빨리빨리',"Mar 26, 2025",1243,0
2025-11-01,PSTsSCvuoMk,LLMCompiler : 한국인이 만든 추론 방법론으로 AI Agent를 만듭니다. 역시 '빨리빨리',"Mar 26, 2025",1243,0
2025-11-02,PSTsSCvuoMk,LLMCompiler : 한국인이 만든 추론 방법론으로 AI Agent를 만듭니다. 역시 '빨리빨리',"Mar 26, 2025",1243,0
2025-11-03,PSTsSCvuoMk,LLMCompiler : 한국인이 만든 추론 방법론으로 AI Agent를 만듭니다. 역시 '빨리빨리',"Mar 26, 2025",1243,2
2025-11-04,PSTsSCvuoMk,LLMCompiler : 한국인이 만든 추론 방법론으로 AI Agent를 만듭니다. 역시 '빨리빨리',"Mar 26, 2025",1243,3
2025-11-05,PSTsSCvuoMk,LLMCompiler : 한국인이 만든 추론 방법론으로 AI Agent를 만듭니다. 역시 '빨리빨리',"Mar 26, 2025",1243,0
2025-11-06,PSTsSCvuoMk,LLMCompiler : 한국인이 만든 추론 방법론으로 AI Agent를 만듭니다. 역시 '빨리빨리',"Mar 26, 2025",1243,0
2025-11-07,PSTsSCvuoMk,LLMCompiler : 한국인이 만든 추론 방법론으로 AI Agent를 만듭니다. 역시 '빨리빨리',"Mar 26, 2025",1243,0
2025-11-08,PSTsSCvuoMk,LLMCompiler : 한국인이 만든 추론 방법론으로 AI Agent를 만듭니다. 역시 '빨리빨리',"Mar 26, 2025",1243,0
2025-11-09,PSTsSCvuoMk,LLMCompiler : 한국인이 만든 추론 방법론으로 AI Agent를 만듭니다. 역시 '빨리빨리',"Mar 26, 2025",1243,0
2025-11-10,PSTsSCvuoMk,LLMCompiler : 한국인이 만든 추론 방법론으로 AI Agent를 만듭니다. 역시 '빨리빨리',"Mar 26, 2025",1243,1
2025-11-11,PSTsSCvuoMk,LLMCompiler : 한국인이 만든 추론 방법론으로 AI Agent를 만듭니다. 역시 '빨리빨리',"Mar 26, 2025",1243,0
2025-11-12,PSTsSCvuoMk,LLMCompiler : 한국인이 만든 추론 방법론으로 AI Agent를 만듭니다. 역시 '빨리빨리',"Mar 26, 2025",1243,1
2025-11-13,PSTsSCvuoMk,LLMCompiler : 한국인이 만든 추론 방법론으로 AI Agent를 만듭니다. 역시 '빨리빨리',"Mar 26, 2025",1243,0
2025-11-14,PSTsSCvuoMk,LLMCompiler : 한국인이 만든 추론 방법론으로 AI Agent를 만듭니다. 역시 '빨리빨리',"Mar 26, 2025",1243,0
2025-11-15,PSTsSCvuoMk,LLMCompiler : 한국인이 만든 추론 방법론으로 AI Agent를 만듭니다. 역시 '빨리빨리',"Mar 26, 2025",1243,0
2025-11-16,PSTsSCvuoMk,LLMCompiler : 한국인이 만든 추론 방법론으로 AI Agent를 만듭니다. 역시 '빨리빨리',"Mar 26, 2025",1243,1
2025-11-17,PSTsSCvuoMk,LLMCompiler : 한국인이 만든 추론 방법론으로 AI Agent를 만듭니다. 역시 '빨리빨리',"Mar 26, 2025",1243,0
2025-11-18,PSTsSCvuoMk,LLMCompiler : 한국인이 만든 추론 방법론으로 AI Agent를 만듭니다. 역시 '빨리빨리',"Mar 26, 2025",1243,1
2025-11-19,PSTsSCvuoMk,LLMCompiler : 한국인이 만든 추론 방법론으로 AI Agent를 만듭니다. 역시 '빨리빨리',"Mar 26, 2025",1243,1
2025-11-20,PSTsSCvuoMk,LLMCompiler : 한국인이 만든 추론 방법론으로 AI Agent를 만듭니다. 역시 '빨리빨리',"Mar 26, 2025",1243,0
2025-11-21,PSTsSCvuoMk,LLMCompiler : 한국인이 만든 추론 방법론으로 AI Agent를 만듭니다. 역시 '빨리빨리',"Mar 26, 2025",1243,0
2025-11-22,PSTsSCvuoMk,LLMCompiler : 한국인이 만든 추론 방법론으로 AI Agent를 만듭니다. 역시 '빨리빨리',"Mar 26, 2025",1243,0
2025-11-23,PSTsSCvuoMk,LLMCompiler : 한국인이 만든 추론 방법론으로 AI Agent를 만듭니다. 역시 '빨리빨리',"Mar 26, 2025",1243,0
2025-11-24,PSTsSCvuoMk,LLMCompiler : 한국인이 만든 추론 방법론으로 AI Agent를 만듭니다. 역시 '빨리빨리',"Mar 26, 2025",1243,0
2025-11-25,PSTsSCvuoMk,LLMCompiler : 한국인이 만든 추론 방법론으로 AI Agent를 만듭니다. 역시 '빨리빨리',"Mar 26, 2025",1243,0
2025-11-26,PSTsSCvuoMk,LLMCompiler : 한국인이 만든 추론 방법론으로 AI Agent를 만듭니다. 역시 '빨리빨리',"Mar 26, 2025",1243,0
2025-11-27,PSTsSCvuoMk,LLMCompiler : 한국인이 만든 추론 방법론으로 AI Agent를 만듭니다. 역시 '빨리빨리',"Mar 26, 2025",1243,0
2025-11-28,PSTsSCvuoMk,LLMCompiler : 한국인이 만든 추론 방법론으로 AI Agent를 만듭니다. 역시 '빨리빨리',"Mar 26, 2025",1243,0
2025-11-29,PSTsSCvuoMk,LLMCompiler : 한국인이 만든 추론 방법론으로 AI Agent를 만듭니다. 역시 '빨리빨리',"Mar 26, 2025",1243,2
2025-11-30,PSTsSCvuoMk,LLMCompiler : 한국인이 만든 추론 방법론으로 AI Agent를 만듭니다. 역시 '빨리빨리',"Mar 26, 2025",1243,0
2025-12-01,PSTsSCvuoMk,LLMCompiler : 한국인이 만든 추론 방법론으로 AI Agent를 만듭니다. 역시 '빨리빨리',"Mar 26, 2025",1243,2
2025-12-02,PSTsSCvuoMk,LLMCompiler : 한국인이 만든 추론 방법론으로 AI Agent를 만듭니다. 역시 '빨리빨리',"Mar 26, 2025",1243,0
2025-12-03,PSTsSCvuoMk,LLMCompiler : 한국인이 만든 추론 방법론으로 AI Agent를 만듭니다. 역시 '빨리빨리',"Mar 26, 2025",1243,0
2025-12-04,PSTsSCvuoMk,LLMCompiler : 한국인이 만든 추론 방법론으로 AI Agent를 만듭니다. 역시 '빨리빨리',"Mar 26, 2025",1243,3
2025-12-05,PSTsSCvuoMk,LLMCompiler : 한국인이 만든 추론 방법론으로 AI Agent를 만듭니다. 역시 '빨리빨리',"Mar 26, 2025",1243,1
2025-12-06,PSTsSCvuoMk,LLMCompiler : 한국인이 만든 추론 방법론으로 AI Agent를 만듭니다. 역시 '빨리빨리',"Mar 26, 2025",1243,0
2025-12-07,PSTsSCvuoMk,LLMCompiler : 한국인이 만든 추론 방법론으로 AI Agent를 만듭니다. 역시 '빨리빨리',"Mar 26, 2025",1243,0
2025-12-08,PSTsSCvuoMk,LLMCompiler : 한국인이 만든 추론 방법론으로 AI Agent를 만듭니다. 역시 '빨리빨리',"Mar 26, 2025",1243,2
2025-12-09,PSTsSCvuoMk,LLMCompiler : 한국인이 만든 추론 방법론으로 AI Agent를 만듭니다. 역시 '빨리빨리',"Mar 26, 2025",1243,1
2025-12-10,PSTsSCvuoMk,LLMCompiler : 한국인이 만든 추론 방법론으로 AI Agent를 만듭니다. 역시 '빨리빨리',"Mar 26, 2025",1243,0
2025-12-11,PSTsSCvuoMk,LLMCompiler : 한국인이 만든 추론 방법론으로 AI Agent를 만듭니다. 역시 '빨리빨리',"Mar 26, 2025",1243,1
2025-12-12,PSTsSCvuoMk,LLMCompiler : 한국인이 만든 추론 방법론으로 AI Agent를 만듭니다. 역시 '빨리빨리',"Mar 26, 2025",1243,0
2025-12-13,PSTsSCvuoMk,LLMCompiler : 한국인이 만든 추론 방법론으로 AI Agent를 만듭니다. 역시 '빨리빨리',"Mar 26, 2025",1243,1
2025-12-14,PSTsSCvuoMk,LLMCompiler : 한국인이 만든 추론 방법론으로 AI Agent를 만듭니다. 역시 '빨리빨리',"Mar 26, 2025",1243,1
2025-12-15,PSTsSCvuoMk,LLMCompiler : 한국인이 만든 추론 방법론으로 AI Agent를 만듭니다. 역시 '빨리빨리',"Mar 26, 2025",1243,1
2025-12-16,PSTsSCvuoMk,LLMCompiler : 한국인이 만든 추론 방법론으로 AI Agent를 만듭니다. 역시 '빨리빨리',"Mar 26, 2025",1243,3
2025-12-17,PSTsSCvuoMk,LLMCompiler : 한국인이 만든 추론 방법론으로 AI Agent를 만듭니다. 역시 '빨리빨리',"Mar 26, 2025",1243,0
2025-12-18,PSTsSCvuoMk,LLMCompiler : 한국인이 만든 추론 방법론으로 AI Agent를 만듭니다. 역시 '빨리빨리',"Mar 26, 2025",1243,0
2025-12-19,PSTsSCvuoMk,LLMCompiler : 한국인이 만든 추론 방법론으로 AI Agent를 만듭니다. 역시 '빨리빨리',"Mar 26, 2025",1243,0
2025-12-20,PSTsSCvuoMk,LLMCompiler : 한국인이 만든 추론 방법론으로 AI Agent를 만듭니다. 역시 '빨리빨리',"Mar 26, 2025",1243,1
2025-12-21,PSTsSCvuoMk,LLMCompiler : 한국인이 만든 추론 방법론으로 AI Agent를 만듭니다. 역시 '빨리빨리',"Mar 26, 2025",1243,0
2025-12-22,PSTsSCvuoMk,LLMCompiler : 한국인이 만든 추론 방법론으로 AI Agent를 만듭니다. 역시 '빨리빨리',"Mar 26, 2025",1243,0
2025-12-23,PSTsSCvuoMk,LLMCompiler : 한국인이 만든 추론 방법론으로 AI Agent를 만듭니다. 역시 '빨리빨리',"Mar 26, 2025",1243,0
2025-12-24,PSTsSCvuoMk,LLMCompiler : 한국인이 만든 추론 방법론으로 AI Agent를 만듭니다. 역시 '빨리빨리',"Mar 26, 2025",1243,0
2025-12-25,PSTsSCvuoMk,LLMCompiler : 한국인이 만든 추론 방법론으로 AI Agent를 만듭니다. 역시 '빨리빨리',"Mar 26, 2025",1243,0
2025-12-26,PSTsSCvuoMk,LLMCompiler : 한국인이 만든 추론 방법론으로 AI Agent를 만듭니다. 역시 '빨리빨리',"Mar 26, 2025",1243,4
2025-12-27,PSTsSCvuoMk,LLMCompiler : 한국인이 만든 추론 방법론으로 AI Agent를 만듭니다. 역시 '빨리빨리',"Mar 26, 2025",1243,0
2025-12-28,PSTsSCvuoMk,LLMCompiler : 한국인이 만든 추론 방법론으로 AI Agent를 만듭니다. 역시 '빨리빨리',"Mar 26, 2025",1243,2
2025-12-29,PSTsSCvuoMk,LLMCompiler : 한국인이 만든 추론 방법론으로 AI Agent를 만듭니다. 역시 '빨리빨리',"Mar 26, 2025",1243,2
2025-12-30,PSTsSCvuoMk,LLMCompiler : 한국인이 만든 추론 방법론으로 AI Agent를 만듭니다. 역시 '빨리빨리',"Mar 26, 2025",1243,0
2025-12-31,PSTsSCvuoMk,LLMCompiler : 한국인이 만든 추론 방법론으로 AI Agent를 만듭니다. 역시 '빨리빨리',"Mar 26, 2025",1243,0
2026-01-01,PSTsSCvuoMk,LLMCompiler : 한국인이 만든 추론 방법론으로 AI Agent를 만듭니다. 역시 '빨리빨리',"Mar 26, 2025",1243,0
2026-01-02,PSTsSCvuoMk,LLMCompiler : 한국인이 만든 추론 방법론으로 AI Agent를 만듭니다. 역시 '빨리빨리',"Mar 26, 2025",1243,2
2026-01-03,PSTsSCvuoMk,LLMCompiler : 한국인이 만든 추론 방법론으로 AI Agent를 만듭니다. 역시 '빨리빨리',"Mar 26, 2025",1243,0
2026-01-04,PSTsSCvuoMk,LLMCompiler : 한국인이 만든 추론 방법론으로 AI Agent를 만듭니다. 역시 '빨리빨리',"Mar 26, 2025",1243,1
2026-01-05,PSTsSCvuoMk,LLMCompiler : 한국인이 만든 추론 방법론으로 AI Agent를 만듭니다. 역시 '빨리빨리',"Mar 26, 2025",1243,0
2026-01-06,PSTsSCvuoMk,LLMCompiler : 한국인이 만든 추론 방법론으로 AI Agent를 만듭니다. 역시 '빨리빨리',"Mar 26, 2025",1243,0
2026-01-07,PSTsSCvuoMk,LLMCompiler : 한국인이 만든 추론 방법론으로 AI Agent를 만듭니다. 역시 '빨리빨리',"Mar 26, 2025",1243,0
2026-01-08,PSTsSCvuoMk,LLMCompiler : 한국인이 만든 추론 방법론으로 AI Agent를 만듭니다. 역시 '빨리빨리',"Mar 26, 2025",1243,0
2026-01-09,PSTsSCvuoMk,LLMCompiler : 한국인이 만든 추론 방법론으로 AI Agent를 만듭니다. 역시 '빨리빨리',"Mar 26, 2025",1243,0
2026-01-10,PSTsSCvuoMk,LLMCompiler : 한국인이 만든 추론 방법론으로 AI Agent를 만듭니다. 역시 '빨리빨리',"Mar 26, 2025",1243,0
2026-01-11,PSTsSCvuoMk,LLMCompiler : 한국인이 만든 추론 방법론으로 AI Agent를 만듭니다. 역시 '빨리빨리',"Mar 26, 2025",1243,1
2026-01-12,PSTsSCvuoMk,LLMCompiler : 한국인이 만든 추론 방법론으로 AI Agent를 만듭니다. 역시 '빨리빨리',"Mar 26, 2025",1243,0
2026-01-13,PSTsSCvuoMk,LLMCompiler : 한국인이 만든 추론 방법론으로 AI Agent를 만듭니다. 역시 '빨리빨리',"Mar 26, 2025",1243,0
2026-01-14,PSTsSCvuoMk,LLMCompiler : 한국인이 만든 추론 방법론으로 AI Agent를 만듭니다. 역시 '빨리빨리',"Mar 26, 2025",1243,0
2026-01-15,PSTsSCvuoMk,LLMCompiler : 한국인이 만든 추론 방법론으로 AI Agent를 만듭니다. 역시 '빨리빨리',"Mar 26, 2025",1243,0
2026-01-16,PSTsSCvuoMk,LLMCompiler : 한국인이 만든 추론 방법론으로 AI Agent를 만듭니다. 역시 '빨리빨리',"Mar 26, 2025",1243,0
2026-01-17,PSTsSCvuoMk,LLMCompiler : 한국인이 만든 추론 방법론으로 AI Agent를 만듭니다. 역시 '빨리빨리',"Mar 26, 2025",1243,1
2026-01-18,PSTsSCvuoMk,LLMCompiler : 한국인이 만든 추론 방법론으로 AI Agent를 만듭니다. 역시 '빨리빨리',"Mar 26, 2025",1243,1
2026-01-19,PSTsSCvuoMk,LLMCompiler : 한국인이 만든 추론 방법론으로 AI Agent를 만듭니다. 역시 '빨리빨리',"Mar 26, 2025",1243,1
2026-01-20,PSTsSCvuoMk,LLMCompiler : 한국인이 만든 추론 방법론으로 AI Agent를 만듭니다. 역시 '빨리빨리',"Mar 26, 2025",1243,0
2026-01-21,PSTsSCvuoMk,LLMCompiler : 한국인이 만든 추론 방법론으로 AI Agent를 만듭니다. 역시 '빨리빨리',"Mar 26, 2025",1243,3
2026-01-22,PSTsSCvuoMk,LLMCompiler : 한국인이 만든 추론 방법론으로 AI Agent를 만듭니다. 역시 '빨리빨리',"Mar 26, 2025",1243,3
2026-01-23,PSTsSCvuoMk,LLMCompiler : 한국인이 만든 추론 방법론으로 AI Agent를 만듭니다. 역시 '빨리빨리',"Mar 26, 2025",1243,0
2026-01-24,PSTsSCvuoMk,LLMCompiler : 한국인이 만든 추론 방법론으로 AI Agent를 만듭니다. 역시 '빨리빨리',"Mar 26, 2025",1243,0
2026-01-25,PSTsSCvuoMk,LLMCompiler : 한국인이 만든 추론 방법론으로 AI Agent를 만듭니다. 역시 '빨리빨리',"Mar 26, 2025",1243,0
2026-01-26,PSTsSCvuoMk,LLMCompiler : 한국인이 만든 추론 방법론으로 AI Agent를 만듭니다. 역시 '빨리빨리',"Mar 26, 2025",1243,2
2026-01-27,PSTsSCvuoMk,LLMCompiler : 한국인이 만든 추론 방법론으로 AI Agent를 만듭니다. 역시 '빨리빨리',"Mar 26, 2025",1243,0
2026-01-28,PSTsSCvuoMk,LLMCompiler : 한국인이 만든 추론 방법론으로 AI Agent를 만듭니다. 역시 '빨리빨리',"Mar 26, 2025",1243,1
2026-01-29,PSTsSCvuoMk,LLMCompiler : 한국인이 만든 추론 방법론으로 AI Agent를 만듭니다. 역시 '빨리빨리',"Mar 26, 2025",1243,0
2026-01-30,PSTsSCvuoMk,LLMCompiler : 한국인이 만든 추론 방법론으로 AI Agent를 만듭니다. 역시 '빨리빨리',"Mar 26, 2025",1243,1
2026-01-31,PSTsSCvuoMk,LLMCompiler : 한국인이 만든 추론 방법론으로 AI Agent를 만듭니다. 역시 '빨리빨리',"Mar 26, 2025",1243,0
2026-02-01,PSTsSCvuoMk,LLMCompiler : 한국인이 만든 추론 방법론으로 AI Agent를 만듭니다. 역시 '빨리빨리',"Mar 26, 2025",1243,0
2026-02-02,PSTsSCvuoMk,LLMCompiler : 한국인이 만든 추론 방법론으로 AI Agent를 만듭니다. 역시 '빨리빨리',"Mar 26, 2025",1243,0
2026-02-03,PSTsSCvuoMk,LLMCompiler : 한국인이 만든 추론 방법론으로 AI Agent를 만듭니다. 역시 '빨리빨리',"Mar 26, 2025",1243,0
2026-02-04,PSTsSCvuoMk,LLMCompiler : 한국인이 만든 추론 방법론으로 AI Agent를 만듭니다. 역시 '빨리빨리',"Mar 26, 2025",1243,0
2026-02-05,PSTsSCvuoMk,LLMCompiler : 한국인이 만든 추론 방법론으로 AI Agent를 만듭니다. 역시 '빨리빨리',"Mar 26, 2025",1243,0
2026-02-06,PSTsSCvuoMk,LLMCompiler : 한국인이 만든 추론 방법론으로 AI Agent를 만듭니다. 역시 '빨리빨리',"Mar 26, 2025",1243,1
2026-02-07,PSTsSCvuoMk,LLMCompiler : 한국인이 만든 추론 방법론으로 AI Agent를 만듭니다. 역시 '빨리빨리',"Mar 26, 2025",1243,1
2026-02-08,PSTsSCvuoMk,LLMCompiler : 한국인이 만든 추론 방법론으로 AI Agent를 만듭니다. 역시 '빨리빨리',"Mar 26, 2025",1243,1
2026-02-09,PSTsSCvuoMk,LLMCompiler : 한국인이 만든 추론 방법론으로 AI Agent를 만듭니다. 역시 '빨리빨리',"Mar 26, 2025",1243,1
2026-02-10,PSTsSCvuoMk,LLMCompiler : 한국인이 만든 추론 방법론으로 AI Agent를 만듭니다. 역시 '빨리빨리',"Mar 26, 2025",1243,0
2026-02-11,PSTsSCvuoMk,LLMCompiler : 한국인이 만든 추론 방법론으로 AI Agent를 만듭니다. 역시 '빨리빨리',"Mar 26, 2025",1243,0
2026-02-12,PSTsSCvuoMk,LLMCompiler : 한국인이 만든 추론 방법론으로 AI Agent를 만듭니다. 역시 '빨리빨리',"Mar 26, 2025",1243,0
2026-02-13,PSTsSCvuoMk,LLMCompiler : 한국인이 만든 추론 방법론으로 AI Agent를 만듭니다. 역시 '빨리빨리',"Mar 26, 2025",1243,1
2026-02-14,PSTsSCvuoMk,LLMCompiler : 한국인이 만든 추론 방법론으로 AI Agent를 만듭니다. 역시 '빨리빨리',"Mar 26, 2025",1243,0
2026-02-15,PSTsSCvuoMk,LLMCompiler : 한국인이 만든 추론 방법론으로 AI Agent를 만듭니다. 역시 '빨리빨리',"Mar 26, 2025",1243,2
2026-02-16,PSTsSCvuoMk,LLMCompiler : 한국인이 만든 추론 방법론으로 AI Agent를 만듭니다. 역시 '빨리빨리',"Mar 26, 2025",1243,0
2026-02-17,PSTsSCvuoMk,LLMCompiler : 한국인이 만든 추론 방법론으로 AI Agent를 만듭니다. 역시 '빨리빨리',"Mar 26, 2025",1243,0
2026-02-18,PSTsSCvuoMk,LLMCompiler : 한국인이 만든 추론 방법론으로 AI Agent를 만듭니다. 역시 '빨리빨리',"Mar 26, 2025",1243,0
2026-02-19,PSTsSCvuoMk,LLMCompiler : 한국인이 만든 추론 방법론으로 AI Agent를 만듭니다. 역시 '빨리빨리',"Mar 26, 2025",1243,1
2026-02-20,PSTsSCvuoMk,LLMCompiler : 한국인이 만든 추론 방법론으로 AI Agent를 만듭니다. 역시 '빨리빨리',"Mar 26, 2025",1243,1
2026-02-21,PSTsSCvuoMk,LLMCompiler : 한국인이 만든 추론 방법론으로 AI Agent를 만듭니다. 역시 '빨리빨리',"Mar 26, 2025",1243,0
2026-02-22,PSTsSCvuoMk,LLMCompiler : 한국인이 만든 추론 방법론으로 AI Agent를 만듭니다. 역시 '빨리빨리',"Mar 26, 2025",1243,4
2026-02-23,PSTsSCvuoMk,LLMCompiler : 한국인이 만든 추론 방법론으로 AI Agent를 만듭니다. 역시 '빨리빨리',"Mar 26, 2025",1243,0
2026-02-24,PSTsSCvuoMk,LLMCompiler : 한국인이 만든 추론 방법론으로 AI Agent를 만듭니다. 역시 '빨리빨리',"Mar 26, 2025",1243,0
2026-02-25,PSTsSCvuoMk,LLMCompiler : 한국인이 만든 추론 방법론으로 AI Agent를 만듭니다. 역시 '빨리빨리',"Mar 26, 2025",1243,0
2026-02-26,PSTsSCvuoMk,LLMCompiler : 한국인이 만든 추론 방법론으로 AI Agent를 만듭니다. 역시 '빨리빨리',"Mar 26, 2025",1243,3
2026-02-27,PSTsSCvuoMk,LLMCompiler : 한국인이 만든 추론 방법론으로 AI Agent를 만듭니다. 역시 '빨리빨리',"Mar 26, 2025",1243,1
2026-02-28,PSTsSCvuoMk,LLMCompiler : 한국인이 만든 추론 방법론으로 AI Agent를 만듭니다. 역시 '빨리빨리',"Mar 26, 2025",1243,0
2026-03-01,PSTsSCvuoMk,LLMCompiler : 한국인이 만든 추론 방법론으로 AI Agent를 만듭니다. 역시 '빨리빨리',"Mar 26, 2025",1243,1
2026-03-02,PSTsSCvuoMk,LLMCompiler : 한국인이 만든 추론 방법론으로 AI Agent를 만듭니다. 역시 '빨리빨리',"Mar 26, 2025",1243,1
2026-03-03,PSTsSCvuoMk,LLMCompiler : 한국인이 만든 추론 방법론으로 AI Agent를 만듭니다. 역시 '빨리빨리',"Mar 26, 2025",1243,0
2026-03-04,PSTsSCvuoMk,LLMCompiler : 한국인이 만든 추론 방법론으로 AI Agent를 만듭니다. 역시 '빨리빨리',"Mar 26, 2025",1243,1
2026-03-05,PSTsSCvuoMk,LLMCompiler : 한국인이 만든 추론 방법론으로 AI Agent를 만듭니다. 역시 '빨리빨리',"Mar 26, 2025",1243,0
2026-03-06,PSTsSCvuoMk,LLMCompiler : 한국인이 만든 추론 방법론으로 AI Agent를 만듭니다. 역시 '빨리빨리',"Mar 26, 2025",1243,0
2026-03-07,PSTsSCvuoMk,LLMCompiler : 한국인이 만든 추론 방법론으로 AI Agent를 만듭니다. 역시 '빨리빨리',"Mar 26, 2025",1243,0
2026-03-08,PSTsSCvuoMk,LLMCompiler : 한국인이 만든 추론 방법론으로 AI Agent를 만듭니다. 역시 '빨리빨리',"Mar 26, 2025",1243,1
2026-03-09,PSTsSCvuoMk,LLMCompiler : 한국인이 만든 추론 방법론으로 AI Agent를 만듭니다. 역시 '빨리빨리',"Mar 26, 2025",1243,0
2026-03-10,PSTsSCvuoMk,LLMCompiler : 한국인이 만든 추론 방법론으로 AI Agent를 만듭니다. 역시 '빨리빨리',"Mar 26, 2025",1243,0
2026-03-11,PSTsSCvuoMk,LLMCompiler : 한국인이 만든 추론 방법론으로 AI Agent를 만듭니다. 역시 '빨리빨리',"Mar 26, 2025",1243,1
2026-03-12,PSTsSCvuoMk,LLMCompiler : 한국인이 만든 추론 방법론으로 AI Agent를 만듭니다. 역시 '빨리빨리',"Mar 26, 2025",1243,1
2026-03-13,PSTsSCvuoMk,LLMCompiler : 한국인이 만든 추론 방법론으로 AI Agent를 만듭니다. 역시 '빨리빨리',"Mar 26, 2025",1243,0
2026-03-14,PSTsSCvuoMk,LLMCompiler : 한국인이 만든 추론 방법론으로 AI Agent를 만듭니다. 역시 '빨리빨리',"Mar 26, 2025",1243,1
2026-03-15,PSTsSCvuoMk,LLMCompiler : 한국인이 만든 추론 방법론으로 AI Agent를 만듭니다. 역시 '빨리빨리',"Mar 26, 2025",1243,0
2026-03-16,PSTsSCvuoMk,LLMCompiler : 한국인이 만든 추론 방법론으로 AI Agent를 만듭니다. 역시 '빨리빨리',"Mar 26, 2025",1243,0
2026-03-17,PSTsSCvuoMk,LLMCompiler : 한국인이 만든 추론 방법론으로 AI Agent를 만듭니다. 역시 '빨리빨리',"Mar 26, 2025",1243,0
2026-03-18,PSTsSCvuoMk,LLMCompiler : 한국인이 만든 추론 방법론으로 AI Agent를 만듭니다. 역시 '빨리빨리',"Mar 26, 2025",1243,0
2026-03-19,PSTsSCvuoMk,LLMCompiler : 한국인이 만든 추론 방법론으로 AI Agent를 만듭니다. 역시 '빨리빨리',"Mar 26, 2025",1243,1
2026-03-20,PSTsSCvuoMk,LLMCompiler : 한국인이 만든 추론 방법론으로 AI Agent를 만듭니다. 역시 '빨리빨리',"Mar 26, 2025",1243,1
2026-03-21,PSTsSCvuoMk,LLMCompiler : 한국인이 만든 추론 방법론으로 AI Agent를 만듭니다. 역시 '빨리빨리',"Mar 26, 2025",1243,1
2026-03-22,PSTsSCvuoMk,LLMCompiler : 한국인이 만든 추론 방법론으로 AI Agent를 만듭니다. 역시 '빨리빨리',"Mar 26, 2025",1243,0
2026-03-23,PSTsSCvuoMk,LLMCompiler : 한국인이 만든 추론 방법론으로 AI Agent를 만듭니다. 역시 '빨리빨리',"Mar 26, 2025",1243,0
2026-03-24,PSTsSCvuoMk,LLMCompiler : 한국인이 만든 추론 방법론으로 AI Agent를 만듭니다. 역시 '빨리빨리',"Mar 26, 2025",1243,1
2026-03-25,PSTsSCvuoMk,LLMCompiler : 한국인이 만든 추론 방법론으로 AI Agent를 만듭니다. 역시 '빨리빨리',"Mar 26, 2025",1243,3
2026-03-26,PSTsSCvuoMk,LLMCompiler : 한국인이 만든 추론 방법론으로 AI Agent를 만듭니다. 역시 '빨리빨리',"Mar 26, 2025",1243,0
2026-03-27,PSTsSCvuoMk,LLMCompiler : 한국인이 만든 추론 방법론으로 AI Agent를 만듭니다. 역시 '빨리빨리',"Mar 26, 2025",1243,0
2026-03-28,PSTsSCvuoMk,LLMCompiler : 한국인이 만든 추론 방법론으로 AI Agent를 만듭니다. 역시 '빨리빨리',"Mar 26, 2025",1243,0
2026-03-29,PSTsSCvuoMk,LLMCompiler : 한국인이 만든 추론 방법론으로 AI Agent를 만듭니다. 역시 '빨리빨리',"Mar 26, 2025",1243,0
2026-03-30,PSTsSCvuoMk,LLMCompiler : 한국인이 만든 추론 방법론으로 AI Agent를 만듭니다. 역시 '빨리빨리',"Mar 26, 2025",1243,0
2026-03-31,PSTsSCvuoMk,LLMCompiler : 한국인이 만든 추론 방법론으로 AI Agent를 만듭니다. 역시 '빨리빨리',"Mar 26, 2025",1243,0
2026-04-01,PSTsSCvuoMk,LLMCompiler : 한국인이 만든 추론 방법론으로 AI Agent를 만듭니다. 역시 '빨리빨리',"Mar 26, 2025",1243,0
2026-04-02,PSTsSCvuoMk,LLMCompiler : 한국인이 만든 추론 방법론으로 AI Agent를 만듭니다. 역시 '빨리빨리',"Mar 26, 2025",1243,0
2026-04-03,PSTsSCvuoMk,LLMCompiler : 한국인이 만든 추론 방법론으로 AI Agent를 만듭니다. 역시 '빨리빨리',"Mar 26, 2025",1243,0
2026-04-04,PSTsSCvuoMk,LLMCompiler : 한국인이 만든 추론 방법론으로 AI Agent를 만듭니다. 역시 '빨리빨리',"Mar 26, 2025",1243,0
2026-04-05,PSTsSCvuoMk,LLMCompiler : 한국인이 만든 추론 방법론으로 AI Agent를 만듭니다. 역시 '빨리빨리',"Mar 26, 2025",1243,0
2026-04-06,PSTsSCvuoMk,LLMCompiler : 한국인이 만든 추론 방법론으로 AI Agent를 만듭니다. 역시 '빨리빨리',"Mar 26, 2025",1243,0
2026-04-07,PSTsSCvuoMk,LLMCompiler : 한국인이 만든 추론 방법론으로 AI Agent를 만듭니다. 역시 '빨리빨리',"Mar 26, 2025",1243,1
2026-04-08,PSTsSCvuoMk,LLMCompiler : 한국인이 만든 추론 방법론으로 AI Agent를 만듭니다. 역시 '빨리빨리',"Mar 26, 2025",1243,1
2026-04-09,PSTsSCvuoMk,LLMCompiler : 한국인이 만든 추론 방법론으로 AI Agent를 만듭니다. 역시 '빨리빨리',"Mar 26, 2025",1243,0
2026-04-10,PSTsSCvuoMk,LLMCompiler : 한국인이 만든 추론 방법론으로 AI Agent를 만듭니다. 역시 '빨리빨리',"Mar 26, 2025",1243,0
2026-04-11,PSTsSCvuoMk,LLMCompiler : 한국인이 만든 추론 방법론으로 AI Agent를 만듭니다. 역시 '빨리빨리',"Mar 26, 2025",1243,0
2026-04-12,PSTsSCvuoMk,LLMCompiler : 한국인이 만든 추론 방법론으로 AI Agent를 만듭니다. 역시 '빨리빨리',"Mar 26, 2025",1243,1
2026-04-13,PSTsSCvuoMk,LLMCompiler : 한국인이 만든 추론 방법론으로 AI Agent를 만듭니다. 역시 '빨리빨리',"Mar 26, 2025",1243,0
2026-04-14,PSTsSCvuoMk,LLMCompiler : 한국인이 만든 추론 방법론으로 AI Agent를 만듭니다. 역시 '빨리빨리',"Mar 26, 2025",1243,1
2026-04-15,PSTsSCvuoMk,LLMCompiler : 한국인이 만든 추론 방법론으로 AI Agent를 만듭니다. 역시 '빨리빨리',"Mar 26, 2025",1243,0
2026-04-16,PSTsSCvuoMk,LLMCompiler : 한국인이 만든 추론 방법론으로 AI Agent를 만듭니다. 역시 '빨리빨리',"Mar 26, 2025",1243,0
2026-04-17,PSTsSCvuoMk,LLMCompiler : 한국인이 만든 추론 방법론으로 AI Agent를 만듭니다. 역시 '빨리빨리',"Mar 26, 2025",1243,0
2026-04-18,PSTsSCvuoMk,LLMCompiler : 한국인이 만든 추론 방법론으로 AI Agent를 만듭니다. 역시 '빨리빨리',"Mar 26, 2025",1243,0
2026-04-19,PSTsSCvuoMk,LLMCompiler : 한국인이 만든 추론 방법론으로 AI Agent를 만듭니다. 역시 '빨리빨리',"Mar 26, 2025",1243,0
2026-04-20,PSTsSCvuoMk,LLMCompiler : 한국인이 만든 추론 방법론으로 AI Agent를 만듭니다. 역시 '빨리빨리',"Mar 26, 2025",1243,0
2026-04-21,PSTsSCvuoMk,LLMCompiler : 한국인이 만든 추론 방법론으로 AI Agent를 만듭니다. 역시 '빨리빨리',"Mar 26, 2025",1243,0
2026-04-22,PSTsSCvuoMk,LLMCompiler : 한국인이 만든 추론 방법론으로 AI Agent를 만듭니다. 역시 '빨리빨리',"Mar 26, 2025",1243,0
2026-04-23,PSTsSCvuoMk,LLMCompiler : 한국인이 만든 추론 방법론으로 AI Agent를 만듭니다. 역시 '빨리빨리',"Mar 26, 2025",1243,0
2026-04-24,PSTsSCvuoMk,LLMCompiler : 한국인이 만든 추론 방법론으로 AI Agent를 만듭니다. 역시 '빨리빨리',"Mar 26, 2025",1243,0
2026-04-25,PSTsSCvuoMk,LLMCompiler : 한국인이 만든 추론 방법론으로 AI Agent를 만듭니다. 역시 '빨리빨리',"Mar 26, 2025",1243,1
2026-04-26,PSTsSCvuoMk,LLMCompiler : 한국인이 만든 추론 방법론으로 AI Agent를 만듭니다. 역시 '빨리빨리',"Mar 26, 2025",1243,0
2026-04-27,PSTsSCvuoMk,LLMCompiler : 한국인이 만든 추론 방법론으로 AI Agent를 만듭니다. 역시 '빨리빨리',"Mar 26, 2025",1243,0
2026-04-28,PSTsSCvuoMk,LLMCompiler : 한국인이 만든 추론 방법론으로 AI Agent를 만듭니다. 역시 '빨리빨리',"Mar 26, 2025",1243,0
2026-04-29,PSTsSCvuoMk,LLMCompiler : 한국인이 만든 추론 방법론으로 AI Agent를 만듭니다. 역시 '빨리빨리',"Mar 26, 2025",1243,0
2026-04-30,PSTsSCvuoMk,LLMCompiler : 한국인이 만든 추론 방법론으로 AI Agent를 만듭니다. 역시 '빨리빨리',"Mar 26, 2025",1243,0
2026-05-01,PSTsSCvuoMk,LLMCompiler : 한국인이 만든 추론 방법론으로 AI Agent를 만듭니다. 역시 '빨리빨리',"Mar 26, 2025",1243,0
2026-05-02,PSTsSCvuoMk,LLMCompiler : 한국인이 만든 추론 방법론으로 AI Agent를 만듭니다. 역시 '빨리빨리',"Mar 26, 2025",1243,0
2026-05-03,PSTsSCvuoMk,LLMCompiler : 한국인이 만든 추론 방법론으로 AI Agent를 만듭니다. 역시 '빨리빨리',"Mar 26, 2025",1243,4
2026-05-04,PSTsSCvuoMk,LLMCompiler : 한국인이 만든 추론 방법론으로 AI Agent를 만듭니다. 역시 '빨리빨리',"Mar 26, 2025",1243,0
2026-05-05,PSTsSCvuoMk,LLMCompiler : 한국인이 만든 추론 방법론으로 AI Agent를 만듭니다. 역시 '빨리빨리',"Mar 26, 2025",1243,0
2026-05-06,PSTsSCvuoMk,LLMCompiler : 한국인이 만든 추론 방법론으로 AI Agent를 만듭니다. 역시 '빨리빨리',"Mar 26, 2025",1243,0
2026-05-07,PSTsSCvuoMk,LLMCompiler : 한국인이 만든 추론 방법론으로 AI Agent를 만듭니다. 역시 '빨리빨리',"Mar 26, 2025",1243,0
2026-05-08,PSTsSCvuoMk,LLMCompiler : 한국인이 만든 추론 방법론으로 AI Agent를 만듭니다. 역시 '빨리빨리',"Mar 26, 2025",1243,0
2026-05-09,PSTsSCvuoMk,LLMCompiler : 한국인이 만든 추론 방법론으로 AI Agent를 만듭니다. 역시 '빨리빨리',"Mar 26, 2025",1243,0
2026-05-10,PSTsSCvuoMk,LLMCompiler : 한국인이 만든 추론 방법론으로 AI Agent를 만듭니다. 역시 '빨리빨리',"Mar 26, 2025",1243,1
2026-05-11,PSTsSCvuoMk,LLMCompiler : 한국인이 만든 추론 방법론으로 AI Agent를 만듭니다. 역시 '빨리빨리',"Mar 26, 2025",1243,0
2026-05-12,PSTsSCvuoMk,LLMCompiler : 한국인이 만든 추론 방법론으로 AI Agent를 만듭니다. 역시 '빨리빨리',"Mar 26, 2025",1243,0
2026-05-13,PSTsSCvuoMk,LLMCompiler : 한국인이 만든 추론 방법론으로 AI Agent를 만듭니다. 역시 '빨리빨리',"Mar 26, 2025",1243,0
2026-05-14,PSTsSCvuoMk,LLMCompiler : 한국인이 만든 추론 방법론으로 AI Agent를 만듭니다. 역시 '빨리빨리',"Mar 26, 2025",1243,0
2026-05-15,PSTsSCvuoMk,LLMCompiler : 한국인이 만든 추론 방법론으로 AI Agent를 만듭니다. 역시 '빨리빨리',"Mar 26, 2025",1243,0
2026-05-16,PSTsSCvuoMk,LLMCompiler : 한국인이 만든 추론 방법론으로 AI Agent를 만듭니다. 역시 '빨리빨리',"Mar 26, 2025",1243,0
2026-05-17,PSTsSCvuoMk,LLMCompiler : 한국인이 만든 추론 방법론으로 AI Agent를 만듭니다. 역시 '빨리빨리',"Mar 26, 2025",1243,0
2026-05-18,PSTsSCvuoMk,LLMCompiler : 한국인이 만든 추론 방법론으로 AI Agent를 만듭니다. 역시 '빨리빨리',"Mar 26, 2025",1243,0
2026-05-19,PSTsSCvuoMk,LLMCompiler : 한국인이 만든 추론 방법론으로 AI Agent를 만듭니다. 역시 '빨리빨리',"Mar 26, 2025",1243,0
2026-05-20,PSTsSCvuoMk,LLMCompiler : 한국인이 만든 추론 방법론으로 AI Agent를 만듭니다. 역시 '빨리빨리',"Mar 26, 2025",1243,0
2026-05-21,PSTsSCvuoMk,LLMCompiler : 한국인이 만든 추론 방법론으로 AI Agent를 만듭니다. 역시 '빨리빨리',"Mar 26, 2025",1243,1
2026-05-22,PSTsSCvuoMk,LLMCompiler : 한국인이 만든 추론 방법론으로 AI Agent를 만듭니다. 역시 '빨리빨리',"Mar 26, 2025",1243,0
2026-05-23,PSTsSCvuoMk,LLMCompiler : 한국인이 만든 추론 방법론으로 AI Agent를 만듭니다. 역시 '빨리빨리',"Mar 26, 2025",1243,1
2026-05-24,PSTsSCvuoMk,LLMCompiler : 한국인이 만든 추론 방법론으로 AI Agent를 만듭니다. 역시 '빨리빨리',"Mar 26, 2025",1243,0
2026-05-25,PSTsSCvuoMk,LLMCompiler : 한국인이 만든 추론 방법론으로 AI Agent를 만듭니다. 역시 '빨리빨리',"Mar 26, 2025",1243,0
2026-05-26,PSTsSCvuoMk,LLMCompiler : 한국인이 만든 추론 방법론으로 AI Agent를 만듭니다. 역시 '빨리빨리',"Mar 26, 2025",1243,0
2026-05-27,PSTsSCvuoMk,LLMCompiler : 한국인이 만든 추론 방법론으로 AI Agent를 만듭니다. 역시 '빨리빨리',"Mar 26, 2025",1243,0
2026-05-28,PSTsSCvuoMk,LLMCompiler : 한국인이 만든 추론 방법론으로 AI Agent를 만듭니다. 역시 '빨리빨리',"Mar 26, 2025",1243,0
2026-05-29,PSTsSCvuoMk,LLMCompiler : 한국인이 만든 추론 방법론으로 AI Agent를 만듭니다. 역시 '빨리빨리',"Mar 26, 2025",1243,0
2026-05-30,PSTsSCvuoMk,LLMCompiler : 한국인이 만든 추론 방법론으로 AI Agent를 만듭니다. 역시 '빨리빨리',"Mar 26, 2025",1243,0
2026-05-31,PSTsSCvuoMk,LLMCompiler : 한국인이 만든 추론 방법론으로 AI Agent를 만듭니다. 역시 '빨리빨리',"Mar 26, 2025",1243,0
2026-06-01,PSTsSCvuoMk,LLMCompiler : 한국인이 만든 추론 방법론으로 AI Agent를 만듭니다. 역시 '빨리빨리',"Mar 26, 2025",1243,0
2026-06-02,PSTsSCvuoMk,LLMCompiler : 한국인이 만든 추론 방법론으로 AI Agent를 만듭니다. 역시 '빨리빨리',"Mar 26, 2025",1243,4
2026-06-03,PSTsSCvuoMk,LLMCompiler : 한국인이 만든 추론 방법론으로 AI Agent를 만듭니다. 역시 '빨리빨리',"Mar 26, 2025",1243,1
2026-06-04,PSTsSCvuoMk,LLMCompiler : 한국인이 만든 추론 방법론으로 AI Agent를 만듭니다. 역시 '빨리빨리',"Mar 26, 2025",1243,0
2026-06-05,PSTsSCvuoMk,LLMCompiler : 한국인이 만든 추론 방법론으로 AI Agent를 만듭니다. 역시 '빨리빨리',"Mar 26, 2025",1243,0
2026-06-06,PSTsSCvuoMk,LLMCompiler : 한국인이 만든 추론 방법론으로 AI Agent를 만듭니다. 역시 '빨리빨리',"Mar 26, 2025",1243,0
2026-06-07,PSTsSCvuoMk,LLMCompiler : 한국인이 만든 추론 방법론으로 AI Agent를 만듭니다. 역시 '빨리빨리',"Mar 26, 2025",1243,1
2026-06-08,PSTsSCvuoMk,LLMCompiler : 한국인이 만든 추론 방법론으로 AI Agent를 만듭니다. 역시 '빨리빨리',"Mar 26, 2025",1243,1
2026-06-09,PSTsSCvuoMk,LLMCompiler : 한국인이 만든 추론 방법론으로 AI Agent를 만듭니다. 역시 '빨리빨리',"Mar 26, 2025",1243,0
2026-06-10,PSTsSCvuoMk,LLMCompiler : 한국인이 만든 추론 방법론으로 AI Agent를 만듭니다. 역시 '빨리빨리',"Mar 26, 2025",1243,0
2026-06-11,PSTsSCvuoMk,LLMCompiler : 한국인이 만든 추론 방법론으로 AI Agent를 만듭니다. 역시 '빨리빨리',"Mar 26, 2025",1243,0
2026-06-12,PSTsSCvuoMk,LLMCompiler : 한국인이 만든 추론 방법론으로 AI Agent를 만듭니다. 역시 '빨리빨리',"Mar 26, 2025",1243,0
2026-06-13,PSTsSCvuoMk,LLMCompiler : 한국인이 만든 추론 방법론으로 AI Agent를 만듭니다. 역시 '빨리빨리',"Mar 26, 2025",1243,1
2026-06-14,PSTsSCvuoMk,LLMCompiler : 한국인이 만든 추론 방법론으로 AI Agent를 만듭니다. 역시 '빨리빨리',"Mar 26, 2025",1243,1
2026-06-15,PSTsSCvuoMk,LLMCompiler : 한국인이 만든 추론 방법론으로 AI Agent를 만듭니다. 역시 '빨리빨리',"Mar 26, 2025",1243,1
2026-06-16,PSTsSCvuoMk,LLMCompiler : 한국인이 만든 추론 방법론으로 AI Agent를 만듭니다. 역시 '빨리빨리',"Mar 26, 2025",1243,0
2026-06-17,PSTsSCvuoMk,LLMCompiler : 한국인이 만든 추론 방법론으로 AI Agent를 만듭니다. 역시 '빨리빨리',"Mar 26, 2025",1243,0
2026-06-18,PSTsSCvuoMk,LLMCompiler : 한국인이 만든 추론 방법론으로 AI Agent를 만듭니다. 역시 '빨리빨리',"Mar 26, 2025",1243,2
2026-06-19,PSTsSCvuoMk,LLMCompiler : 한국인이 만든 추론 방법론으로 AI Agent를 만듭니다. 역시 '빨리빨리',"Mar 26, 2025",1243,0
2026-06-20,PSTsSCvuoMk,LLMCompiler : 한국인이 만든 추론 방법론으로 AI Agent를 만듭니다. 역시 '빨리빨리',"Mar 26, 2025",1243,0
2026-06-21,PSTsSCvuoMk,LLMCompiler : 한국인이 만든 추론 방법론으로 AI Agent를 만듭니다. 역시 '빨리빨리',"Mar 26, 2025",1243,1
2026-06-22,PSTsSCvuoMk,LLMCompiler : 한국인이 만든 추론 방법론으로 AI Agent를 만듭니다. 역시 '빨리빨리',"Mar 26, 2025",1243,0
2026-06-23,PSTsSCvuoMk,LLMCompiler : 한국인이 만든 추론 방법론으로 AI Agent를 만듭니다. 역시 '빨리빨리',"Mar 26, 2025",1243,0
2023-03-15,lBPidxUL8zg,LLMCompiler 2 : AI 시대 코딩 배워야 합니다. AI App Flow를 아시면 무엇을 배워야 하는지 아실 수 있습니다.,"Apr 4, 2025",1720,0
2023-03-16,lBPidxUL8zg,LLMCompiler 2 : AI 시대 코딩 배워야 합니다. AI App Flow를 아시면 무엇을 배워야 하는지 아실 수 있습니다.,"Apr 4, 2025",1720,0
2023-03-17,lBPidxUL8zg,LLMCompiler 2 : AI 시대 코딩 배워야 합니다. AI App Flow를 아시면 무엇을 배워야 하는지 아실 수 있습니다.,"Apr 4, 2025",1720,0
2023-03-18,lBPidxUL8zg,LLMCompiler 2 : AI 시대 코딩 배워야 합니다. AI App Flow를 아시면 무엇을 배워야 하는지 아실 수 있습니다.,"Apr 4, 2025",1720,0
2023-03-19,lBPidxUL8zg,LLMCompiler 2 : AI 시대 코딩 배워야 합니다. AI App Flow를 아시면 무엇을 배워야 하는지 아실 수 있습니다.,"Apr 4, 2025",1720,0
2023-03-20,lBPidxUL8zg,LLMCompiler 2 : AI 시대 코딩 배워야 합니다. AI App Flow를 아시면 무엇을 배워야 하는지 아실 수 있습니다.,"Apr 4, 2025",1720,0
2023-03-21,lBPidxUL8zg,LLMCompiler 2 : AI 시대 코딩 배워야 합니다. AI App Flow를 아시면 무엇을 배워야 하는지 아실 수 있습니다.,"Apr 4, 2025",1720,0
2023-03-22,lBPidxUL8zg,LLMCompiler 2 : AI 시대 코딩 배워야 합니다. AI App Flow를 아시면 무엇을 배워야 하는지 아실 수 있습니다.,"Apr 4, 2025",1720,0
2023-03-23,lBPidxUL8zg,LLMCompiler 2 : AI 시대 코딩 배워야 합니다. AI App Flow를 아시면 무엇을 배워야 하는지 아실 수 있습니다.,"Apr 4, 2025",1720,0
2023-03-24,lBPidxUL8zg,LLMCompiler 2 : AI 시대 코딩 배워야 합니다. AI App Flow를 아시면 무엇을 배워야 하는지 아실 수 있습니다.,"Apr 4, 2025",1720,0
2023-03-25,lBPidxUL8zg,LLMCompiler 2 : AI 시대 코딩 배워야 합니다. AI App Flow를 아시면 무엇을 배워야 하는지 아실 수 있습니다.,"Apr 4, 2025",1720,0
2023-03-26,lBPidxUL8zg,LLMCompiler 2 : AI 시대 코딩 배워야 합니다. AI App Flow를 아시면 무엇을 배워야 하는지 아실 수 있습니다.,"Apr 4, 2025",1720,0
2023-03-27,lBPidxUL8zg,LLMCompiler 2 : AI 시대 코딩 배워야 합니다. AI App Flow를 아시면 무엇을 배워야 하는지 아실 수 있습니다.,"Apr 4, 2025",1720,0
2023-03-28,lBPidxUL8zg,LLMCompiler 2 : AI 시대 코딩 배워야 합니다. AI App Flow를 아시면 무엇을 배워야 하는지 아실 수 있습니다.,"Apr 4, 2025",1720,0
2023-03-29,lBPidxUL8zg,LLMCompiler 2 : AI 시대 코딩 배워야 합니다. AI App Flow를 아시면 무엇을 배워야 하는지 아실 수 있습니다.,"Apr 4, 2025",1720,0
2023-03-30,lBPidxUL8zg,LLMCompiler 2 : AI 시대 코딩 배워야 합니다. AI App Flow를 아시면 무엇을 배워야 하는지 아실 수 있습니다.,"Apr 4, 2025",1720,0
2023-03-31,lBPidxUL8zg,LLMCompiler 2 : AI 시대 코딩 배워야 합니다. AI App Flow를 아시면 무엇을 배워야 하는지 아실 수 있습니다.,"Apr 4, 2025",1720,0
2023-04-01,lBPidxUL8zg,LLMCompiler 2 : AI 시대 코딩 배워야 합니다. AI App Flow를 아시면 무엇을 배워야 하는지 아실 수 있습니다.,"Apr 4, 2025",1720,0
2023-04-02,lBPidxUL8zg,LLMCompiler 2 : AI 시대 코딩 배워야 합니다. AI App Flow를 아시면 무엇을 배워야 하는지 아실 수 있습니다.,"Apr 4, 2025",1720,0
2023-04-03,lBPidxUL8zg,LLMCompiler 2 : AI 시대 코딩 배워야 합니다. AI App Flow를 아시면 무엇을 배워야 하는지 아실 수 있습니다.,"Apr 4, 2025",1720,0
2023-04-04,lBPidxUL8zg,LLMCompiler 2 : AI 시대 코딩 배워야 합니다. AI App Flow를 아시면 무엇을 배워야 하는지 아실 수 있습니다.,"Apr 4, 2025",1720,0
2023-04-05,lBPidxUL8zg,LLMCompiler 2 : AI 시대 코딩 배워야 합니다. AI App Flow를 아시면 무엇을 배워야 하는지 아실 수 있습니다.,"Apr 4, 2025",1720,0
2023-04-06,lBPidxUL8zg,LLMCompiler 2 : AI 시대 코딩 배워야 합니다. AI App Flow를 아시면 무엇을 배워야 하는지 아실 수 있습니다.,"Apr 4, 2025",1720,0
2023-04-07,lBPidxUL8zg,LLMCompiler 2 : AI 시대 코딩 배워야 합니다. AI App Flow를 아시면 무엇을 배워야 하는지 아실 수 있습니다.,"Apr 4, 2025",1720,0
2023-04-08,lBPidxUL8zg,LLMCompiler 2 : AI 시대 코딩 배워야 합니다. AI App Flow를 아시면 무엇을 배워야 하는지 아실 수 있습니다.,"Apr 4, 2025",1720,0
2023-04-09,lBPidxUL8zg,LLMCompiler 2 : AI 시대 코딩 배워야 합니다. AI App Flow를 아시면 무엇을 배워야 하는지 아실 수 있습니다.,"Apr 4, 2025",1720,0
2023-04-10,lBPidxUL8zg,LLMCompiler 2 : AI 시대 코딩 배워야 합니다. AI App Flow를 아시면 무엇을 배워야 하는지 아실 수 있습니다.,"Apr 4, 2025",1720,0
2023-04-11,lBPidxUL8zg,LLMCompiler 2 : AI 시대 코딩 배워야 합니다. AI App Flow를 아시면 무엇을 배워야 하는지 아실 수 있습니다.,"Apr 4, 2025",1720,0
2023-04-12,lBPidxUL8zg,LLMCompiler 2 : AI 시대 코딩 배워야 합니다. AI App Flow를 아시면 무엇을 배워야 하는지 아실 수 있습니다.,"Apr 4, 2025",1720,0
2023-04-13,lBPidxUL8zg,LLMCompiler 2 : AI 시대 코딩 배워야 합니다. AI App Flow를 아시면 무엇을 배워야 하는지 아실 수 있습니다.,"Apr 4, 2025",1720,0
2023-04-14,lBPidxUL8zg,LLMCompiler 2 : AI 시대 코딩 배워야 합니다. AI App Flow를 아시면 무엇을 배워야 하는지 아실 수 있습니다.,"Apr 4, 2025",1720,0
2023-04-15,lBPidxUL8zg,LLMCompiler 2 : AI 시대 코딩 배워야 합니다. AI App Flow를 아시면 무엇을 배워야 하는지 아실 수 있습니다.,"Apr 4, 2025",1720,0
2023-04-16,lBPidxUL8zg,LLMCompiler 2 : AI 시대 코딩 배워야 합니다. AI App Flow를 아시면 무엇을 배워야 하는지 아실 수 있습니다.,"Apr 4, 2025",1720,0
2023-04-17,lBPidxUL8zg,LLMCompiler 2 : AI 시대 코딩 배워야 합니다. AI App Flow를 아시면 무엇을 배워야 하는지 아실 수 있습니다.,"Apr 4, 2025",1720,0
2023-04-18,lBPidxUL8zg,LLMCompiler 2 : AI 시대 코딩 배워야 합니다. AI App Flow를 아시면 무엇을 배워야 하는지 아실 수 있습니다.,"Apr 4, 2025",1720,0
2023-04-19,lBPidxUL8zg,LLMCompiler 2 : AI 시대 코딩 배워야 합니다. AI App Flow를 아시면 무엇을 배워야 하는지 아실 수 있습니다.,"Apr 4, 2025",1720,0
2023-04-20,lBPidxUL8zg,LLMCompiler 2 : AI 시대 코딩 배워야 합니다. AI App Flow를 아시면 무엇을 배워야 하는지 아실 수 있습니다.,"Apr 4, 2025",1720,0
2023-04-21,lBPidxUL8zg,LLMCompiler 2 : AI 시대 코딩 배워야 합니다. AI App Flow를 아시면 무엇을 배워야 하는지 아실 수 있습니다.,"Apr 4, 2025",1720,0
2023-04-22,lBPidxUL8zg,LLMCompiler 2 : AI 시대 코딩 배워야 합니다. AI App Flow를 아시면 무엇을 배워야 하는지 아실 수 있습니다.,"Apr 4, 2025",1720,0
2023-04-23,lBPidxUL8zg,LLMCompiler 2 : AI 시대 코딩 배워야 합니다. AI App Flow를 아시면 무엇을 배워야 하는지 아실 수 있습니다.,"Apr 4, 2025",1720,0
2023-04-24,lBPidxUL8zg,LLMCompiler 2 : AI 시대 코딩 배워야 합니다. AI App Flow를 아시면 무엇을 배워야 하는지 아실 수 있습니다.,"Apr 4, 2025",1720,0
2023-04-25,lBPidxUL8zg,LLMCompiler 2 : AI 시대 코딩 배워야 합니다. AI App Flow를 아시면 무엇을 배워야 하는지 아실 수 있습니다.,"Apr 4, 2025",1720,0
2023-04-26,lBPidxUL8zg,LLMCompiler 2 : AI 시대 코딩 배워야 합니다. AI App Flow를 아시면 무엇을 배워야 하는지 아실 수 있습니다.,"Apr 4, 2025",1720,0
2023-04-27,lBPidxUL8zg,LLMCompiler 2 : AI 시대 코딩 배워야 합니다. AI App Flow를 아시면 무엇을 배워야 하는지 아실 수 있습니다.,"Apr 4, 2025",1720,0
2023-04-28,lBPidxUL8zg,LLMCompiler 2 : AI 시대 코딩 배워야 합니다. AI App Flow를 아시면 무엇을 배워야 하는지 아실 수 있습니다.,"Apr 4, 2025",1720,0
2023-04-29,lBPidxUL8zg,LLMCompiler 2 : AI 시대 코딩 배워야 합니다. AI App Flow를 아시면 무엇을 배워야 하는지 아실 수 있습니다.,"Apr 4, 2025",1720,0
2023-04-30,lBPidxUL8zg,LLMCompiler 2 : AI 시대 코딩 배워야 합니다. AI App Flow를 아시면 무엇을 배워야 하는지 아실 수 있습니다.,"Apr 4, 2025",1720,0
2023-05-01,lBPidxUL8zg,LLMCompiler 2 : AI 시대 코딩 배워야 합니다. AI App Flow를 아시면 무엇을 배워야 하는지 아실 수 있습니다.,"Apr 4, 2025",1720,0
2023-05-02,lBPidxUL8zg,LLMCompiler 2 : AI 시대 코딩 배워야 합니다. AI App Flow를 아시면 무엇을 배워야 하는지 아실 수 있습니다.,"Apr 4, 2025",1720,0
2023-05-03,lBPidxUL8zg,LLMCompiler 2 : AI 시대 코딩 배워야 합니다. AI App Flow를 아시면 무엇을 배워야 하는지 아실 수 있습니다.,"Apr 4, 2025",1720,0
2023-05-04,lBPidxUL8zg,LLMCompiler 2 : AI 시대 코딩 배워야 합니다. AI App Flow를 아시면 무엇을 배워야 하는지 아실 수 있습니다.,"Apr 4, 2025",1720,0
2023-05-05,lBPidxUL8zg,LLMCompiler 2 : AI 시대 코딩 배워야 합니다. AI App Flow를 아시면 무엇을 배워야 하는지 아실 수 있습니다.,"Apr 4, 2025",1720,0
2023-05-06,lBPidxUL8zg,LLMCompiler 2 : AI 시대 코딩 배워야 합니다. AI App Flow를 아시면 무엇을 배워야 하는지 아실 수 있습니다.,"Apr 4, 2025",1720,0
2023-05-07,lBPidxUL8zg,LLMCompiler 2 : AI 시대 코딩 배워야 합니다. AI App Flow를 아시면 무엇을 배워야 하는지 아실 수 있습니다.,"Apr 4, 2025",1720,0
2023-05-08,lBPidxUL8zg,LLMCompiler 2 : AI 시대 코딩 배워야 합니다. AI App Flow를 아시면 무엇을 배워야 하는지 아실 수 있습니다.,"Apr 4, 2025",1720,0
2023-05-09,lBPidxUL8zg,LLMCompiler 2 : AI 시대 코딩 배워야 합니다. AI App Flow를 아시면 무엇을 배워야 하는지 아실 수 있습니다.,"Apr 4, 2025",1720,0
2023-05-10,lBPidxUL8zg,LLMCompiler 2 : AI 시대 코딩 배워야 합니다. AI App Flow를 아시면 무엇을 배워야 하는지 아실 수 있습니다.,"Apr 4, 2025",1720,0
2023-05-11,lBPidxUL8zg,LLMCompiler 2 : AI 시대 코딩 배워야 합니다. AI App Flow를 아시면 무엇을 배워야 하는지 아실 수 있습니다.,"Apr 4, 2025",1720,0
2023-05-12,lBPidxUL8zg,LLMCompiler 2 : AI 시대 코딩 배워야 합니다. AI App Flow를 아시면 무엇을 배워야 하는지 아실 수 있습니다.,"Apr 4, 2025",1720,0
2023-05-13,lBPidxUL8zg,LLMCompiler 2 : AI 시대 코딩 배워야 합니다. AI App Flow를 아시면 무엇을 배워야 하는지 아실 수 있습니다.,"Apr 4, 2025",1720,0
2023-05-14,lBPidxUL8zg,LLMCompiler 2 : AI 시대 코딩 배워야 합니다. AI App Flow를 아시면 무엇을 배워야 하는지 아실 수 있습니다.,"Apr 4, 2025",1720,0
2023-05-15,lBPidxUL8zg,LLMCompiler 2 : AI 시대 코딩 배워야 합니다. AI App Flow를 아시면 무엇을 배워야 하는지 아실 수 있습니다.,"Apr 4, 2025",1720,0
2023-05-16,lBPidxUL8zg,LLMCompiler 2 : AI 시대 코딩 배워야 합니다. AI App Flow를 아시면 무엇을 배워야 하는지 아실 수 있습니다.,"Apr 4, 2025",1720,0
2023-05-17,lBPidxUL8zg,LLMCompiler 2 : AI 시대 코딩 배워야 합니다. AI App Flow를 아시면 무엇을 배워야 하는지 아실 수 있습니다.,"Apr 4, 2025",1720,0
2023-05-18,lBPidxUL8zg,LLMCompiler 2 : AI 시대 코딩 배워야 합니다. AI App Flow를 아시면 무엇을 배워야 하는지 아실 수 있습니다.,"Apr 4, 2025",1720,0
2023-05-19,lBPidxUL8zg,LLMCompiler 2 : AI 시대 코딩 배워야 합니다. AI App Flow를 아시면 무엇을 배워야 하는지 아실 수 있습니다.,"Apr 4, 2025",1720,0
2023-05-20,lBPidxUL8zg,LLMCompiler 2 : AI 시대 코딩 배워야 합니다. AI App Flow를 아시면 무엇을 배워야 하는지 아실 수 있습니다.,"Apr 4, 2025",1720,0
2023-05-21,lBPidxUL8zg,LLMCompiler 2 : AI 시대 코딩 배워야 합니다. AI App Flow를 아시면 무엇을 배워야 하는지 아실 수 있습니다.,"Apr 4, 2025",1720,0
2023-05-22,lBPidxUL8zg,LLMCompiler 2 : AI 시대 코딩 배워야 합니다. AI App Flow를 아시면 무엇을 배워야 하는지 아실 수 있습니다.,"Apr 4, 2025",1720,0
2023-05-23,lBPidxUL8zg,LLMCompiler 2 : AI 시대 코딩 배워야 합니다. AI App Flow를 아시면 무엇을 배워야 하는지 아실 수 있습니다.,"Apr 4, 2025",1720,0
2023-05-24,lBPidxUL8zg,LLMCompiler 2 : AI 시대 코딩 배워야 합니다. AI App Flow를 아시면 무엇을 배워야 하는지 아실 수 있습니다.,"Apr 4, 2025",1720,0
2023-05-25,lBPidxUL8zg,LLMCompiler 2 : AI 시대 코딩 배워야 합니다. AI App Flow를 아시면 무엇을 배워야 하는지 아실 수 있습니다.,"Apr 4, 2025",1720,0
2023-05-26,lBPidxUL8zg,LLMCompiler 2 : AI 시대 코딩 배워야 합니다. AI App Flow를 아시면 무엇을 배워야 하는지 아실 수 있습니다.,"Apr 4, 2025",1720,0
2023-05-27,lBPidxUL8zg,LLMCompiler 2 : AI 시대 코딩 배워야 합니다. AI App Flow를 아시면 무엇을 배워야 하는지 아실 수 있습니다.,"Apr 4, 2025",1720,0
2023-05-28,lBPidxUL8zg,LLMCompiler 2 : AI 시대 코딩 배워야 합니다. AI App Flow를 아시면 무엇을 배워야 하는지 아실 수 있습니다.,"Apr 4, 2025",1720,0
2023-05-29,lBPidxUL8zg,LLMCompiler 2 : AI 시대 코딩 배워야 합니다. AI App Flow를 아시면 무엇을 배워야 하는지 아실 수 있습니다.,"Apr 4, 2025",1720,0
2023-05-30,lBPidxUL8zg,LLMCompiler 2 : AI 시대 코딩 배워야 합니다. AI App Flow를 아시면 무엇을 배워야 하는지 아실 수 있습니다.,"Apr 4, 2025",1720,0
2023-05-31,lBPidxUL8zg,LLMCompiler 2 : AI 시대 코딩 배워야 합니다. AI App Flow를 아시면 무엇을 배워야 하는지 아실 수 있습니다.,"Apr 4, 2025",1720,0
2023-06-01,lBPidxUL8zg,LLMCompiler 2 : AI 시대 코딩 배워야 합니다. AI App Flow를 아시면 무엇을 배워야 하는지 아실 수 있습니다.,"Apr 4, 2025",1720,0
2023-06-02,lBPidxUL8zg,LLMCompiler 2 : AI 시대 코딩 배워야 합니다. AI App Flow를 아시면 무엇을 배워야 하는지 아실 수 있습니다.,"Apr 4, 2025",1720,0
2023-06-03,lBPidxUL8zg,LLMCompiler 2 : AI 시대 코딩 배워야 합니다. AI App Flow를 아시면 무엇을 배워야 하는지 아실 수 있습니다.,"Apr 4, 2025",1720,0
2023-06-04,lBPidxUL8zg,LLMCompiler 2 : AI 시대 코딩 배워야 합니다. AI App Flow를 아시면 무엇을 배워야 하는지 아실 수 있습니다.,"Apr 4, 2025",1720,0
2023-06-05,lBPidxUL8zg,LLMCompiler 2 : AI 시대 코딩 배워야 합니다. AI App Flow를 아시면 무엇을 배워야 하는지 아실 수 있습니다.,"Apr 4, 2025",1720,0
2023-06-06,lBPidxUL8zg,LLMCompiler 2 : AI 시대 코딩 배워야 합니다. AI App Flow를 아시면 무엇을 배워야 하는지 아실 수 있습니다.,"Apr 4, 2025",1720,0
2023-06-07,lBPidxUL8zg,LLMCompiler 2 : AI 시대 코딩 배워야 합니다. AI App Flow를 아시면 무엇을 배워야 하는지 아실 수 있습니다.,"Apr 4, 2025",1720,0
2023-06-08,lBPidxUL8zg,LLMCompiler 2 : AI 시대 코딩 배워야 합니다. AI App Flow를 아시면 무엇을 배워야 하는지 아실 수 있습니다.,"Apr 4, 2025",1720,0
2023-06-09,lBPidxUL8zg,LLMCompiler 2 : AI 시대 코딩 배워야 합니다. AI App Flow를 아시면 무엇을 배워야 하는지 아실 수 있습니다.,"Apr 4, 2025",1720,0
2023-06-10,lBPidxUL8zg,LLMCompiler 2 : AI 시대 코딩 배워야 합니다. AI App Flow를 아시면 무엇을 배워야 하는지 아실 수 있습니다.,"Apr 4, 2025",1720,0
2023-06-11,lBPidxUL8zg,LLMCompiler 2 : AI 시대 코딩 배워야 합니다. AI App Flow를 아시면 무엇을 배워야 하는지 아실 수 있습니다.,"Apr 4, 2025",1720,0
2023-06-12,lBPidxUL8zg,LLMCompiler 2 : AI 시대 코딩 배워야 합니다. AI App Flow를 아시면 무엇을 배워야 하는지 아실 수 있습니다.,"Apr 4, 2025",1720,0
2023-06-13,lBPidxUL8zg,LLMCompiler 2 : AI 시대 코딩 배워야 합니다. AI App Flow를 아시면 무엇을 배워야 하는지 아실 수 있습니다.,"Apr 4, 2025",1720,0
2023-06-14,lBPidxUL8zg,LLMCompiler 2 : AI 시대 코딩 배워야 합니다. AI App Flow를 아시면 무엇을 배워야 하는지 아실 수 있습니다.,"Apr 4, 2025",1720,0
2023-06-15,lBPidxUL8zg,LLMCompiler 2 : AI 시대 코딩 배워야 합니다. AI App Flow를 아시면 무엇을 배워야 하는지 아실 수 있습니다.,"Apr 4, 2025",1720,0
2023-06-16,lBPidxUL8zg,LLMCompiler 2 : AI 시대 코딩 배워야 합니다. AI App Flow를 아시면 무엇을 배워야 하는지 아실 수 있습니다.,"Apr 4, 2025",1720,0
2023-06-17,lBPidxUL8zg,LLMCompiler 2 : AI 시대 코딩 배워야 합니다. AI App Flow를 아시면 무엇을 배워야 하는지 아실 수 있습니다.,"Apr 4, 2025",1720,0
2023-06-18,lBPidxUL8zg,LLMCompiler 2 : AI 시대 코딩 배워야 합니다. AI App Flow를 아시면 무엇을 배워야 하는지 아실 수 있습니다.,"Apr 4, 2025",1720,0
2023-06-19,lBPidxUL8zg,LLMCompiler 2 : AI 시대 코딩 배워야 합니다. AI App Flow를 아시면 무엇을 배워야 하는지 아실 수 있습니다.,"Apr 4, 2025",1720,0
2023-06-20,lBPidxUL8zg,LLMCompiler 2 : AI 시대 코딩 배워야 합니다. AI App Flow를 아시면 무엇을 배워야 하는지 아실 수 있습니다.,"Apr 4, 2025",1720,0
2023-06-21,lBPidxUL8zg,LLMCompiler 2 : AI 시대 코딩 배워야 합니다. AI App Flow를 아시면 무엇을 배워야 하는지 아실 수 있습니다.,"Apr 4, 2025",1720,0
2023-06-22,lBPidxUL8zg,LLMCompiler 2 : AI 시대 코딩 배워야 합니다. AI App Flow를 아시면 무엇을 배워야 하는지 아실 수 있습니다.,"Apr 4, 2025",1720,0
2023-06-23,lBPidxUL8zg,LLMCompiler 2 : AI 시대 코딩 배워야 합니다. AI App Flow를 아시면 무엇을 배워야 하는지 아실 수 있습니다.,"Apr 4, 2025",1720,0
2023-06-24,lBPidxUL8zg,LLMCompiler 2 : AI 시대 코딩 배워야 합니다. AI App Flow를 아시면 무엇을 배워야 하는지 아실 수 있습니다.,"Apr 4, 2025",1720,0
2023-06-25,lBPidxUL8zg,LLMCompiler 2 : AI 시대 코딩 배워야 합니다. AI App Flow를 아시면 무엇을 배워야 하는지 아실 수 있습니다.,"Apr 4, 2025",1720,0
2023-06-26,lBPidxUL8zg,LLMCompiler 2 : AI 시대 코딩 배워야 합니다. AI App Flow를 아시면 무엇을 배워야 하는지 아실 수 있습니다.,"Apr 4, 2025",1720,0
2023-06-27,lBPidxUL8zg,LLMCompiler 2 : AI 시대 코딩 배워야 합니다. AI App Flow를 아시면 무엇을 배워야 하는지 아실 수 있습니다.,"Apr 4, 2025",1720,0
2023-06-28,lBPidxUL8zg,LLMCompiler 2 : AI 시대 코딩 배워야 합니다. AI App Flow를 아시면 무엇을 배워야 하는지 아실 수 있습니다.,"Apr 4, 2025",1720,0
2023-06-29,lBPidxUL8zg,LLMCompiler 2 : AI 시대 코딩 배워야 합니다. AI App Flow를 아시면 무엇을 배워야 하는지 아실 수 있습니다.,"Apr 4, 2025",1720,0
2023-06-30,lBPidxUL8zg,LLMCompiler 2 : AI 시대 코딩 배워야 합니다. AI App Flow를 아시면 무엇을 배워야 하는지 아실 수 있습니다.,"Apr 4, 2025",1720,0
2023-07-01,lBPidxUL8zg,LLMCompiler 2 : AI 시대 코딩 배워야 합니다. AI App Flow를 아시면 무엇을 배워야 하는지 아실 수 있습니다.,"Apr 4, 2025",1720,0
2023-07-02,lBPidxUL8zg,LLMCompiler 2 : AI 시대 코딩 배워야 합니다. AI App Flow를 아시면 무엇을 배워야 하는지 아실 수 있습니다.,"Apr 4, 2025",1720,0
2023-07-03,lBPidxUL8zg,LLMCompiler 2 : AI 시대 코딩 배워야 합니다. AI App Flow를 아시면 무엇을 배워야 하는지 아실 수 있습니다.,"Apr 4, 2025",1720,0
2023-07-04,lBPidxUL8zg,LLMCompiler 2 : AI 시대 코딩 배워야 합니다. AI App Flow를 아시면 무엇을 배워야 하는지 아실 수 있습니다.,"Apr 4, 2025",1720,0
2023-07-05,lBPidxUL8zg,LLMCompiler 2 : AI 시대 코딩 배워야 합니다. AI App Flow를 아시면 무엇을 배워야 하는지 아실 수 있습니다.,"Apr 4, 2025",1720,0
2023-07-06,lBPidxUL8zg,LLMCompiler 2 : AI 시대 코딩 배워야 합니다. AI App Flow를 아시면 무엇을 배워야 하는지 아실 수 있습니다.,"Apr 4, 2025",1720,0
2023-07-07,lBPidxUL8zg,LLMCompiler 2 : AI 시대 코딩 배워야 합니다. AI App Flow를 아시면 무엇을 배워야 하는지 아실 수 있습니다.,"Apr 4, 2025",1720,0
2023-07-08,lBPidxUL8zg,LLMCompiler 2 : AI 시대 코딩 배워야 합니다. AI App Flow를 아시면 무엇을 배워야 하는지 아실 수 있습니다.,"Apr 4, 2025",1720,0
2023-07-09,lBPidxUL8zg,LLMCompiler 2 : AI 시대 코딩 배워야 합니다. AI App Flow를 아시면 무엇을 배워야 하는지 아실 수 있습니다.,"Apr 4, 2025",1720,0
2023-07-10,lBPidxUL8zg,LLMCompiler 2 : AI 시대 코딩 배워야 합니다. AI App Flow를 아시면 무엇을 배워야 하는지 아실 수 있습니다.,"Apr 4, 2025",1720,0
2023-07-11,lBPidxUL8zg,LLMCompiler 2 : AI 시대 코딩 배워야 합니다. AI App Flow를 아시면 무엇을 배워야 하는지 아실 수 있습니다.,"Apr 4, 2025",1720,0
2023-07-12,lBPidxUL8zg,LLMCompiler 2 : AI 시대 코딩 배워야 합니다. AI App Flow를 아시면 무엇을 배워야 하는지 아실 수 있습니다.,"Apr 4, 2025",1720,0
2023-07-13,lBPidxUL8zg,LLMCompiler 2 : AI 시대 코딩 배워야 합니다. AI App Flow를 아시면 무엇을 배워야 하는지 아실 수 있습니다.,"Apr 4, 2025",1720,0
2023-07-14,lBPidxUL8zg,LLMCompiler 2 : AI 시대 코딩 배워야 합니다. AI App Flow를 아시면 무엇을 배워야 하는지 아실 수 있습니다.,"Apr 4, 2025",1720,0
2023-07-15,lBPidxUL8zg,LLMCompiler 2 : AI 시대 코딩 배워야 합니다. AI App Flow를 아시면 무엇을 배워야 하는지 아실 수 있습니다.,"Apr 4, 2025",1720,0
2023-07-16,lBPidxUL8zg,LLMCompiler 2 : AI 시대 코딩 배워야 합니다. AI App Flow를 아시면 무엇을 배워야 하는지 아실 수 있습니다.,"Apr 4, 2025",1720,0
2023-07-17,lBPidxUL8zg,LLMCompiler 2 : AI 시대 코딩 배워야 합니다. AI App Flow를 아시면 무엇을 배워야 하는지 아실 수 있습니다.,"Apr 4, 2025",1720,0
2023-07-18,lBPidxUL8zg,LLMCompiler 2 : AI 시대 코딩 배워야 합니다. AI App Flow를 아시면 무엇을 배워야 하는지 아실 수 있습니다.,"Apr 4, 2025",1720,0
2023-07-19,lBPidxUL8zg,LLMCompiler 2 : AI 시대 코딩 배워야 합니다. AI App Flow를 아시면 무엇을 배워야 하는지 아실 수 있습니다.,"Apr 4, 2025",1720,0
2023-07-20,lBPidxUL8zg,LLMCompiler 2 : AI 시대 코딩 배워야 합니다. AI App Flow를 아시면 무엇을 배워야 하는지 아실 수 있습니다.,"Apr 4, 2025",1720,0
2023-07-21,lBPidxUL8zg,LLMCompiler 2 : AI 시대 코딩 배워야 합니다. AI App Flow를 아시면 무엇을 배워야 하는지 아실 수 있습니다.,"Apr 4, 2025",1720,0
2023-07-22,lBPidxUL8zg,LLMCompiler 2 : AI 시대 코딩 배워야 합니다. AI App Flow를 아시면 무엇을 배워야 하는지 아실 수 있습니다.,"Apr 4, 2025",1720,0
2023-07-23,lBPidxUL8zg,LLMCompiler 2 : AI 시대 코딩 배워야 합니다. AI App Flow를 아시면 무엇을 배워야 하는지 아실 수 있습니다.,"Apr 4, 2025",1720,0
2023-07-24,lBPidxUL8zg,LLMCompiler 2 : AI 시대 코딩 배워야 합니다. AI App Flow를 아시면 무엇을 배워야 하는지 아실 수 있습니다.,"Apr 4, 2025",1720,0
2023-07-25,lBPidxUL8zg,LLMCompiler 2 : AI 시대 코딩 배워야 합니다. AI App Flow를 아시면 무엇을 배워야 하는지 아실 수 있습니다.,"Apr 4, 2025",1720,0
2023-07-26,lBPidxUL8zg,LLMCompiler 2 : AI 시대 코딩 배워야 합니다. AI App Flow를 아시면 무엇을 배워야 하는지 아실 수 있습니다.,"Apr 4, 2025",1720,0
2023-07-27,lBPidxUL8zg,LLMCompiler 2 : AI 시대 코딩 배워야 합니다. AI App Flow를 아시면 무엇을 배워야 하는지 아실 수 있습니다.,"Apr 4, 2025",1720,0
2023-07-28,lBPidxUL8zg,LLMCompiler 2 : AI 시대 코딩 배워야 합니다. AI App Flow를 아시면 무엇을 배워야 하는지 아실 수 있습니다.,"Apr 4, 2025",1720,0
2023-07-29,lBPidxUL8zg,LLMCompiler 2 : AI 시대 코딩 배워야 합니다. AI App Flow를 아시면 무엇을 배워야 하는지 아실 수 있습니다.,"Apr 4, 2025",1720,0
2023-07-30,lBPidxUL8zg,LLMCompiler 2 : AI 시대 코딩 배워야 합니다. AI App Flow를 아시면 무엇을 배워야 하는지 아실 수 있습니다.,"Apr 4, 2025",1720,0
2023-07-31,lBPidxUL8zg,LLMCompiler 2 : AI 시대 코딩 배워야 합니다. AI App Flow를 아시면 무엇을 배워야 하는지 아실 수 있습니다.,"Apr 4, 2025",1720,0
2023-08-01,lBPidxUL8zg,LLMCompiler 2 : AI 시대 코딩 배워야 합니다. AI App Flow를 아시면 무엇을 배워야 하는지 아실 수 있습니다.,"Apr 4, 2025",1720,0
2023-08-02,lBPidxUL8zg,LLMCompiler 2 : AI 시대 코딩 배워야 합니다. AI App Flow를 아시면 무엇을 배워야 하는지 아실 수 있습니다.,"Apr 4, 2025",1720,0
2023-08-03,lBPidxUL8zg,LLMCompiler 2 : AI 시대 코딩 배워야 합니다. AI App Flow를 아시면 무엇을 배워야 하는지 아실 수 있습니다.,"Apr 4, 2025",1720,0
2023-08-04,lBPidxUL8zg,LLMCompiler 2 : AI 시대 코딩 배워야 합니다. AI App Flow를 아시면 무엇을 배워야 하는지 아실 수 있습니다.,"Apr 4, 2025",1720,0
2023-08-05,lBPidxUL8zg,LLMCompiler 2 : AI 시대 코딩 배워야 합니다. AI App Flow를 아시면 무엇을 배워야 하는지 아실 수 있습니다.,"Apr 4, 2025",1720,0
2023-08-06,lBPidxUL8zg,LLMCompiler 2 : AI 시대 코딩 배워야 합니다. AI App Flow를 아시면 무엇을 배워야 하는지 아실 수 있습니다.,"Apr 4, 2025",1720,0
2023-08-07,lBPidxUL8zg,LLMCompiler 2 : AI 시대 코딩 배워야 합니다. AI App Flow를 아시면 무엇을 배워야 하는지 아실 수 있습니다.,"Apr 4, 2025",1720,0
2023-08-08,lBPidxUL8zg,LLMCompiler 2 : AI 시대 코딩 배워야 합니다. AI App Flow를 아시면 무엇을 배워야 하는지 아실 수 있습니다.,"Apr 4, 2025",1720,0
2023-08-09,lBPidxUL8zg,LLMCompiler 2 : AI 시대 코딩 배워야 합니다. AI App Flow를 아시면 무엇을 배워야 하는지 아실 수 있습니다.,"Apr 4, 2025",1720,0
2023-08-10,lBPidxUL8zg,LLMCompiler 2 : AI 시대 코딩 배워야 합니다. AI App Flow를 아시면 무엇을 배워야 하는지 아실 수 있습니다.,"Apr 4, 2025",1720,0
2023-08-11,lBPidxUL8zg,LLMCompiler 2 : AI 시대 코딩 배워야 합니다. AI App Flow를 아시면 무엇을 배워야 하는지 아실 수 있습니다.,"Apr 4, 2025",1720,0
2023-08-12,lBPidxUL8zg,LLMCompiler 2 : AI 시대 코딩 배워야 합니다. AI App Flow를 아시면 무엇을 배워야 하는지 아실 수 있습니다.,"Apr 4, 2025",1720,0
2023-08-13,lBPidxUL8zg,LLMCompiler 2 : AI 시대 코딩 배워야 합니다. AI App Flow를 아시면 무엇을 배워야 하는지 아실 수 있습니다.,"Apr 4, 2025",1720,0
2023-08-14,lBPidxUL8zg,LLMCompiler 2 : AI 시대 코딩 배워야 합니다. AI App Flow를 아시면 무엇을 배워야 하는지 아실 수 있습니다.,"Apr 4, 2025",1720,0
2023-08-15,lBPidxUL8zg,LLMCompiler 2 : AI 시대 코딩 배워야 합니다. AI App Flow를 아시면 무엇을 배워야 하는지 아실 수 있습니다.,"Apr 4, 2025",1720,0
2023-08-16,lBPidxUL8zg,LLMCompiler 2 : AI 시대 코딩 배워야 합니다. AI App Flow를 아시면 무엇을 배워야 하는지 아실 수 있습니다.,"Apr 4, 2025",1720,0
2023-08-17,lBPidxUL8zg,LLMCompiler 2 : AI 시대 코딩 배워야 합니다. AI App Flow를 아시면 무엇을 배워야 하는지 아실 수 있습니다.,"Apr 4, 2025",1720,0
2023-08-18,lBPidxUL8zg,LLMCompiler 2 : AI 시대 코딩 배워야 합니다. AI App Flow를 아시면 무엇을 배워야 하는지 아실 수 있습니다.,"Apr 4, 2025",1720,0
2023-08-19,lBPidxUL8zg,LLMCompiler 2 : AI 시대 코딩 배워야 합니다. AI App Flow를 아시면 무엇을 배워야 하는지 아실 수 있습니다.,"Apr 4, 2025",1720,0
2023-08-20,lBPidxUL8zg,LLMCompiler 2 : AI 시대 코딩 배워야 합니다. AI App Flow를 아시면 무엇을 배워야 하는지 아실 수 있습니다.,"Apr 4, 2025",1720,0
2023-08-21,lBPidxUL8zg,LLMCompiler 2 : AI 시대 코딩 배워야 합니다. AI App Flow를 아시면 무엇을 배워야 하는지 아실 수 있습니다.,"Apr 4, 2025",1720,0
2023-08-22,lBPidxUL8zg,LLMCompiler 2 : AI 시대 코딩 배워야 합니다. AI App Flow를 아시면 무엇을 배워야 하는지 아실 수 있습니다.,"Apr 4, 2025",1720,0
2023-08-23,lBPidxUL8zg,LLMCompiler 2 : AI 시대 코딩 배워야 합니다. AI App Flow를 아시면 무엇을 배워야 하는지 아실 수 있습니다.,"Apr 4, 2025",1720,0
2023-08-24,lBPidxUL8zg,LLMCompiler 2 : AI 시대 코딩 배워야 합니다. AI App Flow를 아시면 무엇을 배워야 하는지 아실 수 있습니다.,"Apr 4, 2025",1720,0
2023-08-25,lBPidxUL8zg,LLMCompiler 2 : AI 시대 코딩 배워야 합니다. AI App Flow를 아시면 무엇을 배워야 하는지 아실 수 있습니다.,"Apr 4, 2025",1720,0
2023-08-26,lBPidxUL8zg,LLMCompiler 2 : AI 시대 코딩 배워야 합니다. AI App Flow를 아시면 무엇을 배워야 하는지 아실 수 있습니다.,"Apr 4, 2025",1720,0
2023-08-27,lBPidxUL8zg,LLMCompiler 2 : AI 시대 코딩 배워야 합니다. AI App Flow를 아시면 무엇을 배워야 하는지 아실 수 있습니다.,"Apr 4, 2025",1720,0
2023-08-28,lBPidxUL8zg,LLMCompiler 2 : AI 시대 코딩 배워야 합니다. AI App Flow를 아시면 무엇을 배워야 하는지 아실 수 있습니다.,"Apr 4, 2025",1720,0
2023-08-29,lBPidxUL8zg,LLMCompiler 2 : AI 시대 코딩 배워야 합니다. AI App Flow를 아시면 무엇을 배워야 하는지 아실 수 있습니다.,"Apr 4, 2025",1720,0
2023-08-30,lBPidxUL8zg,LLMCompiler 2 : AI 시대 코딩 배워야 합니다. AI App Flow를 아시면 무엇을 배워야 하는지 아실 수 있습니다.,"Apr 4, 2025",1720,0
2023-08-31,lBPidxUL8zg,LLMCompiler 2 : AI 시대 코딩 배워야 합니다. AI App Flow를 아시면 무엇을 배워야 하는지 아실 수 있습니다.,"Apr 4, 2025",1720,0
2023-09-01,lBPidxUL8zg,LLMCompiler 2 : AI 시대 코딩 배워야 합니다. AI App Flow를 아시면 무엇을 배워야 하는지 아실 수 있습니다.,"Apr 4, 2025",1720,0
2023-09-02,lBPidxUL8zg,LLMCompiler 2 : AI 시대 코딩 배워야 합니다. AI App Flow를 아시면 무엇을 배워야 하는지 아실 수 있습니다.,"Apr 4, 2025",1720,0
2023-09-03,lBPidxUL8zg,LLMCompiler 2 : AI 시대 코딩 배워야 합니다. AI App Flow를 아시면 무엇을 배워야 하는지 아실 수 있습니다.,"Apr 4, 2025",1720,0
2023-09-04,lBPidxUL8zg,LLMCompiler 2 : AI 시대 코딩 배워야 합니다. AI App Flow를 아시면 무엇을 배워야 하는지 아실 수 있습니다.,"Apr 4, 2025",1720,0
2023-09-05,lBPidxUL8zg,LLMCompiler 2 : AI 시대 코딩 배워야 합니다. AI App Flow를 아시면 무엇을 배워야 하는지 아실 수 있습니다.,"Apr 4, 2025",1720,0
2023-09-06,lBPidxUL8zg,LLMCompiler 2 : AI 시대 코딩 배워야 합니다. AI App Flow를 아시면 무엇을 배워야 하는지 아실 수 있습니다.,"Apr 4, 2025",1720,0
2023-09-07,lBPidxUL8zg,LLMCompiler 2 : AI 시대 코딩 배워야 합니다. AI App Flow를 아시면 무엇을 배워야 하는지 아실 수 있습니다.,"Apr 4, 2025",1720,0
2023-09-08,lBPidxUL8zg,LLMCompiler 2 : AI 시대 코딩 배워야 합니다. AI App Flow를 아시면 무엇을 배워야 하는지 아실 수 있습니다.,"Apr 4, 2025",1720,0
2023-09-09,lBPidxUL8zg,LLMCompiler 2 : AI 시대 코딩 배워야 합니다. AI App Flow를 아시면 무엇을 배워야 하는지 아실 수 있습니다.,"Apr 4, 2025",1720,0
2023-09-10,lBPidxUL8zg,LLMCompiler 2 : AI 시대 코딩 배워야 합니다. AI App Flow를 아시면 무엇을 배워야 하는지 아실 수 있습니다.,"Apr 4, 2025",1720,0
2023-09-11,lBPidxUL8zg,LLMCompiler 2 : AI 시대 코딩 배워야 합니다. AI App Flow를 아시면 무엇을 배워야 하는지 아실 수 있습니다.,"Apr 4, 2025",1720,0
2023-09-12,lBPidxUL8zg,LLMCompiler 2 : AI 시대 코딩 배워야 합니다. AI App Flow를 아시면 무엇을 배워야 하는지 아실 수 있습니다.,"Apr 4, 2025",1720,0
2023-09-13,lBPidxUL8zg,LLMCompiler 2 : AI 시대 코딩 배워야 합니다. AI App Flow를 아시면 무엇을 배워야 하는지 아실 수 있습니다.,"Apr 4, 2025",1720,0
2023-09-14,lBPidxUL8zg,LLMCompiler 2 : AI 시대 코딩 배워야 합니다. AI App Flow를 아시면 무엇을 배워야 하는지 아실 수 있습니다.,"Apr 4, 2025",1720,0
2023-09-15,lBPidxUL8zg,LLMCompiler 2 : AI 시대 코딩 배워야 합니다. AI App Flow를 아시면 무엇을 배워야 하는지 아실 수 있습니다.,"Apr 4, 2025",1720,0
2023-09-16,lBPidxUL8zg,LLMCompiler 2 : AI 시대 코딩 배워야 합니다. AI App Flow를 아시면 무엇을 배워야 하는지 아실 수 있습니다.,"Apr 4, 2025",1720,0
2023-09-17,lBPidxUL8zg,LLMCompiler 2 : AI 시대 코딩 배워야 합니다. AI App Flow를 아시면 무엇을 배워야 하는지 아실 수 있습니다.,"Apr 4, 2025",1720,0
2023-09-18,lBPidxUL8zg,LLMCompiler 2 : AI 시대 코딩 배워야 합니다. AI App Flow를 아시면 무엇을 배워야 하는지 아실 수 있습니다.,"Apr 4, 2025",1720,0
2023-09-19,lBPidxUL8zg,LLMCompiler 2 : AI 시대 코딩 배워야 합니다. AI App Flow를 아시면 무엇을 배워야 하는지 아실 수 있습니다.,"Apr 4, 2025",1720,0
2023-09-20,lBPidxUL8zg,LLMCompiler 2 : AI 시대 코딩 배워야 합니다. AI App Flow를 아시면 무엇을 배워야 하는지 아실 수 있습니다.,"Apr 4, 2025",1720,0
2023-09-21,lBPidxUL8zg,LLMCompiler 2 : AI 시대 코딩 배워야 합니다. AI App Flow를 아시면 무엇을 배워야 하는지 아실 수 있습니다.,"Apr 4, 2025",1720,0
2023-09-22,lBPidxUL8zg,LLMCompiler 2 : AI 시대 코딩 배워야 합니다. AI App Flow를 아시면 무엇을 배워야 하는지 아실 수 있습니다.,"Apr 4, 2025",1720,0
2023-09-23,lBPidxUL8zg,LLMCompiler 2 : AI 시대 코딩 배워야 합니다. AI App Flow를 아시면 무엇을 배워야 하는지 아실 수 있습니다.,"Apr 4, 2025",1720,0
2023-09-24,lBPidxUL8zg,LLMCompiler 2 : AI 시대 코딩 배워야 합니다. AI App Flow를 아시면 무엇을 배워야 하는지 아실 수 있습니다.,"Apr 4, 2025",1720,0
2023-09-25,lBPidxUL8zg,LLMCompiler 2 : AI 시대 코딩 배워야 합니다. AI App Flow를 아시면 무엇을 배워야 하는지 아실 수 있습니다.,"Apr 4, 2025",1720,0
2023-09-26,lBPidxUL8zg,LLMCompiler 2 : AI 시대 코딩 배워야 합니다. AI App Flow를 아시면 무엇을 배워야 하는지 아실 수 있습니다.,"Apr 4, 2025",1720,0
2023-09-27,lBPidxUL8zg,LLMCompiler 2 : AI 시대 코딩 배워야 합니다. AI App Flow를 아시면 무엇을 배워야 하는지 아실 수 있습니다.,"Apr 4, 2025",1720,0
2023-09-28,lBPidxUL8zg,LLMCompiler 2 : AI 시대 코딩 배워야 합니다. AI App Flow를 아시면 무엇을 배워야 하는지 아실 수 있습니다.,"Apr 4, 2025",1720,0
2023-09-29,lBPidxUL8zg,LLMCompiler 2 : AI 시대 코딩 배워야 합니다. AI App Flow를 아시면 무엇을 배워야 하는지 아실 수 있습니다.,"Apr 4, 2025",1720,0
2023-09-30,lBPidxUL8zg,LLMCompiler 2 : AI 시대 코딩 배워야 합니다. AI App Flow를 아시면 무엇을 배워야 하는지 아실 수 있습니다.,"Apr 4, 2025",1720,0
2023-10-01,lBPidxUL8zg,LLMCompiler 2 : AI 시대 코딩 배워야 합니다. AI App Flow를 아시면 무엇을 배워야 하는지 아실 수 있습니다.,"Apr 4, 2025",1720,0
2023-10-02,lBPidxUL8zg,LLMCompiler 2 : AI 시대 코딩 배워야 합니다. AI App Flow를 아시면 무엇을 배워야 하는지 아실 수 있습니다.,"Apr 4, 2025",1720,0
2023-10-03,lBPidxUL8zg,LLMCompiler 2 : AI 시대 코딩 배워야 합니다. AI App Flow를 아시면 무엇을 배워야 하는지 아실 수 있습니다.,"Apr 4, 2025",1720,0
2023-10-04,lBPidxUL8zg,LLMCompiler 2 : AI 시대 코딩 배워야 합니다. AI App Flow를 아시면 무엇을 배워야 하는지 아실 수 있습니다.,"Apr 4, 2025",1720,0
2023-10-05,lBPidxUL8zg,LLMCompiler 2 : AI 시대 코딩 배워야 합니다. AI App Flow를 아시면 무엇을 배워야 하는지 아실 수 있습니다.,"Apr 4, 2025",1720,0
2023-10-06,lBPidxUL8zg,LLMCompiler 2 : AI 시대 코딩 배워야 합니다. AI App Flow를 아시면 무엇을 배워야 하는지 아실 수 있습니다.,"Apr 4, 2025",1720,0
2023-10-07,lBPidxUL8zg,LLMCompiler 2 : AI 시대 코딩 배워야 합니다. AI App Flow를 아시면 무엇을 배워야 하는지 아실 수 있습니다.,"Apr 4, 2025",1720,0
2023-10-08,lBPidxUL8zg,LLMCompiler 2 : AI 시대 코딩 배워야 합니다. AI App Flow를 아시면 무엇을 배워야 하는지 아실 수 있습니다.,"Apr 4, 2025",1720,0
2023-10-09,lBPidxUL8zg,LLMCompiler 2 : AI 시대 코딩 배워야 합니다. AI App Flow를 아시면 무엇을 배워야 하는지 아실 수 있습니다.,"Apr 4, 2025",1720,0
2023-10-10,lBPidxUL8zg,LLMCompiler 2 : AI 시대 코딩 배워야 합니다. AI App Flow를 아시면 무엇을 배워야 하는지 아실 수 있습니다.,"Apr 4, 2025",1720,0
2023-10-11,lBPidxUL8zg,LLMCompiler 2 : AI 시대 코딩 배워야 합니다. AI App Flow를 아시면 무엇을 배워야 하는지 아실 수 있습니다.,"Apr 4, 2025",1720,0
2023-10-12,lBPidxUL8zg,LLMCompiler 2 : AI 시대 코딩 배워야 합니다. AI App Flow를 아시면 무엇을 배워야 하는지 아실 수 있습니다.,"Apr 4, 2025",1720,0
2023-10-13,lBPidxUL8zg,LLMCompiler 2 : AI 시대 코딩 배워야 합니다. AI App Flow를 아시면 무엇을 배워야 하는지 아실 수 있습니다.,"Apr 4, 2025",1720,0
2023-10-14,lBPidxUL8zg,LLMCompiler 2 : AI 시대 코딩 배워야 합니다. AI App Flow를 아시면 무엇을 배워야 하는지 아실 수 있습니다.,"Apr 4, 2025",1720,0
2023-10-15,lBPidxUL8zg,LLMCompiler 2 : AI 시대 코딩 배워야 합니다. AI App Flow를 아시면 무엇을 배워야 하는지 아실 수 있습니다.,"Apr 4, 2025",1720,0
2023-10-16,lBPidxUL8zg,LLMCompiler 2 : AI 시대 코딩 배워야 합니다. AI App Flow를 아시면 무엇을 배워야 하는지 아실 수 있습니다.,"Apr 4, 2025",1720,0
2023-10-17,lBPidxUL8zg,LLMCompiler 2 : AI 시대 코딩 배워야 합니다. AI App Flow를 아시면 무엇을 배워야 하는지 아실 수 있습니다.,"Apr 4, 2025",1720,0
2023-10-18,lBPidxUL8zg,LLMCompiler 2 : AI 시대 코딩 배워야 합니다. AI App Flow를 아시면 무엇을 배워야 하는지 아실 수 있습니다.,"Apr 4, 2025",1720,0
2023-10-19,lBPidxUL8zg,LLMCompiler 2 : AI 시대 코딩 배워야 합니다. AI App Flow를 아시면 무엇을 배워야 하는지 아실 수 있습니다.,"Apr 4, 2025",1720,0
2023-10-20,lBPidxUL8zg,LLMCompiler 2 : AI 시대 코딩 배워야 합니다. AI App Flow를 아시면 무엇을 배워야 하는지 아실 수 있습니다.,"Apr 4, 2025",1720,0
2023-10-21,lBPidxUL8zg,LLMCompiler 2 : AI 시대 코딩 배워야 합니다. AI App Flow를 아시면 무엇을 배워야 하는지 아실 수 있습니다.,"Apr 4, 2025",1720,0
2023-10-22,lBPidxUL8zg,LLMCompiler 2 : AI 시대 코딩 배워야 합니다. AI App Flow를 아시면 무엇을 배워야 하는지 아실 수 있습니다.,"Apr 4, 2025",1720,0
2023-10-23,lBPidxUL8zg,LLMCompiler 2 : AI 시대 코딩 배워야 합니다. AI App Flow를 아시면 무엇을 배워야 하는지 아실 수 있습니다.,"Apr 4, 2025",1720,0
2023-10-24,lBPidxUL8zg,LLMCompiler 2 : AI 시대 코딩 배워야 합니다. AI App Flow를 아시면 무엇을 배워야 하는지 아실 수 있습니다.,"Apr 4, 2025",1720,0
2023-10-25,lBPidxUL8zg,LLMCompiler 2 : AI 시대 코딩 배워야 합니다. AI App Flow를 아시면 무엇을 배워야 하는지 아실 수 있습니다.,"Apr 4, 2025",1720,0
2023-10-26,lBPidxUL8zg,LLMCompiler 2 : AI 시대 코딩 배워야 합니다. AI App Flow를 아시면 무엇을 배워야 하는지 아실 수 있습니다.,"Apr 4, 2025",1720,0
2023-10-27,lBPidxUL8zg,LLMCompiler 2 : AI 시대 코딩 배워야 합니다. AI App Flow를 아시면 무엇을 배워야 하는지 아실 수 있습니다.,"Apr 4, 2025",1720,0
2023-10-28,lBPidxUL8zg,LLMCompiler 2 : AI 시대 코딩 배워야 합니다. AI App Flow를 아시면 무엇을 배워야 하는지 아실 수 있습니다.,"Apr 4, 2025",1720,0
2023-10-29,lBPidxUL8zg,LLMCompiler 2 : AI 시대 코딩 배워야 합니다. AI App Flow를 아시면 무엇을 배워야 하는지 아실 수 있습니다.,"Apr 4, 2025",1720,0
2023-10-30,lBPidxUL8zg,LLMCompiler 2 : AI 시대 코딩 배워야 합니다. AI App Flow를 아시면 무엇을 배워야 하는지 아실 수 있습니다.,"Apr 4, 2025",1720,0
2023-10-31,lBPidxUL8zg,LLMCompiler 2 : AI 시대 코딩 배워야 합니다. AI App Flow를 아시면 무엇을 배워야 하는지 아실 수 있습니다.,"Apr 4, 2025",1720,0
2023-11-01,lBPidxUL8zg,LLMCompiler 2 : AI 시대 코딩 배워야 합니다. AI App Flow를 아시면 무엇을 배워야 하는지 아실 수 있습니다.,"Apr 4, 2025",1720,0
2023-11-02,lBPidxUL8zg,LLMCompiler 2 : AI 시대 코딩 배워야 합니다. AI App Flow를 아시면 무엇을 배워야 하는지 아실 수 있습니다.,"Apr 4, 2025",1720,0
2023-11-03,lBPidxUL8zg,LLMCompiler 2 : AI 시대 코딩 배워야 합니다. AI App Flow를 아시면 무엇을 배워야 하는지 아실 수 있습니다.,"Apr 4, 2025",1720,0
2023-11-04,lBPidxUL8zg,LLMCompiler 2 : AI 시대 코딩 배워야 합니다. AI App Flow를 아시면 무엇을 배워야 하는지 아실 수 있습니다.,"Apr 4, 2025",1720,0
2023-11-05,lBPidxUL8zg,LLMCompiler 2 : AI 시대 코딩 배워야 합니다. AI App Flow를 아시면 무엇을 배워야 하는지 아실 수 있습니다.,"Apr 4, 2025",1720,0
2023-11-06,lBPidxUL8zg,LLMCompiler 2 : AI 시대 코딩 배워야 합니다. AI App Flow를 아시면 무엇을 배워야 하는지 아실 수 있습니다.,"Apr 4, 2025",1720,0
2023-11-07,lBPidxUL8zg,LLMCompiler 2 : AI 시대 코딩 배워야 합니다. AI App Flow를 아시면 무엇을 배워야 하는지 아실 수 있습니다.,"Apr 4, 2025",1720,0
2023-11-08,lBPidxUL8zg,LLMCompiler 2 : AI 시대 코딩 배워야 합니다. AI App Flow를 아시면 무엇을 배워야 하는지 아실 수 있습니다.,"Apr 4, 2025",1720,0
2023-11-09,lBPidxUL8zg,LLMCompiler 2 : AI 시대 코딩 배워야 합니다. AI App Flow를 아시면 무엇을 배워야 하는지 아실 수 있습니다.,"Apr 4, 2025",1720,0
2023-11-10,lBPidxUL8zg,LLMCompiler 2 : AI 시대 코딩 배워야 합니다. AI App Flow를 아시면 무엇을 배워야 하는지 아실 수 있습니다.,"Apr 4, 2025",1720,0
2023-11-11,lBPidxUL8zg,LLMCompiler 2 : AI 시대 코딩 배워야 합니다. AI App Flow를 아시면 무엇을 배워야 하는지 아실 수 있습니다.,"Apr 4, 2025",1720,0
2023-11-12,lBPidxUL8zg,LLMCompiler 2 : AI 시대 코딩 배워야 합니다. AI App Flow를 아시면 무엇을 배워야 하는지 아실 수 있습니다.,"Apr 4, 2025",1720,0
2023-11-13,lBPidxUL8zg,LLMCompiler 2 : AI 시대 코딩 배워야 합니다. AI App Flow를 아시면 무엇을 배워야 하는지 아실 수 있습니다.,"Apr 4, 2025",1720,0
2023-11-14,lBPidxUL8zg,LLMCompiler 2 : AI 시대 코딩 배워야 합니다. AI App Flow를 아시면 무엇을 배워야 하는지 아실 수 있습니다.,"Apr 4, 2025",1720,0
2023-11-15,lBPidxUL8zg,LLMCompiler 2 : AI 시대 코딩 배워야 합니다. AI App Flow를 아시면 무엇을 배워야 하는지 아실 수 있습니다.,"Apr 4, 2025",1720,0
2023-11-16,lBPidxUL8zg,LLMCompiler 2 : AI 시대 코딩 배워야 합니다. AI App Flow를 아시면 무엇을 배워야 하는지 아실 수 있습니다.,"Apr 4, 2025",1720,0
2023-11-17,lBPidxUL8zg,LLMCompiler 2 : AI 시대 코딩 배워야 합니다. AI App Flow를 아시면 무엇을 배워야 하는지 아실 수 있습니다.,"Apr 4, 2025",1720,0
2023-11-18,lBPidxUL8zg,LLMCompiler 2 : AI 시대 코딩 배워야 합니다. AI App Flow를 아시면 무엇을 배워야 하는지 아실 수 있습니다.,"Apr 4, 2025",1720,0
2023-11-19,lBPidxUL8zg,LLMCompiler 2 : AI 시대 코딩 배워야 합니다. AI App Flow를 아시면 무엇을 배워야 하는지 아실 수 있습니다.,"Apr 4, 2025",1720,0
2023-11-20,lBPidxUL8zg,LLMCompiler 2 : AI 시대 코딩 배워야 합니다. AI App Flow를 아시면 무엇을 배워야 하는지 아실 수 있습니다.,"Apr 4, 2025",1720,0
2023-11-21,lBPidxUL8zg,LLMCompiler 2 : AI 시대 코딩 배워야 합니다. AI App Flow를 아시면 무엇을 배워야 하는지 아실 수 있습니다.,"Apr 4, 2025",1720,0
2023-11-22,lBPidxUL8zg,LLMCompiler 2 : AI 시대 코딩 배워야 합니다. AI App Flow를 아시면 무엇을 배워야 하는지 아실 수 있습니다.,"Apr 4, 2025",1720,0
2023-11-23,lBPidxUL8zg,LLMCompiler 2 : AI 시대 코딩 배워야 합니다. AI App Flow를 아시면 무엇을 배워야 하는지 아실 수 있습니다.,"Apr 4, 2025",1720,0
2023-11-24,lBPidxUL8zg,LLMCompiler 2 : AI 시대 코딩 배워야 합니다. AI App Flow를 아시면 무엇을 배워야 하는지 아실 수 있습니다.,"Apr 4, 2025",1720,0
2023-11-25,lBPidxUL8zg,LLMCompiler 2 : AI 시대 코딩 배워야 합니다. AI App Flow를 아시면 무엇을 배워야 하는지 아실 수 있습니다.,"Apr 4, 2025",1720,0
2023-11-26,lBPidxUL8zg,LLMCompiler 2 : AI 시대 코딩 배워야 합니다. AI App Flow를 아시면 무엇을 배워야 하는지 아실 수 있습니다.,"Apr 4, 2025",1720,0
2023-11-27,lBPidxUL8zg,LLMCompiler 2 : AI 시대 코딩 배워야 합니다. AI App Flow를 아시면 무엇을 배워야 하는지 아실 수 있습니다.,"Apr 4, 2025",1720,0
2023-11-28,lBPidxUL8zg,LLMCompiler 2 : AI 시대 코딩 배워야 합니다. AI App Flow를 아시면 무엇을 배워야 하는지 아실 수 있습니다.,"Apr 4, 2025",1720,0
2023-11-29,lBPidxUL8zg,LLMCompiler 2 : AI 시대 코딩 배워야 합니다. AI App Flow를 아시면 무엇을 배워야 하는지 아실 수 있습니다.,"Apr 4, 2025",1720,0
2023-11-30,lBPidxUL8zg,LLMCompiler 2 : AI 시대 코딩 배워야 합니다. AI App Flow를 아시면 무엇을 배워야 하는지 아실 수 있습니다.,"Apr 4, 2025",1720,0
2023-12-01,lBPidxUL8zg,LLMCompiler 2 : AI 시대 코딩 배워야 합니다. AI App Flow를 아시면 무엇을 배워야 하는지 아실 수 있습니다.,"Apr 4, 2025",1720,0
2023-12-02,lBPidxUL8zg,LLMCompiler 2 : AI 시대 코딩 배워야 합니다. AI App Flow를 아시면 무엇을 배워야 하는지 아실 수 있습니다.,"Apr 4, 2025",1720,0
2023-12-03,lBPidxUL8zg,LLMCompiler 2 : AI 시대 코딩 배워야 합니다. AI App Flow를 아시면 무엇을 배워야 하는지 아실 수 있습니다.,"Apr 4, 2025",1720,0
2023-12-04,lBPidxUL8zg,LLMCompiler 2 : AI 시대 코딩 배워야 합니다. AI App Flow를 아시면 무엇을 배워야 하는지 아실 수 있습니다.,"Apr 4, 2025",1720,0
2023-12-05,lBPidxUL8zg,LLMCompiler 2 : AI 시대 코딩 배워야 합니다. AI App Flow를 아시면 무엇을 배워야 하는지 아실 수 있습니다.,"Apr 4, 2025",1720,0
2023-12-06,lBPidxUL8zg,LLMCompiler 2 : AI 시대 코딩 배워야 합니다. AI App Flow를 아시면 무엇을 배워야 하는지 아실 수 있습니다.,"Apr 4, 2025",1720,0
2023-12-07,lBPidxUL8zg,LLMCompiler 2 : AI 시대 코딩 배워야 합니다. AI App Flow를 아시면 무엇을 배워야 하는지 아실 수 있습니다.,"Apr 4, 2025",1720,0
2023-12-08,lBPidxUL8zg,LLMCompiler 2 : AI 시대 코딩 배워야 합니다. AI App Flow를 아시면 무엇을 배워야 하는지 아실 수 있습니다.,"Apr 4, 2025",1720,0
2023-12-09,lBPidxUL8zg,LLMCompiler 2 : AI 시대 코딩 배워야 합니다. AI App Flow를 아시면 무엇을 배워야 하는지 아실 수 있습니다.,"Apr 4, 2025",1720,0
2023-12-10,lBPidxUL8zg,LLMCompiler 2 : AI 시대 코딩 배워야 합니다. AI App Flow를 아시면 무엇을 배워야 하는지 아실 수 있습니다.,"Apr 4, 2025",1720,0
2023-12-11,lBPidxUL8zg,LLMCompiler 2 : AI 시대 코딩 배워야 합니다. AI App Flow를 아시면 무엇을 배워야 하는지 아실 수 있습니다.,"Apr 4, 2025",1720,0
2023-12-12,lBPidxUL8zg,LLMCompiler 2 : AI 시대 코딩 배워야 합니다. AI App Flow를 아시면 무엇을 배워야 하는지 아실 수 있습니다.,"Apr 4, 2025",1720,0
2023-12-13,lBPidxUL8zg,LLMCompiler 2 : AI 시대 코딩 배워야 합니다. AI App Flow를 아시면 무엇을 배워야 하는지 아실 수 있습니다.,"Apr 4, 2025",1720,0
2023-12-14,lBPidxUL8zg,LLMCompiler 2 : AI 시대 코딩 배워야 합니다. AI App Flow를 아시면 무엇을 배워야 하는지 아실 수 있습니다.,"Apr 4, 2025",1720,0
2023-12-15,lBPidxUL8zg,LLMCompiler 2 : AI 시대 코딩 배워야 합니다. AI App Flow를 아시면 무엇을 배워야 하는지 아실 수 있습니다.,"Apr 4, 2025",1720,0
2023-12-16,lBPidxUL8zg,LLMCompiler 2 : AI 시대 코딩 배워야 합니다. AI App Flow를 아시면 무엇을 배워야 하는지 아실 수 있습니다.,"Apr 4, 2025",1720,0
2023-12-17,lBPidxUL8zg,LLMCompiler 2 : AI 시대 코딩 배워야 합니다. AI App Flow를 아시면 무엇을 배워야 하는지 아실 수 있습니다.,"Apr 4, 2025",1720,0
2023-12-18,lBPidxUL8zg,LLMCompiler 2 : AI 시대 코딩 배워야 합니다. AI App Flow를 아시면 무엇을 배워야 하는지 아실 수 있습니다.,"Apr 4, 2025",1720,0
2023-12-19,lBPidxUL8zg,LLMCompiler 2 : AI 시대 코딩 배워야 합니다. AI App Flow를 아시면 무엇을 배워야 하는지 아실 수 있습니다.,"Apr 4, 2025",1720,0
2023-12-20,lBPidxUL8zg,LLMCompiler 2 : AI 시대 코딩 배워야 합니다. AI App Flow를 아시면 무엇을 배워야 하는지 아실 수 있습니다.,"Apr 4, 2025",1720,0
2023-12-21,lBPidxUL8zg,LLMCompiler 2 : AI 시대 코딩 배워야 합니다. AI App Flow를 아시면 무엇을 배워야 하는지 아실 수 있습니다.,"Apr 4, 2025",1720,0
2023-12-22,lBPidxUL8zg,LLMCompiler 2 : AI 시대 코딩 배워야 합니다. AI App Flow를 아시면 무엇을 배워야 하는지 아실 수 있습니다.,"Apr 4, 2025",1720,0
2023-12-23,lBPidxUL8zg,LLMCompiler 2 : AI 시대 코딩 배워야 합니다. AI App Flow를 아시면 무엇을 배워야 하는지 아실 수 있습니다.,"Apr 4, 2025",1720,0
2023-12-24,lBPidxUL8zg,LLMCompiler 2 : AI 시대 코딩 배워야 합니다. AI App Flow를 아시면 무엇을 배워야 하는지 아실 수 있습니다.,"Apr 4, 2025",1720,0
2023-12-25,lBPidxUL8zg,LLMCompiler 2 : AI 시대 코딩 배워야 합니다. AI App Flow를 아시면 무엇을 배워야 하는지 아실 수 있습니다.,"Apr 4, 2025",1720,0
2023-12-26,lBPidxUL8zg,LLMCompiler 2 : AI 시대 코딩 배워야 합니다. AI App Flow를 아시면 무엇을 배워야 하는지 아실 수 있습니다.,"Apr 4, 2025",1720,0
2023-12-27,lBPidxUL8zg,LLMCompiler 2 : AI 시대 코딩 배워야 합니다. AI App Flow를 아시면 무엇을 배워야 하는지 아실 수 있습니다.,"Apr 4, 2025",1720,0
2023-12-28,lBPidxUL8zg,LLMCompiler 2 : AI 시대 코딩 배워야 합니다. AI App Flow를 아시면 무엇을 배워야 하는지 아실 수 있습니다.,"Apr 4, 2025",1720,0
2023-12-29,lBPidxUL8zg,LLMCompiler 2 : AI 시대 코딩 배워야 합니다. AI App Flow를 아시면 무엇을 배워야 하는지 아실 수 있습니다.,"Apr 4, 2025",1720,0
2023-12-30,lBPidxUL8zg,LLMCompiler 2 : AI 시대 코딩 배워야 합니다. AI App Flow를 아시면 무엇을 배워야 하는지 아실 수 있습니다.,"Apr 4, 2025",1720,0
2023-12-31,lBPidxUL8zg,LLMCompiler 2 : AI 시대 코딩 배워야 합니다. AI App Flow를 아시면 무엇을 배워야 하는지 아실 수 있습니다.,"Apr 4, 2025",1720,0
2024-01-01,lBPidxUL8zg,LLMCompiler 2 : AI 시대 코딩 배워야 합니다. AI App Flow를 아시면 무엇을 배워야 하는지 아실 수 있습니다.,"Apr 4, 2025",1720,0
2024-01-02,lBPidxUL8zg,LLMCompiler 2 : AI 시대 코딩 배워야 합니다. AI App Flow를 아시면 무엇을 배워야 하는지 아실 수 있습니다.,"Apr 4, 2025",1720,0
2024-01-03,lBPidxUL8zg,LLMCompiler 2 : AI 시대 코딩 배워야 합니다. AI App Flow를 아시면 무엇을 배워야 하는지 아실 수 있습니다.,"Apr 4, 2025",1720,0
2024-01-04,lBPidxUL8zg,LLMCompiler 2 : AI 시대 코딩 배워야 합니다. AI App Flow를 아시면 무엇을 배워야 하는지 아실 수 있습니다.,"Apr 4, 2025",1720,0
2024-01-05,lBPidxUL8zg,LLMCompiler 2 : AI 시대 코딩 배워야 합니다. AI App Flow를 아시면 무엇을 배워야 하는지 아실 수 있습니다.,"Apr 4, 2025",1720,0
2024-01-06,lBPidxUL8zg,LLMCompiler 2 : AI 시대 코딩 배워야 합니다. AI App Flow를 아시면 무엇을 배워야 하는지 아실 수 있습니다.,"Apr 4, 2025",1720,0
2024-01-07,lBPidxUL8zg,LLMCompiler 2 : AI 시대 코딩 배워야 합니다. AI App Flow를 아시면 무엇을 배워야 하는지 아실 수 있습니다.,"Apr 4, 2025",1720,0
2024-01-08,lBPidxUL8zg,LLMCompiler 2 : AI 시대 코딩 배워야 합니다. AI App Flow를 아시면 무엇을 배워야 하는지 아실 수 있습니다.,"Apr 4, 2025",1720,0
2024-01-09,lBPidxUL8zg,LLMCompiler 2 : AI 시대 코딩 배워야 합니다. AI App Flow를 아시면 무엇을 배워야 하는지 아실 수 있습니다.,"Apr 4, 2025",1720,0
2024-01-10,lBPidxUL8zg,LLMCompiler 2 : AI 시대 코딩 배워야 합니다. AI App Flow를 아시면 무엇을 배워야 하는지 아실 수 있습니다.,"Apr 4, 2025",1720,0
2024-01-11,lBPidxUL8zg,LLMCompiler 2 : AI 시대 코딩 배워야 합니다. AI App Flow를 아시면 무엇을 배워야 하는지 아실 수 있습니다.,"Apr 4, 2025",1720,0
2024-01-12,lBPidxUL8zg,LLMCompiler 2 : AI 시대 코딩 배워야 합니다. AI App Flow를 아시면 무엇을 배워야 하는지 아실 수 있습니다.,"Apr 4, 2025",1720,0
2024-01-13,lBPidxUL8zg,LLMCompiler 2 : AI 시대 코딩 배워야 합니다. AI App Flow를 아시면 무엇을 배워야 하는지 아실 수 있습니다.,"Apr 4, 2025",1720,0
2024-01-14,lBPidxUL8zg,LLMCompiler 2 : AI 시대 코딩 배워야 합니다. AI App Flow를 아시면 무엇을 배워야 하는지 아실 수 있습니다.,"Apr 4, 2025",1720,0
2024-01-15,lBPidxUL8zg,LLMCompiler 2 : AI 시대 코딩 배워야 합니다. AI App Flow를 아시면 무엇을 배워야 하는지 아실 수 있습니다.,"Apr 4, 2025",1720,0
2024-01-16,lBPidxUL8zg,LLMCompiler 2 : AI 시대 코딩 배워야 합니다. AI App Flow를 아시면 무엇을 배워야 하는지 아실 수 있습니다.,"Apr 4, 2025",1720,0
2024-01-17,lBPidxUL8zg,LLMCompiler 2 : AI 시대 코딩 배워야 합니다. AI App Flow를 아시면 무엇을 배워야 하는지 아실 수 있습니다.,"Apr 4, 2025",1720,0
2024-01-18,lBPidxUL8zg,LLMCompiler 2 : AI 시대 코딩 배워야 합니다. AI App Flow를 아시면 무엇을 배워야 하는지 아실 수 있습니다.,"Apr 4, 2025",1720,0
2024-01-19,lBPidxUL8zg,LLMCompiler 2 : AI 시대 코딩 배워야 합니다. AI App Flow를 아시면 무엇을 배워야 하는지 아실 수 있습니다.,"Apr 4, 2025",1720,0
2024-01-20,lBPidxUL8zg,LLMCompiler 2 : AI 시대 코딩 배워야 합니다. AI App Flow를 아시면 무엇을 배워야 하는지 아실 수 있습니다.,"Apr 4, 2025",1720,0
2024-01-21,lBPidxUL8zg,LLMCompiler 2 : AI 시대 코딩 배워야 합니다. AI App Flow를 아시면 무엇을 배워야 하는지 아실 수 있습니다.,"Apr 4, 2025",1720,0
2024-01-22,lBPidxUL8zg,LLMCompiler 2 : AI 시대 코딩 배워야 합니다. AI App Flow를 아시면 무엇을 배워야 하는지 아실 수 있습니다.,"Apr 4, 2025",1720,0
2024-01-23,lBPidxUL8zg,LLMCompiler 2 : AI 시대 코딩 배워야 합니다. AI App Flow를 아시면 무엇을 배워야 하는지 아실 수 있습니다.,"Apr 4, 2025",1720,0
2024-01-24,lBPidxUL8zg,LLMCompiler 2 : AI 시대 코딩 배워야 합니다. AI App Flow를 아시면 무엇을 배워야 하는지 아실 수 있습니다.,"Apr 4, 2025",1720,0
2024-01-25,lBPidxUL8zg,LLMCompiler 2 : AI 시대 코딩 배워야 합니다. AI App Flow를 아시면 무엇을 배워야 하는지 아실 수 있습니다.,"Apr 4, 2025",1720,0
2024-01-26,lBPidxUL8zg,LLMCompiler 2 : AI 시대 코딩 배워야 합니다. AI App Flow를 아시면 무엇을 배워야 하는지 아실 수 있습니다.,"Apr 4, 2025",1720,0
2024-01-27,lBPidxUL8zg,LLMCompiler 2 : AI 시대 코딩 배워야 합니다. AI App Flow를 아시면 무엇을 배워야 하는지 아실 수 있습니다.,"Apr 4, 2025",1720,0
2024-01-28,lBPidxUL8zg,LLMCompiler 2 : AI 시대 코딩 배워야 합니다. AI App Flow를 아시면 무엇을 배워야 하는지 아실 수 있습니다.,"Apr 4, 2025",1720,0
2024-01-29,lBPidxUL8zg,LLMCompiler 2 : AI 시대 코딩 배워야 합니다. AI App Flow를 아시면 무엇을 배워야 하는지 아실 수 있습니다.,"Apr 4, 2025",1720,0
2024-01-30,lBPidxUL8zg,LLMCompiler 2 : AI 시대 코딩 배워야 합니다. AI App Flow를 아시면 무엇을 배워야 하는지 아실 수 있습니다.,"Apr 4, 2025",1720,0
2024-01-31,lBPidxUL8zg,LLMCompiler 2 : AI 시대 코딩 배워야 합니다. AI App Flow를 아시면 무엇을 배워야 하는지 아실 수 있습니다.,"Apr 4, 2025",1720,0
2024-02-01,lBPidxUL8zg,LLMCompiler 2 : AI 시대 코딩 배워야 합니다. AI App Flow를 아시면 무엇을 배워야 하는지 아실 수 있습니다.,"Apr 4, 2025",1720,0
2024-02-02,lBPidxUL8zg,LLMCompiler 2 : AI 시대 코딩 배워야 합니다. AI App Flow를 아시면 무엇을 배워야 하는지 아실 수 있습니다.,"Apr 4, 2025",1720,0
2024-02-03,lBPidxUL8zg,LLMCompiler 2 : AI 시대 코딩 배워야 합니다. AI App Flow를 아시면 무엇을 배워야 하는지 아실 수 있습니다.,"Apr 4, 2025",1720,0
2024-02-04,lBPidxUL8zg,LLMCompiler 2 : AI 시대 코딩 배워야 합니다. AI App Flow를 아시면 무엇을 배워야 하는지 아실 수 있습니다.,"Apr 4, 2025",1720,0
2024-02-05,lBPidxUL8zg,LLMCompiler 2 : AI 시대 코딩 배워야 합니다. AI App Flow를 아시면 무엇을 배워야 하는지 아실 수 있습니다.,"Apr 4, 2025",1720,0
2024-02-06,lBPidxUL8zg,LLMCompiler 2 : AI 시대 코딩 배워야 합니다. AI App Flow를 아시면 무엇을 배워야 하는지 아실 수 있습니다.,"Apr 4, 2025",1720,0
2024-02-07,lBPidxUL8zg,LLMCompiler 2 : AI 시대 코딩 배워야 합니다. AI App Flow를 아시면 무엇을 배워야 하는지 아실 수 있습니다.,"Apr 4, 2025",1720,0
2024-02-08,lBPidxUL8zg,LLMCompiler 2 : AI 시대 코딩 배워야 합니다. AI App Flow를 아시면 무엇을 배워야 하는지 아실 수 있습니다.,"Apr 4, 2025",1720,0
2024-02-09,lBPidxUL8zg,LLMCompiler 2 : AI 시대 코딩 배워야 합니다. AI App Flow를 아시면 무엇을 배워야 하는지 아실 수 있습니다.,"Apr 4, 2025",1720,0
2024-02-10,lBPidxUL8zg,LLMCompiler 2 : AI 시대 코딩 배워야 합니다. AI App Flow를 아시면 무엇을 배워야 하는지 아실 수 있습니다.,"Apr 4, 2025",1720,0
2024-02-11,lBPidxUL8zg,LLMCompiler 2 : AI 시대 코딩 배워야 합니다. AI App Flow를 아시면 무엇을 배워야 하는지 아실 수 있습니다.,"Apr 4, 2025",1720,0
2024-02-12,lBPidxUL8zg,LLMCompiler 2 : AI 시대 코딩 배워야 합니다. AI App Flow를 아시면 무엇을 배워야 하는지 아실 수 있습니다.,"Apr 4, 2025",1720,0
2024-02-13,lBPidxUL8zg,LLMCompiler 2 : AI 시대 코딩 배워야 합니다. AI App Flow를 아시면 무엇을 배워야 하는지 아실 수 있습니다.,"Apr 4, 2025",1720,0
2024-02-14,lBPidxUL8zg,LLMCompiler 2 : AI 시대 코딩 배워야 합니다. AI App Flow를 아시면 무엇을 배워야 하는지 아실 수 있습니다.,"Apr 4, 2025",1720,0
2024-02-15,lBPidxUL8zg,LLMCompiler 2 : AI 시대 코딩 배워야 합니다. AI App Flow를 아시면 무엇을 배워야 하는지 아실 수 있습니다.,"Apr 4, 2025",1720,0
2024-02-16,lBPidxUL8zg,LLMCompiler 2 : AI 시대 코딩 배워야 합니다. AI App Flow를 아시면 무엇을 배워야 하는지 아실 수 있습니다.,"Apr 4, 2025",1720,0
2024-02-17,lBPidxUL8zg,LLMCompiler 2 : AI 시대 코딩 배워야 합니다. AI App Flow를 아시면 무엇을 배워야 하는지 아실 수 있습니다.,"Apr 4, 2025",1720,0
2024-02-18,lBPidxUL8zg,LLMCompiler 2 : AI 시대 코딩 배워야 합니다. AI App Flow를 아시면 무엇을 배워야 하는지 아실 수 있습니다.,"Apr 4, 2025",1720,0
2024-02-19,lBPidxUL8zg,LLMCompiler 2 : AI 시대 코딩 배워야 합니다. AI App Flow를 아시면 무엇을 배워야 하는지 아실 수 있습니다.,"Apr 4, 2025",1720,0
2024-02-20,lBPidxUL8zg,LLMCompiler 2 : AI 시대 코딩 배워야 합니다. AI App Flow를 아시면 무엇을 배워야 하는지 아실 수 있습니다.,"Apr 4, 2025",1720,0
2024-02-21,lBPidxUL8zg,LLMCompiler 2 : AI 시대 코딩 배워야 합니다. AI App Flow를 아시면 무엇을 배워야 하는지 아실 수 있습니다.,"Apr 4, 2025",1720,0
2024-02-22,lBPidxUL8zg,LLMCompiler 2 : AI 시대 코딩 배워야 합니다. AI App Flow를 아시면 무엇을 배워야 하는지 아실 수 있습니다.,"Apr 4, 2025",1720,0
2024-02-23,lBPidxUL8zg,LLMCompiler 2 : AI 시대 코딩 배워야 합니다. AI App Flow를 아시면 무엇을 배워야 하는지 아실 수 있습니다.,"Apr 4, 2025",1720,0
2024-02-24,lBPidxUL8zg,LLMCompiler 2 : AI 시대 코딩 배워야 합니다. AI App Flow를 아시면 무엇을 배워야 하는지 아실 수 있습니다.,"Apr 4, 2025",1720,0
2024-02-25,lBPidxUL8zg,LLMCompiler 2 : AI 시대 코딩 배워야 합니다. AI App Flow를 아시면 무엇을 배워야 하는지 아실 수 있습니다.,"Apr 4, 2025",1720,0
2024-02-26,lBPidxUL8zg,LLMCompiler 2 : AI 시대 코딩 배워야 합니다. AI App Flow를 아시면 무엇을 배워야 하는지 아실 수 있습니다.,"Apr 4, 2025",1720,0
2024-02-27,lBPidxUL8zg,LLMCompiler 2 : AI 시대 코딩 배워야 합니다. AI App Flow를 아시면 무엇을 배워야 하는지 아실 수 있습니다.,"Apr 4, 2025",1720,0
2024-02-28,lBPidxUL8zg,LLMCompiler 2 : AI 시대 코딩 배워야 합니다. AI App Flow를 아시면 무엇을 배워야 하는지 아실 수 있습니다.,"Apr 4, 2025",1720,0
2024-02-29,lBPidxUL8zg,LLMCompiler 2 : AI 시대 코딩 배워야 합니다. AI App Flow를 아시면 무엇을 배워야 하는지 아실 수 있습니다.,"Apr 4, 2025",1720,0
2024-03-01,lBPidxUL8zg,LLMCompiler 2 : AI 시대 코딩 배워야 합니다. AI App Flow를 아시면 무엇을 배워야 하는지 아실 수 있습니다.,"Apr 4, 2025",1720,0
2024-03-02,lBPidxUL8zg,LLMCompiler 2 : AI 시대 코딩 배워야 합니다. AI App Flow를 아시면 무엇을 배워야 하는지 아실 수 있습니다.,"Apr 4, 2025",1720,0
2024-03-03,lBPidxUL8zg,LLMCompiler 2 : AI 시대 코딩 배워야 합니다. AI App Flow를 아시면 무엇을 배워야 하는지 아실 수 있습니다.,"Apr 4, 2025",1720,0
2024-03-04,lBPidxUL8zg,LLMCompiler 2 : AI 시대 코딩 배워야 합니다. AI App Flow를 아시면 무엇을 배워야 하는지 아실 수 있습니다.,"Apr 4, 2025",1720,0
2024-03-05,lBPidxUL8zg,LLMCompiler 2 : AI 시대 코딩 배워야 합니다. AI App Flow를 아시면 무엇을 배워야 하는지 아실 수 있습니다.,"Apr 4, 2025",1720,0
2024-03-06,lBPidxUL8zg,LLMCompiler 2 : AI 시대 코딩 배워야 합니다. AI App Flow를 아시면 무엇을 배워야 하는지 아실 수 있습니다.,"Apr 4, 2025",1720,0
2024-03-07,lBPidxUL8zg,LLMCompiler 2 : AI 시대 코딩 배워야 합니다. AI App Flow를 아시면 무엇을 배워야 하는지 아실 수 있습니다.,"Apr 4, 2025",1720,0
2024-03-08,lBPidxUL8zg,LLMCompiler 2 : AI 시대 코딩 배워야 합니다. AI App Flow를 아시면 무엇을 배워야 하는지 아실 수 있습니다.,"Apr 4, 2025",1720,0
2024-03-09,lBPidxUL8zg,LLMCompiler 2 : AI 시대 코딩 배워야 합니다. AI App Flow를 아시면 무엇을 배워야 하는지 아실 수 있습니다.,"Apr 4, 2025",1720,0
2024-03-10,lBPidxUL8zg,LLMCompiler 2 : AI 시대 코딩 배워야 합니다. AI App Flow를 아시면 무엇을 배워야 하는지 아실 수 있습니다.,"Apr 4, 2025",1720,0
2024-03-11,lBPidxUL8zg,LLMCompiler 2 : AI 시대 코딩 배워야 합니다. AI App Flow를 아시면 무엇을 배워야 하는지 아실 수 있습니다.,"Apr 4, 2025",1720,0
2024-03-12,lBPidxUL8zg,LLMCompiler 2 : AI 시대 코딩 배워야 합니다. AI App Flow를 아시면 무엇을 배워야 하는지 아실 수 있습니다.,"Apr 4, 2025",1720,0
2024-03-13,lBPidxUL8zg,LLMCompiler 2 : AI 시대 코딩 배워야 합니다. AI App Flow를 아시면 무엇을 배워야 하는지 아실 수 있습니다.,"Apr 4, 2025",1720,0
2024-03-14,lBPidxUL8zg,LLMCompiler 2 : AI 시대 코딩 배워야 합니다. AI App Flow를 아시면 무엇을 배워야 하는지 아실 수 있습니다.,"Apr 4, 2025",1720,0
2024-03-15,lBPidxUL8zg,LLMCompiler 2 : AI 시대 코딩 배워야 합니다. AI App Flow를 아시면 무엇을 배워야 하는지 아실 수 있습니다.,"Apr 4, 2025",1720,0
2024-03-16,lBPidxUL8zg,LLMCompiler 2 : AI 시대 코딩 배워야 합니다. AI App Flow를 아시면 무엇을 배워야 하는지 아실 수 있습니다.,"Apr 4, 2025",1720,0
2024-03-17,lBPidxUL8zg,LLMCompiler 2 : AI 시대 코딩 배워야 합니다. AI App Flow를 아시면 무엇을 배워야 하는지 아실 수 있습니다.,"Apr 4, 2025",1720,0
2024-03-18,lBPidxUL8zg,LLMCompiler 2 : AI 시대 코딩 배워야 합니다. AI App Flow를 아시면 무엇을 배워야 하는지 아실 수 있습니다.,"Apr 4, 2025",1720,0
2024-03-19,lBPidxUL8zg,LLMCompiler 2 : AI 시대 코딩 배워야 합니다. AI App Flow를 아시면 무엇을 배워야 하는지 아실 수 있습니다.,"Apr 4, 2025",1720,0
2024-03-20,lBPidxUL8zg,LLMCompiler 2 : AI 시대 코딩 배워야 합니다. AI App Flow를 아시면 무엇을 배워야 하는지 아실 수 있습니다.,"Apr 4, 2025",1720,0
2024-03-21,lBPidxUL8zg,LLMCompiler 2 : AI 시대 코딩 배워야 합니다. AI App Flow를 아시면 무엇을 배워야 하는지 아실 수 있습니다.,"Apr 4, 2025",1720,0
2024-03-22,lBPidxUL8zg,LLMCompiler 2 : AI 시대 코딩 배워야 합니다. AI App Flow를 아시면 무엇을 배워야 하는지 아실 수 있습니다.,"Apr 4, 2025",1720,0
2024-03-23,lBPidxUL8zg,LLMCompiler 2 : AI 시대 코딩 배워야 합니다. AI App Flow를 아시면 무엇을 배워야 하는지 아실 수 있습니다.,"Apr 4, 2025",1720,0
2024-03-24,lBPidxUL8zg,LLMCompiler 2 : AI 시대 코딩 배워야 합니다. AI App Flow를 아시면 무엇을 배워야 하는지 아실 수 있습니다.,"Apr 4, 2025",1720,0
2024-03-25,lBPidxUL8zg,LLMCompiler 2 : AI 시대 코딩 배워야 합니다. AI App Flow를 아시면 무엇을 배워야 하는지 아실 수 있습니다.,"Apr 4, 2025",1720,0
2024-03-26,lBPidxUL8zg,LLMCompiler 2 : AI 시대 코딩 배워야 합니다. AI App Flow를 아시면 무엇을 배워야 하는지 아실 수 있습니다.,"Apr 4, 2025",1720,0
2024-03-27,lBPidxUL8zg,LLMCompiler 2 : AI 시대 코딩 배워야 합니다. AI App Flow를 아시면 무엇을 배워야 하는지 아실 수 있습니다.,"Apr 4, 2025",1720,0
2024-03-28,lBPidxUL8zg,LLMCompiler 2 : AI 시대 코딩 배워야 합니다. AI App Flow를 아시면 무엇을 배워야 하는지 아실 수 있습니다.,"Apr 4, 2025",1720,0
2024-03-29,lBPidxUL8zg,LLMCompiler 2 : AI 시대 코딩 배워야 합니다. AI App Flow를 아시면 무엇을 배워야 하는지 아실 수 있습니다.,"Apr 4, 2025",1720,0
2024-03-30,lBPidxUL8zg,LLMCompiler 2 : AI 시대 코딩 배워야 합니다. AI App Flow를 아시면 무엇을 배워야 하는지 아실 수 있습니다.,"Apr 4, 2025",1720,0
2024-03-31,lBPidxUL8zg,LLMCompiler 2 : AI 시대 코딩 배워야 합니다. AI App Flow를 아시면 무엇을 배워야 하는지 아실 수 있습니다.,"Apr 4, 2025",1720,0
2024-04-01,lBPidxUL8zg,LLMCompiler 2 : AI 시대 코딩 배워야 합니다. AI App Flow를 아시면 무엇을 배워야 하는지 아실 수 있습니다.,"Apr 4, 2025",1720,0
2024-04-02,lBPidxUL8zg,LLMCompiler 2 : AI 시대 코딩 배워야 합니다. AI App Flow를 아시면 무엇을 배워야 하는지 아실 수 있습니다.,"Apr 4, 2025",1720,0
2024-04-03,lBPidxUL8zg,LLMCompiler 2 : AI 시대 코딩 배워야 합니다. AI App Flow를 아시면 무엇을 배워야 하는지 아실 수 있습니다.,"Apr 4, 2025",1720,0
2024-04-04,lBPidxUL8zg,LLMCompiler 2 : AI 시대 코딩 배워야 합니다. AI App Flow를 아시면 무엇을 배워야 하는지 아실 수 있습니다.,"Apr 4, 2025",1720,0
2024-04-05,lBPidxUL8zg,LLMCompiler 2 : AI 시대 코딩 배워야 합니다. AI App Flow를 아시면 무엇을 배워야 하는지 아실 수 있습니다.,"Apr 4, 2025",1720,0
2024-04-06,lBPidxUL8zg,LLMCompiler 2 : AI 시대 코딩 배워야 합니다. AI App Flow를 아시면 무엇을 배워야 하는지 아실 수 있습니다.,"Apr 4, 2025",1720,0
2024-04-07,lBPidxUL8zg,LLMCompiler 2 : AI 시대 코딩 배워야 합니다. AI App Flow를 아시면 무엇을 배워야 하는지 아실 수 있습니다.,"Apr 4, 2025",1720,0
2024-04-08,lBPidxUL8zg,LLMCompiler 2 : AI 시대 코딩 배워야 합니다. AI App Flow를 아시면 무엇을 배워야 하는지 아실 수 있습니다.,"Apr 4, 2025",1720,0
2024-04-09,lBPidxUL8zg,LLMCompiler 2 : AI 시대 코딩 배워야 합니다. AI App Flow를 아시면 무엇을 배워야 하는지 아실 수 있습니다.,"Apr 4, 2025",1720,0
2024-04-10,lBPidxUL8zg,LLMCompiler 2 : AI 시대 코딩 배워야 합니다. AI App Flow를 아시면 무엇을 배워야 하는지 아실 수 있습니다.,"Apr 4, 2025",1720,0
2024-04-11,lBPidxUL8zg,LLMCompiler 2 : AI 시대 코딩 배워야 합니다. AI App Flow를 아시면 무엇을 배워야 하는지 아실 수 있습니다.,"Apr 4, 2025",1720,0
2024-04-12,lBPidxUL8zg,LLMCompiler 2 : AI 시대 코딩 배워야 합니다. AI App Flow를 아시면 무엇을 배워야 하는지 아실 수 있습니다.,"Apr 4, 2025",1720,0
2024-04-13,lBPidxUL8zg,LLMCompiler 2 : AI 시대 코딩 배워야 합니다. AI App Flow를 아시면 무엇을 배워야 하는지 아실 수 있습니다.,"Apr 4, 2025",1720,0
2024-04-14,lBPidxUL8zg,LLMCompiler 2 : AI 시대 코딩 배워야 합니다. AI App Flow를 아시면 무엇을 배워야 하는지 아실 수 있습니다.,"Apr 4, 2025",1720,0
2024-04-15,lBPidxUL8zg,LLMCompiler 2 : AI 시대 코딩 배워야 합니다. AI App Flow를 아시면 무엇을 배워야 하는지 아실 수 있습니다.,"Apr 4, 2025",1720,0
2024-04-16,lBPidxUL8zg,LLMCompiler 2 : AI 시대 코딩 배워야 합니다. AI App Flow를 아시면 무엇을 배워야 하는지 아실 수 있습니다.,"Apr 4, 2025",1720,0
2024-04-17,lBPidxUL8zg,LLMCompiler 2 : AI 시대 코딩 배워야 합니다. AI App Flow를 아시면 무엇을 배워야 하는지 아실 수 있습니다.,"Apr 4, 2025",1720,0
2024-04-18,lBPidxUL8zg,LLMCompiler 2 : AI 시대 코딩 배워야 합니다. AI App Flow를 아시면 무엇을 배워야 하는지 아실 수 있습니다.,"Apr 4, 2025",1720,0
2024-04-19,lBPidxUL8zg,LLMCompiler 2 : AI 시대 코딩 배워야 합니다. AI App Flow를 아시면 무엇을 배워야 하는지 아실 수 있습니다.,"Apr 4, 2025",1720,0
2024-04-20,lBPidxUL8zg,LLMCompiler 2 : AI 시대 코딩 배워야 합니다. AI App Flow를 아시면 무엇을 배워야 하는지 아실 수 있습니다.,"Apr 4, 2025",1720,0
2024-04-21,lBPidxUL8zg,LLMCompiler 2 : AI 시대 코딩 배워야 합니다. AI App Flow를 아시면 무엇을 배워야 하는지 아실 수 있습니다.,"Apr 4, 2025",1720,0
2024-04-22,lBPidxUL8zg,LLMCompiler 2 : AI 시대 코딩 배워야 합니다. AI App Flow를 아시면 무엇을 배워야 하는지 아실 수 있습니다.,"Apr 4, 2025",1720,0
2024-04-23,lBPidxUL8zg,LLMCompiler 2 : AI 시대 코딩 배워야 합니다. AI App Flow를 아시면 무엇을 배워야 하는지 아실 수 있습니다.,"Apr 4, 2025",1720,0
2024-04-24,lBPidxUL8zg,LLMCompiler 2 : AI 시대 코딩 배워야 합니다. AI App Flow를 아시면 무엇을 배워야 하는지 아실 수 있습니다.,"Apr 4, 2025",1720,0
2024-04-25,lBPidxUL8zg,LLMCompiler 2 : AI 시대 코딩 배워야 합니다. AI App Flow를 아시면 무엇을 배워야 하는지 아실 수 있습니다.,"Apr 4, 2025",1720,0
2024-04-26,lBPidxUL8zg,LLMCompiler 2 : AI 시대 코딩 배워야 합니다. AI App Flow를 아시면 무엇을 배워야 하는지 아실 수 있습니다.,"Apr 4, 2025",1720,0
2024-04-27,lBPidxUL8zg,LLMCompiler 2 : AI 시대 코딩 배워야 합니다. AI App Flow를 아시면 무엇을 배워야 하는지 아실 수 있습니다.,"Apr 4, 2025",1720,0
2024-04-28,lBPidxUL8zg,LLMCompiler 2 : AI 시대 코딩 배워야 합니다. AI App Flow를 아시면 무엇을 배워야 하는지 아실 수 있습니다.,"Apr 4, 2025",1720,0
2024-04-29,lBPidxUL8zg,LLMCompiler 2 : AI 시대 코딩 배워야 합니다. AI App Flow를 아시면 무엇을 배워야 하는지 아실 수 있습니다.,"Apr 4, 2025",1720,0
2024-04-30,lBPidxUL8zg,LLMCompiler 2 : AI 시대 코딩 배워야 합니다. AI App Flow를 아시면 무엇을 배워야 하는지 아실 수 있습니다.,"Apr 4, 2025",1720,0
2024-05-01,lBPidxUL8zg,LLMCompiler 2 : AI 시대 코딩 배워야 합니다. AI App Flow를 아시면 무엇을 배워야 하는지 아실 수 있습니다.,"Apr 4, 2025",1720,0
2024-05-02,lBPidxUL8zg,LLMCompiler 2 : AI 시대 코딩 배워야 합니다. AI App Flow를 아시면 무엇을 배워야 하는지 아실 수 있습니다.,"Apr 4, 2025",1720,0
2024-05-03,lBPidxUL8zg,LLMCompiler 2 : AI 시대 코딩 배워야 합니다. AI App Flow를 아시면 무엇을 배워야 하는지 아실 수 있습니다.,"Apr 4, 2025",1720,0
2024-05-04,lBPidxUL8zg,LLMCompiler 2 : AI 시대 코딩 배워야 합니다. AI App Flow를 아시면 무엇을 배워야 하는지 아실 수 있습니다.,"Apr 4, 2025",1720,0
2024-05-05,lBPidxUL8zg,LLMCompiler 2 : AI 시대 코딩 배워야 합니다. AI App Flow를 아시면 무엇을 배워야 하는지 아실 수 있습니다.,"Apr 4, 2025",1720,0
2024-05-06,lBPidxUL8zg,LLMCompiler 2 : AI 시대 코딩 배워야 합니다. AI App Flow를 아시면 무엇을 배워야 하는지 아실 수 있습니다.,"Apr 4, 2025",1720,0
2024-05-07,lBPidxUL8zg,LLMCompiler 2 : AI 시대 코딩 배워야 합니다. AI App Flow를 아시면 무엇을 배워야 하는지 아실 수 있습니다.,"Apr 4, 2025",1720,0
2024-05-08,lBPidxUL8zg,LLMCompiler 2 : AI 시대 코딩 배워야 합니다. AI App Flow를 아시면 무엇을 배워야 하는지 아실 수 있습니다.,"Apr 4, 2025",1720,0
2024-05-09,lBPidxUL8zg,LLMCompiler 2 : AI 시대 코딩 배워야 합니다. AI App Flow를 아시면 무엇을 배워야 하는지 아실 수 있습니다.,"Apr 4, 2025",1720,0
2024-05-10,lBPidxUL8zg,LLMCompiler 2 : AI 시대 코딩 배워야 합니다. AI App Flow를 아시면 무엇을 배워야 하는지 아실 수 있습니다.,"Apr 4, 2025",1720,0
2024-05-11,lBPidxUL8zg,LLMCompiler 2 : AI 시대 코딩 배워야 합니다. AI App Flow를 아시면 무엇을 배워야 하는지 아실 수 있습니다.,"Apr 4, 2025",1720,0
2024-05-12,lBPidxUL8zg,LLMCompiler 2 : AI 시대 코딩 배워야 합니다. AI App Flow를 아시면 무엇을 배워야 하는지 아실 수 있습니다.,"Apr 4, 2025",1720,0
2024-05-13,lBPidxUL8zg,LLMCompiler 2 : AI 시대 코딩 배워야 합니다. AI App Flow를 아시면 무엇을 배워야 하는지 아실 수 있습니다.,"Apr 4, 2025",1720,0
2024-05-14,lBPidxUL8zg,LLMCompiler 2 : AI 시대 코딩 배워야 합니다. AI App Flow를 아시면 무엇을 배워야 하는지 아실 수 있습니다.,"Apr 4, 2025",1720,0
2024-05-15,lBPidxUL8zg,LLMCompiler 2 : AI 시대 코딩 배워야 합니다. AI App Flow를 아시면 무엇을 배워야 하는지 아실 수 있습니다.,"Apr 4, 2025",1720,0
2024-05-16,lBPidxUL8zg,LLMCompiler 2 : AI 시대 코딩 배워야 합니다. AI App Flow를 아시면 무엇을 배워야 하는지 아실 수 있습니다.,"Apr 4, 2025",1720,0
2024-05-17,lBPidxUL8zg,LLMCompiler 2 : AI 시대 코딩 배워야 합니다. AI App Flow를 아시면 무엇을 배워야 하는지 아실 수 있습니다.,"Apr 4, 2025",1720,0
2024-05-18,lBPidxUL8zg,LLMCompiler 2 : AI 시대 코딩 배워야 합니다. AI App Flow를 아시면 무엇을 배워야 하는지 아실 수 있습니다.,"Apr 4, 2025",1720,0
2024-05-19,lBPidxUL8zg,LLMCompiler 2 : AI 시대 코딩 배워야 합니다. AI App Flow를 아시면 무엇을 배워야 하는지 아실 수 있습니다.,"Apr 4, 2025",1720,0
2024-05-20,lBPidxUL8zg,LLMCompiler 2 : AI 시대 코딩 배워야 합니다. AI App Flow를 아시면 무엇을 배워야 하는지 아실 수 있습니다.,"Apr 4, 2025",1720,0
2024-05-21,lBPidxUL8zg,LLMCompiler 2 : AI 시대 코딩 배워야 합니다. AI App Flow를 아시면 무엇을 배워야 하는지 아실 수 있습니다.,"Apr 4, 2025",1720,0
2024-05-22,lBPidxUL8zg,LLMCompiler 2 : AI 시대 코딩 배워야 합니다. AI App Flow를 아시면 무엇을 배워야 하는지 아실 수 있습니다.,"Apr 4, 2025",1720,0
2024-05-23,lBPidxUL8zg,LLMCompiler 2 : AI 시대 코딩 배워야 합니다. AI App Flow를 아시면 무엇을 배워야 하는지 아실 수 있습니다.,"Apr 4, 2025",1720,0
2024-05-24,lBPidxUL8zg,LLMCompiler 2 : AI 시대 코딩 배워야 합니다. AI App Flow를 아시면 무엇을 배워야 하는지 아실 수 있습니다.,"Apr 4, 2025",1720,0
2024-05-25,lBPidxUL8zg,LLMCompiler 2 : AI 시대 코딩 배워야 합니다. AI App Flow를 아시면 무엇을 배워야 하는지 아실 수 있습니다.,"Apr 4, 2025",1720,0
2024-05-26,lBPidxUL8zg,LLMCompiler 2 : AI 시대 코딩 배워야 합니다. AI App Flow를 아시면 무엇을 배워야 하는지 아실 수 있습니다.,"Apr 4, 2025",1720,0
2024-05-27,lBPidxUL8zg,LLMCompiler 2 : AI 시대 코딩 배워야 합니다. AI App Flow를 아시면 무엇을 배워야 하는지 아실 수 있습니다.,"Apr 4, 2025",1720,0
2024-05-28,lBPidxUL8zg,LLMCompiler 2 : AI 시대 코딩 배워야 합니다. AI App Flow를 아시면 무엇을 배워야 하는지 아실 수 있습니다.,"Apr 4, 2025",1720,0
2024-05-29,lBPidxUL8zg,LLMCompiler 2 : AI 시대 코딩 배워야 합니다. AI App Flow를 아시면 무엇을 배워야 하는지 아실 수 있습니다.,"Apr 4, 2025",1720,0
2024-05-30,lBPidxUL8zg,LLMCompiler 2 : AI 시대 코딩 배워야 합니다. AI App Flow를 아시면 무엇을 배워야 하는지 아실 수 있습니다.,"Apr 4, 2025",1720,0
2024-05-31,lBPidxUL8zg,LLMCompiler 2 : AI 시대 코딩 배워야 합니다. AI App Flow를 아시면 무엇을 배워야 하는지 아실 수 있습니다.,"Apr 4, 2025",1720,0
2024-06-01,lBPidxUL8zg,LLMCompiler 2 : AI 시대 코딩 배워야 합니다. AI App Flow를 아시면 무엇을 배워야 하는지 아실 수 있습니다.,"Apr 4, 2025",1720,0
2024-06-02,lBPidxUL8zg,LLMCompiler 2 : AI 시대 코딩 배워야 합니다. AI App Flow를 아시면 무엇을 배워야 하는지 아실 수 있습니다.,"Apr 4, 2025",1720,0
2024-06-03,lBPidxUL8zg,LLMCompiler 2 : AI 시대 코딩 배워야 합니다. AI App Flow를 아시면 무엇을 배워야 하는지 아실 수 있습니다.,"Apr 4, 2025",1720,0
2024-06-04,lBPidxUL8zg,LLMCompiler 2 : AI 시대 코딩 배워야 합니다. AI App Flow를 아시면 무엇을 배워야 하는지 아실 수 있습니다.,"Apr 4, 2025",1720,0
2024-06-05,lBPidxUL8zg,LLMCompiler 2 : AI 시대 코딩 배워야 합니다. AI App Flow를 아시면 무엇을 배워야 하는지 아실 수 있습니다.,"Apr 4, 2025",1720,0
2024-06-06,lBPidxUL8zg,LLMCompiler 2 : AI 시대 코딩 배워야 합니다. AI App Flow를 아시면 무엇을 배워야 하는지 아실 수 있습니다.,"Apr 4, 2025",1720,0
2024-06-07,lBPidxUL8zg,LLMCompiler 2 : AI 시대 코딩 배워야 합니다. AI App Flow를 아시면 무엇을 배워야 하는지 아실 수 있습니다.,"Apr 4, 2025",1720,0
2024-06-08,lBPidxUL8zg,LLMCompiler 2 : AI 시대 코딩 배워야 합니다. AI App Flow를 아시면 무엇을 배워야 하는지 아실 수 있습니다.,"Apr 4, 2025",1720,0
2024-06-09,lBPidxUL8zg,LLMCompiler 2 : AI 시대 코딩 배워야 합니다. AI App Flow를 아시면 무엇을 배워야 하는지 아실 수 있습니다.,"Apr 4, 2025",1720,0
2024-06-10,lBPidxUL8zg,LLMCompiler 2 : AI 시대 코딩 배워야 합니다. AI App Flow를 아시면 무엇을 배워야 하는지 아실 수 있습니다.,"Apr 4, 2025",1720,0
2024-06-11,lBPidxUL8zg,LLMCompiler 2 : AI 시대 코딩 배워야 합니다. AI App Flow를 아시면 무엇을 배워야 하는지 아실 수 있습니다.,"Apr 4, 2025",1720,0
2024-06-12,lBPidxUL8zg,LLMCompiler 2 : AI 시대 코딩 배워야 합니다. AI App Flow를 아시면 무엇을 배워야 하는지 아실 수 있습니다.,"Apr 4, 2025",1720,0
2024-06-13,lBPidxUL8zg,LLMCompiler 2 : AI 시대 코딩 배워야 합니다. AI App Flow를 아시면 무엇을 배워야 하는지 아실 수 있습니다.,"Apr 4, 2025",1720,0
2024-06-14,lBPidxUL8zg,LLMCompiler 2 : AI 시대 코딩 배워야 합니다. AI App Flow를 아시면 무엇을 배워야 하는지 아실 수 있습니다.,"Apr 4, 2025",1720,0
2024-06-15,lBPidxUL8zg,LLMCompiler 2 : AI 시대 코딩 배워야 합니다. AI App Flow를 아시면 무엇을 배워야 하는지 아실 수 있습니다.,"Apr 4, 2025",1720,0
2024-06-16,lBPidxUL8zg,LLMCompiler 2 : AI 시대 코딩 배워야 합니다. AI App Flow를 아시면 무엇을 배워야 하는지 아실 수 있습니다.,"Apr 4, 2025",1720,0
2024-06-17,lBPidxUL8zg,LLMCompiler 2 : AI 시대 코딩 배워야 합니다. AI App Flow를 아시면 무엇을 배워야 하는지 아실 수 있습니다.,"Apr 4, 2025",1720,0
2024-06-18,lBPidxUL8zg,LLMCompiler 2 : AI 시대 코딩 배워야 합니다. AI App Flow를 아시면 무엇을 배워야 하는지 아실 수 있습니다.,"Apr 4, 2025",1720,0
2024-06-19,lBPidxUL8zg,LLMCompiler 2 : AI 시대 코딩 배워야 합니다. AI App Flow를 아시면 무엇을 배워야 하는지 아실 수 있습니다.,"Apr 4, 2025",1720,0
2024-06-20,lBPidxUL8zg,LLMCompiler 2 : AI 시대 코딩 배워야 합니다. AI App Flow를 아시면 무엇을 배워야 하는지 아실 수 있습니다.,"Apr 4, 2025",1720,0
2024-06-21,lBPidxUL8zg,LLMCompiler 2 : AI 시대 코딩 배워야 합니다. AI App Flow를 아시면 무엇을 배워야 하는지 아실 수 있습니다.,"Apr 4, 2025",1720,0
2024-06-22,lBPidxUL8zg,LLMCompiler 2 : AI 시대 코딩 배워야 합니다. AI App Flow를 아시면 무엇을 배워야 하는지 아실 수 있습니다.,"Apr 4, 2025",1720,0
2024-06-23,lBPidxUL8zg,LLMCompiler 2 : AI 시대 코딩 배워야 합니다. AI App Flow를 아시면 무엇을 배워야 하는지 아실 수 있습니다.,"Apr 4, 2025",1720,0
2024-06-24,lBPidxUL8zg,LLMCompiler 2 : AI 시대 코딩 배워야 합니다. AI App Flow를 아시면 무엇을 배워야 하는지 아실 수 있습니다.,"Apr 4, 2025",1720,0
2024-06-25,lBPidxUL8zg,LLMCompiler 2 : AI 시대 코딩 배워야 합니다. AI App Flow를 아시면 무엇을 배워야 하는지 아실 수 있습니다.,"Apr 4, 2025",1720,0
2024-06-26,lBPidxUL8zg,LLMCompiler 2 : AI 시대 코딩 배워야 합니다. AI App Flow를 아시면 무엇을 배워야 하는지 아실 수 있습니다.,"Apr 4, 2025",1720,0
2024-06-27,lBPidxUL8zg,LLMCompiler 2 : AI 시대 코딩 배워야 합니다. AI App Flow를 아시면 무엇을 배워야 하는지 아실 수 있습니다.,"Apr 4, 2025",1720,0
2024-06-28,lBPidxUL8zg,LLMCompiler 2 : AI 시대 코딩 배워야 합니다. AI App Flow를 아시면 무엇을 배워야 하는지 아실 수 있습니다.,"Apr 4, 2025",1720,0
2024-06-29,lBPidxUL8zg,LLMCompiler 2 : AI 시대 코딩 배워야 합니다. AI App Flow를 아시면 무엇을 배워야 하는지 아실 수 있습니다.,"Apr 4, 2025",1720,0
2024-06-30,lBPidxUL8zg,LLMCompiler 2 : AI 시대 코딩 배워야 합니다. AI App Flow를 아시면 무엇을 배워야 하는지 아실 수 있습니다.,"Apr 4, 2025",1720,0
2024-07-01,lBPidxUL8zg,LLMCompiler 2 : AI 시대 코딩 배워야 합니다. AI App Flow를 아시면 무엇을 배워야 하는지 아실 수 있습니다.,"Apr 4, 2025",1720,0
2024-07-02,lBPidxUL8zg,LLMCompiler 2 : AI 시대 코딩 배워야 합니다. AI App Flow를 아시면 무엇을 배워야 하는지 아실 수 있습니다.,"Apr 4, 2025",1720,0
2024-07-03,lBPidxUL8zg,LLMCompiler 2 : AI 시대 코딩 배워야 합니다. AI App Flow를 아시면 무엇을 배워야 하는지 아실 수 있습니다.,"Apr 4, 2025",1720,0
2024-07-04,lBPidxUL8zg,LLMCompiler 2 : AI 시대 코딩 배워야 합니다. AI App Flow를 아시면 무엇을 배워야 하는지 아실 수 있습니다.,"Apr 4, 2025",1720,0
2024-07-05,lBPidxUL8zg,LLMCompiler 2 : AI 시대 코딩 배워야 합니다. AI App Flow를 아시면 무엇을 배워야 하는지 아실 수 있습니다.,"Apr 4, 2025",1720,0
2024-07-06,lBPidxUL8zg,LLMCompiler 2 : AI 시대 코딩 배워야 합니다. AI App Flow를 아시면 무엇을 배워야 하는지 아실 수 있습니다.,"Apr 4, 2025",1720,0
2024-07-07,lBPidxUL8zg,LLMCompiler 2 : AI 시대 코딩 배워야 합니다. AI App Flow를 아시면 무엇을 배워야 하는지 아실 수 있습니다.,"Apr 4, 2025",1720,0
2024-07-08,lBPidxUL8zg,LLMCompiler 2 : AI 시대 코딩 배워야 합니다. AI App Flow를 아시면 무엇을 배워야 하는지 아실 수 있습니다.,"Apr 4, 2025",1720,0
2024-07-09,lBPidxUL8zg,LLMCompiler 2 : AI 시대 코딩 배워야 합니다. AI App Flow를 아시면 무엇을 배워야 하는지 아실 수 있습니다.,"Apr 4, 2025",1720,0
2024-07-10,lBPidxUL8zg,LLMCompiler 2 : AI 시대 코딩 배워야 합니다. AI App Flow를 아시면 무엇을 배워야 하는지 아실 수 있습니다.,"Apr 4, 2025",1720,0
2024-07-11,lBPidxUL8zg,LLMCompiler 2 : AI 시대 코딩 배워야 합니다. AI App Flow를 아시면 무엇을 배워야 하는지 아실 수 있습니다.,"Apr 4, 2025",1720,0
2024-07-12,lBPidxUL8zg,LLMCompiler 2 : AI 시대 코딩 배워야 합니다. AI App Flow를 아시면 무엇을 배워야 하는지 아실 수 있습니다.,"Apr 4, 2025",1720,0
2024-07-13,lBPidxUL8zg,LLMCompiler 2 : AI 시대 코딩 배워야 합니다. AI App Flow를 아시면 무엇을 배워야 하는지 아실 수 있습니다.,"Apr 4, 2025",1720,0
2024-07-14,lBPidxUL8zg,LLMCompiler 2 : AI 시대 코딩 배워야 합니다. AI App Flow를 아시면 무엇을 배워야 하는지 아실 수 있습니다.,"Apr 4, 2025",1720,0
2024-07-15,lBPidxUL8zg,LLMCompiler 2 : AI 시대 코딩 배워야 합니다. AI App Flow를 아시면 무엇을 배워야 하는지 아실 수 있습니다.,"Apr 4, 2025",1720,0
2024-07-16,lBPidxUL8zg,LLMCompiler 2 : AI 시대 코딩 배워야 합니다. AI App Flow를 아시면 무엇을 배워야 하는지 아실 수 있습니다.,"Apr 4, 2025",1720,0
2024-07-17,lBPidxUL8zg,LLMCompiler 2 : AI 시대 코딩 배워야 합니다. AI App Flow를 아시면 무엇을 배워야 하는지 아실 수 있습니다.,"Apr 4, 2025",1720,0
2024-07-18,lBPidxUL8zg,LLMCompiler 2 : AI 시대 코딩 배워야 합니다. AI App Flow를 아시면 무엇을 배워야 하는지 아실 수 있습니다.,"Apr 4, 2025",1720,0
2024-07-19,lBPidxUL8zg,LLMCompiler 2 : AI 시대 코딩 배워야 합니다. AI App Flow를 아시면 무엇을 배워야 하는지 아실 수 있습니다.,"Apr 4, 2025",1720,0
2024-07-20,lBPidxUL8zg,LLMCompiler 2 : AI 시대 코딩 배워야 합니다. AI App Flow를 아시면 무엇을 배워야 하는지 아실 수 있습니다.,"Apr 4, 2025",1720,0
2024-07-21,lBPidxUL8zg,LLMCompiler 2 : AI 시대 코딩 배워야 합니다. AI App Flow를 아시면 무엇을 배워야 하는지 아실 수 있습니다.,"Apr 4, 2025",1720,0
2024-07-22,lBPidxUL8zg,LLMCompiler 2 : AI 시대 코딩 배워야 합니다. AI App Flow를 아시면 무엇을 배워야 하는지 아실 수 있습니다.,"Apr 4, 2025",1720,0
2024-07-23,lBPidxUL8zg,LLMCompiler 2 : AI 시대 코딩 배워야 합니다. AI App Flow를 아시면 무엇을 배워야 하는지 아실 수 있습니다.,"Apr 4, 2025",1720,0
2024-07-24,lBPidxUL8zg,LLMCompiler 2 : AI 시대 코딩 배워야 합니다. AI App Flow를 아시면 무엇을 배워야 하는지 아실 수 있습니다.,"Apr 4, 2025",1720,0
2024-07-25,lBPidxUL8zg,LLMCompiler 2 : AI 시대 코딩 배워야 합니다. AI App Flow를 아시면 무엇을 배워야 하는지 아실 수 있습니다.,"Apr 4, 2025",1720,0
2024-07-26,lBPidxUL8zg,LLMCompiler 2 : AI 시대 코딩 배워야 합니다. AI App Flow를 아시면 무엇을 배워야 하는지 아실 수 있습니다.,"Apr 4, 2025",1720,0
2024-07-27,lBPidxUL8zg,LLMCompiler 2 : AI 시대 코딩 배워야 합니다. AI App Flow를 아시면 무엇을 배워야 하는지 아실 수 있습니다.,"Apr 4, 2025",1720,0
2024-07-28,lBPidxUL8zg,LLMCompiler 2 : AI 시대 코딩 배워야 합니다. AI App Flow를 아시면 무엇을 배워야 하는지 아실 수 있습니다.,"Apr 4, 2025",1720,0
2024-07-29,lBPidxUL8zg,LLMCompiler 2 : AI 시대 코딩 배워야 합니다. AI App Flow를 아시면 무엇을 배워야 하는지 아실 수 있습니다.,"Apr 4, 2025",1720,0
2024-07-30,lBPidxUL8zg,LLMCompiler 2 : AI 시대 코딩 배워야 합니다. AI App Flow를 아시면 무엇을 배워야 하는지 아실 수 있습니다.,"Apr 4, 2025",1720,0
2024-07-31,lBPidxUL8zg,LLMCompiler 2 : AI 시대 코딩 배워야 합니다. AI App Flow를 아시면 무엇을 배워야 하는지 아실 수 있습니다.,"Apr 4, 2025",1720,0
2024-08-01,lBPidxUL8zg,LLMCompiler 2 : AI 시대 코딩 배워야 합니다. AI App Flow를 아시면 무엇을 배워야 하는지 아실 수 있습니다.,"Apr 4, 2025",1720,0
2024-08-02,lBPidxUL8zg,LLMCompiler 2 : AI 시대 코딩 배워야 합니다. AI App Flow를 아시면 무엇을 배워야 하는지 아실 수 있습니다.,"Apr 4, 2025",1720,0
2024-08-03,lBPidxUL8zg,LLMCompiler 2 : AI 시대 코딩 배워야 합니다. AI App Flow를 아시면 무엇을 배워야 하는지 아실 수 있습니다.,"Apr 4, 2025",1720,0
2024-08-04,lBPidxUL8zg,LLMCompiler 2 : AI 시대 코딩 배워야 합니다. AI App Flow를 아시면 무엇을 배워야 하는지 아실 수 있습니다.,"Apr 4, 2025",1720,0
2024-08-05,lBPidxUL8zg,LLMCompiler 2 : AI 시대 코딩 배워야 합니다. AI App Flow를 아시면 무엇을 배워야 하는지 아실 수 있습니다.,"Apr 4, 2025",1720,0
2024-08-06,lBPidxUL8zg,LLMCompiler 2 : AI 시대 코딩 배워야 합니다. AI App Flow를 아시면 무엇을 배워야 하는지 아실 수 있습니다.,"Apr 4, 2025",1720,0
2024-08-07,lBPidxUL8zg,LLMCompiler 2 : AI 시대 코딩 배워야 합니다. AI App Flow를 아시면 무엇을 배워야 하는지 아실 수 있습니다.,"Apr 4, 2025",1720,0
2024-08-08,lBPidxUL8zg,LLMCompiler 2 : AI 시대 코딩 배워야 합니다. AI App Flow를 아시면 무엇을 배워야 하는지 아실 수 있습니다.,"Apr 4, 2025",1720,0
2024-08-09,lBPidxUL8zg,LLMCompiler 2 : AI 시대 코딩 배워야 합니다. AI App Flow를 아시면 무엇을 배워야 하는지 아실 수 있습니다.,"Apr 4, 2025",1720,0
2024-08-10,lBPidxUL8zg,LLMCompiler 2 : AI 시대 코딩 배워야 합니다. AI App Flow를 아시면 무엇을 배워야 하는지 아실 수 있습니다.,"Apr 4, 2025",1720,0
2024-08-11,lBPidxUL8zg,LLMCompiler 2 : AI 시대 코딩 배워야 합니다. AI App Flow를 아시면 무엇을 배워야 하는지 아실 수 있습니다.,"Apr 4, 2025",1720,0
2024-08-12,lBPidxUL8zg,LLMCompiler 2 : AI 시대 코딩 배워야 합니다. AI App Flow를 아시면 무엇을 배워야 하는지 아실 수 있습니다.,"Apr 4, 2025",1720,0
2024-08-13,lBPidxUL8zg,LLMCompiler 2 : AI 시대 코딩 배워야 합니다. AI App Flow를 아시면 무엇을 배워야 하는지 아실 수 있습니다.,"Apr 4, 2025",1720,0
2024-08-14,lBPidxUL8zg,LLMCompiler 2 : AI 시대 코딩 배워야 합니다. AI App Flow를 아시면 무엇을 배워야 하는지 아실 수 있습니다.,"Apr 4, 2025",1720,0
2024-08-15,lBPidxUL8zg,LLMCompiler 2 : AI 시대 코딩 배워야 합니다. AI App Flow를 아시면 무엇을 배워야 하는지 아실 수 있습니다.,"Apr 4, 2025",1720,0
2024-08-16,lBPidxUL8zg,LLMCompiler 2 : AI 시대 코딩 배워야 합니다. AI App Flow를 아시면 무엇을 배워야 하는지 아실 수 있습니다.,"Apr 4, 2025",1720,0
2024-08-17,lBPidxUL8zg,LLMCompiler 2 : AI 시대 코딩 배워야 합니다. AI App Flow를 아시면 무엇을 배워야 하는지 아실 수 있습니다.,"Apr 4, 2025",1720,0
2024-08-18,lBPidxUL8zg,LLMCompiler 2 : AI 시대 코딩 배워야 합니다. AI App Flow를 아시면 무엇을 배워야 하는지 아실 수 있습니다.,"Apr 4, 2025",1720,0
2024-08-19,lBPidxUL8zg,LLMCompiler 2 : AI 시대 코딩 배워야 합니다. AI App Flow를 아시면 무엇을 배워야 하는지 아실 수 있습니다.,"Apr 4, 2025",1720,0
2024-08-20,lBPidxUL8zg,LLMCompiler 2 : AI 시대 코딩 배워야 합니다. AI App Flow를 아시면 무엇을 배워야 하는지 아실 수 있습니다.,"Apr 4, 2025",1720,0
2024-08-21,lBPidxUL8zg,LLMCompiler 2 : AI 시대 코딩 배워야 합니다. AI App Flow를 아시면 무엇을 배워야 하는지 아실 수 있습니다.,"Apr 4, 2025",1720,0
2024-08-22,lBPidxUL8zg,LLMCompiler 2 : AI 시대 코딩 배워야 합니다. AI App Flow를 아시면 무엇을 배워야 하는지 아실 수 있습니다.,"Apr 4, 2025",1720,0
2024-08-23,lBPidxUL8zg,LLMCompiler 2 : AI 시대 코딩 배워야 합니다. AI App Flow를 아시면 무엇을 배워야 하는지 아실 수 있습니다.,"Apr 4, 2025",1720,0
2024-08-24,lBPidxUL8zg,LLMCompiler 2 : AI 시대 코딩 배워야 합니다. AI App Flow를 아시면 무엇을 배워야 하는지 아실 수 있습니다.,"Apr 4, 2025",1720,0
2024-08-25,lBPidxUL8zg,LLMCompiler 2 : AI 시대 코딩 배워야 합니다. AI App Flow를 아시면 무엇을 배워야 하는지 아실 수 있습니다.,"Apr 4, 2025",1720,0
2024-08-26,lBPidxUL8zg,LLMCompiler 2 : AI 시대 코딩 배워야 합니다. AI App Flow를 아시면 무엇을 배워야 하는지 아실 수 있습니다.,"Apr 4, 2025",1720,0
2024-08-27,lBPidxUL8zg,LLMCompiler 2 : AI 시대 코딩 배워야 합니다. AI App Flow를 아시면 무엇을 배워야 하는지 아실 수 있습니다.,"Apr 4, 2025",1720,0
2024-08-28,lBPidxUL8zg,LLMCompiler 2 : AI 시대 코딩 배워야 합니다. AI App Flow를 아시면 무엇을 배워야 하는지 아실 수 있습니다.,"Apr 4, 2025",1720,0
2024-08-29,lBPidxUL8zg,LLMCompiler 2 : AI 시대 코딩 배워야 합니다. AI App Flow를 아시면 무엇을 배워야 하는지 아실 수 있습니다.,"Apr 4, 2025",1720,0
2024-08-30,lBPidxUL8zg,LLMCompiler 2 : AI 시대 코딩 배워야 합니다. AI App Flow를 아시면 무엇을 배워야 하는지 아실 수 있습니다.,"Apr 4, 2025",1720,0
2024-08-31,lBPidxUL8zg,LLMCompiler 2 : AI 시대 코딩 배워야 합니다. AI App Flow를 아시면 무엇을 배워야 하는지 아실 수 있습니다.,"Apr 4, 2025",1720,0
2024-09-01,lBPidxUL8zg,LLMCompiler 2 : AI 시대 코딩 배워야 합니다. AI App Flow를 아시면 무엇을 배워야 하는지 아실 수 있습니다.,"Apr 4, 2025",1720,0
2024-09-02,lBPidxUL8zg,LLMCompiler 2 : AI 시대 코딩 배워야 합니다. AI App Flow를 아시면 무엇을 배워야 하는지 아실 수 있습니다.,"Apr 4, 2025",1720,0
2024-09-03,lBPidxUL8zg,LLMCompiler 2 : AI 시대 코딩 배워야 합니다. AI App Flow를 아시면 무엇을 배워야 하는지 아실 수 있습니다.,"Apr 4, 2025",1720,0
2024-09-04,lBPidxUL8zg,LLMCompiler 2 : AI 시대 코딩 배워야 합니다. AI App Flow를 아시면 무엇을 배워야 하는지 아실 수 있습니다.,"Apr 4, 2025",1720,0
2024-09-05,lBPidxUL8zg,LLMCompiler 2 : AI 시대 코딩 배워야 합니다. AI App Flow를 아시면 무엇을 배워야 하는지 아실 수 있습니다.,"Apr 4, 2025",1720,0
2024-09-06,lBPidxUL8zg,LLMCompiler 2 : AI 시대 코딩 배워야 합니다. AI App Flow를 아시면 무엇을 배워야 하는지 아실 수 있습니다.,"Apr 4, 2025",1720,0
2024-09-07,lBPidxUL8zg,LLMCompiler 2 : AI 시대 코딩 배워야 합니다. AI App Flow를 아시면 무엇을 배워야 하는지 아실 수 있습니다.,"Apr 4, 2025",1720,0
2024-09-08,lBPidxUL8zg,LLMCompiler 2 : AI 시대 코딩 배워야 합니다. AI App Flow를 아시면 무엇을 배워야 하는지 아실 수 있습니다.,"Apr 4, 2025",1720,0
2024-09-09,lBPidxUL8zg,LLMCompiler 2 : AI 시대 코딩 배워야 합니다. AI App Flow를 아시면 무엇을 배워야 하는지 아실 수 있습니다.,"Apr 4, 2025",1720,0
2024-09-10,lBPidxUL8zg,LLMCompiler 2 : AI 시대 코딩 배워야 합니다. AI App Flow를 아시면 무엇을 배워야 하는지 아실 수 있습니다.,"Apr 4, 2025",1720,0
2024-09-11,lBPidxUL8zg,LLMCompiler 2 : AI 시대 코딩 배워야 합니다. AI App Flow를 아시면 무엇을 배워야 하는지 아실 수 있습니다.,"Apr 4, 2025",1720,0
2024-09-12,lBPidxUL8zg,LLMCompiler 2 : AI 시대 코딩 배워야 합니다. AI App Flow를 아시면 무엇을 배워야 하는지 아실 수 있습니다.,"Apr 4, 2025",1720,0
2024-09-13,lBPidxUL8zg,LLMCompiler 2 : AI 시대 코딩 배워야 합니다. AI App Flow를 아시면 무엇을 배워야 하는지 아실 수 있습니다.,"Apr 4, 2025",1720,0
2024-09-14,lBPidxUL8zg,LLMCompiler 2 : AI 시대 코딩 배워야 합니다. AI App Flow를 아시면 무엇을 배워야 하는지 아실 수 있습니다.,"Apr 4, 2025",1720,0
2024-09-15,lBPidxUL8zg,LLMCompiler 2 : AI 시대 코딩 배워야 합니다. AI App Flow를 아시면 무엇을 배워야 하는지 아실 수 있습니다.,"Apr 4, 2025",1720,0
2024-09-16,lBPidxUL8zg,LLMCompiler 2 : AI 시대 코딩 배워야 합니다. AI App Flow를 아시면 무엇을 배워야 하는지 아실 수 있습니다.,"Apr 4, 2025",1720,0
2024-09-17,lBPidxUL8zg,LLMCompiler 2 : AI 시대 코딩 배워야 합니다. AI App Flow를 아시면 무엇을 배워야 하는지 아실 수 있습니다.,"Apr 4, 2025",1720,0
2024-09-18,lBPidxUL8zg,LLMCompiler 2 : AI 시대 코딩 배워야 합니다. AI App Flow를 아시면 무엇을 배워야 하는지 아실 수 있습니다.,"Apr 4, 2025",1720,0
2024-09-19,lBPidxUL8zg,LLMCompiler 2 : AI 시대 코딩 배워야 합니다. AI App Flow를 아시면 무엇을 배워야 하는지 아실 수 있습니다.,"Apr 4, 2025",1720,0
2024-09-20,lBPidxUL8zg,LLMCompiler 2 : AI 시대 코딩 배워야 합니다. AI App Flow를 아시면 무엇을 배워야 하는지 아실 수 있습니다.,"Apr 4, 2025",1720,0
2024-09-21,lBPidxUL8zg,LLMCompiler 2 : AI 시대 코딩 배워야 합니다. AI App Flow를 아시면 무엇을 배워야 하는지 아실 수 있습니다.,"Apr 4, 2025",1720,0
2024-09-22,lBPidxUL8zg,LLMCompiler 2 : AI 시대 코딩 배워야 합니다. AI App Flow를 아시면 무엇을 배워야 하는지 아실 수 있습니다.,"Apr 4, 2025",1720,0
2024-09-23,lBPidxUL8zg,LLMCompiler 2 : AI 시대 코딩 배워야 합니다. AI App Flow를 아시면 무엇을 배워야 하는지 아실 수 있습니다.,"Apr 4, 2025",1720,0
2024-09-24,lBPidxUL8zg,LLMCompiler 2 : AI 시대 코딩 배워야 합니다. AI App Flow를 아시면 무엇을 배워야 하는지 아실 수 있습니다.,"Apr 4, 2025",1720,0
2024-09-25,lBPidxUL8zg,LLMCompiler 2 : AI 시대 코딩 배워야 합니다. AI App Flow를 아시면 무엇을 배워야 하는지 아실 수 있습니다.,"Apr 4, 2025",1720,0
2024-09-26,lBPidxUL8zg,LLMCompiler 2 : AI 시대 코딩 배워야 합니다. AI App Flow를 아시면 무엇을 배워야 하는지 아실 수 있습니다.,"Apr 4, 2025",1720,0
2024-09-27,lBPidxUL8zg,LLMCompiler 2 : AI 시대 코딩 배워야 합니다. AI App Flow를 아시면 무엇을 배워야 하는지 아실 수 있습니다.,"Apr 4, 2025",1720,0
2024-09-28,lBPidxUL8zg,LLMCompiler 2 : AI 시대 코딩 배워야 합니다. AI App Flow를 아시면 무엇을 배워야 하는지 아실 수 있습니다.,"Apr 4, 2025",1720,0
2024-09-29,lBPidxUL8zg,LLMCompiler 2 : AI 시대 코딩 배워야 합니다. AI App Flow를 아시면 무엇을 배워야 하는지 아실 수 있습니다.,"Apr 4, 2025",1720,0
2024-09-30,lBPidxUL8zg,LLMCompiler 2 : AI 시대 코딩 배워야 합니다. AI App Flow를 아시면 무엇을 배워야 하는지 아실 수 있습니다.,"Apr 4, 2025",1720,0
2024-10-01,lBPidxUL8zg,LLMCompiler 2 : AI 시대 코딩 배워야 합니다. AI App Flow를 아시면 무엇을 배워야 하는지 아실 수 있습니다.,"Apr 4, 2025",1720,0
2024-10-02,lBPidxUL8zg,LLMCompiler 2 : AI 시대 코딩 배워야 합니다. AI App Flow를 아시면 무엇을 배워야 하는지 아실 수 있습니다.,"Apr 4, 2025",1720,0
2024-10-03,lBPidxUL8zg,LLMCompiler 2 : AI 시대 코딩 배워야 합니다. AI App Flow를 아시면 무엇을 배워야 하는지 아실 수 있습니다.,"Apr 4, 2025",1720,0
2024-10-04,lBPidxUL8zg,LLMCompiler 2 : AI 시대 코딩 배워야 합니다. AI App Flow를 아시면 무엇을 배워야 하는지 아실 수 있습니다.,"Apr 4, 2025",1720,0
2024-10-05,lBPidxUL8zg,LLMCompiler 2 : AI 시대 코딩 배워야 합니다. AI App Flow를 아시면 무엇을 배워야 하는지 아실 수 있습니다.,"Apr 4, 2025",1720,0
2024-10-06,lBPidxUL8zg,LLMCompiler 2 : AI 시대 코딩 배워야 합니다. AI App Flow를 아시면 무엇을 배워야 하는지 아실 수 있습니다.,"Apr 4, 2025",1720,0
2024-10-07,lBPidxUL8zg,LLMCompiler 2 : AI 시대 코딩 배워야 합니다. AI App Flow를 아시면 무엇을 배워야 하는지 아실 수 있습니다.,"Apr 4, 2025",1720,0
2024-10-08,lBPidxUL8zg,LLMCompiler 2 : AI 시대 코딩 배워야 합니다. AI App Flow를 아시면 무엇을 배워야 하는지 아실 수 있습니다.,"Apr 4, 2025",1720,0
2024-10-09,lBPidxUL8zg,LLMCompiler 2 : AI 시대 코딩 배워야 합니다. AI App Flow를 아시면 무엇을 배워야 하는지 아실 수 있습니다.,"Apr 4, 2025",1720,0
2024-10-10,lBPidxUL8zg,LLMCompiler 2 : AI 시대 코딩 배워야 합니다. AI App Flow를 아시면 무엇을 배워야 하는지 아실 수 있습니다.,"Apr 4, 2025",1720,0
2024-10-11,lBPidxUL8zg,LLMCompiler 2 : AI 시대 코딩 배워야 합니다. AI App Flow를 아시면 무엇을 배워야 하는지 아실 수 있습니다.,"Apr 4, 2025",1720,0
2024-10-12,lBPidxUL8zg,LLMCompiler 2 : AI 시대 코딩 배워야 합니다. AI App Flow를 아시면 무엇을 배워야 하는지 아실 수 있습니다.,"Apr 4, 2025",1720,0
2024-10-13,lBPidxUL8zg,LLMCompiler 2 : AI 시대 코딩 배워야 합니다. AI App Flow를 아시면 무엇을 배워야 하는지 아실 수 있습니다.,"Apr 4, 2025",1720,0
2024-10-14,lBPidxUL8zg,LLMCompiler 2 : AI 시대 코딩 배워야 합니다. AI App Flow를 아시면 무엇을 배워야 하는지 아실 수 있습니다.,"Apr 4, 2025",1720,0
2024-10-15,lBPidxUL8zg,LLMCompiler 2 : AI 시대 코딩 배워야 합니다. AI App Flow를 아시면 무엇을 배워야 하는지 아실 수 있습니다.,"Apr 4, 2025",1720,0
2024-10-16,lBPidxUL8zg,LLMCompiler 2 : AI 시대 코딩 배워야 합니다. AI App Flow를 아시면 무엇을 배워야 하는지 아실 수 있습니다.,"Apr 4, 2025",1720,0
2024-10-17,lBPidxUL8zg,LLMCompiler 2 : AI 시대 코딩 배워야 합니다. AI App Flow를 아시면 무엇을 배워야 하는지 아실 수 있습니다.,"Apr 4, 2025",1720,0
2024-10-18,lBPidxUL8zg,LLMCompiler 2 : AI 시대 코딩 배워야 합니다. AI App Flow를 아시면 무엇을 배워야 하는지 아실 수 있습니다.,"Apr 4, 2025",1720,0
2024-10-19,lBPidxUL8zg,LLMCompiler 2 : AI 시대 코딩 배워야 합니다. AI App Flow를 아시면 무엇을 배워야 하는지 아실 수 있습니다.,"Apr 4, 2025",1720,0
2024-10-20,lBPidxUL8zg,LLMCompiler 2 : AI 시대 코딩 배워야 합니다. AI App Flow를 아시면 무엇을 배워야 하는지 아실 수 있습니다.,"Apr 4, 2025",1720,0
2024-10-21,lBPidxUL8zg,LLMCompiler 2 : AI 시대 코딩 배워야 합니다. AI App Flow를 아시면 무엇을 배워야 하는지 아실 수 있습니다.,"Apr 4, 2025",1720,0
2024-10-22,lBPidxUL8zg,LLMCompiler 2 : AI 시대 코딩 배워야 합니다. AI App Flow를 아시면 무엇을 배워야 하는지 아실 수 있습니다.,"Apr 4, 2025",1720,0
2024-10-23,lBPidxUL8zg,LLMCompiler 2 : AI 시대 코딩 배워야 합니다. AI App Flow를 아시면 무엇을 배워야 하는지 아실 수 있습니다.,"Apr 4, 2025",1720,0
2024-10-24,lBPidxUL8zg,LLMCompiler 2 : AI 시대 코딩 배워야 합니다. AI App Flow를 아시면 무엇을 배워야 하는지 아실 수 있습니다.,"Apr 4, 2025",1720,0
2024-10-25,lBPidxUL8zg,LLMCompiler 2 : AI 시대 코딩 배워야 합니다. AI App Flow를 아시면 무엇을 배워야 하는지 아실 수 있습니다.,"Apr 4, 2025",1720,0
2024-10-26,lBPidxUL8zg,LLMCompiler 2 : AI 시대 코딩 배워야 합니다. AI App Flow를 아시면 무엇을 배워야 하는지 아실 수 있습니다.,"Apr 4, 2025",1720,0
2024-10-27,lBPidxUL8zg,LLMCompiler 2 : AI 시대 코딩 배워야 합니다. AI App Flow를 아시면 무엇을 배워야 하는지 아실 수 있습니다.,"Apr 4, 2025",1720,0
2024-10-28,lBPidxUL8zg,LLMCompiler 2 : AI 시대 코딩 배워야 합니다. AI App Flow를 아시면 무엇을 배워야 하는지 아실 수 있습니다.,"Apr 4, 2025",1720,0
2024-10-29,lBPidxUL8zg,LLMCompiler 2 : AI 시대 코딩 배워야 합니다. AI App Flow를 아시면 무엇을 배워야 하는지 아실 수 있습니다.,"Apr 4, 2025",1720,0
2024-10-30,lBPidxUL8zg,LLMCompiler 2 : AI 시대 코딩 배워야 합니다. AI App Flow를 아시면 무엇을 배워야 하는지 아실 수 있습니다.,"Apr 4, 2025",1720,0
2024-10-31,lBPidxUL8zg,LLMCompiler 2 : AI 시대 코딩 배워야 합니다. AI App Flow를 아시면 무엇을 배워야 하는지 아실 수 있습니다.,"Apr 4, 2025",1720,0
2024-11-01,lBPidxUL8zg,LLMCompiler 2 : AI 시대 코딩 배워야 합니다. AI App Flow를 아시면 무엇을 배워야 하는지 아실 수 있습니다.,"Apr 4, 2025",1720,0
2024-11-02,lBPidxUL8zg,LLMCompiler 2 : AI 시대 코딩 배워야 합니다. AI App Flow를 아시면 무엇을 배워야 하는지 아실 수 있습니다.,"Apr 4, 2025",1720,0
2024-11-03,lBPidxUL8zg,LLMCompiler 2 : AI 시대 코딩 배워야 합니다. AI App Flow를 아시면 무엇을 배워야 하는지 아실 수 있습니다.,"Apr 4, 2025",1720,0
2024-11-04,lBPidxUL8zg,LLMCompiler 2 : AI 시대 코딩 배워야 합니다. AI App Flow를 아시면 무엇을 배워야 하는지 아실 수 있습니다.,"Apr 4, 2025",1720,0
2024-11-05,lBPidxUL8zg,LLMCompiler 2 : AI 시대 코딩 배워야 합니다. AI App Flow를 아시면 무엇을 배워야 하는지 아실 수 있습니다.,"Apr 4, 2025",1720,0
2024-11-06,lBPidxUL8zg,LLMCompiler 2 : AI 시대 코딩 배워야 합니다. AI App Flow를 아시면 무엇을 배워야 하는지 아실 수 있습니다.,"Apr 4, 2025",1720,0
2024-11-07,lBPidxUL8zg,LLMCompiler 2 : AI 시대 코딩 배워야 합니다. AI App Flow를 아시면 무엇을 배워야 하는지 아실 수 있습니다.,"Apr 4, 2025",1720,0
2024-11-08,lBPidxUL8zg,LLMCompiler 2 : AI 시대 코딩 배워야 합니다. AI App Flow를 아시면 무엇을 배워야 하는지 아실 수 있습니다.,"Apr 4, 2025",1720,0
2024-11-09,lBPidxUL8zg,LLMCompiler 2 : AI 시대 코딩 배워야 합니다. AI App Flow를 아시면 무엇을 배워야 하는지 아실 수 있습니다.,"Apr 4, 2025",1720,0
2024-11-10,lBPidxUL8zg,LLMCompiler 2 : AI 시대 코딩 배워야 합니다. AI App Flow를 아시면 무엇을 배워야 하는지 아실 수 있습니다.,"Apr 4, 2025",1720,0
2024-11-11,lBPidxUL8zg,LLMCompiler 2 : AI 시대 코딩 배워야 합니다. AI App Flow를 아시면 무엇을 배워야 하는지 아실 수 있습니다.,"Apr 4, 2025",1720,0
2024-11-12,lBPidxUL8zg,LLMCompiler 2 : AI 시대 코딩 배워야 합니다. AI App Flow를 아시면 무엇을 배워야 하는지 아실 수 있습니다.,"Apr 4, 2025",1720,0
2024-11-13,lBPidxUL8zg,LLMCompiler 2 : AI 시대 코딩 배워야 합니다. AI App Flow를 아시면 무엇을 배워야 하는지 아실 수 있습니다.,"Apr 4, 2025",1720,0
2024-11-14,lBPidxUL8zg,LLMCompiler 2 : AI 시대 코딩 배워야 합니다. AI App Flow를 아시면 무엇을 배워야 하는지 아실 수 있습니다.,"Apr 4, 2025",1720,0
2024-11-15,lBPidxUL8zg,LLMCompiler 2 : AI 시대 코딩 배워야 합니다. AI App Flow를 아시면 무엇을 배워야 하는지 아실 수 있습니다.,"Apr 4, 2025",1720,0
2024-11-16,lBPidxUL8zg,LLMCompiler 2 : AI 시대 코딩 배워야 합니다. AI App Flow를 아시면 무엇을 배워야 하는지 아실 수 있습니다.,"Apr 4, 2025",1720,0
2024-11-17,lBPidxUL8zg,LLMCompiler 2 : AI 시대 코딩 배워야 합니다. AI App Flow를 아시면 무엇을 배워야 하는지 아실 수 있습니다.,"Apr 4, 2025",1720,0
2024-11-18,lBPidxUL8zg,LLMCompiler 2 : AI 시대 코딩 배워야 합니다. AI App Flow를 아시면 무엇을 배워야 하는지 아실 수 있습니다.,"Apr 4, 2025",1720,0
2024-11-19,lBPidxUL8zg,LLMCompiler 2 : AI 시대 코딩 배워야 합니다. AI App Flow를 아시면 무엇을 배워야 하는지 아실 수 있습니다.,"Apr 4, 2025",1720,0
2024-11-20,lBPidxUL8zg,LLMCompiler 2 : AI 시대 코딩 배워야 합니다. AI App Flow를 아시면 무엇을 배워야 하는지 아실 수 있습니다.,"Apr 4, 2025",1720,0
2024-11-21,lBPidxUL8zg,LLMCompiler 2 : AI 시대 코딩 배워야 합니다. AI App Flow를 아시면 무엇을 배워야 하는지 아실 수 있습니다.,"Apr 4, 2025",1720,0
2024-11-22,lBPidxUL8zg,LLMCompiler 2 : AI 시대 코딩 배워야 합니다. AI App Flow를 아시면 무엇을 배워야 하는지 아실 수 있습니다.,"Apr 4, 2025",1720,0
2024-11-23,lBPidxUL8zg,LLMCompiler 2 : AI 시대 코딩 배워야 합니다. AI App Flow를 아시면 무엇을 배워야 하는지 아실 수 있습니다.,"Apr 4, 2025",1720,0
2024-11-24,lBPidxUL8zg,LLMCompiler 2 : AI 시대 코딩 배워야 합니다. AI App Flow를 아시면 무엇을 배워야 하는지 아실 수 있습니다.,"Apr 4, 2025",1720,0
2024-11-25,lBPidxUL8zg,LLMCompiler 2 : AI 시대 코딩 배워야 합니다. AI App Flow를 아시면 무엇을 배워야 하는지 아실 수 있습니다.,"Apr 4, 2025",1720,0
2024-11-26,lBPidxUL8zg,LLMCompiler 2 : AI 시대 코딩 배워야 합니다. AI App Flow를 아시면 무엇을 배워야 하는지 아실 수 있습니다.,"Apr 4, 2025",1720,0
2024-11-27,lBPidxUL8zg,LLMCompiler 2 : AI 시대 코딩 배워야 합니다. AI App Flow를 아시면 무엇을 배워야 하는지 아실 수 있습니다.,"Apr 4, 2025",1720,0
2024-11-28,lBPidxUL8zg,LLMCompiler 2 : AI 시대 코딩 배워야 합니다. AI App Flow를 아시면 무엇을 배워야 하는지 아실 수 있습니다.,"Apr 4, 2025",1720,0
2024-11-29,lBPidxUL8zg,LLMCompiler 2 : AI 시대 코딩 배워야 합니다. AI App Flow를 아시면 무엇을 배워야 하는지 아실 수 있습니다.,"Apr 4, 2025",1720,0
2024-11-30,lBPidxUL8zg,LLMCompiler 2 : AI 시대 코딩 배워야 합니다. AI App Flow를 아시면 무엇을 배워야 하는지 아실 수 있습니다.,"Apr 4, 2025",1720,0
2024-12-01,lBPidxUL8zg,LLMCompiler 2 : AI 시대 코딩 배워야 합니다. AI App Flow를 아시면 무엇을 배워야 하는지 아실 수 있습니다.,"Apr 4, 2025",1720,0
2024-12-02,lBPidxUL8zg,LLMCompiler 2 : AI 시대 코딩 배워야 합니다. AI App Flow를 아시면 무엇을 배워야 하는지 아실 수 있습니다.,"Apr 4, 2025",1720,0
2024-12-03,lBPidxUL8zg,LLMCompiler 2 : AI 시대 코딩 배워야 합니다. AI App Flow를 아시면 무엇을 배워야 하는지 아실 수 있습니다.,"Apr 4, 2025",1720,0
2024-12-04,lBPidxUL8zg,LLMCompiler 2 : AI 시대 코딩 배워야 합니다. AI App Flow를 아시면 무엇을 배워야 하는지 아실 수 있습니다.,"Apr 4, 2025",1720,0
2024-12-05,lBPidxUL8zg,LLMCompiler 2 : AI 시대 코딩 배워야 합니다. AI App Flow를 아시면 무엇을 배워야 하는지 아실 수 있습니다.,"Apr 4, 2025",1720,0
2024-12-06,lBPidxUL8zg,LLMCompiler 2 : AI 시대 코딩 배워야 합니다. AI App Flow를 아시면 무엇을 배워야 하는지 아실 수 있습니다.,"Apr 4, 2025",1720,0
2024-12-07,lBPidxUL8zg,LLMCompiler 2 : AI 시대 코딩 배워야 합니다. AI App Flow를 아시면 무엇을 배워야 하는지 아실 수 있습니다.,"Apr 4, 2025",1720,0
2024-12-08,lBPidxUL8zg,LLMCompiler 2 : AI 시대 코딩 배워야 합니다. AI App Flow를 아시면 무엇을 배워야 하는지 아실 수 있습니다.,"Apr 4, 2025",1720,0
2024-12-09,lBPidxUL8zg,LLMCompiler 2 : AI 시대 코딩 배워야 합니다. AI App Flow를 아시면 무엇을 배워야 하는지 아실 수 있습니다.,"Apr 4, 2025",1720,0
2024-12-10,lBPidxUL8zg,LLMCompiler 2 : AI 시대 코딩 배워야 합니다. AI App Flow를 아시면 무엇을 배워야 하는지 아실 수 있습니다.,"Apr 4, 2025",1720,0
2024-12-11,lBPidxUL8zg,LLMCompiler 2 : AI 시대 코딩 배워야 합니다. AI App Flow를 아시면 무엇을 배워야 하는지 아실 수 있습니다.,"Apr 4, 2025",1720,0
2024-12-12,lBPidxUL8zg,LLMCompiler 2 : AI 시대 코딩 배워야 합니다. AI App Flow를 아시면 무엇을 배워야 하는지 아실 수 있습니다.,"Apr 4, 2025",1720,0
2024-12-13,lBPidxUL8zg,LLMCompiler 2 : AI 시대 코딩 배워야 합니다. AI App Flow를 아시면 무엇을 배워야 하는지 아실 수 있습니다.,"Apr 4, 2025",1720,0
2024-12-14,lBPidxUL8zg,LLMCompiler 2 : AI 시대 코딩 배워야 합니다. AI App Flow를 아시면 무엇을 배워야 하는지 아실 수 있습니다.,"Apr 4, 2025",1720,0
2024-12-15,lBPidxUL8zg,LLMCompiler 2 : AI 시대 코딩 배워야 합니다. AI App Flow를 아시면 무엇을 배워야 하는지 아실 수 있습니다.,"Apr 4, 2025",1720,0
2024-12-16,lBPidxUL8zg,LLMCompiler 2 : AI 시대 코딩 배워야 합니다. AI App Flow를 아시면 무엇을 배워야 하는지 아실 수 있습니다.,"Apr 4, 2025",1720,0
2024-12-17,lBPidxUL8zg,LLMCompiler 2 : AI 시대 코딩 배워야 합니다. AI App Flow를 아시면 무엇을 배워야 하는지 아실 수 있습니다.,"Apr 4, 2025",1720,0
2024-12-18,lBPidxUL8zg,LLMCompiler 2 : AI 시대 코딩 배워야 합니다. AI App Flow를 아시면 무엇을 배워야 하는지 아실 수 있습니다.,"Apr 4, 2025",1720,0
2024-12-19,lBPidxUL8zg,LLMCompiler 2 : AI 시대 코딩 배워야 합니다. AI App Flow를 아시면 무엇을 배워야 하는지 아실 수 있습니다.,"Apr 4, 2025",1720,0
2024-12-20,lBPidxUL8zg,LLMCompiler 2 : AI 시대 코딩 배워야 합니다. AI App Flow를 아시면 무엇을 배워야 하는지 아실 수 있습니다.,"Apr 4, 2025",1720,0
2024-12-21,lBPidxUL8zg,LLMCompiler 2 : AI 시대 코딩 배워야 합니다. AI App Flow를 아시면 무엇을 배워야 하는지 아실 수 있습니다.,"Apr 4, 2025",1720,0
2024-12-22,lBPidxUL8zg,LLMCompiler 2 : AI 시대 코딩 배워야 합니다. AI App Flow를 아시면 무엇을 배워야 하는지 아실 수 있습니다.,"Apr 4, 2025",1720,0
2024-12-23,lBPidxUL8zg,LLMCompiler 2 : AI 시대 코딩 배워야 합니다. AI App Flow를 아시면 무엇을 배워야 하는지 아실 수 있습니다.,"Apr 4, 2025",1720,0
2024-12-24,lBPidxUL8zg,LLMCompiler 2 : AI 시대 코딩 배워야 합니다. AI App Flow를 아시면 무엇을 배워야 하는지 아실 수 있습니다.,"Apr 4, 2025",1720,0
2024-12-25,lBPidxUL8zg,LLMCompiler 2 : AI 시대 코딩 배워야 합니다. AI App Flow를 아시면 무엇을 배워야 하는지 아실 수 있습니다.,"Apr 4, 2025",1720,0
2024-12-26,lBPidxUL8zg,LLMCompiler 2 : AI 시대 코딩 배워야 합니다. AI App Flow를 아시면 무엇을 배워야 하는지 아실 수 있습니다.,"Apr 4, 2025",1720,0
2024-12-27,lBPidxUL8zg,LLMCompiler 2 : AI 시대 코딩 배워야 합니다. AI App Flow를 아시면 무엇을 배워야 하는지 아실 수 있습니다.,"Apr 4, 2025",1720,0
2024-12-28,lBPidxUL8zg,LLMCompiler 2 : AI 시대 코딩 배워야 합니다. AI App Flow를 아시면 무엇을 배워야 하는지 아실 수 있습니다.,"Apr 4, 2025",1720,0
2024-12-29,lBPidxUL8zg,LLMCompiler 2 : AI 시대 코딩 배워야 합니다. AI App Flow를 아시면 무엇을 배워야 하는지 아실 수 있습니다.,"Apr 4, 2025",1720,0
2024-12-30,lBPidxUL8zg,LLMCompiler 2 : AI 시대 코딩 배워야 합니다. AI App Flow를 아시면 무엇을 배워야 하는지 아실 수 있습니다.,"Apr 4, 2025",1720,0
2024-12-31,lBPidxUL8zg,LLMCompiler 2 : AI 시대 코딩 배워야 합니다. AI App Flow를 아시면 무엇을 배워야 하는지 아실 수 있습니다.,"Apr 4, 2025",1720,0
2025-01-01,lBPidxUL8zg,LLMCompiler 2 : AI 시대 코딩 배워야 합니다. AI App Flow를 아시면 무엇을 배워야 하는지 아실 수 있습니다.,"Apr 4, 2025",1720,0
2025-01-02,lBPidxUL8zg,LLMCompiler 2 : AI 시대 코딩 배워야 합니다. AI App Flow를 아시면 무엇을 배워야 하는지 아실 수 있습니다.,"Apr 4, 2025",1720,0
2025-01-03,lBPidxUL8zg,LLMCompiler 2 : AI 시대 코딩 배워야 합니다. AI App Flow를 아시면 무엇을 배워야 하는지 아실 수 있습니다.,"Apr 4, 2025",1720,0
2025-01-04,lBPidxUL8zg,LLMCompiler 2 : AI 시대 코딩 배워야 합니다. AI App Flow를 아시면 무엇을 배워야 하는지 아실 수 있습니다.,"Apr 4, 2025",1720,0
2025-01-05,lBPidxUL8zg,LLMCompiler 2 : AI 시대 코딩 배워야 합니다. AI App Flow를 아시면 무엇을 배워야 하는지 아실 수 있습니다.,"Apr 4, 2025",1720,0
2025-01-06,lBPidxUL8zg,LLMCompiler 2 : AI 시대 코딩 배워야 합니다. AI App Flow를 아시면 무엇을 배워야 하는지 아실 수 있습니다.,"Apr 4, 2025",1720,0
2025-01-07,lBPidxUL8zg,LLMCompiler 2 : AI 시대 코딩 배워야 합니다. AI App Flow를 아시면 무엇을 배워야 하는지 아실 수 있습니다.,"Apr 4, 2025",1720,0
2025-01-08,lBPidxUL8zg,LLMCompiler 2 : AI 시대 코딩 배워야 합니다. AI App Flow를 아시면 무엇을 배워야 하는지 아실 수 있습니다.,"Apr 4, 2025",1720,0
2025-01-09,lBPidxUL8zg,LLMCompiler 2 : AI 시대 코딩 배워야 합니다. AI App Flow를 아시면 무엇을 배워야 하는지 아실 수 있습니다.,"Apr 4, 2025",1720,0
2025-01-10,lBPidxUL8zg,LLMCompiler 2 : AI 시대 코딩 배워야 합니다. AI App Flow를 아시면 무엇을 배워야 하는지 아실 수 있습니다.,"Apr 4, 2025",1720,0
2025-01-11,lBPidxUL8zg,LLMCompiler 2 : AI 시대 코딩 배워야 합니다. AI App Flow를 아시면 무엇을 배워야 하는지 아실 수 있습니다.,"Apr 4, 2025",1720,0
2025-01-12,lBPidxUL8zg,LLMCompiler 2 : AI 시대 코딩 배워야 합니다. AI App Flow를 아시면 무엇을 배워야 하는지 아실 수 있습니다.,"Apr 4, 2025",1720,0
2025-01-13,lBPidxUL8zg,LLMCompiler 2 : AI 시대 코딩 배워야 합니다. AI App Flow를 아시면 무엇을 배워야 하는지 아실 수 있습니다.,"Apr 4, 2025",1720,0
2025-01-14,lBPidxUL8zg,LLMCompiler 2 : AI 시대 코딩 배워야 합니다. AI App Flow를 아시면 무엇을 배워야 하는지 아실 수 있습니다.,"Apr 4, 2025",1720,0
2025-01-15,lBPidxUL8zg,LLMCompiler 2 : AI 시대 코딩 배워야 합니다. AI App Flow를 아시면 무엇을 배워야 하는지 아실 수 있습니다.,"Apr 4, 2025",1720,0
2025-01-16,lBPidxUL8zg,LLMCompiler 2 : AI 시대 코딩 배워야 합니다. AI App Flow를 아시면 무엇을 배워야 하는지 아실 수 있습니다.,"Apr 4, 2025",1720,0
2025-01-17,lBPidxUL8zg,LLMCompiler 2 : AI 시대 코딩 배워야 합니다. AI App Flow를 아시면 무엇을 배워야 하는지 아실 수 있습니다.,"Apr 4, 2025",1720,0
2025-01-18,lBPidxUL8zg,LLMCompiler 2 : AI 시대 코딩 배워야 합니다. AI App Flow를 아시면 무엇을 배워야 하는지 아실 수 있습니다.,"Apr 4, 2025",1720,0
2025-01-19,lBPidxUL8zg,LLMCompiler 2 : AI 시대 코딩 배워야 합니다. AI App Flow를 아시면 무엇을 배워야 하는지 아실 수 있습니다.,"Apr 4, 2025",1720,0
2025-01-20,lBPidxUL8zg,LLMCompiler 2 : AI 시대 코딩 배워야 합니다. AI App Flow를 아시면 무엇을 배워야 하는지 아실 수 있습니다.,"Apr 4, 2025",1720,0
2025-01-21,lBPidxUL8zg,LLMCompiler 2 : AI 시대 코딩 배워야 합니다. AI App Flow를 아시면 무엇을 배워야 하는지 아실 수 있습니다.,"Apr 4, 2025",1720,0
2025-01-22,lBPidxUL8zg,LLMCompiler 2 : AI 시대 코딩 배워야 합니다. AI App Flow를 아시면 무엇을 배워야 하는지 아실 수 있습니다.,"Apr 4, 2025",1720,0
2025-01-23,lBPidxUL8zg,LLMCompiler 2 : AI 시대 코딩 배워야 합니다. AI App Flow를 아시면 무엇을 배워야 하는지 아실 수 있습니다.,"Apr 4, 2025",1720,0
2025-01-24,lBPidxUL8zg,LLMCompiler 2 : AI 시대 코딩 배워야 합니다. AI App Flow를 아시면 무엇을 배워야 하는지 아실 수 있습니다.,"Apr 4, 2025",1720,0
2025-01-25,lBPidxUL8zg,LLMCompiler 2 : AI 시대 코딩 배워야 합니다. AI App Flow를 아시면 무엇을 배워야 하는지 아실 수 있습니다.,"Apr 4, 2025",1720,0
2025-01-26,lBPidxUL8zg,LLMCompiler 2 : AI 시대 코딩 배워야 합니다. AI App Flow를 아시면 무엇을 배워야 하는지 아실 수 있습니다.,"Apr 4, 2025",1720,0
2025-01-27,lBPidxUL8zg,LLMCompiler 2 : AI 시대 코딩 배워야 합니다. AI App Flow를 아시면 무엇을 배워야 하는지 아실 수 있습니다.,"Apr 4, 2025",1720,0
2025-01-28,lBPidxUL8zg,LLMCompiler 2 : AI 시대 코딩 배워야 합니다. AI App Flow를 아시면 무엇을 배워야 하는지 아실 수 있습니다.,"Apr 4, 2025",1720,0
2025-01-29,lBPidxUL8zg,LLMCompiler 2 : AI 시대 코딩 배워야 합니다. AI App Flow를 아시면 무엇을 배워야 하는지 아실 수 있습니다.,"Apr 4, 2025",1720,0
2025-01-30,lBPidxUL8zg,LLMCompiler 2 : AI 시대 코딩 배워야 합니다. AI App Flow를 아시면 무엇을 배워야 하는지 아실 수 있습니다.,"Apr 4, 2025",1720,0
2025-01-31,lBPidxUL8zg,LLMCompiler 2 : AI 시대 코딩 배워야 합니다. AI App Flow를 아시면 무엇을 배워야 하는지 아실 수 있습니다.,"Apr 4, 2025",1720,0
2025-02-01,lBPidxUL8zg,LLMCompiler 2 : AI 시대 코딩 배워야 합니다. AI App Flow를 아시면 무엇을 배워야 하는지 아실 수 있습니다.,"Apr 4, 2025",1720,0
2025-02-02,lBPidxUL8zg,LLMCompiler 2 : AI 시대 코딩 배워야 합니다. AI App Flow를 아시면 무엇을 배워야 하는지 아실 수 있습니다.,"Apr 4, 2025",1720,0
2025-02-03,lBPidxUL8zg,LLMCompiler 2 : AI 시대 코딩 배워야 합니다. AI App Flow를 아시면 무엇을 배워야 하는지 아실 수 있습니다.,"Apr 4, 2025",1720,0
2025-02-04,lBPidxUL8zg,LLMCompiler 2 : AI 시대 코딩 배워야 합니다. AI App Flow를 아시면 무엇을 배워야 하는지 아실 수 있습니다.,"Apr 4, 2025",1720,0
2025-02-05,lBPidxUL8zg,LLMCompiler 2 : AI 시대 코딩 배워야 합니다. AI App Flow를 아시면 무엇을 배워야 하는지 아실 수 있습니다.,"Apr 4, 2025",1720,0
2025-02-06,lBPidxUL8zg,LLMCompiler 2 : AI 시대 코딩 배워야 합니다. AI App Flow를 아시면 무엇을 배워야 하는지 아실 수 있습니다.,"Apr 4, 2025",1720,0
2025-02-07,lBPidxUL8zg,LLMCompiler 2 : AI 시대 코딩 배워야 합니다. AI App Flow를 아시면 무엇을 배워야 하는지 아실 수 있습니다.,"Apr 4, 2025",1720,0
2025-02-08,lBPidxUL8zg,LLMCompiler 2 : AI 시대 코딩 배워야 합니다. AI App Flow를 아시면 무엇을 배워야 하는지 아실 수 있습니다.,"Apr 4, 2025",1720,0
2025-02-09,lBPidxUL8zg,LLMCompiler 2 : AI 시대 코딩 배워야 합니다. AI App Flow를 아시면 무엇을 배워야 하는지 아실 수 있습니다.,"Apr 4, 2025",1720,0
2025-02-10,lBPidxUL8zg,LLMCompiler 2 : AI 시대 코딩 배워야 합니다. AI App Flow를 아시면 무엇을 배워야 하는지 아실 수 있습니다.,"Apr 4, 2025",1720,0
2025-02-11,lBPidxUL8zg,LLMCompiler 2 : AI 시대 코딩 배워야 합니다. AI App Flow를 아시면 무엇을 배워야 하는지 아실 수 있습니다.,"Apr 4, 2025",1720,0
2025-02-12,lBPidxUL8zg,LLMCompiler 2 : AI 시대 코딩 배워야 합니다. AI App Flow를 아시면 무엇을 배워야 하는지 아실 수 있습니다.,"Apr 4, 2025",1720,0
2025-02-13,lBPidxUL8zg,LLMCompiler 2 : AI 시대 코딩 배워야 합니다. AI App Flow를 아시면 무엇을 배워야 하는지 아실 수 있습니다.,"Apr 4, 2025",1720,0
2025-02-14,lBPidxUL8zg,LLMCompiler 2 : AI 시대 코딩 배워야 합니다. AI App Flow를 아시면 무엇을 배워야 하는지 아실 수 있습니다.,"Apr 4, 2025",1720,0
2025-02-15,lBPidxUL8zg,LLMCompiler 2 : AI 시대 코딩 배워야 합니다. AI App Flow를 아시면 무엇을 배워야 하는지 아실 수 있습니다.,"Apr 4, 2025",1720,0
2025-02-16,lBPidxUL8zg,LLMCompiler 2 : AI 시대 코딩 배워야 합니다. AI App Flow를 아시면 무엇을 배워야 하는지 아실 수 있습니다.,"Apr 4, 2025",1720,0
2025-02-17,lBPidxUL8zg,LLMCompiler 2 : AI 시대 코딩 배워야 합니다. AI App Flow를 아시면 무엇을 배워야 하는지 아실 수 있습니다.,"Apr 4, 2025",1720,0
2025-02-18,lBPidxUL8zg,LLMCompiler 2 : AI 시대 코딩 배워야 합니다. AI App Flow를 아시면 무엇을 배워야 하는지 아실 수 있습니다.,"Apr 4, 2025",1720,0
2025-02-19,lBPidxUL8zg,LLMCompiler 2 : AI 시대 코딩 배워야 합니다. AI App Flow를 아시면 무엇을 배워야 하는지 아실 수 있습니다.,"Apr 4, 2025",1720,0
2025-02-20,lBPidxUL8zg,LLMCompiler 2 : AI 시대 코딩 배워야 합니다. AI App Flow를 아시면 무엇을 배워야 하는지 아실 수 있습니다.,"Apr 4, 2025",1720,0
2025-02-21,lBPidxUL8zg,LLMCompiler 2 : AI 시대 코딩 배워야 합니다. AI App Flow를 아시면 무엇을 배워야 하는지 아실 수 있습니다.,"Apr 4, 2025",1720,0
2025-02-22,lBPidxUL8zg,LLMCompiler 2 : AI 시대 코딩 배워야 합니다. AI App Flow를 아시면 무엇을 배워야 하는지 아실 수 있습니다.,"Apr 4, 2025",1720,0
2025-02-23,lBPidxUL8zg,LLMCompiler 2 : AI 시대 코딩 배워야 합니다. AI App Flow를 아시면 무엇을 배워야 하는지 아실 수 있습니다.,"Apr 4, 2025",1720,0
2025-02-24,lBPidxUL8zg,LLMCompiler 2 : AI 시대 코딩 배워야 합니다. AI App Flow를 아시면 무엇을 배워야 하는지 아실 수 있습니다.,"Apr 4, 2025",1720,0
2025-02-25,lBPidxUL8zg,LLMCompiler 2 : AI 시대 코딩 배워야 합니다. AI App Flow를 아시면 무엇을 배워야 하는지 아실 수 있습니다.,"Apr 4, 2025",1720,0
2025-02-26,lBPidxUL8zg,LLMCompiler 2 : AI 시대 코딩 배워야 합니다. AI App Flow를 아시면 무엇을 배워야 하는지 아실 수 있습니다.,"Apr 4, 2025",1720,0
2025-02-27,lBPidxUL8zg,LLMCompiler 2 : AI 시대 코딩 배워야 합니다. AI App Flow를 아시면 무엇을 배워야 하는지 아실 수 있습니다.,"Apr 4, 2025",1720,0
2025-02-28,lBPidxUL8zg,LLMCompiler 2 : AI 시대 코딩 배워야 합니다. AI App Flow를 아시면 무엇을 배워야 하는지 아실 수 있습니다.,"Apr 4, 2025",1720,0
2025-03-01,lBPidxUL8zg,LLMCompiler 2 : AI 시대 코딩 배워야 합니다. AI App Flow를 아시면 무엇을 배워야 하는지 아실 수 있습니다.,"Apr 4, 2025",1720,0
2025-03-02,lBPidxUL8zg,LLMCompiler 2 : AI 시대 코딩 배워야 합니다. AI App Flow를 아시면 무엇을 배워야 하는지 아실 수 있습니다.,"Apr 4, 2025",1720,0
2025-03-03,lBPidxUL8zg,LLMCompiler 2 : AI 시대 코딩 배워야 합니다. AI App Flow를 아시면 무엇을 배워야 하는지 아실 수 있습니다.,"Apr 4, 2025",1720,0
2025-03-04,lBPidxUL8zg,LLMCompiler 2 : AI 시대 코딩 배워야 합니다. AI App Flow를 아시면 무엇을 배워야 하는지 아실 수 있습니다.,"Apr 4, 2025",1720,0
2025-03-05,lBPidxUL8zg,LLMCompiler 2 : AI 시대 코딩 배워야 합니다. AI App Flow를 아시면 무엇을 배워야 하는지 아실 수 있습니다.,"Apr 4, 2025",1720,0
2025-03-06,lBPidxUL8zg,LLMCompiler 2 : AI 시대 코딩 배워야 합니다. AI App Flow를 아시면 무엇을 배워야 하는지 아실 수 있습니다.,"Apr 4, 2025",1720,0
2025-03-07,lBPidxUL8zg,LLMCompiler 2 : AI 시대 코딩 배워야 합니다. AI App Flow를 아시면 무엇을 배워야 하는지 아실 수 있습니다.,"Apr 4, 2025",1720,0
2025-03-08,lBPidxUL8zg,LLMCompiler 2 : AI 시대 코딩 배워야 합니다. AI App Flow를 아시면 무엇을 배워야 하는지 아실 수 있습니다.,"Apr 4, 2025",1720,0
2025-03-09,lBPidxUL8zg,LLMCompiler 2 : AI 시대 코딩 배워야 합니다. AI App Flow를 아시면 무엇을 배워야 하는지 아실 수 있습니다.,"Apr 4, 2025",1720,0
2025-03-10,lBPidxUL8zg,LLMCompiler 2 : AI 시대 코딩 배워야 합니다. AI App Flow를 아시면 무엇을 배워야 하는지 아실 수 있습니다.,"Apr 4, 2025",1720,0
2025-03-11,lBPidxUL8zg,LLMCompiler 2 : AI 시대 코딩 배워야 합니다. AI App Flow를 아시면 무엇을 배워야 하는지 아실 수 있습니다.,"Apr 4, 2025",1720,0
2025-03-12,lBPidxUL8zg,LLMCompiler 2 : AI 시대 코딩 배워야 합니다. AI App Flow를 아시면 무엇을 배워야 하는지 아실 수 있습니다.,"Apr 4, 2025",1720,0
2025-03-13,lBPidxUL8zg,LLMCompiler 2 : AI 시대 코딩 배워야 합니다. AI App Flow를 아시면 무엇을 배워야 하는지 아실 수 있습니다.,"Apr 4, 2025",1720,0
2025-03-14,lBPidxUL8zg,LLMCompiler 2 : AI 시대 코딩 배워야 합니다. AI App Flow를 아시면 무엇을 배워야 하는지 아실 수 있습니다.,"Apr 4, 2025",1720,0
2025-03-15,lBPidxUL8zg,LLMCompiler 2 : AI 시대 코딩 배워야 합니다. AI App Flow를 아시면 무엇을 배워야 하는지 아실 수 있습니다.,"Apr 4, 2025",1720,0
2025-03-16,lBPidxUL8zg,LLMCompiler 2 : AI 시대 코딩 배워야 합니다. AI App Flow를 아시면 무엇을 배워야 하는지 아실 수 있습니다.,"Apr 4, 2025",1720,0
2025-03-17,lBPidxUL8zg,LLMCompiler 2 : AI 시대 코딩 배워야 합니다. AI App Flow를 아시면 무엇을 배워야 하는지 아실 수 있습니다.,"Apr 4, 2025",1720,0
2025-03-18,lBPidxUL8zg,LLMCompiler 2 : AI 시대 코딩 배워야 합니다. AI App Flow를 아시면 무엇을 배워야 하는지 아실 수 있습니다.,"Apr 4, 2025",1720,0
2025-03-19,lBPidxUL8zg,LLMCompiler 2 : AI 시대 코딩 배워야 합니다. AI App Flow를 아시면 무엇을 배워야 하는지 아실 수 있습니다.,"Apr 4, 2025",1720,0
2025-03-20,lBPidxUL8zg,LLMCompiler 2 : AI 시대 코딩 배워야 합니다. AI App Flow를 아시면 무엇을 배워야 하는지 아실 수 있습니다.,"Apr 4, 2025",1720,0
2025-03-21,lBPidxUL8zg,LLMCompiler 2 : AI 시대 코딩 배워야 합니다. AI App Flow를 아시면 무엇을 배워야 하는지 아실 수 있습니다.,"Apr 4, 2025",1720,0
2025-03-22,lBPidxUL8zg,LLMCompiler 2 : AI 시대 코딩 배워야 합니다. AI App Flow를 아시면 무엇을 배워야 하는지 아실 수 있습니다.,"Apr 4, 2025",1720,0
2025-03-23,lBPidxUL8zg,LLMCompiler 2 : AI 시대 코딩 배워야 합니다. AI App Flow를 아시면 무엇을 배워야 하는지 아실 수 있습니다.,"Apr 4, 2025",1720,0
2025-03-24,lBPidxUL8zg,LLMCompiler 2 : AI 시대 코딩 배워야 합니다. AI App Flow를 아시면 무엇을 배워야 하는지 아실 수 있습니다.,"Apr 4, 2025",1720,0
2025-03-25,lBPidxUL8zg,LLMCompiler 2 : AI 시대 코딩 배워야 합니다. AI App Flow를 아시면 무엇을 배워야 하는지 아실 수 있습니다.,"Apr 4, 2025",1720,0
2025-03-26,lBPidxUL8zg,LLMCompiler 2 : AI 시대 코딩 배워야 합니다. AI App Flow를 아시면 무엇을 배워야 하는지 아실 수 있습니다.,"Apr 4, 2025",1720,0
2025-03-27,lBPidxUL8zg,LLMCompiler 2 : AI 시대 코딩 배워야 합니다. AI App Flow를 아시면 무엇을 배워야 하는지 아실 수 있습니다.,"Apr 4, 2025",1720,0
2025-03-28,lBPidxUL8zg,LLMCompiler 2 : AI 시대 코딩 배워야 합니다. AI App Flow를 아시면 무엇을 배워야 하는지 아실 수 있습니다.,"Apr 4, 2025",1720,0
2025-03-29,lBPidxUL8zg,LLMCompiler 2 : AI 시대 코딩 배워야 합니다. AI App Flow를 아시면 무엇을 배워야 하는지 아실 수 있습니다.,"Apr 4, 2025",1720,0
2025-03-30,lBPidxUL8zg,LLMCompiler 2 : AI 시대 코딩 배워야 합니다. AI App Flow를 아시면 무엇을 배워야 하는지 아실 수 있습니다.,"Apr 4, 2025",1720,0
2025-03-31,lBPidxUL8zg,LLMCompiler 2 : AI 시대 코딩 배워야 합니다. AI App Flow를 아시면 무엇을 배워야 하는지 아실 수 있습니다.,"Apr 4, 2025",1720,0
2025-04-01,lBPidxUL8zg,LLMCompiler 2 : AI 시대 코딩 배워야 합니다. AI App Flow를 아시면 무엇을 배워야 하는지 아실 수 있습니다.,"Apr 4, 2025",1720,0
2025-04-02,lBPidxUL8zg,LLMCompiler 2 : AI 시대 코딩 배워야 합니다. AI App Flow를 아시면 무엇을 배워야 하는지 아실 수 있습니다.,"Apr 4, 2025",1720,0
2025-04-03,lBPidxUL8zg,LLMCompiler 2 : AI 시대 코딩 배워야 합니다. AI App Flow를 아시면 무엇을 배워야 하는지 아실 수 있습니다.,"Apr 4, 2025",1720,0
2025-04-04,lBPidxUL8zg,LLMCompiler 2 : AI 시대 코딩 배워야 합니다. AI App Flow를 아시면 무엇을 배워야 하는지 아실 수 있습니다.,"Apr 4, 2025",1720,320
2025-04-05,lBPidxUL8zg,LLMCompiler 2 : AI 시대 코딩 배워야 합니다. AI App Flow를 아시면 무엇을 배워야 하는지 아실 수 있습니다.,"Apr 4, 2025",1720,1055
2025-04-06,lBPidxUL8zg,LLMCompiler 2 : AI 시대 코딩 배워야 합니다. AI App Flow를 아시면 무엇을 배워야 하는지 아실 수 있습니다.,"Apr 4, 2025",1720,905
2025-04-07,lBPidxUL8zg,LLMCompiler 2 : AI 시대 코딩 배워야 합니다. AI App Flow를 아시면 무엇을 배워야 하는지 아실 수 있습니다.,"Apr 4, 2025",1720,281
2025-04-08,lBPidxUL8zg,LLMCompiler 2 : AI 시대 코딩 배워야 합니다. AI App Flow를 아시면 무엇을 배워야 하는지 아실 수 있습니다.,"Apr 4, 2025",1720,128
2025-04-09,lBPidxUL8zg,LLMCompiler 2 : AI 시대 코딩 배워야 합니다. AI App Flow를 아시면 무엇을 배워야 하는지 아실 수 있습니다.,"Apr 4, 2025",1720,85
2025-04-10,lBPidxUL8zg,LLMCompiler 2 : AI 시대 코딩 배워야 합니다. AI App Flow를 아시면 무엇을 배워야 하는지 아실 수 있습니다.,"Apr 4, 2025",1720,63
2025-04-11,lBPidxUL8zg,LLMCompiler 2 : AI 시대 코딩 배워야 합니다. AI App Flow를 아시면 무엇을 배워야 하는지 아실 수 있습니다.,"Apr 4, 2025",1720,66
2025-04-12,lBPidxUL8zg,LLMCompiler 2 : AI 시대 코딩 배워야 합니다. AI App Flow를 아시면 무엇을 배워야 하는지 아실 수 있습니다.,"Apr 4, 2025",1720,46
2025-04-13,lBPidxUL8zg,LLMCompiler 2 : AI 시대 코딩 배워야 합니다. AI App Flow를 아시면 무엇을 배워야 하는지 아실 수 있습니다.,"Apr 4, 2025",1720,43
2025-04-14,lBPidxUL8zg,LLMCompiler 2 : AI 시대 코딩 배워야 합니다. AI App Flow를 아시면 무엇을 배워야 하는지 아실 수 있습니다.,"Apr 4, 2025",1720,36
2025-04-15,lBPidxUL8zg,LLMCompiler 2 : AI 시대 코딩 배워야 합니다. AI App Flow를 아시면 무엇을 배워야 하는지 아실 수 있습니다.,"Apr 4, 2025",1720,41
2025-04-16,lBPidxUL8zg,LLMCompiler 2 : AI 시대 코딩 배워야 합니다. AI App Flow를 아시면 무엇을 배워야 하는지 아실 수 있습니다.,"Apr 4, 2025",1720,30
2025-04-17,lBPidxUL8zg,LLMCompiler 2 : AI 시대 코딩 배워야 합니다. AI App Flow를 아시면 무엇을 배워야 하는지 아실 수 있습니다.,"Apr 4, 2025",1720,40
2025-04-18,lBPidxUL8zg,LLMCompiler 2 : AI 시대 코딩 배워야 합니다. AI App Flow를 아시면 무엇을 배워야 하는지 아실 수 있습니다.,"Apr 4, 2025",1720,23
2025-04-19,lBPidxUL8zg,LLMCompiler 2 : AI 시대 코딩 배워야 합니다. AI App Flow를 아시면 무엇을 배워야 하는지 아실 수 있습니다.,"Apr 4, 2025",1720,48
2025-04-20,lBPidxUL8zg,LLMCompiler 2 : AI 시대 코딩 배워야 합니다. AI App Flow를 아시면 무엇을 배워야 하는지 아실 수 있습니다.,"Apr 4, 2025",1720,37
2025-04-21,lBPidxUL8zg,LLMCompiler 2 : AI 시대 코딩 배워야 합니다. AI App Flow를 아시면 무엇을 배워야 하는지 아실 수 있습니다.,"Apr 4, 2025",1720,16
2025-04-22,lBPidxUL8zg,LLMCompiler 2 : AI 시대 코딩 배워야 합니다. AI App Flow를 아시면 무엇을 배워야 하는지 아실 수 있습니다.,"Apr 4, 2025",1720,19
2025-04-23,lBPidxUL8zg,LLMCompiler 2 : AI 시대 코딩 배워야 합니다. AI App Flow를 아시면 무엇을 배워야 하는지 아실 수 있습니다.,"Apr 4, 2025",1720,25
2025-04-24,lBPidxUL8zg,LLMCompiler 2 : AI 시대 코딩 배워야 합니다. AI App Flow를 아시면 무엇을 배워야 하는지 아실 수 있습니다.,"Apr 4, 2025",1720,24
2025-04-25,lBPidxUL8zg,LLMCompiler 2 : AI 시대 코딩 배워야 합니다. AI App Flow를 아시면 무엇을 배워야 하는지 아실 수 있습니다.,"Apr 4, 2025",1720,10
2025-04-26,lBPidxUL8zg,LLMCompiler 2 : AI 시대 코딩 배워야 합니다. AI App Flow를 아시면 무엇을 배워야 하는지 아실 수 있습니다.,"Apr 4, 2025",1720,20
2025-04-27,lBPidxUL8zg,LLMCompiler 2 : AI 시대 코딩 배워야 합니다. AI App Flow를 아시면 무엇을 배워야 하는지 아실 수 있습니다.,"Apr 4, 2025",1720,9
2025-04-28,lBPidxUL8zg,LLMCompiler 2 : AI 시대 코딩 배워야 합니다. AI App Flow를 아시면 무엇을 배워야 하는지 아실 수 있습니다.,"Apr 4, 2025",1720,11
2025-04-29,lBPidxUL8zg,LLMCompiler 2 : AI 시대 코딩 배워야 합니다. AI App Flow를 아시면 무엇을 배워야 하는지 아실 수 있습니다.,"Apr 4, 2025",1720,12
2025-04-30,lBPidxUL8zg,LLMCompiler 2 : AI 시대 코딩 배워야 합니다. AI App Flow를 아시면 무엇을 배워야 하는지 아실 수 있습니다.,"Apr 4, 2025",1720,11
2025-05-01,lBPidxUL8zg,LLMCompiler 2 : AI 시대 코딩 배워야 합니다. AI App Flow를 아시면 무엇을 배워야 하는지 아실 수 있습니다.,"Apr 4, 2025",1720,20
2025-05-02,lBPidxUL8zg,LLMCompiler 2 : AI 시대 코딩 배워야 합니다. AI App Flow를 아시면 무엇을 배워야 하는지 아실 수 있습니다.,"Apr 4, 2025",1720,12
2025-05-03,lBPidxUL8zg,LLMCompiler 2 : AI 시대 코딩 배워야 합니다. AI App Flow를 아시면 무엇을 배워야 하는지 아실 수 있습니다.,"Apr 4, 2025",1720,12
2025-05-04,lBPidxUL8zg,LLMCompiler 2 : AI 시대 코딩 배워야 합니다. AI App Flow를 아시면 무엇을 배워야 하는지 아실 수 있습니다.,"Apr 4, 2025",1720,3
2025-05-05,lBPidxUL8zg,LLMCompiler 2 : AI 시대 코딩 배워야 합니다. AI App Flow를 아시면 무엇을 배워야 하는지 아실 수 있습니다.,"Apr 4, 2025",1720,7
2025-05-06,lBPidxUL8zg,LLMCompiler 2 : AI 시대 코딩 배워야 합니다. AI App Flow를 아시면 무엇을 배워야 하는지 아실 수 있습니다.,"Apr 4, 2025",1720,4
2025-05-07,lBPidxUL8zg,LLMCompiler 2 : AI 시대 코딩 배워야 합니다. AI App Flow를 아시면 무엇을 배워야 하는지 아실 수 있습니다.,"Apr 4, 2025",1720,1
2025-05-08,lBPidxUL8zg,LLMCompiler 2 : AI 시대 코딩 배워야 합니다. AI App Flow를 아시면 무엇을 배워야 하는지 아실 수 있습니다.,"Apr 4, 2025",1720,2
2025-05-09,lBPidxUL8zg,LLMCompiler 2 : AI 시대 코딩 배워야 합니다. AI App Flow를 아시면 무엇을 배워야 하는지 아실 수 있습니다.,"Apr 4, 2025",1720,2
2025-05-10,lBPidxUL8zg,LLMCompiler 2 : AI 시대 코딩 배워야 합니다. AI App Flow를 아시면 무엇을 배워야 하는지 아실 수 있습니다.,"Apr 4, 2025",1720,9
2025-05-11,lBPidxUL8zg,LLMCompiler 2 : AI 시대 코딩 배워야 합니다. AI App Flow를 아시면 무엇을 배워야 하는지 아실 수 있습니다.,"Apr 4, 2025",1720,3
2025-05-12,lBPidxUL8zg,LLMCompiler 2 : AI 시대 코딩 배워야 합니다. AI App Flow를 아시면 무엇을 배워야 하는지 아실 수 있습니다.,"Apr 4, 2025",1720,6
2025-05-13,lBPidxUL8zg,LLMCompiler 2 : AI 시대 코딩 배워야 합니다. AI App Flow를 아시면 무엇을 배워야 하는지 아실 수 있습니다.,"Apr 4, 2025",1720,5
2025-05-14,lBPidxUL8zg,LLMCompiler 2 : AI 시대 코딩 배워야 합니다. AI App Flow를 아시면 무엇을 배워야 하는지 아실 수 있습니다.,"Apr 4, 2025",1720,5
2025-05-15,lBPidxUL8zg,LLMCompiler 2 : AI 시대 코딩 배워야 합니다. AI App Flow를 아시면 무엇을 배워야 하는지 아실 수 있습니다.,"Apr 4, 2025",1720,3
2025-05-16,lBPidxUL8zg,LLMCompiler 2 : AI 시대 코딩 배워야 합니다. AI App Flow를 아시면 무엇을 배워야 하는지 아실 수 있습니다.,"Apr 4, 2025",1720,7
2025-05-17,lBPidxUL8zg,LLMCompiler 2 : AI 시대 코딩 배워야 합니다. AI App Flow를 아시면 무엇을 배워야 하는지 아실 수 있습니다.,"Apr 4, 2025",1720,5
2025-05-18,lBPidxUL8zg,LLMCompiler 2 : AI 시대 코딩 배워야 합니다. AI App Flow를 아시면 무엇을 배워야 하는지 아실 수 있습니다.,"Apr 4, 2025",1720,3
2025-05-19,lBPidxUL8zg,LLMCompiler 2 : AI 시대 코딩 배워야 합니다. AI App Flow를 아시면 무엇을 배워야 하는지 아실 수 있습니다.,"Apr 4, 2025",1720,0
2025-05-20,lBPidxUL8zg,LLMCompiler 2 : AI 시대 코딩 배워야 합니다. AI App Flow를 아시면 무엇을 배워야 하는지 아실 수 있습니다.,"Apr 4, 2025",1720,1
2025-05-21,lBPidxUL8zg,LLMCompiler 2 : AI 시대 코딩 배워야 합니다. AI App Flow를 아시면 무엇을 배워야 하는지 아실 수 있습니다.,"Apr 4, 2025",1720,0
2025-05-22,lBPidxUL8zg,LLMCompiler 2 : AI 시대 코딩 배워야 합니다. AI App Flow를 아시면 무엇을 배워야 하는지 아실 수 있습니다.,"Apr 4, 2025",1720,1
2025-05-23,lBPidxUL8zg,LLMCompiler 2 : AI 시대 코딩 배워야 합니다. AI App Flow를 아시면 무엇을 배워야 하는지 아실 수 있습니다.,"Apr 4, 2025",1720,1
2025-05-24,lBPidxUL8zg,LLMCompiler 2 : AI 시대 코딩 배워야 합니다. AI App Flow를 아시면 무엇을 배워야 하는지 아실 수 있습니다.,"Apr 4, 2025",1720,1
2025-05-25,lBPidxUL8zg,LLMCompiler 2 : AI 시대 코딩 배워야 합니다. AI App Flow를 아시면 무엇을 배워야 하는지 아실 수 있습니다.,"Apr 4, 2025",1720,2
2025-05-26,lBPidxUL8zg,LLMCompiler 2 : AI 시대 코딩 배워야 합니다. AI App Flow를 아시면 무엇을 배워야 하는지 아실 수 있습니다.,"Apr 4, 2025",1720,1
2025-05-27,lBPidxUL8zg,LLMCompiler 2 : AI 시대 코딩 배워야 합니다. AI App Flow를 아시면 무엇을 배워야 하는지 아실 수 있습니다.,"Apr 4, 2025",1720,0
2025-05-28,lBPidxUL8zg,LLMCompiler 2 : AI 시대 코딩 배워야 합니다. AI App Flow를 아시면 무엇을 배워야 하는지 아실 수 있습니다.,"Apr 4, 2025",1720,3
2025-05-29,lBPidxUL8zg,LLMCompiler 2 : AI 시대 코딩 배워야 합니다. AI App Flow를 아시면 무엇을 배워야 하는지 아실 수 있습니다.,"Apr 4, 2025",1720,2
2025-05-30,lBPidxUL8zg,LLMCompiler 2 : AI 시대 코딩 배워야 합니다. AI App Flow를 아시면 무엇을 배워야 하는지 아실 수 있습니다.,"Apr 4, 2025",1720,3
2025-05-31,lBPidxUL8zg,LLMCompiler 2 : AI 시대 코딩 배워야 합니다. AI App Flow를 아시면 무엇을 배워야 하는지 아실 수 있습니다.,"Apr 4, 2025",1720,4
2025-06-01,lBPidxUL8zg,LLMCompiler 2 : AI 시대 코딩 배워야 합니다. AI App Flow를 아시면 무엇을 배워야 하는지 아실 수 있습니다.,"Apr 4, 2025",1720,1
2025-06-02,lBPidxUL8zg,LLMCompiler 2 : AI 시대 코딩 배워야 합니다. AI App Flow를 아시면 무엇을 배워야 하는지 아실 수 있습니다.,"Apr 4, 2025",1720,5
2025-06-03,lBPidxUL8zg,LLMCompiler 2 : AI 시대 코딩 배워야 합니다. AI App Flow를 아시면 무엇을 배워야 하는지 아실 수 있습니다.,"Apr 4, 2025",1720,2
2025-06-04,lBPidxUL8zg,LLMCompiler 2 : AI 시대 코딩 배워야 합니다. AI App Flow를 아시면 무엇을 배워야 하는지 아실 수 있습니다.,"Apr 4, 2025",1720,1
2025-06-05,lBPidxUL8zg,LLMCompiler 2 : AI 시대 코딩 배워야 합니다. AI App Flow를 아시면 무엇을 배워야 하는지 아실 수 있습니다.,"Apr 4, 2025",1720,1
2025-06-06,lBPidxUL8zg,LLMCompiler 2 : AI 시대 코딩 배워야 합니다. AI App Flow를 아시면 무엇을 배워야 하는지 아실 수 있습니다.,"Apr 4, 2025",1720,1
2025-06-07,lBPidxUL8zg,LLMCompiler 2 : AI 시대 코딩 배워야 합니다. AI App Flow를 아시면 무엇을 배워야 하는지 아실 수 있습니다.,"Apr 4, 2025",1720,0
2025-06-08,lBPidxUL8zg,LLMCompiler 2 : AI 시대 코딩 배워야 합니다. AI App Flow를 아시면 무엇을 배워야 하는지 아실 수 있습니다.,"Apr 4, 2025",1720,4
2025-06-09,lBPidxUL8zg,LLMCompiler 2 : AI 시대 코딩 배워야 합니다. AI App Flow를 아시면 무엇을 배워야 하는지 아실 수 있습니다.,"Apr 4, 2025",1720,1
2025-06-10,lBPidxUL8zg,LLMCompiler 2 : AI 시대 코딩 배워야 합니다. AI App Flow를 아시면 무엇을 배워야 하는지 아실 수 있습니다.,"Apr 4, 2025",1720,1
2025-06-11,lBPidxUL8zg,LLMCompiler 2 : AI 시대 코딩 배워야 합니다. AI App Flow를 아시면 무엇을 배워야 하는지 아실 수 있습니다.,"Apr 4, 2025",1720,2
2025-06-12,lBPidxUL8zg,LLMCompiler 2 : AI 시대 코딩 배워야 합니다. AI App Flow를 아시면 무엇을 배워야 하는지 아실 수 있습니다.,"Apr 4, 2025",1720,3
2025-06-13,lBPidxUL8zg,LLMCompiler 2 : AI 시대 코딩 배워야 합니다. AI App Flow를 아시면 무엇을 배워야 하는지 아실 수 있습니다.,"Apr 4, 2025",1720,0
2025-06-14,lBPidxUL8zg,LLMCompiler 2 : AI 시대 코딩 배워야 합니다. AI App Flow를 아시면 무엇을 배워야 하는지 아실 수 있습니다.,"Apr 4, 2025",1720,0
2025-06-15,lBPidxUL8zg,LLMCompiler 2 : AI 시대 코딩 배워야 합니다. AI App Flow를 아시면 무엇을 배워야 하는지 아실 수 있습니다.,"Apr 4, 2025",1720,1
2025-06-16,lBPidxUL8zg,LLMCompiler 2 : AI 시대 코딩 배워야 합니다. AI App Flow를 아시면 무엇을 배워야 하는지 아실 수 있습니다.,"Apr 4, 2025",1720,2
2025-06-17,lBPidxUL8zg,LLMCompiler 2 : AI 시대 코딩 배워야 합니다. AI App Flow를 아시면 무엇을 배워야 하는지 아실 수 있습니다.,"Apr 4, 2025",1720,0
2025-06-18,lBPidxUL8zg,LLMCompiler 2 : AI 시대 코딩 배워야 합니다. AI App Flow를 아시면 무엇을 배워야 하는지 아실 수 있습니다.,"Apr 4, 2025",1720,2
2025-06-19,lBPidxUL8zg,LLMCompiler 2 : AI 시대 코딩 배워야 합니다. AI App Flow를 아시면 무엇을 배워야 하는지 아실 수 있습니다.,"Apr 4, 2025",1720,0
2025-06-20,lBPidxUL8zg,LLMCompiler 2 : AI 시대 코딩 배워야 합니다. AI App Flow를 아시면 무엇을 배워야 하는지 아실 수 있습니다.,"Apr 4, 2025",1720,0
2025-06-21,lBPidxUL8zg,LLMCompiler 2 : AI 시대 코딩 배워야 합니다. AI App Flow를 아시면 무엇을 배워야 하는지 아실 수 있습니다.,"Apr 4, 2025",1720,0
2025-06-22,lBPidxUL8zg,LLMCompiler 2 : AI 시대 코딩 배워야 합니다. AI App Flow를 아시면 무엇을 배워야 하는지 아실 수 있습니다.,"Apr 4, 2025",1720,2
2025-06-23,lBPidxUL8zg,LLMCompiler 2 : AI 시대 코딩 배워야 합니다. AI App Flow를 아시면 무엇을 배워야 하는지 아실 수 있습니다.,"Apr 4, 2025",1720,6
2025-06-24,lBPidxUL8zg,LLMCompiler 2 : AI 시대 코딩 배워야 합니다. AI App Flow를 아시면 무엇을 배워야 하는지 아실 수 있습니다.,"Apr 4, 2025",1720,3
2025-06-25,lBPidxUL8zg,LLMCompiler 2 : AI 시대 코딩 배워야 합니다. AI App Flow를 아시면 무엇을 배워야 하는지 아실 수 있습니다.,"Apr 4, 2025",1720,1
2025-06-26,lBPidxUL8zg,LLMCompiler 2 : AI 시대 코딩 배워야 합니다. AI App Flow를 아시면 무엇을 배워야 하는지 아실 수 있습니다.,"Apr 4, 2025",1720,6
2025-06-27,lBPidxUL8zg,LLMCompiler 2 : AI 시대 코딩 배워야 합니다. AI App Flow를 아시면 무엇을 배워야 하는지 아실 수 있습니다.,"Apr 4, 2025",1720,2
2025-06-28,lBPidxUL8zg,LLMCompiler 2 : AI 시대 코딩 배워야 합니다. AI App Flow를 아시면 무엇을 배워야 하는지 아실 수 있습니다.,"Apr 4, 2025",1720,1
2025-06-29,lBPidxUL8zg,LLMCompiler 2 : AI 시대 코딩 배워야 합니다. AI App Flow를 아시면 무엇을 배워야 하는지 아실 수 있습니다.,"Apr 4, 2025",1720,1
2025-06-30,lBPidxUL8zg,LLMCompiler 2 : AI 시대 코딩 배워야 합니다. AI App Flow를 아시면 무엇을 배워야 하는지 아실 수 있습니다.,"Apr 4, 2025",1720,2
2025-07-01,lBPidxUL8zg,LLMCompiler 2 : AI 시대 코딩 배워야 합니다. AI App Flow를 아시면 무엇을 배워야 하는지 아실 수 있습니다.,"Apr 4, 2025",1720,0
2025-07-02,lBPidxUL8zg,LLMCompiler 2 : AI 시대 코딩 배워야 합니다. AI App Flow를 아시면 무엇을 배워야 하는지 아실 수 있습니다.,"Apr 4, 2025",1720,1
2025-07-03,lBPidxUL8zg,LLMCompiler 2 : AI 시대 코딩 배워야 합니다. AI App Flow를 아시면 무엇을 배워야 하는지 아실 수 있습니다.,"Apr 4, 2025",1720,0
2025-07-04,lBPidxUL8zg,LLMCompiler 2 : AI 시대 코딩 배워야 합니다. AI App Flow를 아시면 무엇을 배워야 하는지 아실 수 있습니다.,"Apr 4, 2025",1720,0
2025-07-05,lBPidxUL8zg,LLMCompiler 2 : AI 시대 코딩 배워야 합니다. AI App Flow를 아시면 무엇을 배워야 하는지 아실 수 있습니다.,"Apr 4, 2025",1720,2
2025-07-06,lBPidxUL8zg,LLMCompiler 2 : AI 시대 코딩 배워야 합니다. AI App Flow를 아시면 무엇을 배워야 하는지 아실 수 있습니다.,"Apr 4, 2025",1720,3
2025-07-07,lBPidxUL8zg,LLMCompiler 2 : AI 시대 코딩 배워야 합니다. AI App Flow를 아시면 무엇을 배워야 하는지 아실 수 있습니다.,"Apr 4, 2025",1720,0
2025-07-08,lBPidxUL8zg,LLMCompiler 2 : AI 시대 코딩 배워야 합니다. AI App Flow를 아시면 무엇을 배워야 하는지 아실 수 있습니다.,"Apr 4, 2025",1720,0
2025-07-09,lBPidxUL8zg,LLMCompiler 2 : AI 시대 코딩 배워야 합니다. AI App Flow를 아시면 무엇을 배워야 하는지 아실 수 있습니다.,"Apr 4, 2025",1720,1
2025-07-10,lBPidxUL8zg,LLMCompiler 2 : AI 시대 코딩 배워야 합니다. AI App Flow를 아시면 무엇을 배워야 하는지 아실 수 있습니다.,"Apr 4, 2025",1720,0
2025-07-11,lBPidxUL8zg,LLMCompiler 2 : AI 시대 코딩 배워야 합니다. AI App Flow를 아시면 무엇을 배워야 하는지 아실 수 있습니다.,"Apr 4, 2025",1720,1
2025-07-12,lBPidxUL8zg,LLMCompiler 2 : AI 시대 코딩 배워야 합니다. AI App Flow를 아시면 무엇을 배워야 하는지 아실 수 있습니다.,"Apr 4, 2025",1720,1
2025-07-13,lBPidxUL8zg,LLMCompiler 2 : AI 시대 코딩 배워야 합니다. AI App Flow를 아시면 무엇을 배워야 하는지 아실 수 있습니다.,"Apr 4, 2025",1720,1
2025-07-14,lBPidxUL8zg,LLMCompiler 2 : AI 시대 코딩 배워야 합니다. AI App Flow를 아시면 무엇을 배워야 하는지 아실 수 있습니다.,"Apr 4, 2025",1720,1
2025-07-15,lBPidxUL8zg,LLMCompiler 2 : AI 시대 코딩 배워야 합니다. AI App Flow를 아시면 무엇을 배워야 하는지 아실 수 있습니다.,"Apr 4, 2025",1720,1
2025-07-16,lBPidxUL8zg,LLMCompiler 2 : AI 시대 코딩 배워야 합니다. AI App Flow를 아시면 무엇을 배워야 하는지 아실 수 있습니다.,"Apr 4, 2025",1720,0
2025-07-17,lBPidxUL8zg,LLMCompiler 2 : AI 시대 코딩 배워야 합니다. AI App Flow를 아시면 무엇을 배워야 하는지 아실 수 있습니다.,"Apr 4, 2025",1720,1
2025-07-18,lBPidxUL8zg,LLMCompiler 2 : AI 시대 코딩 배워야 합니다. AI App Flow를 아시면 무엇을 배워야 하는지 아실 수 있습니다.,"Apr 4, 2025",1720,0
2025-07-19,lBPidxUL8zg,LLMCompiler 2 : AI 시대 코딩 배워야 합니다. AI App Flow를 아시면 무엇을 배워야 하는지 아실 수 있습니다.,"Apr 4, 2025",1720,1
2025-07-20,lBPidxUL8zg,LLMCompiler 2 : AI 시대 코딩 배워야 합니다. AI App Flow를 아시면 무엇을 배워야 하는지 아실 수 있습니다.,"Apr 4, 2025",1720,2
2025-07-21,lBPidxUL8zg,LLMCompiler 2 : AI 시대 코딩 배워야 합니다. AI App Flow를 아시면 무엇을 배워야 하는지 아실 수 있습니다.,"Apr 4, 2025",1720,0
2025-07-22,lBPidxUL8zg,LLMCompiler 2 : AI 시대 코딩 배워야 합니다. AI App Flow를 아시면 무엇을 배워야 하는지 아실 수 있습니다.,"Apr 4, 2025",1720,1
2025-07-23,lBPidxUL8zg,LLMCompiler 2 : AI 시대 코딩 배워야 합니다. AI App Flow를 아시면 무엇을 배워야 하는지 아실 수 있습니다.,"Apr 4, 2025",1720,1
2025-07-24,lBPidxUL8zg,LLMCompiler 2 : AI 시대 코딩 배워야 합니다. AI App Flow를 아시면 무엇을 배워야 하는지 아실 수 있습니다.,"Apr 4, 2025",1720,0
2025-07-25,lBPidxUL8zg,LLMCompiler 2 : AI 시대 코딩 배워야 합니다. AI App Flow를 아시면 무엇을 배워야 하는지 아실 수 있습니다.,"Apr 4, 2025",1720,0
2025-07-26,lBPidxUL8zg,LLMCompiler 2 : AI 시대 코딩 배워야 합니다. AI App Flow를 아시면 무엇을 배워야 하는지 아실 수 있습니다.,"Apr 4, 2025",1720,0
2025-07-27,lBPidxUL8zg,LLMCompiler 2 : AI 시대 코딩 배워야 합니다. AI App Flow를 아시면 무엇을 배워야 하는지 아실 수 있습니다.,"Apr 4, 2025",1720,0
2025-07-28,lBPidxUL8zg,LLMCompiler 2 : AI 시대 코딩 배워야 합니다. AI App Flow를 아시면 무엇을 배워야 하는지 아실 수 있습니다.,"Apr 4, 2025",1720,0
2025-07-29,lBPidxUL8zg,LLMCompiler 2 : AI 시대 코딩 배워야 합니다. AI App Flow를 아시면 무엇을 배워야 하는지 아실 수 있습니다.,"Apr 4, 2025",1720,0
2025-07-30,lBPidxUL8zg,LLMCompiler 2 : AI 시대 코딩 배워야 합니다. AI App Flow를 아시면 무엇을 배워야 하는지 아실 수 있습니다.,"Apr 4, 2025",1720,0
2025-07-31,lBPidxUL8zg,LLMCompiler 2 : AI 시대 코딩 배워야 합니다. AI App Flow를 아시면 무엇을 배워야 하는지 아실 수 있습니다.,"Apr 4, 2025",1720,0
2025-08-01,lBPidxUL8zg,LLMCompiler 2 : AI 시대 코딩 배워야 합니다. AI App Flow를 아시면 무엇을 배워야 하는지 아실 수 있습니다.,"Apr 4, 2025",1720,1
2025-08-02,lBPidxUL8zg,LLMCompiler 2 : AI 시대 코딩 배워야 합니다. AI App Flow를 아시면 무엇을 배워야 하는지 아실 수 있습니다.,"Apr 4, 2025",1720,0
2025-08-03,lBPidxUL8zg,LLMCompiler 2 : AI 시대 코딩 배워야 합니다. AI App Flow를 아시면 무엇을 배워야 하는지 아실 수 있습니다.,"Apr 4, 2025",1720,0
2025-08-04,lBPidxUL8zg,LLMCompiler 2 : AI 시대 코딩 배워야 합니다. AI App Flow를 아시면 무엇을 배워야 하는지 아실 수 있습니다.,"Apr 4, 2025",1720,2
2025-08-05,lBPidxUL8zg,LLMCompiler 2 : AI 시대 코딩 배워야 합니다. AI App Flow를 아시면 무엇을 배워야 하는지 아실 수 있습니다.,"Apr 4, 2025",1720,0
2025-08-06,lBPidxUL8zg,LLMCompiler 2 : AI 시대 코딩 배워야 합니다. AI App Flow를 아시면 무엇을 배워야 하는지 아실 수 있습니다.,"Apr 4, 2025",1720,1
2025-08-07,lBPidxUL8zg,LLMCompiler 2 : AI 시대 코딩 배워야 합니다. AI App Flow를 아시면 무엇을 배워야 하는지 아실 수 있습니다.,"Apr 4, 2025",1720,1
2025-08-08,lBPidxUL8zg,LLMCompiler 2 : AI 시대 코딩 배워야 합니다. AI App Flow를 아시면 무엇을 배워야 하는지 아실 수 있습니다.,"Apr 4, 2025",1720,0
2025-08-09,lBPidxUL8zg,LLMCompiler 2 : AI 시대 코딩 배워야 합니다. AI App Flow를 아시면 무엇을 배워야 하는지 아실 수 있습니다.,"Apr 4, 2025",1720,0
2025-08-10,lBPidxUL8zg,LLMCompiler 2 : AI 시대 코딩 배워야 합니다. AI App Flow를 아시면 무엇을 배워야 하는지 아실 수 있습니다.,"Apr 4, 2025",1720,0
2025-08-11,lBPidxUL8zg,LLMCompiler 2 : AI 시대 코딩 배워야 합니다. AI App Flow를 아시면 무엇을 배워야 하는지 아실 수 있습니다.,"Apr 4, 2025",1720,0
2025-08-12,lBPidxUL8zg,LLMCompiler 2 : AI 시대 코딩 배워야 합니다. AI App Flow를 아시면 무엇을 배워야 하는지 아실 수 있습니다.,"Apr 4, 2025",1720,1
2025-08-13,lBPidxUL8zg,LLMCompiler 2 : AI 시대 코딩 배워야 합니다. AI App Flow를 아시면 무엇을 배워야 하는지 아실 수 있습니다.,"Apr 4, 2025",1720,0
2025-08-14,lBPidxUL8zg,LLMCompiler 2 : AI 시대 코딩 배워야 합니다. AI App Flow를 아시면 무엇을 배워야 하는지 아실 수 있습니다.,"Apr 4, 2025",1720,0
2025-08-15,lBPidxUL8zg,LLMCompiler 2 : AI 시대 코딩 배워야 합니다. AI App Flow를 아시면 무엇을 배워야 하는지 아실 수 있습니다.,"Apr 4, 2025",1720,2
2025-08-16,lBPidxUL8zg,LLMCompiler 2 : AI 시대 코딩 배워야 합니다. AI App Flow를 아시면 무엇을 배워야 하는지 아실 수 있습니다.,"Apr 4, 2025",1720,1
2025-08-17,lBPidxUL8zg,LLMCompiler 2 : AI 시대 코딩 배워야 합니다. AI App Flow를 아시면 무엇을 배워야 하는지 아실 수 있습니다.,"Apr 4, 2025",1720,0
2025-08-18,lBPidxUL8zg,LLMCompiler 2 : AI 시대 코딩 배워야 합니다. AI App Flow를 아시면 무엇을 배워야 하는지 아실 수 있습니다.,"Apr 4, 2025",1720,0
2025-08-19,lBPidxUL8zg,LLMCompiler 2 : AI 시대 코딩 배워야 합니다. AI App Flow를 아시면 무엇을 배워야 하는지 아실 수 있습니다.,"Apr 4, 2025",1720,0
2025-08-20,lBPidxUL8zg,LLMCompiler 2 : AI 시대 코딩 배워야 합니다. AI App Flow를 아시면 무엇을 배워야 하는지 아실 수 있습니다.,"Apr 4, 2025",1720,0
2025-08-21,lBPidxUL8zg,LLMCompiler 2 : AI 시대 코딩 배워야 합니다. AI App Flow를 아시면 무엇을 배워야 하는지 아실 수 있습니다.,"Apr 4, 2025",1720,0
2025-08-22,lBPidxUL8zg,LLMCompiler 2 : AI 시대 코딩 배워야 합니다. AI App Flow를 아시면 무엇을 배워야 하는지 아실 수 있습니다.,"Apr 4, 2025",1720,0
2025-08-23,lBPidxUL8zg,LLMCompiler 2 : AI 시대 코딩 배워야 합니다. AI App Flow를 아시면 무엇을 배워야 하는지 아실 수 있습니다.,"Apr 4, 2025",1720,0
2025-08-24,lBPidxUL8zg,LLMCompiler 2 : AI 시대 코딩 배워야 합니다. AI App Flow를 아시면 무엇을 배워야 하는지 아실 수 있습니다.,"Apr 4, 2025",1720,0
2025-08-25,lBPidxUL8zg,LLMCompiler 2 : AI 시대 코딩 배워야 합니다. AI App Flow를 아시면 무엇을 배워야 하는지 아실 수 있습니다.,"Apr 4, 2025",1720,0
2025-08-26,lBPidxUL8zg,LLMCompiler 2 : AI 시대 코딩 배워야 합니다. AI App Flow를 아시면 무엇을 배워야 하는지 아실 수 있습니다.,"Apr 4, 2025",1720,0
2025-08-27,lBPidxUL8zg,LLMCompiler 2 : AI 시대 코딩 배워야 합니다. AI App Flow를 아시면 무엇을 배워야 하는지 아실 수 있습니다.,"Apr 4, 2025",1720,0
2025-08-28,lBPidxUL8zg,LLMCompiler 2 : AI 시대 코딩 배워야 합니다. AI App Flow를 아시면 무엇을 배워야 하는지 아실 수 있습니다.,"Apr 4, 2025",1720,2
2025-08-29,lBPidxUL8zg,LLMCompiler 2 : AI 시대 코딩 배워야 합니다. AI App Flow를 아시면 무엇을 배워야 하는지 아실 수 있습니다.,"Apr 4, 2025",1720,0
2025-08-30,lBPidxUL8zg,LLMCompiler 2 : AI 시대 코딩 배워야 합니다. AI App Flow를 아시면 무엇을 배워야 하는지 아실 수 있습니다.,"Apr 4, 2025",1720,3
2025-08-31,lBPidxUL8zg,LLMCompiler 2 : AI 시대 코딩 배워야 합니다. AI App Flow를 아시면 무엇을 배워야 하는지 아실 수 있습니다.,"Apr 4, 2025",1720,1
2025-09-01,lBPidxUL8zg,LLMCompiler 2 : AI 시대 코딩 배워야 합니다. AI App Flow를 아시면 무엇을 배워야 하는지 아실 수 있습니다.,"Apr 4, 2025",1720,1
2025-09-02,lBPidxUL8zg,LLMCompiler 2 : AI 시대 코딩 배워야 합니다. AI App Flow를 아시면 무엇을 배워야 하는지 아실 수 있습니다.,"Apr 4, 2025",1720,2
2025-09-03,lBPidxUL8zg,LLMCompiler 2 : AI 시대 코딩 배워야 합니다. AI App Flow를 아시면 무엇을 배워야 하는지 아실 수 있습니다.,"Apr 4, 2025",1720,0
2025-09-04,lBPidxUL8zg,LLMCompiler 2 : AI 시대 코딩 배워야 합니다. AI App Flow를 아시면 무엇을 배워야 하는지 아실 수 있습니다.,"Apr 4, 2025",1720,2
2025-09-05,lBPidxUL8zg,LLMCompiler 2 : AI 시대 코딩 배워야 합니다. AI App Flow를 아시면 무엇을 배워야 하는지 아실 수 있습니다.,"Apr 4, 2025",1720,0
2025-09-06,lBPidxUL8zg,LLMCompiler 2 : AI 시대 코딩 배워야 합니다. AI App Flow를 아시면 무엇을 배워야 하는지 아실 수 있습니다.,"Apr 4, 2025",1720,0
2025-09-07,lBPidxUL8zg,LLMCompiler 2 : AI 시대 코딩 배워야 합니다. AI App Flow를 아시면 무엇을 배워야 하는지 아실 수 있습니다.,"Apr 4, 2025",1720,4
2025-09-08,lBPidxUL8zg,LLMCompiler 2 : AI 시대 코딩 배워야 합니다. AI App Flow를 아시면 무엇을 배워야 하는지 아실 수 있습니다.,"Apr 4, 2025",1720,1
2025-09-09,lBPidxUL8zg,LLMCompiler 2 : AI 시대 코딩 배워야 합니다. AI App Flow를 아시면 무엇을 배워야 하는지 아실 수 있습니다.,"Apr 4, 2025",1720,0
2025-09-10,lBPidxUL8zg,LLMCompiler 2 : AI 시대 코딩 배워야 합니다. AI App Flow를 아시면 무엇을 배워야 하는지 아실 수 있습니다.,"Apr 4, 2025",1720,0
2025-09-11,lBPidxUL8zg,LLMCompiler 2 : AI 시대 코딩 배워야 합니다. AI App Flow를 아시면 무엇을 배워야 하는지 아실 수 있습니다.,"Apr 4, 2025",1720,0
2025-09-12,lBPidxUL8zg,LLMCompiler 2 : AI 시대 코딩 배워야 합니다. AI App Flow를 아시면 무엇을 배워야 하는지 아실 수 있습니다.,"Apr 4, 2025",1720,0
2025-09-13,lBPidxUL8zg,LLMCompiler 2 : AI 시대 코딩 배워야 합니다. AI App Flow를 아시면 무엇을 배워야 하는지 아실 수 있습니다.,"Apr 4, 2025",1720,1
2025-09-14,lBPidxUL8zg,LLMCompiler 2 : AI 시대 코딩 배워야 합니다. AI App Flow를 아시면 무엇을 배워야 하는지 아실 수 있습니다.,"Apr 4, 2025",1720,0
2025-09-15,lBPidxUL8zg,LLMCompiler 2 : AI 시대 코딩 배워야 합니다. AI App Flow를 아시면 무엇을 배워야 하는지 아실 수 있습니다.,"Apr 4, 2025",1720,0
2025-09-16,lBPidxUL8zg,LLMCompiler 2 : AI 시대 코딩 배워야 합니다. AI App Flow를 아시면 무엇을 배워야 하는지 아실 수 있습니다.,"Apr 4, 2025",1720,1
2025-09-17,lBPidxUL8zg,LLMCompiler 2 : AI 시대 코딩 배워야 합니다. AI App Flow를 아시면 무엇을 배워야 하는지 아실 수 있습니다.,"Apr 4, 2025",1720,0
2025-09-18,lBPidxUL8zg,LLMCompiler 2 : AI 시대 코딩 배워야 합니다. AI App Flow를 아시면 무엇을 배워야 하는지 아실 수 있습니다.,"Apr 4, 2025",1720,0
2025-09-19,lBPidxUL8zg,LLMCompiler 2 : AI 시대 코딩 배워야 합니다. AI App Flow를 아시면 무엇을 배워야 하는지 아실 수 있습니다.,"Apr 4, 2025",1720,0
2025-09-20,lBPidxUL8zg,LLMCompiler 2 : AI 시대 코딩 배워야 합니다. AI App Flow를 아시면 무엇을 배워야 하는지 아실 수 있습니다.,"Apr 4, 2025",1720,0
2025-09-21,lBPidxUL8zg,LLMCompiler 2 : AI 시대 코딩 배워야 합니다. AI App Flow를 아시면 무엇을 배워야 하는지 아실 수 있습니다.,"Apr 4, 2025",1720,0
2025-09-22,lBPidxUL8zg,LLMCompiler 2 : AI 시대 코딩 배워야 합니다. AI App Flow를 아시면 무엇을 배워야 하는지 아실 수 있습니다.,"Apr 4, 2025",1720,1
2025-09-23,lBPidxUL8zg,LLMCompiler 2 : AI 시대 코딩 배워야 합니다. AI App Flow를 아시면 무엇을 배워야 하는지 아실 수 있습니다.,"Apr 4, 2025",1720,1
2025-09-24,lBPidxUL8zg,LLMCompiler 2 : AI 시대 코딩 배워야 합니다. AI App Flow를 아시면 무엇을 배워야 하는지 아실 수 있습니다.,"Apr 4, 2025",1720,0
2025-09-25,lBPidxUL8zg,LLMCompiler 2 : AI 시대 코딩 배워야 합니다. AI App Flow를 아시면 무엇을 배워야 하는지 아실 수 있습니다.,"Apr 4, 2025",1720,0
2025-09-26,lBPidxUL8zg,LLMCompiler 2 : AI 시대 코딩 배워야 합니다. AI App Flow를 아시면 무엇을 배워야 하는지 아실 수 있습니다.,"Apr 4, 2025",1720,0
2025-09-27,lBPidxUL8zg,LLMCompiler 2 : AI 시대 코딩 배워야 합니다. AI App Flow를 아시면 무엇을 배워야 하는지 아실 수 있습니다.,"Apr 4, 2025",1720,1
2025-09-28,lBPidxUL8zg,LLMCompiler 2 : AI 시대 코딩 배워야 합니다. AI App Flow를 아시면 무엇을 배워야 하는지 아실 수 있습니다.,"Apr 4, 2025",1720,1
2025-09-29,lBPidxUL8zg,LLMCompiler 2 : AI 시대 코딩 배워야 합니다. AI App Flow를 아시면 무엇을 배워야 하는지 아실 수 있습니다.,"Apr 4, 2025",1720,0
2025-09-30,lBPidxUL8zg,LLMCompiler 2 : AI 시대 코딩 배워야 합니다. AI App Flow를 아시면 무엇을 배워야 하는지 아실 수 있습니다.,"Apr 4, 2025",1720,1
2025-10-01,lBPidxUL8zg,LLMCompiler 2 : AI 시대 코딩 배워야 합니다. AI App Flow를 아시면 무엇을 배워야 하는지 아실 수 있습니다.,"Apr 4, 2025",1720,0
2025-10-02,lBPidxUL8zg,LLMCompiler 2 : AI 시대 코딩 배워야 합니다. AI App Flow를 아시면 무엇을 배워야 하는지 아실 수 있습니다.,"Apr 4, 2025",1720,0
2025-10-03,lBPidxUL8zg,LLMCompiler 2 : AI 시대 코딩 배워야 합니다. AI App Flow를 아시면 무엇을 배워야 하는지 아실 수 있습니다.,"Apr 4, 2025",1720,0
2025-10-04,lBPidxUL8zg,LLMCompiler 2 : AI 시대 코딩 배워야 합니다. AI App Flow를 아시면 무엇을 배워야 하는지 아실 수 있습니다.,"Apr 4, 2025",1720,0
2025-10-05,lBPidxUL8zg,LLMCompiler 2 : AI 시대 코딩 배워야 합니다. AI App Flow를 아시면 무엇을 배워야 하는지 아실 수 있습니다.,"Apr 4, 2025",1720,0
2025-10-06,lBPidxUL8zg,LLMCompiler 2 : AI 시대 코딩 배워야 합니다. AI App Flow를 아시면 무엇을 배워야 하는지 아실 수 있습니다.,"Apr 4, 2025",1720,0
2025-10-07,lBPidxUL8zg,LLMCompiler 2 : AI 시대 코딩 배워야 합니다. AI App Flow를 아시면 무엇을 배워야 하는지 아실 수 있습니다.,"Apr 4, 2025",1720,1
2025-10-08,lBPidxUL8zg,LLMCompiler 2 : AI 시대 코딩 배워야 합니다. AI App Flow를 아시면 무엇을 배워야 하는지 아실 수 있습니다.,"Apr 4, 2025",1720,0
2025-10-09,lBPidxUL8zg,LLMCompiler 2 : AI 시대 코딩 배워야 합니다. AI App Flow를 아시면 무엇을 배워야 하는지 아실 수 있습니다.,"Apr 4, 2025",1720,0
2025-10-10,lBPidxUL8zg,LLMCompiler 2 : AI 시대 코딩 배워야 합니다. AI App Flow를 아시면 무엇을 배워야 하는지 아실 수 있습니다.,"Apr 4, 2025",1720,0
2025-10-11,lBPidxUL8zg,LLMCompiler 2 : AI 시대 코딩 배워야 합니다. AI App Flow를 아시면 무엇을 배워야 하는지 아실 수 있습니다.,"Apr 4, 2025",1720,0
2025-10-12,lBPidxUL8zg,LLMCompiler 2 : AI 시대 코딩 배워야 합니다. AI App Flow를 아시면 무엇을 배워야 하는지 아실 수 있습니다.,"Apr 4, 2025",1720,0
2025-10-13,lBPidxUL8zg,LLMCompiler 2 : AI 시대 코딩 배워야 합니다. AI App Flow를 아시면 무엇을 배워야 하는지 아실 수 있습니다.,"Apr 4, 2025",1720,0
2025-10-14,lBPidxUL8zg,LLMCompiler 2 : AI 시대 코딩 배워야 합니다. AI App Flow를 아시면 무엇을 배워야 하는지 아실 수 있습니다.,"Apr 4, 2025",1720,0
2025-10-15,lBPidxUL8zg,LLMCompiler 2 : AI 시대 코딩 배워야 합니다. AI App Flow를 아시면 무엇을 배워야 하는지 아실 수 있습니다.,"Apr 4, 2025",1720,0
2025-10-16,lBPidxUL8zg,LLMCompiler 2 : AI 시대 코딩 배워야 합니다. AI App Flow를 아시면 무엇을 배워야 하는지 아실 수 있습니다.,"Apr 4, 2025",1720,1
2025-10-17,lBPidxUL8zg,LLMCompiler 2 : AI 시대 코딩 배워야 합니다. AI App Flow를 아시면 무엇을 배워야 하는지 아실 수 있습니다.,"Apr 4, 2025",1720,0
2025-10-18,lBPidxUL8zg,LLMCompiler 2 : AI 시대 코딩 배워야 합니다. AI App Flow를 아시면 무엇을 배워야 하는지 아실 수 있습니다.,"Apr 4, 2025",1720,0
2025-10-19,lBPidxUL8zg,LLMCompiler 2 : AI 시대 코딩 배워야 합니다. AI App Flow를 아시면 무엇을 배워야 하는지 아실 수 있습니다.,"Apr 4, 2025",1720,0
2025-10-20,lBPidxUL8zg,LLMCompiler 2 : AI 시대 코딩 배워야 합니다. AI App Flow를 아시면 무엇을 배워야 하는지 아실 수 있습니다.,"Apr 4, 2025",1720,0
2025-10-21,lBPidxUL8zg,LLMCompiler 2 : AI 시대 코딩 배워야 합니다. AI App Flow를 아시면 무엇을 배워야 하는지 아실 수 있습니다.,"Apr 4, 2025",1720,0
2025-10-22,lBPidxUL8zg,LLMCompiler 2 : AI 시대 코딩 배워야 합니다. AI App Flow를 아시면 무엇을 배워야 하는지 아실 수 있습니다.,"Apr 4, 2025",1720,0
2025-10-23,lBPidxUL8zg,LLMCompiler 2 : AI 시대 코딩 배워야 합니다. AI App Flow를 아시면 무엇을 배워야 하는지 아실 수 있습니다.,"Apr 4, 2025",1720,0
2025-10-24,lBPidxUL8zg,LLMCompiler 2 : AI 시대 코딩 배워야 합니다. AI App Flow를 아시면 무엇을 배워야 하는지 아실 수 있습니다.,"Apr 4, 2025",1720,0
2025-10-25,lBPidxUL8zg,LLMCompiler 2 : AI 시대 코딩 배워야 합니다. AI App Flow를 아시면 무엇을 배워야 하는지 아실 수 있습니다.,"Apr 4, 2025",1720,0
2025-10-26,lBPidxUL8zg,LLMCompiler 2 : AI 시대 코딩 배워야 합니다. AI App Flow를 아시면 무엇을 배워야 하는지 아실 수 있습니다.,"Apr 4, 2025",1720,0
2025-10-27,lBPidxUL8zg,LLMCompiler 2 : AI 시대 코딩 배워야 합니다. AI App Flow를 아시면 무엇을 배워야 하는지 아실 수 있습니다.,"Apr 4, 2025",1720,0
2025-10-28,lBPidxUL8zg,LLMCompiler 2 : AI 시대 코딩 배워야 합니다. AI App Flow를 아시면 무엇을 배워야 하는지 아실 수 있습니다.,"Apr 4, 2025",1720,0
2025-10-29,lBPidxUL8zg,LLMCompiler 2 : AI 시대 코딩 배워야 합니다. AI App Flow를 아시면 무엇을 배워야 하는지 아실 수 있습니다.,"Apr 4, 2025",1720,0
2025-10-30,lBPidxUL8zg,LLMCompiler 2 : AI 시대 코딩 배워야 합니다. AI App Flow를 아시면 무엇을 배워야 하는지 아실 수 있습니다.,"Apr 4, 2025",1720,0
2025-10-31,lBPidxUL8zg,LLMCompiler 2 : AI 시대 코딩 배워야 합니다. AI App Flow를 아시면 무엇을 배워야 하는지 아실 수 있습니다.,"Apr 4, 2025",1720,1
2025-11-01,lBPidxUL8zg,LLMCompiler 2 : AI 시대 코딩 배워야 합니다. AI App Flow를 아시면 무엇을 배워야 하는지 아실 수 있습니다.,"Apr 4, 2025",1720,1
2025-11-02,lBPidxUL8zg,LLMCompiler 2 : AI 시대 코딩 배워야 합니다. AI App Flow를 아시면 무엇을 배워야 하는지 아실 수 있습니다.,"Apr 4, 2025",1720,1
2025-11-03,lBPidxUL8zg,LLMCompiler 2 : AI 시대 코딩 배워야 합니다. AI App Flow를 아시면 무엇을 배워야 하는지 아실 수 있습니다.,"Apr 4, 2025",1720,1
2025-11-04,lBPidxUL8zg,LLMCompiler 2 : AI 시대 코딩 배워야 합니다. AI App Flow를 아시면 무엇을 배워야 하는지 아실 수 있습니다.,"Apr 4, 2025",1720,0
2025-11-05,lBPidxUL8zg,LLMCompiler 2 : AI 시대 코딩 배워야 합니다. AI App Flow를 아시면 무엇을 배워야 하는지 아실 수 있습니다.,"Apr 4, 2025",1720,0
2025-11-06,lBPidxUL8zg,LLMCompiler 2 : AI 시대 코딩 배워야 합니다. AI App Flow를 아시면 무엇을 배워야 하는지 아실 수 있습니다.,"Apr 4, 2025",1720,0
2025-11-07,lBPidxUL8zg,LLMCompiler 2 : AI 시대 코딩 배워야 합니다. AI App Flow를 아시면 무엇을 배워야 하는지 아실 수 있습니다.,"Apr 4, 2025",1720,2
2025-11-08,lBPidxUL8zg,LLMCompiler 2 : AI 시대 코딩 배워야 합니다. AI App Flow를 아시면 무엇을 배워야 하는지 아실 수 있습니다.,"Apr 4, 2025",1720,1
2025-11-09,lBPidxUL8zg,LLMCompiler 2 : AI 시대 코딩 배워야 합니다. AI App Flow를 아시면 무엇을 배워야 하는지 아실 수 있습니다.,"Apr 4, 2025",1720,0
2025-11-10,lBPidxUL8zg,LLMCompiler 2 : AI 시대 코딩 배워야 합니다. AI App Flow를 아시면 무엇을 배워야 하는지 아실 수 있습니다.,"Apr 4, 2025",1720,0
2025-11-11,lBPidxUL8zg,LLMCompiler 2 : AI 시대 코딩 배워야 합니다. AI App Flow를 아시면 무엇을 배워야 하는지 아실 수 있습니다.,"Apr 4, 2025",1720,0
2025-11-12,lBPidxUL8zg,LLMCompiler 2 : AI 시대 코딩 배워야 합니다. AI App Flow를 아시면 무엇을 배워야 하는지 아실 수 있습니다.,"Apr 4, 2025",1720,0
2025-11-13,lBPidxUL8zg,LLMCompiler 2 : AI 시대 코딩 배워야 합니다. AI App Flow를 아시면 무엇을 배워야 하는지 아실 수 있습니다.,"Apr 4, 2025",1720,0
2025-11-14,lBPidxUL8zg,LLMCompiler 2 : AI 시대 코딩 배워야 합니다. AI App Flow를 아시면 무엇을 배워야 하는지 아실 수 있습니다.,"Apr 4, 2025",1720,1
2025-11-15,lBPidxUL8zg,LLMCompiler 2 : AI 시대 코딩 배워야 합니다. AI App Flow를 아시면 무엇을 배워야 하는지 아실 수 있습니다.,"Apr 4, 2025",1720,0
2025-11-16,lBPidxUL8zg,LLMCompiler 2 : AI 시대 코딩 배워야 합니다. AI App Flow를 아시면 무엇을 배워야 하는지 아실 수 있습니다.,"Apr 4, 2025",1720,1
2025-11-17,lBPidxUL8zg,LLMCompiler 2 : AI 시대 코딩 배워야 합니다. AI App Flow를 아시면 무엇을 배워야 하는지 아실 수 있습니다.,"Apr 4, 2025",1720,0
2025-11-18,lBPidxUL8zg,LLMCompiler 2 : AI 시대 코딩 배워야 합니다. AI App Flow를 아시면 무엇을 배워야 하는지 아실 수 있습니다.,"Apr 4, 2025",1720,0
2025-11-19,lBPidxUL8zg,LLMCompiler 2 : AI 시대 코딩 배워야 합니다. AI App Flow를 아시면 무엇을 배워야 하는지 아실 수 있습니다.,"Apr 4, 2025",1720,0
2025-11-20,lBPidxUL8zg,LLMCompiler 2 : AI 시대 코딩 배워야 합니다. AI App Flow를 아시면 무엇을 배워야 하는지 아실 수 있습니다.,"Apr 4, 2025",1720,0
2025-11-21,lBPidxUL8zg,LLMCompiler 2 : AI 시대 코딩 배워야 합니다. AI App Flow를 아시면 무엇을 배워야 하는지 아실 수 있습니다.,"Apr 4, 2025",1720,0
2025-11-22,lBPidxUL8zg,LLMCompiler 2 : AI 시대 코딩 배워야 합니다. AI App Flow를 아시면 무엇을 배워야 하는지 아실 수 있습니다.,"Apr 4, 2025",1720,0
2025-11-23,lBPidxUL8zg,LLMCompiler 2 : AI 시대 코딩 배워야 합니다. AI App Flow를 아시면 무엇을 배워야 하는지 아실 수 있습니다.,"Apr 4, 2025",1720,0
2025-11-24,lBPidxUL8zg,LLMCompiler 2 : AI 시대 코딩 배워야 합니다. AI App Flow를 아시면 무엇을 배워야 하는지 아실 수 있습니다.,"Apr 4, 2025",1720,1
2025-11-25,lBPidxUL8zg,LLMCompiler 2 : AI 시대 코딩 배워야 합니다. AI App Flow를 아시면 무엇을 배워야 하는지 아실 수 있습니다.,"Apr 4, 2025",1720,0
2025-11-26,lBPidxUL8zg,LLMCompiler 2 : AI 시대 코딩 배워야 합니다. AI App Flow를 아시면 무엇을 배워야 하는지 아실 수 있습니다.,"Apr 4, 2025",1720,0
2025-11-27,lBPidxUL8zg,LLMCompiler 2 : AI 시대 코딩 배워야 합니다. AI App Flow를 아시면 무엇을 배워야 하는지 아실 수 있습니다.,"Apr 4, 2025",1720,0
2025-11-28,lBPidxUL8zg,LLMCompiler 2 : AI 시대 코딩 배워야 합니다. AI App Flow를 아시면 무엇을 배워야 하는지 아실 수 있습니다.,"Apr 4, 2025",1720,0
2025-11-29,lBPidxUL8zg,LLMCompiler 2 : AI 시대 코딩 배워야 합니다. AI App Flow를 아시면 무엇을 배워야 하는지 아실 수 있습니다.,"Apr 4, 2025",1720,1
2025-11-30,lBPidxUL8zg,LLMCompiler 2 : AI 시대 코딩 배워야 합니다. AI App Flow를 아시면 무엇을 배워야 하는지 아실 수 있습니다.,"Apr 4, 2025",1720,0
2025-12-01,lBPidxUL8zg,LLMCompiler 2 : AI 시대 코딩 배워야 합니다. AI App Flow를 아시면 무엇을 배워야 하는지 아실 수 있습니다.,"Apr 4, 2025",1720,0
2025-12-02,lBPidxUL8zg,LLMCompiler 2 : AI 시대 코딩 배워야 합니다. AI App Flow를 아시면 무엇을 배워야 하는지 아실 수 있습니다.,"Apr 4, 2025",1720,0
2025-12-03,lBPidxUL8zg,LLMCompiler 2 : AI 시대 코딩 배워야 합니다. AI App Flow를 아시면 무엇을 배워야 하는지 아실 수 있습니다.,"Apr 4, 2025",1720,0
2025-12-04,lBPidxUL8zg,LLMCompiler 2 : AI 시대 코딩 배워야 합니다. AI App Flow를 아시면 무엇을 배워야 하는지 아실 수 있습니다.,"Apr 4, 2025",1720,0
2025-12-05,lBPidxUL8zg,LLMCompiler 2 : AI 시대 코딩 배워야 합니다. AI App Flow를 아시면 무엇을 배워야 하는지 아실 수 있습니다.,"Apr 4, 2025",1720,0
2025-12-06,lBPidxUL8zg,LLMCompiler 2 : AI 시대 코딩 배워야 합니다. AI App Flow를 아시면 무엇을 배워야 하는지 아실 수 있습니다.,"Apr 4, 2025",1720,0
2025-12-07,lBPidxUL8zg,LLMCompiler 2 : AI 시대 코딩 배워야 합니다. AI App Flow를 아시면 무엇을 배워야 하는지 아실 수 있습니다.,"Apr 4, 2025",1720,0
2025-12-08,lBPidxUL8zg,LLMCompiler 2 : AI 시대 코딩 배워야 합니다. AI App Flow를 아시면 무엇을 배워야 하는지 아실 수 있습니다.,"Apr 4, 2025",1720,0
2025-12-09,lBPidxUL8zg,LLMCompiler 2 : AI 시대 코딩 배워야 합니다. AI App Flow를 아시면 무엇을 배워야 하는지 아실 수 있습니다.,"Apr 4, 2025",1720,0
2025-12-10,lBPidxUL8zg,LLMCompiler 2 : AI 시대 코딩 배워야 합니다. AI App Flow를 아시면 무엇을 배워야 하는지 아실 수 있습니다.,"Apr 4, 2025",1720,0
2025-12-11,lBPidxUL8zg,LLMCompiler 2 : AI 시대 코딩 배워야 합니다. AI App Flow를 아시면 무엇을 배워야 하는지 아실 수 있습니다.,"Apr 4, 2025",1720,0
2025-12-12,lBPidxUL8zg,LLMCompiler 2 : AI 시대 코딩 배워야 합니다. AI App Flow를 아시면 무엇을 배워야 하는지 아실 수 있습니다.,"Apr 4, 2025",1720,0
2025-12-13,lBPidxUL8zg,LLMCompiler 2 : AI 시대 코딩 배워야 합니다. AI App Flow를 아시면 무엇을 배워야 하는지 아실 수 있습니다.,"Apr 4, 2025",1720,0
2025-12-14,lBPidxUL8zg,LLMCompiler 2 : AI 시대 코딩 배워야 합니다. AI App Flow를 아시면 무엇을 배워야 하는지 아실 수 있습니다.,"Apr 4, 2025",1720,0
2025-12-15,lBPidxUL8zg,LLMCompiler 2 : AI 시대 코딩 배워야 합니다. AI App Flow를 아시면 무엇을 배워야 하는지 아실 수 있습니다.,"Apr 4, 2025",1720,0
2025-12-16,lBPidxUL8zg,LLMCompiler 2 : AI 시대 코딩 배워야 합니다. AI App Flow를 아시면 무엇을 배워야 하는지 아실 수 있습니다.,"Apr 4, 2025",1720,0
2025-12-17,lBPidxUL8zg,LLMCompiler 2 : AI 시대 코딩 배워야 합니다. AI App Flow를 아시면 무엇을 배워야 하는지 아실 수 있습니다.,"Apr 4, 2025",1720,0
2025-12-18,lBPidxUL8zg,LLMCompiler 2 : AI 시대 코딩 배워야 합니다. AI App Flow를 아시면 무엇을 배워야 하는지 아실 수 있습니다.,"Apr 4, 2025",1720,0
2025-12-19,lBPidxUL8zg,LLMCompiler 2 : AI 시대 코딩 배워야 합니다. AI App Flow를 아시면 무엇을 배워야 하는지 아실 수 있습니다.,"Apr 4, 2025",1720,0
2025-12-20,lBPidxUL8zg,LLMCompiler 2 : AI 시대 코딩 배워야 합니다. AI App Flow를 아시면 무엇을 배워야 하는지 아실 수 있습니다.,"Apr 4, 2025",1720,0
2025-12-21,lBPidxUL8zg,LLMCompiler 2 : AI 시대 코딩 배워야 합니다. AI App Flow를 아시면 무엇을 배워야 하는지 아실 수 있습니다.,"Apr 4, 2025",1720,0
2025-12-22,lBPidxUL8zg,LLMCompiler 2 : AI 시대 코딩 배워야 합니다. AI App Flow를 아시면 무엇을 배워야 하는지 아실 수 있습니다.,"Apr 4, 2025",1720,0
2025-12-23,lBPidxUL8zg,LLMCompiler 2 : AI 시대 코딩 배워야 합니다. AI App Flow를 아시면 무엇을 배워야 하는지 아실 수 있습니다.,"Apr 4, 2025",1720,0
2025-12-24,lBPidxUL8zg,LLMCompiler 2 : AI 시대 코딩 배워야 합니다. AI App Flow를 아시면 무엇을 배워야 하는지 아실 수 있습니다.,"Apr 4, 2025",1720,0
2025-12-25,lBPidxUL8zg,LLMCompiler 2 : AI 시대 코딩 배워야 합니다. AI App Flow를 아시면 무엇을 배워야 하는지 아실 수 있습니다.,"Apr 4, 2025",1720,0
2025-12-26,lBPidxUL8zg,LLMCompiler 2 : AI 시대 코딩 배워야 합니다. AI App Flow를 아시면 무엇을 배워야 하는지 아실 수 있습니다.,"Apr 4, 2025",1720,1
2025-12-27,lBPidxUL8zg,LLMCompiler 2 : AI 시대 코딩 배워야 합니다. AI App Flow를 아시면 무엇을 배워야 하는지 아실 수 있습니다.,"Apr 4, 2025",1720,2
2025-12-28,lBPidxUL8zg,LLMCompiler 2 : AI 시대 코딩 배워야 합니다. AI App Flow를 아시면 무엇을 배워야 하는지 아실 수 있습니다.,"Apr 4, 2025",1720,1
2025-12-29,lBPidxUL8zg,LLMCompiler 2 : AI 시대 코딩 배워야 합니다. AI App Flow를 아시면 무엇을 배워야 하는지 아실 수 있습니다.,"Apr 4, 2025",1720,1
2025-12-30,lBPidxUL8zg,LLMCompiler 2 : AI 시대 코딩 배워야 합니다. AI App Flow를 아시면 무엇을 배워야 하는지 아실 수 있습니다.,"Apr 4, 2025",1720,1
2025-12-31,lBPidxUL8zg,LLMCompiler 2 : AI 시대 코딩 배워야 합니다. AI App Flow를 아시면 무엇을 배워야 하는지 아실 수 있습니다.,"Apr 4, 2025",1720,0
2026-01-01,lBPidxUL8zg,LLMCompiler 2 : AI 시대 코딩 배워야 합니다. AI App Flow를 아시면 무엇을 배워야 하는지 아실 수 있습니다.,"Apr 4, 2025",1720,1
2026-01-02,lBPidxUL8zg,LLMCompiler 2 : AI 시대 코딩 배워야 합니다. AI App Flow를 아시면 무엇을 배워야 하는지 아실 수 있습니다.,"Apr 4, 2025",1720,0
2026-01-03,lBPidxUL8zg,LLMCompiler 2 : AI 시대 코딩 배워야 합니다. AI App Flow를 아시면 무엇을 배워야 하는지 아실 수 있습니다.,"Apr 4, 2025",1720,0
2026-01-04,lBPidxUL8zg,LLMCompiler 2 : AI 시대 코딩 배워야 합니다. AI App Flow를 아시면 무엇을 배워야 하는지 아실 수 있습니다.,"Apr 4, 2025",1720,0
2026-01-05,lBPidxUL8zg,LLMCompiler 2 : AI 시대 코딩 배워야 합니다. AI App Flow를 아시면 무엇을 배워야 하는지 아실 수 있습니다.,"Apr 4, 2025",1720,0
2026-01-06,lBPidxUL8zg,LLMCompiler 2 : AI 시대 코딩 배워야 합니다. AI App Flow를 아시면 무엇을 배워야 하는지 아실 수 있습니다.,"Apr 4, 2025",1720,0
2026-01-07,lBPidxUL8zg,LLMCompiler 2 : AI 시대 코딩 배워야 합니다. AI App Flow를 아시면 무엇을 배워야 하는지 아실 수 있습니다.,"Apr 4, 2025",1720,0
2026-01-08,lBPidxUL8zg,LLMCompiler 2 : AI 시대 코딩 배워야 합니다. AI App Flow를 아시면 무엇을 배워야 하는지 아실 수 있습니다.,"Apr 4, 2025",1720,0
2026-01-09,lBPidxUL8zg,LLMCompiler 2 : AI 시대 코딩 배워야 합니다. AI App Flow를 아시면 무엇을 배워야 하는지 아실 수 있습니다.,"Apr 4, 2025",1720,0
2026-01-10,lBPidxUL8zg,LLMCompiler 2 : AI 시대 코딩 배워야 합니다. AI App Flow를 아시면 무엇을 배워야 하는지 아실 수 있습니다.,"Apr 4, 2025",1720,0
2026-01-11,lBPidxUL8zg,LLMCompiler 2 : AI 시대 코딩 배워야 합니다. AI App Flow를 아시면 무엇을 배워야 하는지 아실 수 있습니다.,"Apr 4, 2025",1720,0
2026-01-12,lBPidxUL8zg,LLMCompiler 2 : AI 시대 코딩 배워야 합니다. AI App Flow를 아시면 무엇을 배워야 하는지 아실 수 있습니다.,"Apr 4, 2025",1720,0
2026-01-13,lBPidxUL8zg,LLMCompiler 2 : AI 시대 코딩 배워야 합니다. AI App Flow를 아시면 무엇을 배워야 하는지 아실 수 있습니다.,"Apr 4, 2025",1720,0
2026-01-14,lBPidxUL8zg,LLMCompiler 2 : AI 시대 코딩 배워야 합니다. AI App Flow를 아시면 무엇을 배워야 하는지 아실 수 있습니다.,"Apr 4, 2025",1720,0
2026-01-15,lBPidxUL8zg,LLMCompiler 2 : AI 시대 코딩 배워야 합니다. AI App Flow를 아시면 무엇을 배워야 하는지 아실 수 있습니다.,"Apr 4, 2025",1720,0
2026-01-16,lBPidxUL8zg,LLMCompiler 2 : AI 시대 코딩 배워야 합니다. AI App Flow를 아시면 무엇을 배워야 하는지 아실 수 있습니다.,"Apr 4, 2025",1720,0
2026-01-17,lBPidxUL8zg,LLMCompiler 2 : AI 시대 코딩 배워야 합니다. AI App Flow를 아시면 무엇을 배워야 하는지 아실 수 있습니다.,"Apr 4, 2025",1720,0
2026-01-18,lBPidxUL8zg,LLMCompiler 2 : AI 시대 코딩 배워야 합니다. AI App Flow를 아시면 무엇을 배워야 하는지 아실 수 있습니다.,"Apr 4, 2025",1720,0
2026-01-19,lBPidxUL8zg,LLMCompiler 2 : AI 시대 코딩 배워야 합니다. AI App Flow를 아시면 무엇을 배워야 하는지 아실 수 있습니다.,"Apr 4, 2025",1720,0
2026-01-20,lBPidxUL8zg,LLMCompiler 2 : AI 시대 코딩 배워야 합니다. AI App Flow를 아시면 무엇을 배워야 하는지 아실 수 있습니다.,"Apr 4, 2025",1720,0
2026-01-21,lBPidxUL8zg,LLMCompiler 2 : AI 시대 코딩 배워야 합니다. AI App Flow를 아시면 무엇을 배워야 하는지 아실 수 있습니다.,"Apr 4, 2025",1720,0
2026-01-22,lBPidxUL8zg,LLMCompiler 2 : AI 시대 코딩 배워야 합니다. AI App Flow를 아시면 무엇을 배워야 하는지 아실 수 있습니다.,"Apr 4, 2025",1720,1
2026-01-23,lBPidxUL8zg,LLMCompiler 2 : AI 시대 코딩 배워야 합니다. AI App Flow를 아시면 무엇을 배워야 하는지 아실 수 있습니다.,"Apr 4, 2025",1720,0
2026-01-24,lBPidxUL8zg,LLMCompiler 2 : AI 시대 코딩 배워야 합니다. AI App Flow를 아시면 무엇을 배워야 하는지 아실 수 있습니다.,"Apr 4, 2025",1720,0
2026-01-25,lBPidxUL8zg,LLMCompiler 2 : AI 시대 코딩 배워야 합니다. AI App Flow를 아시면 무엇을 배워야 하는지 아실 수 있습니다.,"Apr 4, 2025",1720,0
2026-01-26,lBPidxUL8zg,LLMCompiler 2 : AI 시대 코딩 배워야 합니다. AI App Flow를 아시면 무엇을 배워야 하는지 아실 수 있습니다.,"Apr 4, 2025",1720,1
2026-01-27,lBPidxUL8zg,LLMCompiler 2 : AI 시대 코딩 배워야 합니다. AI App Flow를 아시면 무엇을 배워야 하는지 아실 수 있습니다.,"Apr 4, 2025",1720,0
2026-01-28,lBPidxUL8zg,LLMCompiler 2 : AI 시대 코딩 배워야 합니다. AI App Flow를 아시면 무엇을 배워야 하는지 아실 수 있습니다.,"Apr 4, 2025",1720,0
2026-01-29,lBPidxUL8zg,LLMCompiler 2 : AI 시대 코딩 배워야 합니다. AI App Flow를 아시면 무엇을 배워야 하는지 아실 수 있습니다.,"Apr 4, 2025",1720,0
2026-01-30,lBPidxUL8zg,LLMCompiler 2 : AI 시대 코딩 배워야 합니다. AI App Flow를 아시면 무엇을 배워야 하는지 아실 수 있습니다.,"Apr 4, 2025",1720,0
2026-01-31,lBPidxUL8zg,LLMCompiler 2 : AI 시대 코딩 배워야 합니다. AI App Flow를 아시면 무엇을 배워야 하는지 아실 수 있습니다.,"Apr 4, 2025",1720,1
2026-02-01,lBPidxUL8zg,LLMCompiler 2 : AI 시대 코딩 배워야 합니다. AI App Flow를 아시면 무엇을 배워야 하는지 아실 수 있습니다.,"Apr 4, 2025",1720,0
2026-02-02,lBPidxUL8zg,LLMCompiler 2 : AI 시대 코딩 배워야 합니다. AI App Flow를 아시면 무엇을 배워야 하는지 아실 수 있습니다.,"Apr 4, 2025",1720,0
2026-02-03,lBPidxUL8zg,LLMCompiler 2 : AI 시대 코딩 배워야 합니다. AI App Flow를 아시면 무엇을 배워야 하는지 아실 수 있습니다.,"Apr 4, 2025",1720,0
2026-02-04,lBPidxUL8zg,LLMCompiler 2 : AI 시대 코딩 배워야 합니다. AI App Flow를 아시면 무엇을 배워야 하는지 아실 수 있습니다.,"Apr 4, 2025",1720,0
2026-02-05,lBPidxUL8zg,LLMCompiler 2 : AI 시대 코딩 배워야 합니다. AI App Flow를 아시면 무엇을 배워야 하는지 아실 수 있습니다.,"Apr 4, 2025",1720,0
2026-02-06,lBPidxUL8zg,LLMCompiler 2 : AI 시대 코딩 배워야 합니다. AI App Flow를 아시면 무엇을 배워야 하는지 아실 수 있습니다.,"Apr 4, 2025",1720,1
2026-02-07,lBPidxUL8zg,LLMCompiler 2 : AI 시대 코딩 배워야 합니다. AI App Flow를 아시면 무엇을 배워야 하는지 아실 수 있습니다.,"Apr 4, 2025",1720,0
2026-02-08,lBPidxUL8zg,LLMCompiler 2 : AI 시대 코딩 배워야 합니다. AI App Flow를 아시면 무엇을 배워야 하는지 아실 수 있습니다.,"Apr 4, 2025",1720,0
2026-02-09,lBPidxUL8zg,LLMCompiler 2 : AI 시대 코딩 배워야 합니다. AI App Flow를 아시면 무엇을 배워야 하는지 아실 수 있습니다.,"Apr 4, 2025",1720,0
2026-02-10,lBPidxUL8zg,LLMCompiler 2 : AI 시대 코딩 배워야 합니다. AI App Flow를 아시면 무엇을 배워야 하는지 아실 수 있습니다.,"Apr 4, 2025",1720,0
2026-02-11,lBPidxUL8zg,LLMCompiler 2 : AI 시대 코딩 배워야 합니다. AI App Flow를 아시면 무엇을 배워야 하는지 아실 수 있습니다.,"Apr 4, 2025",1720,0
2026-02-12,lBPidxUL8zg,LLMCompiler 2 : AI 시대 코딩 배워야 합니다. AI App Flow를 아시면 무엇을 배워야 하는지 아실 수 있습니다.,"Apr 4, 2025",1720,0
2026-02-13,lBPidxUL8zg,LLMCompiler 2 : AI 시대 코딩 배워야 합니다. AI App Flow를 아시면 무엇을 배워야 하는지 아실 수 있습니다.,"Apr 4, 2025",1720,2
2026-02-14,lBPidxUL8zg,LLMCompiler 2 : AI 시대 코딩 배워야 합니다. AI App Flow를 아시면 무엇을 배워야 하는지 아실 수 있습니다.,"Apr 4, 2025",1720,0
2026-02-15,lBPidxUL8zg,LLMCompiler 2 : AI 시대 코딩 배워야 합니다. AI App Flow를 아시면 무엇을 배워야 하는지 아실 수 있습니다.,"Apr 4, 2025",1720,1
2026-02-16,lBPidxUL8zg,LLMCompiler 2 : AI 시대 코딩 배워야 합니다. AI App Flow를 아시면 무엇을 배워야 하는지 아실 수 있습니다.,"Apr 4, 2025",1720,2
2026-02-17,lBPidxUL8zg,LLMCompiler 2 : AI 시대 코딩 배워야 합니다. AI App Flow를 아시면 무엇을 배워야 하는지 아실 수 있습니다.,"Apr 4, 2025",1720,0
2026-02-18,lBPidxUL8zg,LLMCompiler 2 : AI 시대 코딩 배워야 합니다. AI App Flow를 아시면 무엇을 배워야 하는지 아실 수 있습니다.,"Apr 4, 2025",1720,0
2026-02-19,lBPidxUL8zg,LLMCompiler 2 : AI 시대 코딩 배워야 합니다. AI App Flow를 아시면 무엇을 배워야 하는지 아실 수 있습니다.,"Apr 4, 2025",1720,1
2026-02-20,lBPidxUL8zg,LLMCompiler 2 : AI 시대 코딩 배워야 합니다. AI App Flow를 아시면 무엇을 배워야 하는지 아실 수 있습니다.,"Apr 4, 2025",1720,0
2026-02-21,lBPidxUL8zg,LLMCompiler 2 : AI 시대 코딩 배워야 합니다. AI App Flow를 아시면 무엇을 배워야 하는지 아실 수 있습니다.,"Apr 4, 2025",1720,0
2026-02-22,lBPidxUL8zg,LLMCompiler 2 : AI 시대 코딩 배워야 합니다. AI App Flow를 아시면 무엇을 배워야 하는지 아실 수 있습니다.,"Apr 4, 2025",1720,2
2026-02-23,lBPidxUL8zg,LLMCompiler 2 : AI 시대 코딩 배워야 합니다. AI App Flow를 아시면 무엇을 배워야 하는지 아실 수 있습니다.,"Apr 4, 2025",1720,0
2026-02-24,lBPidxUL8zg,LLMCompiler 2 : AI 시대 코딩 배워야 합니다. AI App Flow를 아시면 무엇을 배워야 하는지 아실 수 있습니다.,"Apr 4, 2025",1720,0
2026-02-25,lBPidxUL8zg,LLMCompiler 2 : AI 시대 코딩 배워야 합니다. AI App Flow를 아시면 무엇을 배워야 하는지 아실 수 있습니다.,"Apr 4, 2025",1720,0
2026-02-26,lBPidxUL8zg,LLMCompiler 2 : AI 시대 코딩 배워야 합니다. AI App Flow를 아시면 무엇을 배워야 하는지 아실 수 있습니다.,"Apr 4, 2025",1720,0
2026-02-27,lBPidxUL8zg,LLMCompiler 2 : AI 시대 코딩 배워야 합니다. AI App Flow를 아시면 무엇을 배워야 하는지 아실 수 있습니다.,"Apr 4, 2025",1720,0
2026-02-28,lBPidxUL8zg,LLMCompiler 2 : AI 시대 코딩 배워야 합니다. AI App Flow를 아시면 무엇을 배워야 하는지 아실 수 있습니다.,"Apr 4, 2025",1720,0
2026-03-01,lBPidxUL8zg,LLMCompiler 2 : AI 시대 코딩 배워야 합니다. AI App Flow를 아시면 무엇을 배워야 하는지 아실 수 있습니다.,"Apr 4, 2025",1720,0
2026-03-02,lBPidxUL8zg,LLMCompiler 2 : AI 시대 코딩 배워야 합니다. AI App Flow를 아시면 무엇을 배워야 하는지 아실 수 있습니다.,"Apr 4, 2025",1720,1
2026-03-03,lBPidxUL8zg,LLMCompiler 2 : AI 시대 코딩 배워야 합니다. AI App Flow를 아시면 무엇을 배워야 하는지 아실 수 있습니다.,"Apr 4, 2025",1720,0
2026-03-04,lBPidxUL8zg,LLMCompiler 2 : AI 시대 코딩 배워야 합니다. AI App Flow를 아시면 무엇을 배워야 하는지 아실 수 있습니다.,"Apr 4, 2025",1720,0
2026-03-05,lBPidxUL8zg,LLMCompiler 2 : AI 시대 코딩 배워야 합니다. AI App Flow를 아시면 무엇을 배워야 하는지 아실 수 있습니다.,"Apr 4, 2025",1720,1
2026-03-06,lBPidxUL8zg,LLMCompiler 2 : AI 시대 코딩 배워야 합니다. AI App Flow를 아시면 무엇을 배워야 하는지 아실 수 있습니다.,"Apr 4, 2025",1720,0
2026-03-07,lBPidxUL8zg,LLMCompiler 2 : AI 시대 코딩 배워야 합니다. AI App Flow를 아시면 무엇을 배워야 하는지 아실 수 있습니다.,"Apr 4, 2025",1720,0
2026-03-08,lBPidxUL8zg,LLMCompiler 2 : AI 시대 코딩 배워야 합니다. AI App Flow를 아시면 무엇을 배워야 하는지 아실 수 있습니다.,"Apr 4, 2025",1720,0
2026-03-09,lBPidxUL8zg,LLMCompiler 2 : AI 시대 코딩 배워야 합니다. AI App Flow를 아시면 무엇을 배워야 하는지 아실 수 있습니다.,"Apr 4, 2025",1720,0
2026-03-10,lBPidxUL8zg,LLMCompiler 2 : AI 시대 코딩 배워야 합니다. AI App Flow를 아시면 무엇을 배워야 하는지 아실 수 있습니다.,"Apr 4, 2025",1720,0
2026-03-11,lBPidxUL8zg,LLMCompiler 2 : AI 시대 코딩 배워야 합니다. AI App Flow를 아시면 무엇을 배워야 하는지 아실 수 있습니다.,"Apr 4, 2025",1720,0
2026-03-12,lBPidxUL8zg,LLMCompiler 2 : AI 시대 코딩 배워야 합니다. AI App Flow를 아시면 무엇을 배워야 하는지 아실 수 있습니다.,"Apr 4, 2025",1720,0
2026-03-13,lBPidxUL8zg,LLMCompiler 2 : AI 시대 코딩 배워야 합니다. AI App Flow를 아시면 무엇을 배워야 하는지 아실 수 있습니다.,"Apr 4, 2025",1720,1
2026-03-14,lBPidxUL8zg,LLMCompiler 2 : AI 시대 코딩 배워야 합니다. AI App Flow를 아시면 무엇을 배워야 하는지 아실 수 있습니다.,"Apr 4, 2025",1720,0
2026-03-15,lBPidxUL8zg,LLMCompiler 2 : AI 시대 코딩 배워야 합니다. AI App Flow를 아시면 무엇을 배워야 하는지 아실 수 있습니다.,"Apr 4, 2025",1720,0
2026-03-16,lBPidxUL8zg,LLMCompiler 2 : AI 시대 코딩 배워야 합니다. AI App Flow를 아시면 무엇을 배워야 하는지 아실 수 있습니다.,"Apr 4, 2025",1720,0
2026-03-17,lBPidxUL8zg,LLMCompiler 2 : AI 시대 코딩 배워야 합니다. AI App Flow를 아시면 무엇을 배워야 하는지 아실 수 있습니다.,"Apr 4, 2025",1720,0
2026-03-18,lBPidxUL8zg,LLMCompiler 2 : AI 시대 코딩 배워야 합니다. AI App Flow를 아시면 무엇을 배워야 하는지 아실 수 있습니다.,"Apr 4, 2025",1720,0
2026-03-19,lBPidxUL8zg,LLMCompiler 2 : AI 시대 코딩 배워야 합니다. AI App Flow를 아시면 무엇을 배워야 하는지 아실 수 있습니다.,"Apr 4, 2025",1720,0
2026-03-20,lBPidxUL8zg,LLMCompiler 2 : AI 시대 코딩 배워야 합니다. AI App Flow를 아시면 무엇을 배워야 하는지 아실 수 있습니다.,"Apr 4, 2025",1720,0
2026-03-21,lBPidxUL8zg,LLMCompiler 2 : AI 시대 코딩 배워야 합니다. AI App Flow를 아시면 무엇을 배워야 하는지 아실 수 있습니다.,"Apr 4, 2025",1720,1
2026-03-22,lBPidxUL8zg,LLMCompiler 2 : AI 시대 코딩 배워야 합니다. AI App Flow를 아시면 무엇을 배워야 하는지 아실 수 있습니다.,"Apr 4, 2025",1720,0
2026-03-23,lBPidxUL8zg,LLMCompiler 2 : AI 시대 코딩 배워야 합니다. AI App Flow를 아시면 무엇을 배워야 하는지 아실 수 있습니다.,"Apr 4, 2025",1720,0
2026-03-24,lBPidxUL8zg,LLMCompiler 2 : AI 시대 코딩 배워야 합니다. AI App Flow를 아시면 무엇을 배워야 하는지 아실 수 있습니다.,"Apr 4, 2025",1720,0
2026-03-25,lBPidxUL8zg,LLMCompiler 2 : AI 시대 코딩 배워야 합니다. AI App Flow를 아시면 무엇을 배워야 하는지 아실 수 있습니다.,"Apr 4, 2025",1720,3
2026-03-26,lBPidxUL8zg,LLMCompiler 2 : AI 시대 코딩 배워야 합니다. AI App Flow를 아시면 무엇을 배워야 하는지 아실 수 있습니다.,"Apr 4, 2025",1720,0
2026-03-27,lBPidxUL8zg,LLMCompiler 2 : AI 시대 코딩 배워야 합니다. AI App Flow를 아시면 무엇을 배워야 하는지 아실 수 있습니다.,"Apr 4, 2025",1720,0
2026-03-28,lBPidxUL8zg,LLMCompiler 2 : AI 시대 코딩 배워야 합니다. AI App Flow를 아시면 무엇을 배워야 하는지 아실 수 있습니다.,"Apr 4, 2025",1720,0
2026-03-29,lBPidxUL8zg,LLMCompiler 2 : AI 시대 코딩 배워야 합니다. AI App Flow를 아시면 무엇을 배워야 하는지 아실 수 있습니다.,"Apr 4, 2025",1720,0
2026-03-30,lBPidxUL8zg,LLMCompiler 2 : AI 시대 코딩 배워야 합니다. AI App Flow를 아시면 무엇을 배워야 하는지 아실 수 있습니다.,"Apr 4, 2025",1720,0
2026-03-31,lBPidxUL8zg,LLMCompiler 2 : AI 시대 코딩 배워야 합니다. AI App Flow를 아시면 무엇을 배워야 하는지 아실 수 있습니다.,"Apr 4, 2025",1720,0
2026-04-01,lBPidxUL8zg,LLMCompiler 2 : AI 시대 코딩 배워야 합니다. AI App Flow를 아시면 무엇을 배워야 하는지 아실 수 있습니다.,"Apr 4, 2025",1720,0
2026-04-02,lBPidxUL8zg,LLMCompiler 2 : AI 시대 코딩 배워야 합니다. AI App Flow를 아시면 무엇을 배워야 하는지 아실 수 있습니다.,"Apr 4, 2025",1720,0
2026-04-03,lBPidxUL8zg,LLMCompiler 2 : AI 시대 코딩 배워야 합니다. AI App Flow를 아시면 무엇을 배워야 하는지 아실 수 있습니다.,"Apr 4, 2025",1720,0
2026-04-04,lBPidxUL8zg,LLMCompiler 2 : AI 시대 코딩 배워야 합니다. AI App Flow를 아시면 무엇을 배워야 하는지 아실 수 있습니다.,"Apr 4, 2025",1720,0
2026-04-05,lBPidxUL8zg,LLMCompiler 2 : AI 시대 코딩 배워야 합니다. AI App Flow를 아시면 무엇을 배워야 하는지 아실 수 있습니다.,"Apr 4, 2025",1720,0
2026-04-06,lBPidxUL8zg,LLMCompiler 2 : AI 시대 코딩 배워야 합니다. AI App Flow를 아시면 무엇을 배워야 하는지 아실 수 있습니다.,"Apr 4, 2025",1720,0
2026-04-07,lBPidxUL8zg,LLMCompiler 2 : AI 시대 코딩 배워야 합니다. AI App Flow를 아시면 무엇을 배워야 하는지 아실 수 있습니다.,"Apr 4, 2025",1720,0
2026-04-08,lBPidxUL8zg,LLMCompiler 2 : AI 시대 코딩 배워야 합니다. AI App Flow를 아시면 무엇을 배워야 하는지 아실 수 있습니다.,"Apr 4, 2025",1720,0
2026-04-09,lBPidxUL8zg,LLMCompiler 2 : AI 시대 코딩 배워야 합니다. AI App Flow를 아시면 무엇을 배워야 하는지 아실 수 있습니다.,"Apr 4, 2025",1720,0
2026-04-10,lBPidxUL8zg,LLMCompiler 2 : AI 시대 코딩 배워야 합니다. AI App Flow를 아시면 무엇을 배워야 하는지 아실 수 있습니다.,"Apr 4, 2025",1720,1
2026-04-11,lBPidxUL8zg,LLMCompiler 2 : AI 시대 코딩 배워야 합니다. AI App Flow를 아시면 무엇을 배워야 하는지 아실 수 있습니다.,"Apr 4, 2025",1720,0
2026-04-12,lBPidxUL8zg,LLMCompiler 2 : AI 시대 코딩 배워야 합니다. AI App Flow를 아시면 무엇을 배워야 하는지 아실 수 있습니다.,"Apr 4, 2025",1720,0
2026-04-13,lBPidxUL8zg,LLMCompiler 2 : AI 시대 코딩 배워야 합니다. AI App Flow를 아시면 무엇을 배워야 하는지 아실 수 있습니다.,"Apr 4, 2025",1720,0
2026-04-14,lBPidxUL8zg,LLMCompiler 2 : AI 시대 코딩 배워야 합니다. AI App Flow를 아시면 무엇을 배워야 하는지 아실 수 있습니다.,"Apr 4, 2025",1720,0
2026-04-15,lBPidxUL8zg,LLMCompiler 2 : AI 시대 코딩 배워야 합니다. AI App Flow를 아시면 무엇을 배워야 하는지 아실 수 있습니다.,"Apr 4, 2025",1720,0
2026-04-16,lBPidxUL8zg,LLMCompiler 2 : AI 시대 코딩 배워야 합니다. AI App Flow를 아시면 무엇을 배워야 하는지 아실 수 있습니다.,"Apr 4, 2025",1720,0
2026-04-17,lBPidxUL8zg,LLMCompiler 2 : AI 시대 코딩 배워야 합니다. AI App Flow를 아시면 무엇을 배워야 하는지 아실 수 있습니다.,"Apr 4, 2025",1720,0
2026-04-18,lBPidxUL8zg,LLMCompiler 2 : AI 시대 코딩 배워야 합니다. AI App Flow를 아시면 무엇을 배워야 하는지 아실 수 있습니다.,"Apr 4, 2025",1720,0
2026-04-19,lBPidxUL8zg,LLMCompiler 2 : AI 시대 코딩 배워야 합니다. AI App Flow를 아시면 무엇을 배워야 하는지 아실 수 있습니다.,"Apr 4, 2025",1720,0
2026-04-20,lBPidxUL8zg,LLMCompiler 2 : AI 시대 코딩 배워야 합니다. AI App Flow를 아시면 무엇을 배워야 하는지 아실 수 있습니다.,"Apr 4, 2025",1720,0
2026-04-21,lBPidxUL8zg,LLMCompiler 2 : AI 시대 코딩 배워야 합니다. AI App Flow를 아시면 무엇을 배워야 하는지 아실 수 있습니다.,"Apr 4, 2025",1720,0
2026-04-22,lBPidxUL8zg,LLMCompiler 2 : AI 시대 코딩 배워야 합니다. AI App Flow를 아시면 무엇을 배워야 하는지 아실 수 있습니다.,"Apr 4, 2025",1720,0
2026-04-23,lBPidxUL8zg,LLMCompiler 2 : AI 시대 코딩 배워야 합니다. AI App Flow를 아시면 무엇을 배워야 하는지 아실 수 있습니다.,"Apr 4, 2025",1720,0
2026-04-24,lBPidxUL8zg,LLMCompiler 2 : AI 시대 코딩 배워야 합니다. AI App Flow를 아시면 무엇을 배워야 하는지 아실 수 있습니다.,"Apr 4, 2025",1720,0
2026-04-25,lBPidxUL8zg,LLMCompiler 2 : AI 시대 코딩 배워야 합니다. AI App Flow를 아시면 무엇을 배워야 하는지 아실 수 있습니다.,"Apr 4, 2025",1720,0
2026-04-26,lBPidxUL8zg,LLMCompiler 2 : AI 시대 코딩 배워야 합니다. AI App Flow를 아시면 무엇을 배워야 하는지 아실 수 있습니다.,"Apr 4, 2025",1720,0
2026-04-27,lBPidxUL8zg,LLMCompiler 2 : AI 시대 코딩 배워야 합니다. AI App Flow를 아시면 무엇을 배워야 하는지 아실 수 있습니다.,"Apr 4, 2025",1720,0
2026-04-28,lBPidxUL8zg,LLMCompiler 2 : AI 시대 코딩 배워야 합니다. AI App Flow를 아시면 무엇을 배워야 하는지 아실 수 있습니다.,"Apr 4, 2025",1720,0
2026-04-29,lBPidxUL8zg,LLMCompiler 2 : AI 시대 코딩 배워야 합니다. AI App Flow를 아시면 무엇을 배워야 하는지 아실 수 있습니다.,"Apr 4, 2025",1720,0
2026-04-30,lBPidxUL8zg,LLMCompiler 2 : AI 시대 코딩 배워야 합니다. AI App Flow를 아시면 무엇을 배워야 하는지 아실 수 있습니다.,"Apr 4, 2025",1720,0
2026-05-01,lBPidxUL8zg,LLMCompiler 2 : AI 시대 코딩 배워야 합니다. AI App Flow를 아시면 무엇을 배워야 하는지 아실 수 있습니다.,"Apr 4, 2025",1720,0
2026-05-02,lBPidxUL8zg,LLMCompiler 2 : AI 시대 코딩 배워야 합니다. AI App Flow를 아시면 무엇을 배워야 하는지 아실 수 있습니다.,"Apr 4, 2025",1720,0
2026-05-03,lBPidxUL8zg,LLMCompiler 2 : AI 시대 코딩 배워야 합니다. AI App Flow를 아시면 무엇을 배워야 하는지 아실 수 있습니다.,"Apr 4, 2025",1720,0
2026-05-04,lBPidxUL8zg,LLMCompiler 2 : AI 시대 코딩 배워야 합니다. AI App Flow를 아시면 무엇을 배워야 하는지 아실 수 있습니다.,"Apr 4, 2025",1720,0
2026-05-05,lBPidxUL8zg,LLMCompiler 2 : AI 시대 코딩 배워야 합니다. AI App Flow를 아시면 무엇을 배워야 하는지 아실 수 있습니다.,"Apr 4, 2025",1720,0
2026-05-06,lBPidxUL8zg,LLMCompiler 2 : AI 시대 코딩 배워야 합니다. AI App Flow를 아시면 무엇을 배워야 하는지 아실 수 있습니다.,"Apr 4, 2025",1720,0
2026-05-07,lBPidxUL8zg,LLMCompiler 2 : AI 시대 코딩 배워야 합니다. AI App Flow를 아시면 무엇을 배워야 하는지 아실 수 있습니다.,"Apr 4, 2025",1720,0
2026-05-08,lBPidxUL8zg,LLMCompiler 2 : AI 시대 코딩 배워야 합니다. AI App Flow를 아시면 무엇을 배워야 하는지 아실 수 있습니다.,"Apr 4, 2025",1720,0
2026-05-09,lBPidxUL8zg,LLMCompiler 2 : AI 시대 코딩 배워야 합니다. AI App Flow를 아시면 무엇을 배워야 하는지 아실 수 있습니다.,"Apr 4, 2025",1720,0
2026-05-10,lBPidxUL8zg,LLMCompiler 2 : AI 시대 코딩 배워야 합니다. AI App Flow를 아시면 무엇을 배워야 하는지 아실 수 있습니다.,"Apr 4, 2025",1720,0
2026-05-11,lBPidxUL8zg,LLMCompiler 2 : AI 시대 코딩 배워야 합니다. AI App Flow를 아시면 무엇을 배워야 하는지 아실 수 있습니다.,"Apr 4, 2025",1720,0
2026-05-12,lBPidxUL8zg,LLMCompiler 2 : AI 시대 코딩 배워야 합니다. AI App Flow를 아시면 무엇을 배워야 하는지 아실 수 있습니다.,"Apr 4, 2025",1720,0
2026-05-13,lBPidxUL8zg,LLMCompiler 2 : AI 시대 코딩 배워야 합니다. AI App Flow를 아시면 무엇을 배워야 하는지 아실 수 있습니다.,"Apr 4, 2025",1720,0
2026-05-14,lBPidxUL8zg,LLMCompiler 2 : AI 시대 코딩 배워야 합니다. AI App Flow를 아시면 무엇을 배워야 하는지 아실 수 있습니다.,"Apr 4, 2025",1720,0
2026-05-15,lBPidxUL8zg,LLMCompiler 2 : AI 시대 코딩 배워야 합니다. AI App Flow를 아시면 무엇을 배워야 하는지 아실 수 있습니다.,"Apr 4, 2025",1720,0
2026-05-16,lBPidxUL8zg,LLMCompiler 2 : AI 시대 코딩 배워야 합니다. AI App Flow를 아시면 무엇을 배워야 하는지 아실 수 있습니다.,"Apr 4, 2025",1720,0
2026-05-17,lBPidxUL8zg,LLMCompiler 2 : AI 시대 코딩 배워야 합니다. AI App Flow를 아시면 무엇을 배워야 하는지 아실 수 있습니다.,"Apr 4, 2025",1720,0
2026-05-18,lBPidxUL8zg,LLMCompiler 2 : AI 시대 코딩 배워야 합니다. AI App Flow를 아시면 무엇을 배워야 하는지 아실 수 있습니다.,"Apr 4, 2025",1720,0
2026-05-19,lBPidxUL8zg,LLMCompiler 2 : AI 시대 코딩 배워야 합니다. AI App Flow를 아시면 무엇을 배워야 하는지 아실 수 있습니다.,"Apr 4, 2025",1720,0
2026-05-20,lBPidxUL8zg,LLMCompiler 2 : AI 시대 코딩 배워야 합니다. AI App Flow를 아시면 무엇을 배워야 하는지 아실 수 있습니다.,"Apr 4, 2025",1720,0
2026-05-21,lBPidxUL8zg,LLMCompiler 2 : AI 시대 코딩 배워야 합니다. AI App Flow를 아시면 무엇을 배워야 하는지 아실 수 있습니다.,"Apr 4, 2025",1720,0
2026-05-22,lBPidxUL8zg,LLMCompiler 2 : AI 시대 코딩 배워야 합니다. AI App Flow를 아시면 무엇을 배워야 하는지 아실 수 있습니다.,"Apr 4, 2025",1720,0
2026-05-23,lBPidxUL8zg,LLMCompiler 2 : AI 시대 코딩 배워야 합니다. AI App Flow를 아시면 무엇을 배워야 하는지 아실 수 있습니다.,"Apr 4, 2025",1720,0
2026-05-24,lBPidxUL8zg,LLMCompiler 2 : AI 시대 코딩 배워야 합니다. AI App Flow를 아시면 무엇을 배워야 하는지 아실 수 있습니다.,"Apr 4, 2025",1720,0
2026-05-25,lBPidxUL8zg,LLMCompiler 2 : AI 시대 코딩 배워야 합니다. AI App Flow를 아시면 무엇을 배워야 하는지 아실 수 있습니다.,"Apr 4, 2025",1720,0
2026-05-26,lBPidxUL8zg,LLMCompiler 2 : AI 시대 코딩 배워야 합니다. AI App Flow를 아시면 무엇을 배워야 하는지 아실 수 있습니다.,"Apr 4, 2025",1720,0
2026-05-27,lBPidxUL8zg,LLMCompiler 2 : AI 시대 코딩 배워야 합니다. AI App Flow를 아시면 무엇을 배워야 하는지 아실 수 있습니다.,"Apr 4, 2025",1720,1
2026-05-28,lBPidxUL8zg,LLMCompiler 2 : AI 시대 코딩 배워야 합니다. AI App Flow를 아시면 무엇을 배워야 하는지 아실 수 있습니다.,"Apr 4, 2025",1720,0
2026-05-29,lBPidxUL8zg,LLMCompiler 2 : AI 시대 코딩 배워야 합니다. AI App Flow를 아시면 무엇을 배워야 하는지 아실 수 있습니다.,"Apr 4, 2025",1720,0
2026-05-30,lBPidxUL8zg,LLMCompiler 2 : AI 시대 코딩 배워야 합니다. AI App Flow를 아시면 무엇을 배워야 하는지 아실 수 있습니다.,"Apr 4, 2025",1720,0
2026-05-31,lBPidxUL8zg,LLMCompiler 2 : AI 시대 코딩 배워야 합니다. AI App Flow를 아시면 무엇을 배워야 하는지 아실 수 있습니다.,"Apr 4, 2025",1720,0
2026-06-01,lBPidxUL8zg,LLMCompiler 2 : AI 시대 코딩 배워야 합니다. AI App Flow를 아시면 무엇을 배워야 하는지 아실 수 있습니다.,"Apr 4, 2025",1720,0
2026-06-02,lBPidxUL8zg,LLMCompiler 2 : AI 시대 코딩 배워야 합니다. AI App Flow를 아시면 무엇을 배워야 하는지 아실 수 있습니다.,"Apr 4, 2025",1720,0
2026-06-03,lBPidxUL8zg,LLMCompiler 2 : AI 시대 코딩 배워야 합니다. AI App Flow를 아시면 무엇을 배워야 하는지 아실 수 있습니다.,"Apr 4, 2025",1720,0
2026-06-04,lBPidxUL8zg,LLMCompiler 2 : AI 시대 코딩 배워야 합니다. AI App Flow를 아시면 무엇을 배워야 하는지 아실 수 있습니다.,"Apr 4, 2025",1720,0
2026-06-05,lBPidxUL8zg,LLMCompiler 2 : AI 시대 코딩 배워야 합니다. AI App Flow를 아시면 무엇을 배워야 하는지 아실 수 있습니다.,"Apr 4, 2025",1720,0
2026-06-06,lBPidxUL8zg,LLMCompiler 2 : AI 시대 코딩 배워야 합니다. AI App Flow를 아시면 무엇을 배워야 하는지 아실 수 있습니다.,"Apr 4, 2025",1720,0
2026-06-07,lBPidxUL8zg,LLMCompiler 2 : AI 시대 코딩 배워야 합니다. AI App Flow를 아시면 무엇을 배워야 하는지 아실 수 있습니다.,"Apr 4, 2025",1720,0
2026-06-08,lBPidxUL8zg,LLMCompiler 2 : AI 시대 코딩 배워야 합니다. AI App Flow를 아시면 무엇을 배워야 하는지 아실 수 있습니다.,"Apr 4, 2025",1720,2
2026-06-09,lBPidxUL8zg,LLMCompiler 2 : AI 시대 코딩 배워야 합니다. AI App Flow를 아시면 무엇을 배워야 하는지 아실 수 있습니다.,"Apr 4, 2025",1720,0
2026-06-10,lBPidxUL8zg,LLMCompiler 2 : AI 시대 코딩 배워야 합니다. AI App Flow를 아시면 무엇을 배워야 하는지 아실 수 있습니다.,"Apr 4, 2025",1720,0
2026-06-11,lBPidxUL8zg,LLMCompiler 2 : AI 시대 코딩 배워야 합니다. AI App Flow를 아시면 무엇을 배워야 하는지 아실 수 있습니다.,"Apr 4, 2025",1720,0
2026-06-12,lBPidxUL8zg,LLMCompiler 2 : AI 시대 코딩 배워야 합니다. AI App Flow를 아시면 무엇을 배워야 하는지 아실 수 있습니다.,"Apr 4, 2025",1720,0
2026-06-13,lBPidxUL8zg,LLMCompiler 2 : AI 시대 코딩 배워야 합니다. AI App Flow를 아시면 무엇을 배워야 하는지 아실 수 있습니다.,"Apr 4, 2025",1720,0
2026-06-14,lBPidxUL8zg,LLMCompiler 2 : AI 시대 코딩 배워야 합니다. AI App Flow를 아시면 무엇을 배워야 하는지 아실 수 있습니다.,"Apr 4, 2025",1720,0
2026-06-15,lBPidxUL8zg,LLMCompiler 2 : AI 시대 코딩 배워야 합니다. AI App Flow를 아시면 무엇을 배워야 하는지 아실 수 있습니다.,"Apr 4, 2025",1720,0
2026-06-16,lBPidxUL8zg,LLMCompiler 2 : AI 시대 코딩 배워야 합니다. AI App Flow를 아시면 무엇을 배워야 하는지 아실 수 있습니다.,"Apr 4, 2025",1720,0
2026-06-17,lBPidxUL8zg,LLMCompiler 2 : AI 시대 코딩 배워야 합니다. AI App Flow를 아시면 무엇을 배워야 하는지 아실 수 있습니다.,"Apr 4, 2025",1720,0
2026-06-18,lBPidxUL8zg,LLMCompiler 2 : AI 시대 코딩 배워야 합니다. AI App Flow를 아시면 무엇을 배워야 하는지 아실 수 있습니다.,"Apr 4, 2025",1720,0
2026-06-19,lBPidxUL8zg,LLMCompiler 2 : AI 시대 코딩 배워야 합니다. AI App Flow를 아시면 무엇을 배워야 하는지 아실 수 있습니다.,"Apr 4, 2025",1720,0
2026-06-20,lBPidxUL8zg,LLMCompiler 2 : AI 시대 코딩 배워야 합니다. AI App Flow를 아시면 무엇을 배워야 하는지 아실 수 있습니다.,"Apr 4, 2025",1720,0
2026-06-21,lBPidxUL8zg,LLMCompiler 2 : AI 시대 코딩 배워야 합니다. AI App Flow를 아시면 무엇을 배워야 하는지 아실 수 있습니다.,"Apr 4, 2025",1720,0
2026-06-22,lBPidxUL8zg,LLMCompiler 2 : AI 시대 코딩 배워야 합니다. AI App Flow를 아시면 무엇을 배워야 하는지 아실 수 있습니다.,"Apr 4, 2025",1720,0
2026-06-23,lBPidxUL8zg,LLMCompiler 2 : AI 시대 코딩 배워야 합니다. AI App Flow를 아시면 무엇을 배워야 하는지 아실 수 있습니다.,"Apr 4, 2025",1720,0
2023-03-15,sbC64Cx5flQ,"코딩의 판이 바뀐다 - Prompt를 지배하는자, AI Agent 개발의 챔피언이 됩니다.","Feb 7, 2025",1458,0
2023-03-16,sbC64Cx5flQ,"코딩의 판이 바뀐다 - Prompt를 지배하는자, AI Agent 개발의 챔피언이 됩니다.","Feb 7, 2025",1458,0
2023-03-17,sbC64Cx5flQ,"코딩의 판이 바뀐다 - Prompt를 지배하는자, AI Agent 개발의 챔피언이 됩니다.","Feb 7, 2025",1458,0
2023-03-18,sbC64Cx5flQ,"코딩의 판이 바뀐다 - Prompt를 지배하는자, AI Agent 개발의 챔피언이 됩니다.","Feb 7, 2025",1458,0
2023-03-19,sbC64Cx5flQ,"코딩의 판이 바뀐다 - Prompt를 지배하는자, AI Agent 개발의 챔피언이 됩니다.","Feb 7, 2025",1458,0
2023-03-20,sbC64Cx5flQ,"코딩의 판이 바뀐다 - Prompt를 지배하는자, AI Agent 개발의 챔피언이 됩니다.","Feb 7, 2025",1458,0
2023-03-21,sbC64Cx5flQ,"코딩의 판이 바뀐다 - Prompt를 지배하는자, AI Agent 개발의 챔피언이 됩니다.","Feb 7, 2025",1458,0
2023-03-22,sbC64Cx5flQ,"코딩의 판이 바뀐다 - Prompt를 지배하는자, AI Agent 개발의 챔피언이 됩니다.","Feb 7, 2025",1458,0
2023-03-23,sbC64Cx5flQ,"코딩의 판이 바뀐다 - Prompt를 지배하는자, AI Agent 개발의 챔피언이 됩니다.","Feb 7, 2025",1458,0
2023-03-24,sbC64Cx5flQ,"코딩의 판이 바뀐다 - Prompt를 지배하는자, AI Agent 개발의 챔피언이 됩니다.","Feb 7, 2025",1458,0
2023-03-25,sbC64Cx5flQ,"코딩의 판이 바뀐다 - Prompt를 지배하는자, AI Agent 개발의 챔피언이 됩니다.","Feb 7, 2025",1458,0
2023-03-26,sbC64Cx5flQ,"코딩의 판이 바뀐다 - Prompt를 지배하는자, AI Agent 개발의 챔피언이 됩니다.","Feb 7, 2025",1458,0
2023-03-27,sbC64Cx5flQ,"코딩의 판이 바뀐다 - Prompt를 지배하는자, AI Agent 개발의 챔피언이 됩니다.","Feb 7, 2025",1458,0
2023-03-28,sbC64Cx5flQ,"코딩의 판이 바뀐다 - Prompt를 지배하는자, AI Agent 개발의 챔피언이 됩니다.","Feb 7, 2025",1458,0
2023-03-29,sbC64Cx5flQ,"코딩의 판이 바뀐다 - Prompt를 지배하는자, AI Agent 개발의 챔피언이 됩니다.","Feb 7, 2025",1458,0
2023-03-30,sbC64Cx5flQ,"코딩의 판이 바뀐다 - Prompt를 지배하는자, AI Agent 개발의 챔피언이 됩니다.","Feb 7, 2025",1458,0
2023-03-31,sbC64Cx5flQ,"코딩의 판이 바뀐다 - Prompt를 지배하는자, AI Agent 개발의 챔피언이 됩니다.","Feb 7, 2025",1458,0
2023-04-01,sbC64Cx5flQ,"코딩의 판이 바뀐다 - Prompt를 지배하는자, AI Agent 개발의 챔피언이 됩니다.","Feb 7, 2025",1458,0
2023-04-02,sbC64Cx5flQ,"코딩의 판이 바뀐다 - Prompt를 지배하는자, AI Agent 개발의 챔피언이 됩니다.","Feb 7, 2025",1458,0
2023-04-03,sbC64Cx5flQ,"코딩의 판이 바뀐다 - Prompt를 지배하는자, AI Agent 개발의 챔피언이 됩니다.","Feb 7, 2025",1458,0
2023-04-04,sbC64Cx5flQ,"코딩의 판이 바뀐다 - Prompt를 지배하는자, AI Agent 개발의 챔피언이 됩니다.","Feb 7, 2025",1458,0
2023-04-05,sbC64Cx5flQ,"코딩의 판이 바뀐다 - Prompt를 지배하는자, AI Agent 개발의 챔피언이 됩니다.","Feb 7, 2025",1458,0
2023-04-06,sbC64Cx5flQ,"코딩의 판이 바뀐다 - Prompt를 지배하는자, AI Agent 개발의 챔피언이 됩니다.","Feb 7, 2025",1458,0
2023-04-07,sbC64Cx5flQ,"코딩의 판이 바뀐다 - Prompt를 지배하는자, AI Agent 개발의 챔피언이 됩니다.","Feb 7, 2025",1458,0
2023-04-08,sbC64Cx5flQ,"코딩의 판이 바뀐다 - Prompt를 지배하는자, AI Agent 개발의 챔피언이 됩니다.","Feb 7, 2025",1458,0
2023-04-09,sbC64Cx5flQ,"코딩의 판이 바뀐다 - Prompt를 지배하는자, AI Agent 개발의 챔피언이 됩니다.","Feb 7, 2025",1458,0
2023-04-10,sbC64Cx5flQ,"코딩의 판이 바뀐다 - Prompt를 지배하는자, AI Agent 개발의 챔피언이 됩니다.","Feb 7, 2025",1458,0
2023-04-11,sbC64Cx5flQ,"코딩의 판이 바뀐다 - Prompt를 지배하는자, AI Agent 개발의 챔피언이 됩니다.","Feb 7, 2025",1458,0
2023-04-12,sbC64Cx5flQ,"코딩의 판이 바뀐다 - Prompt를 지배하는자, AI Agent 개발의 챔피언이 됩니다.","Feb 7, 2025",1458,0
2023-04-13,sbC64Cx5flQ,"코딩의 판이 바뀐다 - Prompt를 지배하는자, AI Agent 개발의 챔피언이 됩니다.","Feb 7, 2025",1458,0
2023-04-14,sbC64Cx5flQ,"코딩의 판이 바뀐다 - Prompt를 지배하는자, AI Agent 개발의 챔피언이 됩니다.","Feb 7, 2025",1458,0
2023-04-15,sbC64Cx5flQ,"코딩의 판이 바뀐다 - Prompt를 지배하는자, AI Agent 개발의 챔피언이 됩니다.","Feb 7, 2025",1458,0
2023-04-16,sbC64Cx5flQ,"코딩의 판이 바뀐다 - Prompt를 지배하는자, AI Agent 개발의 챔피언이 됩니다.","Feb 7, 2025",1458,0
2023-04-17,sbC64Cx5flQ,"코딩의 판이 바뀐다 - Prompt를 지배하는자, AI Agent 개발의 챔피언이 됩니다.","Feb 7, 2025",1458,0
2023-04-18,sbC64Cx5flQ,"코딩의 판이 바뀐다 - Prompt를 지배하는자, AI Agent 개발의 챔피언이 됩니다.","Feb 7, 2025",1458,0
2023-04-19,sbC64Cx5flQ,"코딩의 판이 바뀐다 - Prompt를 지배하는자, AI Agent 개발의 챔피언이 됩니다.","Feb 7, 2025",1458,0
2023-04-20,sbC64Cx5flQ,"코딩의 판이 바뀐다 - Prompt를 지배하는자, AI Agent 개발의 챔피언이 됩니다.","Feb 7, 2025",1458,0
2023-04-21,sbC64Cx5flQ,"코딩의 판이 바뀐다 - Prompt를 지배하는자, AI Agent 개발의 챔피언이 됩니다.","Feb 7, 2025",1458,0
2023-04-22,sbC64Cx5flQ,"코딩의 판이 바뀐다 - Prompt를 지배하는자, AI Agent 개발의 챔피언이 됩니다.","Feb 7, 2025",1458,0
2023-04-23,sbC64Cx5flQ,"코딩의 판이 바뀐다 - Prompt를 지배하는자, AI Agent 개발의 챔피언이 됩니다.","Feb 7, 2025",1458,0
2023-04-24,sbC64Cx5flQ,"코딩의 판이 바뀐다 - Prompt를 지배하는자, AI Agent 개발의 챔피언이 됩니다.","Feb 7, 2025",1458,0
2023-04-25,sbC64Cx5flQ,"코딩의 판이 바뀐다 - Prompt를 지배하는자, AI Agent 개발의 챔피언이 됩니다.","Feb 7, 2025",1458,0
2023-04-26,sbC64Cx5flQ,"코딩의 판이 바뀐다 - Prompt를 지배하는자, AI Agent 개발의 챔피언이 됩니다.","Feb 7, 2025",1458,0
2023-04-27,sbC64Cx5flQ,"코딩의 판이 바뀐다 - Prompt를 지배하는자, AI Agent 개발의 챔피언이 됩니다.","Feb 7, 2025",1458,0
2023-04-28,sbC64Cx5flQ,"코딩의 판이 바뀐다 - Prompt를 지배하는자, AI Agent 개발의 챔피언이 됩니다.","Feb 7, 2025",1458,0
2023-04-29,sbC64Cx5flQ,"코딩의 판이 바뀐다 - Prompt를 지배하는자, AI Agent 개발의 챔피언이 됩니다.","Feb 7, 2025",1458,0
2023-04-30,sbC64Cx5flQ,"코딩의 판이 바뀐다 - Prompt를 지배하는자, AI Agent 개발의 챔피언이 됩니다.","Feb 7, 2025",1458,0
2023-05-01,sbC64Cx5flQ,"코딩의 판이 바뀐다 - Prompt를 지배하는자, AI Agent 개발의 챔피언이 됩니다.","Feb 7, 2025",1458,0
2023-05-02,sbC64Cx5flQ,"코딩의 판이 바뀐다 - Prompt를 지배하는자, AI Agent 개발의 챔피언이 됩니다.","Feb 7, 2025",1458,0
2023-05-03,sbC64Cx5flQ,"코딩의 판이 바뀐다 - Prompt를 지배하는자, AI Agent 개발의 챔피언이 됩니다.","Feb 7, 2025",1458,0
2023-05-04,sbC64Cx5flQ,"코딩의 판이 바뀐다 - Prompt를 지배하는자, AI Agent 개발의 챔피언이 됩니다.","Feb 7, 2025",1458,0
2023-05-05,sbC64Cx5flQ,"코딩의 판이 바뀐다 - Prompt를 지배하는자, AI Agent 개발의 챔피언이 됩니다.","Feb 7, 2025",1458,0
2023-05-06,sbC64Cx5flQ,"코딩의 판이 바뀐다 - Prompt를 지배하는자, AI Agent 개발의 챔피언이 됩니다.","Feb 7, 2025",1458,0
2023-05-07,sbC64Cx5flQ,"코딩의 판이 바뀐다 - Prompt를 지배하는자, AI Agent 개발의 챔피언이 됩니다.","Feb 7, 2025",1458,0
2023-05-08,sbC64Cx5flQ,"코딩의 판이 바뀐다 - Prompt를 지배하는자, AI Agent 개발의 챔피언이 됩니다.","Feb 7, 2025",1458,0
2023-05-09,sbC64Cx5flQ,"코딩의 판이 바뀐다 - Prompt를 지배하는자, AI Agent 개발의 챔피언이 됩니다.","Feb 7, 2025",1458,0
2023-05-10,sbC64Cx5flQ,"코딩의 판이 바뀐다 - Prompt를 지배하는자, AI Agent 개발의 챔피언이 됩니다.","Feb 7, 2025",1458,0
2023-05-11,sbC64Cx5flQ,"코딩의 판이 바뀐다 - Prompt를 지배하는자, AI Agent 개발의 챔피언이 됩니다.","Feb 7, 2025",1458,0
2023-05-12,sbC64Cx5flQ,"코딩의 판이 바뀐다 - Prompt를 지배하는자, AI Agent 개발의 챔피언이 됩니다.","Feb 7, 2025",1458,0
2023-05-13,sbC64Cx5flQ,"코딩의 판이 바뀐다 - Prompt를 지배하는자, AI Agent 개발의 챔피언이 됩니다.","Feb 7, 2025",1458,0
2023-05-14,sbC64Cx5flQ,"코딩의 판이 바뀐다 - Prompt를 지배하는자, AI Agent 개발의 챔피언이 됩니다.","Feb 7, 2025",1458,0
2023-05-15,sbC64Cx5flQ,"코딩의 판이 바뀐다 - Prompt를 지배하는자, AI Agent 개발의 챔피언이 됩니다.","Feb 7, 2025",1458,0
2023-05-16,sbC64Cx5flQ,"코딩의 판이 바뀐다 - Prompt를 지배하는자, AI Agent 개발의 챔피언이 됩니다.","Feb 7, 2025",1458,0
2023-05-17,sbC64Cx5flQ,"코딩의 판이 바뀐다 - Prompt를 지배하는자, AI Agent 개발의 챔피언이 됩니다.","Feb 7, 2025",1458,0
2023-05-18,sbC64Cx5flQ,"코딩의 판이 바뀐다 - Prompt를 지배하는자, AI Agent 개발의 챔피언이 됩니다.","Feb 7, 2025",1458,0
2023-05-19,sbC64Cx5flQ,"코딩의 판이 바뀐다 - Prompt를 지배하는자, AI Agent 개발의 챔피언이 됩니다.","Feb 7, 2025",1458,0
2023-05-20,sbC64Cx5flQ,"코딩의 판이 바뀐다 - Prompt를 지배하는자, AI Agent 개발의 챔피언이 됩니다.","Feb 7, 2025",1458,0
2023-05-21,sbC64Cx5flQ,"코딩의 판이 바뀐다 - Prompt를 지배하는자, AI Agent 개발의 챔피언이 됩니다.","Feb 7, 2025",1458,0
2023-05-22,sbC64Cx5flQ,"코딩의 판이 바뀐다 - Prompt를 지배하는자, AI Agent 개발의 챔피언이 됩니다.","Feb 7, 2025",1458,0
2023-05-23,sbC64Cx5flQ,"코딩의 판이 바뀐다 - Prompt를 지배하는자, AI Agent 개발의 챔피언이 됩니다.","Feb 7, 2025",1458,0
2023-05-24,sbC64Cx5flQ,"코딩의 판이 바뀐다 - Prompt를 지배하는자, AI Agent 개발의 챔피언이 됩니다.","Feb 7, 2025",1458,0
2023-05-25,sbC64Cx5flQ,"코딩의 판이 바뀐다 - Prompt를 지배하는자, AI Agent 개발의 챔피언이 됩니다.","Feb 7, 2025",1458,0
2023-05-26,sbC64Cx5flQ,"코딩의 판이 바뀐다 - Prompt를 지배하는자, AI Agent 개발의 챔피언이 됩니다.","Feb 7, 2025",1458,0
2023-05-27,sbC64Cx5flQ,"코딩의 판이 바뀐다 - Prompt를 지배하는자, AI Agent 개발의 챔피언이 됩니다.","Feb 7, 2025",1458,0
2023-05-28,sbC64Cx5flQ,"코딩의 판이 바뀐다 - Prompt를 지배하는자, AI Agent 개발의 챔피언이 됩니다.","Feb 7, 2025",1458,0
2023-05-29,sbC64Cx5flQ,"코딩의 판이 바뀐다 - Prompt를 지배하는자, AI Agent 개발의 챔피언이 됩니다.","Feb 7, 2025",1458,0
2023-05-30,sbC64Cx5flQ,"코딩의 판이 바뀐다 - Prompt를 지배하는자, AI Agent 개발의 챔피언이 됩니다.","Feb 7, 2025",1458,0
2023-05-31,sbC64Cx5flQ,"코딩의 판이 바뀐다 - Prompt를 지배하는자, AI Agent 개발의 챔피언이 됩니다.","Feb 7, 2025",1458,0
2023-06-01,sbC64Cx5flQ,"코딩의 판이 바뀐다 - Prompt를 지배하는자, AI Agent 개발의 챔피언이 됩니다.","Feb 7, 2025",1458,0
2023-06-02,sbC64Cx5flQ,"코딩의 판이 바뀐다 - Prompt를 지배하는자, AI Agent 개발의 챔피언이 됩니다.","Feb 7, 2025",1458,0
2023-06-03,sbC64Cx5flQ,"코딩의 판이 바뀐다 - Prompt를 지배하는자, AI Agent 개발의 챔피언이 됩니다.","Feb 7, 2025",1458,0
2023-06-04,sbC64Cx5flQ,"코딩의 판이 바뀐다 - Prompt를 지배하는자, AI Agent 개발의 챔피언이 됩니다.","Feb 7, 2025",1458,0
2023-06-05,sbC64Cx5flQ,"코딩의 판이 바뀐다 - Prompt를 지배하는자, AI Agent 개발의 챔피언이 됩니다.","Feb 7, 2025",1458,0
2023-06-06,sbC64Cx5flQ,"코딩의 판이 바뀐다 - Prompt를 지배하는자, AI Agent 개발의 챔피언이 됩니다.","Feb 7, 2025",1458,0
2023-06-07,sbC64Cx5flQ,"코딩의 판이 바뀐다 - Prompt를 지배하는자, AI Agent 개발의 챔피언이 됩니다.","Feb 7, 2025",1458,0
2023-06-08,sbC64Cx5flQ,"코딩의 판이 바뀐다 - Prompt를 지배하는자, AI Agent 개발의 챔피언이 됩니다.","Feb 7, 2025",1458,0
2023-06-09,sbC64Cx5flQ,"코딩의 판이 바뀐다 - Prompt를 지배하는자, AI Agent 개발의 챔피언이 됩니다.","Feb 7, 2025",1458,0
2023-06-10,sbC64Cx5flQ,"코딩의 판이 바뀐다 - Prompt를 지배하는자, AI Agent 개발의 챔피언이 됩니다.","Feb 7, 2025",1458,0
2023-06-11,sbC64Cx5flQ,"코딩의 판이 바뀐다 - Prompt를 지배하는자, AI Agent 개발의 챔피언이 됩니다.","Feb 7, 2025",1458,0
2023-06-12,sbC64Cx5flQ,"코딩의 판이 바뀐다 - Prompt를 지배하는자, AI Agent 개발의 챔피언이 됩니다.","Feb 7, 2025",1458,0
2023-06-13,sbC64Cx5flQ,"코딩의 판이 바뀐다 - Prompt를 지배하는자, AI Agent 개발의 챔피언이 됩니다.","Feb 7, 2025",1458,0
2023-06-14,sbC64Cx5flQ,"코딩의 판이 바뀐다 - Prompt를 지배하는자, AI Agent 개발의 챔피언이 됩니다.","Feb 7, 2025",1458,0
2023-06-15,sbC64Cx5flQ,"코딩의 판이 바뀐다 - Prompt를 지배하는자, AI Agent 개발의 챔피언이 됩니다.","Feb 7, 2025",1458,0
2023-06-16,sbC64Cx5flQ,"코딩의 판이 바뀐다 - Prompt를 지배하는자, AI Agent 개발의 챔피언이 됩니다.","Feb 7, 2025",1458,0
2023-06-17,sbC64Cx5flQ,"코딩의 판이 바뀐다 - Prompt를 지배하는자, AI Agent 개발의 챔피언이 됩니다.","Feb 7, 2025",1458,0
2023-06-18,sbC64Cx5flQ,"코딩의 판이 바뀐다 - Prompt를 지배하는자, AI Agent 개발의 챔피언이 됩니다.","Feb 7, 2025",1458,0
2023-06-19,sbC64Cx5flQ,"코딩의 판이 바뀐다 - Prompt를 지배하는자, AI Agent 개발의 챔피언이 됩니다.","Feb 7, 2025",1458,0
2023-06-20,sbC64Cx5flQ,"코딩의 판이 바뀐다 - Prompt를 지배하는자, AI Agent 개발의 챔피언이 됩니다.","Feb 7, 2025",1458,0
2023-06-21,sbC64Cx5flQ,"코딩의 판이 바뀐다 - Prompt를 지배하는자, AI Agent 개발의 챔피언이 됩니다.","Feb 7, 2025",1458,0
2023-06-22,sbC64Cx5flQ,"코딩의 판이 바뀐다 - Prompt를 지배하는자, AI Agent 개발의 챔피언이 됩니다.","Feb 7, 2025",1458,0
2023-06-23,sbC64Cx5flQ,"코딩의 판이 바뀐다 - Prompt를 지배하는자, AI Agent 개발의 챔피언이 됩니다.","Feb 7, 2025",1458,0
2023-06-24,sbC64Cx5flQ,"코딩의 판이 바뀐다 - Prompt를 지배하는자, AI Agent 개발의 챔피언이 됩니다.","Feb 7, 2025",1458,0
2023-06-25,sbC64Cx5flQ,"코딩의 판이 바뀐다 - Prompt를 지배하는자, AI Agent 개발의 챔피언이 됩니다.","Feb 7, 2025",1458,0
2023-06-26,sbC64Cx5flQ,"코딩의 판이 바뀐다 - Prompt를 지배하는자, AI Agent 개발의 챔피언이 됩니다.","Feb 7, 2025",1458,0
2023-06-27,sbC64Cx5flQ,"코딩의 판이 바뀐다 - Prompt를 지배하는자, AI Agent 개발의 챔피언이 됩니다.","Feb 7, 2025",1458,0
2023-06-28,sbC64Cx5flQ,"코딩의 판이 바뀐다 - Prompt를 지배하는자, AI Agent 개발의 챔피언이 됩니다.","Feb 7, 2025",1458,0
2023-06-29,sbC64Cx5flQ,"코딩의 판이 바뀐다 - Prompt를 지배하는자, AI Agent 개발의 챔피언이 됩니다.","Feb 7, 2025",1458,0
2023-06-30,sbC64Cx5flQ,"코딩의 판이 바뀐다 - Prompt를 지배하는자, AI Agent 개발의 챔피언이 됩니다.","Feb 7, 2025",1458,0
2023-07-01,sbC64Cx5flQ,"코딩의 판이 바뀐다 - Prompt를 지배하는자, AI Agent 개발의 챔피언이 됩니다.","Feb 7, 2025",1458,0
2023-07-02,sbC64Cx5flQ,"코딩의 판이 바뀐다 - Prompt를 지배하는자, AI Agent 개발의 챔피언이 됩니다.","Feb 7, 2025",1458,0
2023-07-03,sbC64Cx5flQ,"코딩의 판이 바뀐다 - Prompt를 지배하는자, AI Agent 개발의 챔피언이 됩니다.","Feb 7, 2025",1458,0
2023-07-04,sbC64Cx5flQ,"코딩의 판이 바뀐다 - Prompt를 지배하는자, AI Agent 개발의 챔피언이 됩니다.","Feb 7, 2025",1458,0
2023-07-05,sbC64Cx5flQ,"코딩의 판이 바뀐다 - Prompt를 지배하는자, AI Agent 개발의 챔피언이 됩니다.","Feb 7, 2025",1458,0
2023-07-06,sbC64Cx5flQ,"코딩의 판이 바뀐다 - Prompt를 지배하는자, AI Agent 개발의 챔피언이 됩니다.","Feb 7, 2025",1458,0
2023-07-07,sbC64Cx5flQ,"코딩의 판이 바뀐다 - Prompt를 지배하는자, AI Agent 개발의 챔피언이 됩니다.","Feb 7, 2025",1458,0
2023-07-08,sbC64Cx5flQ,"코딩의 판이 바뀐다 - Prompt를 지배하는자, AI Agent 개발의 챔피언이 됩니다.","Feb 7, 2025",1458,0
2023-07-09,sbC64Cx5flQ,"코딩의 판이 바뀐다 - Prompt를 지배하는자, AI Agent 개발의 챔피언이 됩니다.","Feb 7, 2025",1458,0
2023-07-10,sbC64Cx5flQ,"코딩의 판이 바뀐다 - Prompt를 지배하는자, AI Agent 개발의 챔피언이 됩니다.","Feb 7, 2025",1458,0
2023-07-11,sbC64Cx5flQ,"코딩의 판이 바뀐다 - Prompt를 지배하는자, AI Agent 개발의 챔피언이 됩니다.","Feb 7, 2025",1458,0
2023-07-12,sbC64Cx5flQ,"코딩의 판이 바뀐다 - Prompt를 지배하는자, AI Agent 개발의 챔피언이 됩니다.","Feb 7, 2025",1458,0
2023-07-13,sbC64Cx5flQ,"코딩의 판이 바뀐다 - Prompt를 지배하는자, AI Agent 개발의 챔피언이 됩니다.","Feb 7, 2025",1458,0
2023-07-14,sbC64Cx5flQ,"코딩의 판이 바뀐다 - Prompt를 지배하는자, AI Agent 개발의 챔피언이 됩니다.","Feb 7, 2025",1458,0
2023-07-15,sbC64Cx5flQ,"코딩의 판이 바뀐다 - Prompt를 지배하는자, AI Agent 개발의 챔피언이 됩니다.","Feb 7, 2025",1458,0
2023-07-16,sbC64Cx5flQ,"코딩의 판이 바뀐다 - Prompt를 지배하는자, AI Agent 개발의 챔피언이 됩니다.","Feb 7, 2025",1458,0
2023-07-17,sbC64Cx5flQ,"코딩의 판이 바뀐다 - Prompt를 지배하는자, AI Agent 개발의 챔피언이 됩니다.","Feb 7, 2025",1458,0
2023-07-18,sbC64Cx5flQ,"코딩의 판이 바뀐다 - Prompt를 지배하는자, AI Agent 개발의 챔피언이 됩니다.","Feb 7, 2025",1458,0
2023-07-19,sbC64Cx5flQ,"코딩의 판이 바뀐다 - Prompt를 지배하는자, AI Agent 개발의 챔피언이 됩니다.","Feb 7, 2025",1458,0
2023-07-20,sbC64Cx5flQ,"코딩의 판이 바뀐다 - Prompt를 지배하는자, AI Agent 개발의 챔피언이 됩니다.","Feb 7, 2025",1458,0
2023-07-21,sbC64Cx5flQ,"코딩의 판이 바뀐다 - Prompt를 지배하는자, AI Agent 개발의 챔피언이 됩니다.","Feb 7, 2025",1458,0
2023-07-22,sbC64Cx5flQ,"코딩의 판이 바뀐다 - Prompt를 지배하는자, AI Agent 개발의 챔피언이 됩니다.","Feb 7, 2025",1458,0
2023-07-23,sbC64Cx5flQ,"코딩의 판이 바뀐다 - Prompt를 지배하는자, AI Agent 개발의 챔피언이 됩니다.","Feb 7, 2025",1458,0
2023-07-24,sbC64Cx5flQ,"코딩의 판이 바뀐다 - Prompt를 지배하는자, AI Agent 개발의 챔피언이 됩니다.","Feb 7, 2025",1458,0
2023-07-25,sbC64Cx5flQ,"코딩의 판이 바뀐다 - Prompt를 지배하는자, AI Agent 개발의 챔피언이 됩니다.","Feb 7, 2025",1458,0
2023-07-26,sbC64Cx5flQ,"코딩의 판이 바뀐다 - Prompt를 지배하는자, AI Agent 개발의 챔피언이 됩니다.","Feb 7, 2025",1458,0
2023-07-27,sbC64Cx5flQ,"코딩의 판이 바뀐다 - Prompt를 지배하는자, AI Agent 개발의 챔피언이 됩니다.","Feb 7, 2025",1458,0
2023-07-28,sbC64Cx5flQ,"코딩의 판이 바뀐다 - Prompt를 지배하는자, AI Agent 개발의 챔피언이 됩니다.","Feb 7, 2025",1458,0
2023-07-29,sbC64Cx5flQ,"코딩의 판이 바뀐다 - Prompt를 지배하는자, AI Agent 개발의 챔피언이 됩니다.","Feb 7, 2025",1458,0
2023-07-30,sbC64Cx5flQ,"코딩의 판이 바뀐다 - Prompt를 지배하는자, AI Agent 개발의 챔피언이 됩니다.","Feb 7, 2025",1458,0
2023-07-31,sbC64Cx5flQ,"코딩의 판이 바뀐다 - Prompt를 지배하는자, AI Agent 개발의 챔피언이 됩니다.","Feb 7, 2025",1458,0
2023-08-01,sbC64Cx5flQ,"코딩의 판이 바뀐다 - Prompt를 지배하는자, AI Agent 개발의 챔피언이 됩니다.","Feb 7, 2025",1458,0
2023-08-02,sbC64Cx5flQ,"코딩의 판이 바뀐다 - Prompt를 지배하는자, AI Agent 개발의 챔피언이 됩니다.","Feb 7, 2025",1458,0
2023-08-03,sbC64Cx5flQ,"코딩의 판이 바뀐다 - Prompt를 지배하는자, AI Agent 개발의 챔피언이 됩니다.","Feb 7, 2025",1458,0
2023-08-04,sbC64Cx5flQ,"코딩의 판이 바뀐다 - Prompt를 지배하는자, AI Agent 개발의 챔피언이 됩니다.","Feb 7, 2025",1458,0
2023-08-05,sbC64Cx5flQ,"코딩의 판이 바뀐다 - Prompt를 지배하는자, AI Agent 개발의 챔피언이 됩니다.","Feb 7, 2025",1458,0
2023-08-06,sbC64Cx5flQ,"코딩의 판이 바뀐다 - Prompt를 지배하는자, AI Agent 개발의 챔피언이 됩니다.","Feb 7, 2025",1458,0
2023-08-07,sbC64Cx5flQ,"코딩의 판이 바뀐다 - Prompt를 지배하는자, AI Agent 개발의 챔피언이 됩니다.","Feb 7, 2025",1458,0
2023-08-08,sbC64Cx5flQ,"코딩의 판이 바뀐다 - Prompt를 지배하는자, AI Agent 개발의 챔피언이 됩니다.","Feb 7, 2025",1458,0
2023-08-09,sbC64Cx5flQ,"코딩의 판이 바뀐다 - Prompt를 지배하는자, AI Agent 개발의 챔피언이 됩니다.","Feb 7, 2025",1458,0
2023-08-10,sbC64Cx5flQ,"코딩의 판이 바뀐다 - Prompt를 지배하는자, AI Agent 개발의 챔피언이 됩니다.","Feb 7, 2025",1458,0
2023-08-11,sbC64Cx5flQ,"코딩의 판이 바뀐다 - Prompt를 지배하는자, AI Agent 개발의 챔피언이 됩니다.","Feb 7, 2025",1458,0
2023-08-12,sbC64Cx5flQ,"코딩의 판이 바뀐다 - Prompt를 지배하는자, AI Agent 개발의 챔피언이 됩니다.","Feb 7, 2025",1458,0
2023-08-13,sbC64Cx5flQ,"코딩의 판이 바뀐다 - Prompt를 지배하는자, AI Agent 개발의 챔피언이 됩니다.","Feb 7, 2025",1458,0
2023-08-14,sbC64Cx5flQ,"코딩의 판이 바뀐다 - Prompt를 지배하는자, AI Agent 개발의 챔피언이 됩니다.","Feb 7, 2025",1458,0
2023-08-15,sbC64Cx5flQ,"코딩의 판이 바뀐다 - Prompt를 지배하는자, AI Agent 개발의 챔피언이 됩니다.","Feb 7, 2025",1458,0
2023-08-16,sbC64Cx5flQ,"코딩의 판이 바뀐다 - Prompt를 지배하는자, AI Agent 개발의 챔피언이 됩니다.","Feb 7, 2025",1458,0
2023-08-17,sbC64Cx5flQ,"코딩의 판이 바뀐다 - Prompt를 지배하는자, AI Agent 개발의 챔피언이 됩니다.","Feb 7, 2025",1458,0
2023-08-18,sbC64Cx5flQ,"코딩의 판이 바뀐다 - Prompt를 지배하는자, AI Agent 개발의 챔피언이 됩니다.","Feb 7, 2025",1458,0
2023-08-19,sbC64Cx5flQ,"코딩의 판이 바뀐다 - Prompt를 지배하는자, AI Agent 개발의 챔피언이 됩니다.","Feb 7, 2025",1458,0
2023-08-20,sbC64Cx5flQ,"코딩의 판이 바뀐다 - Prompt를 지배하는자, AI Agent 개발의 챔피언이 됩니다.","Feb 7, 2025",1458,0
2023-08-21,sbC64Cx5flQ,"코딩의 판이 바뀐다 - Prompt를 지배하는자, AI Agent 개발의 챔피언이 됩니다.","Feb 7, 2025",1458,0
2023-08-22,sbC64Cx5flQ,"코딩의 판이 바뀐다 - Prompt를 지배하는자, AI Agent 개발의 챔피언이 됩니다.","Feb 7, 2025",1458,0
2023-08-23,sbC64Cx5flQ,"코딩의 판이 바뀐다 - Prompt를 지배하는자, AI Agent 개발의 챔피언이 됩니다.","Feb 7, 2025",1458,0
2023-08-24,sbC64Cx5flQ,"코딩의 판이 바뀐다 - Prompt를 지배하는자, AI Agent 개발의 챔피언이 됩니다.","Feb 7, 2025",1458,0
2023-08-25,sbC64Cx5flQ,"코딩의 판이 바뀐다 - Prompt를 지배하는자, AI Agent 개발의 챔피언이 됩니다.","Feb 7, 2025",1458,0
2023-08-26,sbC64Cx5flQ,"코딩의 판이 바뀐다 - Prompt를 지배하는자, AI Agent 개발의 챔피언이 됩니다.","Feb 7, 2025",1458,0
2023-08-27,sbC64Cx5flQ,"코딩의 판이 바뀐다 - Prompt를 지배하는자, AI Agent 개발의 챔피언이 됩니다.","Feb 7, 2025",1458,0
2023-08-28,sbC64Cx5flQ,"코딩의 판이 바뀐다 - Prompt를 지배하는자, AI Agent 개발의 챔피언이 됩니다.","Feb 7, 2025",1458,0
2023-08-29,sbC64Cx5flQ,"코딩의 판이 바뀐다 - Prompt를 지배하는자, AI Agent 개발의 챔피언이 됩니다.","Feb 7, 2025",1458,0
2023-08-30,sbC64Cx5flQ,"코딩의 판이 바뀐다 - Prompt를 지배하는자, AI Agent 개발의 챔피언이 됩니다.","Feb 7, 2025",1458,0
2023-08-31,sbC64Cx5flQ,"코딩의 판이 바뀐다 - Prompt를 지배하는자, AI Agent 개발의 챔피언이 됩니다.","Feb 7, 2025",1458,0
2023-09-01,sbC64Cx5flQ,"코딩의 판이 바뀐다 - Prompt를 지배하는자, AI Agent 개발의 챔피언이 됩니다.","Feb 7, 2025",1458,0
2023-09-02,sbC64Cx5flQ,"코딩의 판이 바뀐다 - Prompt를 지배하는자, AI Agent 개발의 챔피언이 됩니다.","Feb 7, 2025",1458,0
2023-09-03,sbC64Cx5flQ,"코딩의 판이 바뀐다 - Prompt를 지배하는자, AI Agent 개발의 챔피언이 됩니다.","Feb 7, 2025",1458,0
2023-09-04,sbC64Cx5flQ,"코딩의 판이 바뀐다 - Prompt를 지배하는자, AI Agent 개발의 챔피언이 됩니다.","Feb 7, 2025",1458,0
2023-09-05,sbC64Cx5flQ,"코딩의 판이 바뀐다 - Prompt를 지배하는자, AI Agent 개발의 챔피언이 됩니다.","Feb 7, 2025",1458,0
2023-09-06,sbC64Cx5flQ,"코딩의 판이 바뀐다 - Prompt를 지배하는자, AI Agent 개발의 챔피언이 됩니다.","Feb 7, 2025",1458,0
2023-09-07,sbC64Cx5flQ,"코딩의 판이 바뀐다 - Prompt를 지배하는자, AI Agent 개발의 챔피언이 됩니다.","Feb 7, 2025",1458,0
2023-09-08,sbC64Cx5flQ,"코딩의 판이 바뀐다 - Prompt를 지배하는자, AI Agent 개발의 챔피언이 됩니다.","Feb 7, 2025",1458,0
2023-09-09,sbC64Cx5flQ,"코딩의 판이 바뀐다 - Prompt를 지배하는자, AI Agent 개발의 챔피언이 됩니다.","Feb 7, 2025",1458,0
2023-09-10,sbC64Cx5flQ,"코딩의 판이 바뀐다 - Prompt를 지배하는자, AI Agent 개발의 챔피언이 됩니다.","Feb 7, 2025",1458,0
2023-09-11,sbC64Cx5flQ,"코딩의 판이 바뀐다 - Prompt를 지배하는자, AI Agent 개발의 챔피언이 됩니다.","Feb 7, 2025",1458,0
2023-09-12,sbC64Cx5flQ,"코딩의 판이 바뀐다 - Prompt를 지배하는자, AI Agent 개발의 챔피언이 됩니다.","Feb 7, 2025",1458,0
2023-09-13,sbC64Cx5flQ,"코딩의 판이 바뀐다 - Prompt를 지배하는자, AI Agent 개발의 챔피언이 됩니다.","Feb 7, 2025",1458,0
2023-09-14,sbC64Cx5flQ,"코딩의 판이 바뀐다 - Prompt를 지배하는자, AI Agent 개발의 챔피언이 됩니다.","Feb 7, 2025",1458,0
2023-09-15,sbC64Cx5flQ,"코딩의 판이 바뀐다 - Prompt를 지배하는자, AI Agent 개발의 챔피언이 됩니다.","Feb 7, 2025",1458,0
2023-09-16,sbC64Cx5flQ,"코딩의 판이 바뀐다 - Prompt를 지배하는자, AI Agent 개발의 챔피언이 됩니다.","Feb 7, 2025",1458,0
2023-09-17,sbC64Cx5flQ,"코딩의 판이 바뀐다 - Prompt를 지배하는자, AI Agent 개발의 챔피언이 됩니다.","Feb 7, 2025",1458,0
2023-09-18,sbC64Cx5flQ,"코딩의 판이 바뀐다 - Prompt를 지배하는자, AI Agent 개발의 챔피언이 됩니다.","Feb 7, 2025",1458,0
2023-09-19,sbC64Cx5flQ,"코딩의 판이 바뀐다 - Prompt를 지배하는자, AI Agent 개발의 챔피언이 됩니다.","Feb 7, 2025",1458,0
2023-09-20,sbC64Cx5flQ,"코딩의 판이 바뀐다 - Prompt를 지배하는자, AI Agent 개발의 챔피언이 됩니다.","Feb 7, 2025",1458,0
2023-09-21,sbC64Cx5flQ,"코딩의 판이 바뀐다 - Prompt를 지배하는자, AI Agent 개발의 챔피언이 됩니다.","Feb 7, 2025",1458,0
2023-09-22,sbC64Cx5flQ,"코딩의 판이 바뀐다 - Prompt를 지배하는자, AI Agent 개발의 챔피언이 됩니다.","Feb 7, 2025",1458,0
2023-09-23,sbC64Cx5flQ,"코딩의 판이 바뀐다 - Prompt를 지배하는자, AI Agent 개발의 챔피언이 됩니다.","Feb 7, 2025",1458,0
2023-09-24,sbC64Cx5flQ,"코딩의 판이 바뀐다 - Prompt를 지배하는자, AI Agent 개발의 챔피언이 됩니다.","Feb 7, 2025",1458,0
2023-09-25,sbC64Cx5flQ,"코딩의 판이 바뀐다 - Prompt를 지배하는자, AI Agent 개발의 챔피언이 됩니다.","Feb 7, 2025",1458,0
2023-09-26,sbC64Cx5flQ,"코딩의 판이 바뀐다 - Prompt를 지배하는자, AI Agent 개발의 챔피언이 됩니다.","Feb 7, 2025",1458,0
2023-09-27,sbC64Cx5flQ,"코딩의 판이 바뀐다 - Prompt를 지배하는자, AI Agent 개발의 챔피언이 됩니다.","Feb 7, 2025",1458,0
2023-09-28,sbC64Cx5flQ,"코딩의 판이 바뀐다 - Prompt를 지배하는자, AI Agent 개발의 챔피언이 됩니다.","Feb 7, 2025",1458,0
2023-09-29,sbC64Cx5flQ,"코딩의 판이 바뀐다 - Prompt를 지배하는자, AI Agent 개발의 챔피언이 됩니다.","Feb 7, 2025",1458,0
2023-09-30,sbC64Cx5flQ,"코딩의 판이 바뀐다 - Prompt를 지배하는자, AI Agent 개발의 챔피언이 됩니다.","Feb 7, 2025",1458,0
2023-10-01,sbC64Cx5flQ,"코딩의 판이 바뀐다 - Prompt를 지배하는자, AI Agent 개발의 챔피언이 됩니다.","Feb 7, 2025",1458,0
2023-10-02,sbC64Cx5flQ,"코딩의 판이 바뀐다 - Prompt를 지배하는자, AI Agent 개발의 챔피언이 됩니다.","Feb 7, 2025",1458,0
2023-10-03,sbC64Cx5flQ,"코딩의 판이 바뀐다 - Prompt를 지배하는자, AI Agent 개발의 챔피언이 됩니다.","Feb 7, 2025",1458,0
2023-10-04,sbC64Cx5flQ,"코딩의 판이 바뀐다 - Prompt를 지배하는자, AI Agent 개발의 챔피언이 됩니다.","Feb 7, 2025",1458,0
2023-10-05,sbC64Cx5flQ,"코딩의 판이 바뀐다 - Prompt를 지배하는자, AI Agent 개발의 챔피언이 됩니다.","Feb 7, 2025",1458,0
2023-10-06,sbC64Cx5flQ,"코딩의 판이 바뀐다 - Prompt를 지배하는자, AI Agent 개발의 챔피언이 됩니다.","Feb 7, 2025",1458,0
2023-10-07,sbC64Cx5flQ,"코딩의 판이 바뀐다 - Prompt를 지배하는자, AI Agent 개발의 챔피언이 됩니다.","Feb 7, 2025",1458,0
2023-10-08,sbC64Cx5flQ,"코딩의 판이 바뀐다 - Prompt를 지배하는자, AI Agent 개발의 챔피언이 됩니다.","Feb 7, 2025",1458,0
2023-10-09,sbC64Cx5flQ,"코딩의 판이 바뀐다 - Prompt를 지배하는자, AI Agent 개발의 챔피언이 됩니다.","Feb 7, 2025",1458,0
2023-10-10,sbC64Cx5flQ,"코딩의 판이 바뀐다 - Prompt를 지배하는자, AI Agent 개발의 챔피언이 됩니다.","Feb 7, 2025",1458,0
2023-10-11,sbC64Cx5flQ,"코딩의 판이 바뀐다 - Prompt를 지배하는자, AI Agent 개발의 챔피언이 됩니다.","Feb 7, 2025",1458,0
2023-10-12,sbC64Cx5flQ,"코딩의 판이 바뀐다 - Prompt를 지배하는자, AI Agent 개발의 챔피언이 됩니다.","Feb 7, 2025",1458,0
2023-10-13,sbC64Cx5flQ,"코딩의 판이 바뀐다 - Prompt를 지배하는자, AI Agent 개발의 챔피언이 됩니다.","Feb 7, 2025",1458,0
2023-10-14,sbC64Cx5flQ,"코딩의 판이 바뀐다 - Prompt를 지배하는자, AI Agent 개발의 챔피언이 됩니다.","Feb 7, 2025",1458,0
2023-10-15,sbC64Cx5flQ,"코딩의 판이 바뀐다 - Prompt를 지배하는자, AI Agent 개발의 챔피언이 됩니다.","Feb 7, 2025",1458,0
2023-10-16,sbC64Cx5flQ,"코딩의 판이 바뀐다 - Prompt를 지배하는자, AI Agent 개발의 챔피언이 됩니다.","Feb 7, 2025",1458,0
2023-10-17,sbC64Cx5flQ,"코딩의 판이 바뀐다 - Prompt를 지배하는자, AI Agent 개발의 챔피언이 됩니다.","Feb 7, 2025",1458,0
2023-10-18,sbC64Cx5flQ,"코딩의 판이 바뀐다 - Prompt를 지배하는자, AI Agent 개발의 챔피언이 됩니다.","Feb 7, 2025",1458,0
2023-10-19,sbC64Cx5flQ,"코딩의 판이 바뀐다 - Prompt를 지배하는자, AI Agent 개발의 챔피언이 됩니다.","Feb 7, 2025",1458,0
2023-10-20,sbC64Cx5flQ,"코딩의 판이 바뀐다 - Prompt를 지배하는자, AI Agent 개발의 챔피언이 됩니다.","Feb 7, 2025",1458,0
2023-10-21,sbC64Cx5flQ,"코딩의 판이 바뀐다 - Prompt를 지배하는자, AI Agent 개발의 챔피언이 됩니다.","Feb 7, 2025",1458,0
2023-10-22,sbC64Cx5flQ,"코딩의 판이 바뀐다 - Prompt를 지배하는자, AI Agent 개발의 챔피언이 됩니다.","Feb 7, 2025",1458,0
2023-10-23,sbC64Cx5flQ,"코딩의 판이 바뀐다 - Prompt를 지배하는자, AI Agent 개발의 챔피언이 됩니다.","Feb 7, 2025",1458,0
2023-10-24,sbC64Cx5flQ,"코딩의 판이 바뀐다 - Prompt를 지배하는자, AI Agent 개발의 챔피언이 됩니다.","Feb 7, 2025",1458,0
2023-10-25,sbC64Cx5flQ,"코딩의 판이 바뀐다 - Prompt를 지배하는자, AI Agent 개발의 챔피언이 됩니다.","Feb 7, 2025",1458,0
2023-10-26,sbC64Cx5flQ,"코딩의 판이 바뀐다 - Prompt를 지배하는자, AI Agent 개발의 챔피언이 됩니다.","Feb 7, 2025",1458,0
2023-10-27,sbC64Cx5flQ,"코딩의 판이 바뀐다 - Prompt를 지배하는자, AI Agent 개발의 챔피언이 됩니다.","Feb 7, 2025",1458,0
2023-10-28,sbC64Cx5flQ,"코딩의 판이 바뀐다 - Prompt를 지배하는자, AI Agent 개발의 챔피언이 됩니다.","Feb 7, 2025",1458,0
2023-10-29,sbC64Cx5flQ,"코딩의 판이 바뀐다 - Prompt를 지배하는자, AI Agent 개발의 챔피언이 됩니다.","Feb 7, 2025",1458,0
2023-10-30,sbC64Cx5flQ,"코딩의 판이 바뀐다 - Prompt를 지배하는자, AI Agent 개발의 챔피언이 됩니다.","Feb 7, 2025",1458,0
2023-10-31,sbC64Cx5flQ,"코딩의 판이 바뀐다 - Prompt를 지배하는자, AI Agent 개발의 챔피언이 됩니다.","Feb 7, 2025",1458,0
2023-11-01,sbC64Cx5flQ,"코딩의 판이 바뀐다 - Prompt를 지배하는자, AI Agent 개발의 챔피언이 됩니다.","Feb 7, 2025",1458,0
2023-11-02,sbC64Cx5flQ,"코딩의 판이 바뀐다 - Prompt를 지배하는자, AI Agent 개발의 챔피언이 됩니다.","Feb 7, 2025",1458,0
2023-11-03,sbC64Cx5flQ,"코딩의 판이 바뀐다 - Prompt를 지배하는자, AI Agent 개발의 챔피언이 됩니다.","Feb 7, 2025",1458,0
2023-11-04,sbC64Cx5flQ,"코딩의 판이 바뀐다 - Prompt를 지배하는자, AI Agent 개발의 챔피언이 됩니다.","Feb 7, 2025",1458,0
2023-11-05,sbC64Cx5flQ,"코딩의 판이 바뀐다 - Prompt를 지배하는자, AI Agent 개발의 챔피언이 됩니다.","Feb 7, 2025",1458,0
2023-11-06,sbC64Cx5flQ,"코딩의 판이 바뀐다 - Prompt를 지배하는자, AI Agent 개발의 챔피언이 됩니다.","Feb 7, 2025",1458,0
2023-11-07,sbC64Cx5flQ,"코딩의 판이 바뀐다 - Prompt를 지배하는자, AI Agent 개발의 챔피언이 됩니다.","Feb 7, 2025",1458,0
2023-11-08,sbC64Cx5flQ,"코딩의 판이 바뀐다 - Prompt를 지배하는자, AI Agent 개발의 챔피언이 됩니다.","Feb 7, 2025",1458,0
2023-11-09,sbC64Cx5flQ,"코딩의 판이 바뀐다 - Prompt를 지배하는자, AI Agent 개발의 챔피언이 됩니다.","Feb 7, 2025",1458,0
2023-11-10,sbC64Cx5flQ,"코딩의 판이 바뀐다 - Prompt를 지배하는자, AI Agent 개발의 챔피언이 됩니다.","Feb 7, 2025",1458,0
2023-11-11,sbC64Cx5flQ,"코딩의 판이 바뀐다 - Prompt를 지배하는자, AI Agent 개발의 챔피언이 됩니다.","Feb 7, 2025",1458,0
2023-11-12,sbC64Cx5flQ,"코딩의 판이 바뀐다 - Prompt를 지배하는자, AI Agent 개발의 챔피언이 됩니다.","Feb 7, 2025",1458,0
2023-11-13,sbC64Cx5flQ,"코딩의 판이 바뀐다 - Prompt를 지배하는자, AI Agent 개발의 챔피언이 됩니다.","Feb 7, 2025",1458,0
2023-11-14,sbC64Cx5flQ,"코딩의 판이 바뀐다 - Prompt를 지배하는자, AI Agent 개발의 챔피언이 됩니다.","Feb 7, 2025",1458,0
2023-11-15,sbC64Cx5flQ,"코딩의 판이 바뀐다 - Prompt를 지배하는자, AI Agent 개발의 챔피언이 됩니다.","Feb 7, 2025",1458,0
2023-11-16,sbC64Cx5flQ,"코딩의 판이 바뀐다 - Prompt를 지배하는자, AI Agent 개발의 챔피언이 됩니다.","Feb 7, 2025",1458,0
2023-11-17,sbC64Cx5flQ,"코딩의 판이 바뀐다 - Prompt를 지배하는자, AI Agent 개발의 챔피언이 됩니다.","Feb 7, 2025",1458,0
2023-11-18,sbC64Cx5flQ,"코딩의 판이 바뀐다 - Prompt를 지배하는자, AI Agent 개발의 챔피언이 됩니다.","Feb 7, 2025",1458,0
2023-11-19,sbC64Cx5flQ,"코딩의 판이 바뀐다 - Prompt를 지배하는자, AI Agent 개발의 챔피언이 됩니다.","Feb 7, 2025",1458,0
2023-11-20,sbC64Cx5flQ,"코딩의 판이 바뀐다 - Prompt를 지배하는자, AI Agent 개발의 챔피언이 됩니다.","Feb 7, 2025",1458,0
2023-11-21,sbC64Cx5flQ,"코딩의 판이 바뀐다 - Prompt를 지배하는자, AI Agent 개발의 챔피언이 됩니다.","Feb 7, 2025",1458,0
2023-11-22,sbC64Cx5flQ,"코딩의 판이 바뀐다 - Prompt를 지배하는자, AI Agent 개발의 챔피언이 됩니다.","Feb 7, 2025",1458,0
2023-11-23,sbC64Cx5flQ,"코딩의 판이 바뀐다 - Prompt를 지배하는자, AI Agent 개발의 챔피언이 됩니다.","Feb 7, 2025",1458,0
2023-11-24,sbC64Cx5flQ,"코딩의 판이 바뀐다 - Prompt를 지배하는자, AI Agent 개발의 챔피언이 됩니다.","Feb 7, 2025",1458,0
2023-11-25,sbC64Cx5flQ,"코딩의 판이 바뀐다 - Prompt를 지배하는자, AI Agent 개발의 챔피언이 됩니다.","Feb 7, 2025",1458,0
2023-11-26,sbC64Cx5flQ,"코딩의 판이 바뀐다 - Prompt를 지배하는자, AI Agent 개발의 챔피언이 됩니다.","Feb 7, 2025",1458,0
2023-11-27,sbC64Cx5flQ,"코딩의 판이 바뀐다 - Prompt를 지배하는자, AI Agent 개발의 챔피언이 됩니다.","Feb 7, 2025",1458,0
2023-11-28,sbC64Cx5flQ,"코딩의 판이 바뀐다 - Prompt를 지배하는자, AI Agent 개발의 챔피언이 됩니다.","Feb 7, 2025",1458,0
2023-11-29,sbC64Cx5flQ,"코딩의 판이 바뀐다 - Prompt를 지배하는자, AI Agent 개발의 챔피언이 됩니다.","Feb 7, 2025",1458,0
2023-11-30,sbC64Cx5flQ,"코딩의 판이 바뀐다 - Prompt를 지배하는자, AI Agent 개발의 챔피언이 됩니다.","Feb 7, 2025",1458,0
2023-12-01,sbC64Cx5flQ,"코딩의 판이 바뀐다 - Prompt를 지배하는자, AI Agent 개발의 챔피언이 됩니다.","Feb 7, 2025",1458,0
2023-12-02,sbC64Cx5flQ,"코딩의 판이 바뀐다 - Prompt를 지배하는자, AI Agent 개발의 챔피언이 됩니다.","Feb 7, 2025",1458,0
2023-12-03,sbC64Cx5flQ,"코딩의 판이 바뀐다 - Prompt를 지배하는자, AI Agent 개발의 챔피언이 됩니다.","Feb 7, 2025",1458,0
2023-12-04,sbC64Cx5flQ,"코딩의 판이 바뀐다 - Prompt를 지배하는자, AI Agent 개발의 챔피언이 됩니다.","Feb 7, 2025",1458,0
2023-12-05,sbC64Cx5flQ,"코딩의 판이 바뀐다 - Prompt를 지배하는자, AI Agent 개발의 챔피언이 됩니다.","Feb 7, 2025",1458,0
2023-12-06,sbC64Cx5flQ,"코딩의 판이 바뀐다 - Prompt를 지배하는자, AI Agent 개발의 챔피언이 됩니다.","Feb 7, 2025",1458,0
2023-12-07,sbC64Cx5flQ,"코딩의 판이 바뀐다 - Prompt를 지배하는자, AI Agent 개발의 챔피언이 됩니다.","Feb 7, 2025",1458,0
2023-12-08,sbC64Cx5flQ,"코딩의 판이 바뀐다 - Prompt를 지배하는자, AI Agent 개발의 챔피언이 됩니다.","Feb 7, 2025",1458,0
2023-12-09,sbC64Cx5flQ,"코딩의 판이 바뀐다 - Prompt를 지배하는자, AI Agent 개발의 챔피언이 됩니다.","Feb 7, 2025",1458,0
2023-12-10,sbC64Cx5flQ,"코딩의 판이 바뀐다 - Prompt를 지배하는자, AI Agent 개발의 챔피언이 됩니다.","Feb 7, 2025",1458,0
2023-12-11,sbC64Cx5flQ,"코딩의 판이 바뀐다 - Prompt를 지배하는자, AI Agent 개발의 챔피언이 됩니다.","Feb 7, 2025",1458,0
2023-12-12,sbC64Cx5flQ,"코딩의 판이 바뀐다 - Prompt를 지배하는자, AI Agent 개발의 챔피언이 됩니다.","Feb 7, 2025",1458,0
2023-12-13,sbC64Cx5flQ,"코딩의 판이 바뀐다 - Prompt를 지배하는자, AI Agent 개발의 챔피언이 됩니다.","Feb 7, 2025",1458,0
2023-12-14,sbC64Cx5flQ,"코딩의 판이 바뀐다 - Prompt를 지배하는자, AI Agent 개발의 챔피언이 됩니다.","Feb 7, 2025",1458,0
2023-12-15,sbC64Cx5flQ,"코딩의 판이 바뀐다 - Prompt를 지배하는자, AI Agent 개발의 챔피언이 됩니다.","Feb 7, 2025",1458,0
2023-12-16,sbC64Cx5flQ,"코딩의 판이 바뀐다 - Prompt를 지배하는자, AI Agent 개발의 챔피언이 됩니다.","Feb 7, 2025",1458,0
2023-12-17,sbC64Cx5flQ,"코딩의 판이 바뀐다 - Prompt를 지배하는자, AI Agent 개발의 챔피언이 됩니다.","Feb 7, 2025",1458,0
2023-12-18,sbC64Cx5flQ,"코딩의 판이 바뀐다 - Prompt를 지배하는자, AI Agent 개발의 챔피언이 됩니다.","Feb 7, 2025",1458,0
2023-12-19,sbC64Cx5flQ,"코딩의 판이 바뀐다 - Prompt를 지배하는자, AI Agent 개발의 챔피언이 됩니다.","Feb 7, 2025",1458,0
2023-12-20,sbC64Cx5flQ,"코딩의 판이 바뀐다 - Prompt를 지배하는자, AI Agent 개발의 챔피언이 됩니다.","Feb 7, 2025",1458,0
2023-12-21,sbC64Cx5flQ,"코딩의 판이 바뀐다 - Prompt를 지배하는자, AI Agent 개발의 챔피언이 됩니다.","Feb 7, 2025",1458,0
2023-12-22,sbC64Cx5flQ,"코딩의 판이 바뀐다 - Prompt를 지배하는자, AI Agent 개발의 챔피언이 됩니다.","Feb 7, 2025",1458,0
2023-12-23,sbC64Cx5flQ,"코딩의 판이 바뀐다 - Prompt를 지배하는자, AI Agent 개발의 챔피언이 됩니다.","Feb 7, 2025",1458,0
2023-12-24,sbC64Cx5flQ,"코딩의 판이 바뀐다 - Prompt를 지배하는자, AI Agent 개발의 챔피언이 됩니다.","Feb 7, 2025",1458,0
2023-12-25,sbC64Cx5flQ,"코딩의 판이 바뀐다 - Prompt를 지배하는자, AI Agent 개발의 챔피언이 됩니다.","Feb 7, 2025",1458,0
2023-12-26,sbC64Cx5flQ,"코딩의 판이 바뀐다 - Prompt를 지배하는자, AI Agent 개발의 챔피언이 됩니다.","Feb 7, 2025",1458,0
2023-12-27,sbC64Cx5flQ,"코딩의 판이 바뀐다 - Prompt를 지배하는자, AI Agent 개발의 챔피언이 됩니다.","Feb 7, 2025",1458,0
2023-12-28,sbC64Cx5flQ,"코딩의 판이 바뀐다 - Prompt를 지배하는자, AI Agent 개발의 챔피언이 됩니다.","Feb 7, 2025",1458,0
2023-12-29,sbC64Cx5flQ,"코딩의 판이 바뀐다 - Prompt를 지배하는자, AI Agent 개발의 챔피언이 됩니다.","Feb 7, 2025",1458,0
2023-12-30,sbC64Cx5flQ,"코딩의 판이 바뀐다 - Prompt를 지배하는자, AI Agent 개발의 챔피언이 됩니다.","Feb 7, 2025",1458,0
2023-12-31,sbC64Cx5flQ,"코딩의 판이 바뀐다 - Prompt를 지배하는자, AI Agent 개발의 챔피언이 됩니다.","Feb 7, 2025",1458,0
2024-01-01,sbC64Cx5flQ,"코딩의 판이 바뀐다 - Prompt를 지배하는자, AI Agent 개발의 챔피언이 됩니다.","Feb 7, 2025",1458,0
2024-01-02,sbC64Cx5flQ,"코딩의 판이 바뀐다 - Prompt를 지배하는자, AI Agent 개발의 챔피언이 됩니다.","Feb 7, 2025",1458,0
2024-01-03,sbC64Cx5flQ,"코딩의 판이 바뀐다 - Prompt를 지배하는자, AI Agent 개발의 챔피언이 됩니다.","Feb 7, 2025",1458,0
2024-01-04,sbC64Cx5flQ,"코딩의 판이 바뀐다 - Prompt를 지배하는자, AI Agent 개발의 챔피언이 됩니다.","Feb 7, 2025",1458,0
2024-01-05,sbC64Cx5flQ,"코딩의 판이 바뀐다 - Prompt를 지배하는자, AI Agent 개발의 챔피언이 됩니다.","Feb 7, 2025",1458,0
2024-01-06,sbC64Cx5flQ,"코딩의 판이 바뀐다 - Prompt를 지배하는자, AI Agent 개발의 챔피언이 됩니다.","Feb 7, 2025",1458,0
2024-01-07,sbC64Cx5flQ,"코딩의 판이 바뀐다 - Prompt를 지배하는자, AI Agent 개발의 챔피언이 됩니다.","Feb 7, 2025",1458,0
2024-01-08,sbC64Cx5flQ,"코딩의 판이 바뀐다 - Prompt를 지배하는자, AI Agent 개발의 챔피언이 됩니다.","Feb 7, 2025",1458,0
2024-01-09,sbC64Cx5flQ,"코딩의 판이 바뀐다 - Prompt를 지배하는자, AI Agent 개발의 챔피언이 됩니다.","Feb 7, 2025",1458,0
2024-01-10,sbC64Cx5flQ,"코딩의 판이 바뀐다 - Prompt를 지배하는자, AI Agent 개발의 챔피언이 됩니다.","Feb 7, 2025",1458,0
2024-01-11,sbC64Cx5flQ,"코딩의 판이 바뀐다 - Prompt를 지배하는자, AI Agent 개발의 챔피언이 됩니다.","Feb 7, 2025",1458,0
2024-01-12,sbC64Cx5flQ,"코딩의 판이 바뀐다 - Prompt를 지배하는자, AI Agent 개발의 챔피언이 됩니다.","Feb 7, 2025",1458,0
2024-01-13,sbC64Cx5flQ,"코딩의 판이 바뀐다 - Prompt를 지배하는자, AI Agent 개발의 챔피언이 됩니다.","Feb 7, 2025",1458,0
2024-01-14,sbC64Cx5flQ,"코딩의 판이 바뀐다 - Prompt를 지배하는자, AI Agent 개발의 챔피언이 됩니다.","Feb 7, 2025",1458,0
2024-01-15,sbC64Cx5flQ,"코딩의 판이 바뀐다 - Prompt를 지배하는자, AI Agent 개발의 챔피언이 됩니다.","Feb 7, 2025",1458,0
2024-01-16,sbC64Cx5flQ,"코딩의 판이 바뀐다 - Prompt를 지배하는자, AI Agent 개발의 챔피언이 됩니다.","Feb 7, 2025",1458,0
2024-01-17,sbC64Cx5flQ,"코딩의 판이 바뀐다 - Prompt를 지배하는자, AI Agent 개발의 챔피언이 됩니다.","Feb 7, 2025",1458,0
2024-01-18,sbC64Cx5flQ,"코딩의 판이 바뀐다 - Prompt를 지배하는자, AI Agent 개발의 챔피언이 됩니다.","Feb 7, 2025",1458,0
2024-01-19,sbC64Cx5flQ,"코딩의 판이 바뀐다 - Prompt를 지배하는자, AI Agent 개발의 챔피언이 됩니다.","Feb 7, 2025",1458,0
2024-01-20,sbC64Cx5flQ,"코딩의 판이 바뀐다 - Prompt를 지배하는자, AI Agent 개발의 챔피언이 됩니다.","Feb 7, 2025",1458,0
2024-01-21,sbC64Cx5flQ,"코딩의 판이 바뀐다 - Prompt를 지배하는자, AI Agent 개발의 챔피언이 됩니다.","Feb 7, 2025",1458,0
2024-01-22,sbC64Cx5flQ,"코딩의 판이 바뀐다 - Prompt를 지배하는자, AI Agent 개발의 챔피언이 됩니다.","Feb 7, 2025",1458,0
2024-01-23,sbC64Cx5flQ,"코딩의 판이 바뀐다 - Prompt를 지배하는자, AI Agent 개발의 챔피언이 됩니다.","Feb 7, 2025",1458,0
2024-01-24,sbC64Cx5flQ,"코딩의 판이 바뀐다 - Prompt를 지배하는자, AI Agent 개발의 챔피언이 됩니다.","Feb 7, 2025",1458,0
2024-01-25,sbC64Cx5flQ,"코딩의 판이 바뀐다 - Prompt를 지배하는자, AI Agent 개발의 챔피언이 됩니다.","Feb 7, 2025",1458,0
2024-01-26,sbC64Cx5flQ,"코딩의 판이 바뀐다 - Prompt를 지배하는자, AI Agent 개발의 챔피언이 됩니다.","Feb 7, 2025",1458,0
2024-01-27,sbC64Cx5flQ,"코딩의 판이 바뀐다 - Prompt를 지배하는자, AI Agent 개발의 챔피언이 됩니다.","Feb 7, 2025",1458,0
2024-01-28,sbC64Cx5flQ,"코딩의 판이 바뀐다 - Prompt를 지배하는자, AI Agent 개발의 챔피언이 됩니다.","Feb 7, 2025",1458,0
2024-01-29,sbC64Cx5flQ,"코딩의 판이 바뀐다 - Prompt를 지배하는자, AI Agent 개발의 챔피언이 됩니다.","Feb 7, 2025",1458,0
2024-01-30,sbC64Cx5flQ,"코딩의 판이 바뀐다 - Prompt를 지배하는자, AI Agent 개발의 챔피언이 됩니다.","Feb 7, 2025",1458,0
2024-01-31,sbC64Cx5flQ,"코딩의 판이 바뀐다 - Prompt를 지배하는자, AI Agent 개발의 챔피언이 됩니다.","Feb 7, 2025",1458,0
2024-02-01,sbC64Cx5flQ,"코딩의 판이 바뀐다 - Prompt를 지배하는자, AI Agent 개발의 챔피언이 됩니다.","Feb 7, 2025",1458,0
2024-02-02,sbC64Cx5flQ,"코딩의 판이 바뀐다 - Prompt를 지배하는자, AI Agent 개발의 챔피언이 됩니다.","Feb 7, 2025",1458,0
2024-02-03,sbC64Cx5flQ,"코딩의 판이 바뀐다 - Prompt를 지배하는자, AI Agent 개발의 챔피언이 됩니다.","Feb 7, 2025",1458,0
2024-02-04,sbC64Cx5flQ,"코딩의 판이 바뀐다 - Prompt를 지배하는자, AI Agent 개발의 챔피언이 됩니다.","Feb 7, 2025",1458,0
2024-02-05,sbC64Cx5flQ,"코딩의 판이 바뀐다 - Prompt를 지배하는자, AI Agent 개발의 챔피언이 됩니다.","Feb 7, 2025",1458,0
2024-02-06,sbC64Cx5flQ,"코딩의 판이 바뀐다 - Prompt를 지배하는자, AI Agent 개발의 챔피언이 됩니다.","Feb 7, 2025",1458,0
2024-02-07,sbC64Cx5flQ,"코딩의 판이 바뀐다 - Prompt를 지배하는자, AI Agent 개발의 챔피언이 됩니다.","Feb 7, 2025",1458,0
2024-02-08,sbC64Cx5flQ,"코딩의 판이 바뀐다 - Prompt를 지배하는자, AI Agent 개발의 챔피언이 됩니다.","Feb 7, 2025",1458,0
2024-02-09,sbC64Cx5flQ,"코딩의 판이 바뀐다 - Prompt를 지배하는자, AI Agent 개발의 챔피언이 됩니다.","Feb 7, 2025",1458,0
2024-02-10,sbC64Cx5flQ,"코딩의 판이 바뀐다 - Prompt를 지배하는자, AI Agent 개발의 챔피언이 됩니다.","Feb 7, 2025",1458,0
2024-02-11,sbC64Cx5flQ,"코딩의 판이 바뀐다 - Prompt를 지배하는자, AI Agent 개발의 챔피언이 됩니다.","Feb 7, 2025",1458,0
2024-02-12,sbC64Cx5flQ,"코딩의 판이 바뀐다 - Prompt를 지배하는자, AI Agent 개발의 챔피언이 됩니다.","Feb 7, 2025",1458,0
2024-02-13,sbC64Cx5flQ,"코딩의 판이 바뀐다 - Prompt를 지배하는자, AI Agent 개발의 챔피언이 됩니다.","Feb 7, 2025",1458,0
2024-02-14,sbC64Cx5flQ,"코딩의 판이 바뀐다 - Prompt를 지배하는자, AI Agent 개발의 챔피언이 됩니다.","Feb 7, 2025",1458,0
2024-02-15,sbC64Cx5flQ,"코딩의 판이 바뀐다 - Prompt를 지배하는자, AI Agent 개발의 챔피언이 됩니다.","Feb 7, 2025",1458,0
2024-02-16,sbC64Cx5flQ,"코딩의 판이 바뀐다 - Prompt를 지배하는자, AI Agent 개발의 챔피언이 됩니다.","Feb 7, 2025",1458,0
2024-02-17,sbC64Cx5flQ,"코딩의 판이 바뀐다 - Prompt를 지배하는자, AI Agent 개발의 챔피언이 됩니다.","Feb 7, 2025",1458,0
2024-02-18,sbC64Cx5flQ,"코딩의 판이 바뀐다 - Prompt를 지배하는자, AI Agent 개발의 챔피언이 됩니다.","Feb 7, 2025",1458,0
2024-02-19,sbC64Cx5flQ,"코딩의 판이 바뀐다 - Prompt를 지배하는자, AI Agent 개발의 챔피언이 됩니다.","Feb 7, 2025",1458,0
2024-02-20,sbC64Cx5flQ,"코딩의 판이 바뀐다 - Prompt를 지배하는자, AI Agent 개발의 챔피언이 됩니다.","Feb 7, 2025",1458,0
2024-02-21,sbC64Cx5flQ,"코딩의 판이 바뀐다 - Prompt를 지배하는자, AI Agent 개발의 챔피언이 됩니다.","Feb 7, 2025",1458,0
2024-02-22,sbC64Cx5flQ,"코딩의 판이 바뀐다 - Prompt를 지배하는자, AI Agent 개발의 챔피언이 됩니다.","Feb 7, 2025",1458,0
2024-02-23,sbC64Cx5flQ,"코딩의 판이 바뀐다 - Prompt를 지배하는자, AI Agent 개발의 챔피언이 됩니다.","Feb 7, 2025",1458,0
2024-02-24,sbC64Cx5flQ,"코딩의 판이 바뀐다 - Prompt를 지배하는자, AI Agent 개발의 챔피언이 됩니다.","Feb 7, 2025",1458,0
2024-02-25,sbC64Cx5flQ,"코딩의 판이 바뀐다 - Prompt를 지배하는자, AI Agent 개발의 챔피언이 됩니다.","Feb 7, 2025",1458,0
2024-02-26,sbC64Cx5flQ,"코딩의 판이 바뀐다 - Prompt를 지배하는자, AI Agent 개발의 챔피언이 됩니다.","Feb 7, 2025",1458,0
2024-02-27,sbC64Cx5flQ,"코딩의 판이 바뀐다 - Prompt를 지배하는자, AI Agent 개발의 챔피언이 됩니다.","Feb 7, 2025",1458,0
2024-02-28,sbC64Cx5flQ,"코딩의 판이 바뀐다 - Prompt를 지배하는자, AI Agent 개발의 챔피언이 됩니다.","Feb 7, 2025",1458,0
2024-02-29,sbC64Cx5flQ,"코딩의 판이 바뀐다 - Prompt를 지배하는자, AI Agent 개발의 챔피언이 됩니다.","Feb 7, 2025",1458,0
2024-03-01,sbC64Cx5flQ,"코딩의 판이 바뀐다 - Prompt를 지배하는자, AI Agent 개발의 챔피언이 됩니다.","Feb 7, 2025",1458,0
2024-03-02,sbC64Cx5flQ,"코딩의 판이 바뀐다 - Prompt를 지배하는자, AI Agent 개발의 챔피언이 됩니다.","Feb 7, 2025",1458,0
2024-03-03,sbC64Cx5flQ,"코딩의 판이 바뀐다 - Prompt를 지배하는자, AI Agent 개발의 챔피언이 됩니다.","Feb 7, 2025",1458,0
2024-03-04,sbC64Cx5flQ,"코딩의 판이 바뀐다 - Prompt를 지배하는자, AI Agent 개발의 챔피언이 됩니다.","Feb 7, 2025",1458,0
2024-03-05,sbC64Cx5flQ,"코딩의 판이 바뀐다 - Prompt를 지배하는자, AI Agent 개발의 챔피언이 됩니다.","Feb 7, 2025",1458,0
2024-03-06,sbC64Cx5flQ,"코딩의 판이 바뀐다 - Prompt를 지배하는자, AI Agent 개발의 챔피언이 됩니다.","Feb 7, 2025",1458,0
2024-03-07,sbC64Cx5flQ,"코딩의 판이 바뀐다 - Prompt를 지배하는자, AI Agent 개발의 챔피언이 됩니다.","Feb 7, 2025",1458,0
2024-03-08,sbC64Cx5flQ,"코딩의 판이 바뀐다 - Prompt를 지배하는자, AI Agent 개발의 챔피언이 됩니다.","Feb 7, 2025",1458,0
2024-03-09,sbC64Cx5flQ,"코딩의 판이 바뀐다 - Prompt를 지배하는자, AI Agent 개발의 챔피언이 됩니다.","Feb 7, 2025",1458,0
2024-03-10,sbC64Cx5flQ,"코딩의 판이 바뀐다 - Prompt를 지배하는자, AI Agent 개발의 챔피언이 됩니다.","Feb 7, 2025",1458,0
2024-03-11,sbC64Cx5flQ,"코딩의 판이 바뀐다 - Prompt를 지배하는자, AI Agent 개발의 챔피언이 됩니다.","Feb 7, 2025",1458,0
2024-03-12,sbC64Cx5flQ,"코딩의 판이 바뀐다 - Prompt를 지배하는자, AI Agent 개발의 챔피언이 됩니다.","Feb 7, 2025",1458,0
2024-03-13,sbC64Cx5flQ,"코딩의 판이 바뀐다 - Prompt를 지배하는자, AI Agent 개발의 챔피언이 됩니다.","Feb 7, 2025",1458,0
2024-03-14,sbC64Cx5flQ,"코딩의 판이 바뀐다 - Prompt를 지배하는자, AI Agent 개발의 챔피언이 됩니다.","Feb 7, 2025",1458,0
2024-03-15,sbC64Cx5flQ,"코딩의 판이 바뀐다 - Prompt를 지배하는자, AI Agent 개발의 챔피언이 됩니다.","Feb 7, 2025",1458,0
2024-03-16,sbC64Cx5flQ,"코딩의 판이 바뀐다 - Prompt를 지배하는자, AI Agent 개발의 챔피언이 됩니다.","Feb 7, 2025",1458,0
2024-03-17,sbC64Cx5flQ,"코딩의 판이 바뀐다 - Prompt를 지배하는자, AI Agent 개발의 챔피언이 됩니다.","Feb 7, 2025",1458,0
2024-03-18,sbC64Cx5flQ,"코딩의 판이 바뀐다 - Prompt를 지배하는자, AI Agent 개발의 챔피언이 됩니다.","Feb 7, 2025",1458,0
2024-03-19,sbC64Cx5flQ,"코딩의 판이 바뀐다 - Prompt를 지배하는자, AI Agent 개발의 챔피언이 됩니다.","Feb 7, 2025",1458,0
2024-03-20,sbC64Cx5flQ,"코딩의 판이 바뀐다 - Prompt를 지배하는자, AI Agent 개발의 챔피언이 됩니다.","Feb 7, 2025",1458,0
2024-03-21,sbC64Cx5flQ,"코딩의 판이 바뀐다 - Prompt를 지배하는자, AI Agent 개발의 챔피언이 됩니다.","Feb 7, 2025",1458,0
2024-03-22,sbC64Cx5flQ,"코딩의 판이 바뀐다 - Prompt를 지배하는자, AI Agent 개발의 챔피언이 됩니다.","Feb 7, 2025",1458,0
2024-03-23,sbC64Cx5flQ,"코딩의 판이 바뀐다 - Prompt를 지배하는자, AI Agent 개발의 챔피언이 됩니다.","Feb 7, 2025",1458,0
2024-03-24,sbC64Cx5flQ,"코딩의 판이 바뀐다 - Prompt를 지배하는자, AI Agent 개발의 챔피언이 됩니다.","Feb 7, 2025",1458,0
2024-03-25,sbC64Cx5flQ,"코딩의 판이 바뀐다 - Prompt를 지배하는자, AI Agent 개발의 챔피언이 됩니다.","Feb 7, 2025",1458,0
2024-03-26,sbC64Cx5flQ,"코딩의 판이 바뀐다 - Prompt를 지배하는자, AI Agent 개발의 챔피언이 됩니다.","Feb 7, 2025",1458,0
2024-03-27,sbC64Cx5flQ,"코딩의 판이 바뀐다 - Prompt를 지배하는자, AI Agent 개발의 챔피언이 됩니다.","Feb 7, 2025",1458,0
2024-03-28,sbC64Cx5flQ,"코딩의 판이 바뀐다 - Prompt를 지배하는자, AI Agent 개발의 챔피언이 됩니다.","Feb 7, 2025",1458,0
2024-03-29,sbC64Cx5flQ,"코딩의 판이 바뀐다 - Prompt를 지배하는자, AI Agent 개발의 챔피언이 됩니다.","Feb 7, 2025",1458,0
2024-03-30,sbC64Cx5flQ,"코딩의 판이 바뀐다 - Prompt를 지배하는자, AI Agent 개발의 챔피언이 됩니다.","Feb 7, 2025",1458,0
2024-03-31,sbC64Cx5flQ,"코딩의 판이 바뀐다 - Prompt를 지배하는자, AI Agent 개발의 챔피언이 됩니다.","Feb 7, 2025",1458,0
2024-04-01,sbC64Cx5flQ,"코딩의 판이 바뀐다 - Prompt를 지배하는자, AI Agent 개발의 챔피언이 됩니다.","Feb 7, 2025",1458,0
2024-04-02,sbC64Cx5flQ,"코딩의 판이 바뀐다 - Prompt를 지배하는자, AI Agent 개발의 챔피언이 됩니다.","Feb 7, 2025",1458,0
2024-04-03,sbC64Cx5flQ,"코딩의 판이 바뀐다 - Prompt를 지배하는자, AI Agent 개발의 챔피언이 됩니다.","Feb 7, 2025",1458,0
2024-04-04,sbC64Cx5flQ,"코딩의 판이 바뀐다 - Prompt를 지배하는자, AI Agent 개발의 챔피언이 됩니다.","Feb 7, 2025",1458,0
2024-04-05,sbC64Cx5flQ,"코딩의 판이 바뀐다 - Prompt를 지배하는자, AI Agent 개발의 챔피언이 됩니다.","Feb 7, 2025",1458,0
2024-04-06,sbC64Cx5flQ,"코딩의 판이 바뀐다 - Prompt를 지배하는자, AI Agent 개발의 챔피언이 됩니다.","Feb 7, 2025",1458,0
2024-04-07,sbC64Cx5flQ,"코딩의 판이 바뀐다 - Prompt를 지배하는자, AI Agent 개발의 챔피언이 됩니다.","Feb 7, 2025",1458,0
2024-04-08,sbC64Cx5flQ,"코딩의 판이 바뀐다 - Prompt를 지배하는자, AI Agent 개발의 챔피언이 됩니다.","Feb 7, 2025",1458,0
2024-04-09,sbC64Cx5flQ,"코딩의 판이 바뀐다 - Prompt를 지배하는자, AI Agent 개발의 챔피언이 됩니다.","Feb 7, 2025",1458,0
2024-04-10,sbC64Cx5flQ,"코딩의 판이 바뀐다 - Prompt를 지배하는자, AI Agent 개발의 챔피언이 됩니다.","Feb 7, 2025",1458,0
2024-04-11,sbC64Cx5flQ,"코딩의 판이 바뀐다 - Prompt를 지배하는자, AI Agent 개발의 챔피언이 됩니다.","Feb 7, 2025",1458,0
2024-04-12,sbC64Cx5flQ,"코딩의 판이 바뀐다 - Prompt를 지배하는자, AI Agent 개발의 챔피언이 됩니다.","Feb 7, 2025",1458,0
2024-04-13,sbC64Cx5flQ,"코딩의 판이 바뀐다 - Prompt를 지배하는자, AI Agent 개발의 챔피언이 됩니다.","Feb 7, 2025",1458,0
2024-04-14,sbC64Cx5flQ,"코딩의 판이 바뀐다 - Prompt를 지배하는자, AI Agent 개발의 챔피언이 됩니다.","Feb 7, 2025",1458,0
2024-04-15,sbC64Cx5flQ,"코딩의 판이 바뀐다 - Prompt를 지배하는자, AI Agent 개발의 챔피언이 됩니다.","Feb 7, 2025",1458,0
2024-04-16,sbC64Cx5flQ,"코딩의 판이 바뀐다 - Prompt를 지배하는자, AI Agent 개발의 챔피언이 됩니다.","Feb 7, 2025",1458,0
2024-04-17,sbC64Cx5flQ,"코딩의 판이 바뀐다 - Prompt를 지배하는자, AI Agent 개발의 챔피언이 됩니다.","Feb 7, 2025",1458,0
2024-04-18,sbC64Cx5flQ,"코딩의 판이 바뀐다 - Prompt를 지배하는자, AI Agent 개발의 챔피언이 됩니다.","Feb 7, 2025",1458,0
2024-04-19,sbC64Cx5flQ,"코딩의 판이 바뀐다 - Prompt를 지배하는자, AI Agent 개발의 챔피언이 됩니다.","Feb 7, 2025",1458,0
2024-04-20,sbC64Cx5flQ,"코딩의 판이 바뀐다 - Prompt를 지배하는자, AI Agent 개발의 챔피언이 됩니다.","Feb 7, 2025",1458,0
2024-04-21,sbC64Cx5flQ,"코딩의 판이 바뀐다 - Prompt를 지배하는자, AI Agent 개발의 챔피언이 됩니다.","Feb 7, 2025",1458,0
2024-04-22,sbC64Cx5flQ,"코딩의 판이 바뀐다 - Prompt를 지배하는자, AI Agent 개발의 챔피언이 됩니다.","Feb 7, 2025",1458,0
2024-04-23,sbC64Cx5flQ,"코딩의 판이 바뀐다 - Prompt를 지배하는자, AI Agent 개발의 챔피언이 됩니다.","Feb 7, 2025",1458,0
2024-04-24,sbC64Cx5flQ,"코딩의 판이 바뀐다 - Prompt를 지배하는자, AI Agent 개발의 챔피언이 됩니다.","Feb 7, 2025",1458,0
2024-04-25,sbC64Cx5flQ,"코딩의 판이 바뀐다 - Prompt를 지배하는자, AI Agent 개발의 챔피언이 됩니다.","Feb 7, 2025",1458,0
2024-04-26,sbC64Cx5flQ,"코딩의 판이 바뀐다 - Prompt를 지배하는자, AI Agent 개발의 챔피언이 됩니다.","Feb 7, 2025",1458,0
2024-04-27,sbC64Cx5flQ,"코딩의 판이 바뀐다 - Prompt를 지배하는자, AI Agent 개발의 챔피언이 됩니다.","Feb 7, 2025",1458,0
2024-04-28,sbC64Cx5flQ,"코딩의 판이 바뀐다 - Prompt를 지배하는자, AI Agent 개발의 챔피언이 됩니다.","Feb 7, 2025",1458,0
2024-04-29,sbC64Cx5flQ,"코딩의 판이 바뀐다 - Prompt를 지배하는자, AI Agent 개발의 챔피언이 됩니다.","Feb 7, 2025",1458,0
2024-04-30,sbC64Cx5flQ,"코딩의 판이 바뀐다 - Prompt를 지배하는자, AI Agent 개발의 챔피언이 됩니다.","Feb 7, 2025",1458,0
2024-05-01,sbC64Cx5flQ,"코딩의 판이 바뀐다 - Prompt를 지배하는자, AI Agent 개발의 챔피언이 됩니다.","Feb 7, 2025",1458,0
2024-05-02,sbC64Cx5flQ,"코딩의 판이 바뀐다 - Prompt를 지배하는자, AI Agent 개발의 챔피언이 됩니다.","Feb 7, 2025",1458,0
2024-05-03,sbC64Cx5flQ,"코딩의 판이 바뀐다 - Prompt를 지배하는자, AI Agent 개발의 챔피언이 됩니다.","Feb 7, 2025",1458,0
2024-05-04,sbC64Cx5flQ,"코딩의 판이 바뀐다 - Prompt를 지배하는자, AI Agent 개발의 챔피언이 됩니다.","Feb 7, 2025",1458,0
2024-05-05,sbC64Cx5flQ,"코딩의 판이 바뀐다 - Prompt를 지배하는자, AI Agent 개발의 챔피언이 됩니다.","Feb 7, 2025",1458,0
2024-05-06,sbC64Cx5flQ,"코딩의 판이 바뀐다 - Prompt를 지배하는자, AI Agent 개발의 챔피언이 됩니다.","Feb 7, 2025",1458,0
2024-05-07,sbC64Cx5flQ,"코딩의 판이 바뀐다 - Prompt를 지배하는자, AI Agent 개발의 챔피언이 됩니다.","Feb 7, 2025",1458,0
2024-05-08,sbC64Cx5flQ,"코딩의 판이 바뀐다 - Prompt를 지배하는자, AI Agent 개발의 챔피언이 됩니다.","Feb 7, 2025",1458,0
2024-05-09,sbC64Cx5flQ,"코딩의 판이 바뀐다 - Prompt를 지배하는자, AI Agent 개발의 챔피언이 됩니다.","Feb 7, 2025",1458,0
2024-05-10,sbC64Cx5flQ,"코딩의 판이 바뀐다 - Prompt를 지배하는자, AI Agent 개발의 챔피언이 됩니다.","Feb 7, 2025",1458,0
2024-05-11,sbC64Cx5flQ,"코딩의 판이 바뀐다 - Prompt를 지배하는자, AI Agent 개발의 챔피언이 됩니다.","Feb 7, 2025",1458,0
2024-05-12,sbC64Cx5flQ,"코딩의 판이 바뀐다 - Prompt를 지배하는자, AI Agent 개발의 챔피언이 됩니다.","Feb 7, 2025",1458,0
2024-05-13,sbC64Cx5flQ,"코딩의 판이 바뀐다 - Prompt를 지배하는자, AI Agent 개발의 챔피언이 됩니다.","Feb 7, 2025",1458,0
2024-05-14,sbC64Cx5flQ,"코딩의 판이 바뀐다 - Prompt를 지배하는자, AI Agent 개발의 챔피언이 됩니다.","Feb 7, 2025",1458,0
2024-05-15,sbC64Cx5flQ,"코딩의 판이 바뀐다 - Prompt를 지배하는자, AI Agent 개발의 챔피언이 됩니다.","Feb 7, 2025",1458,0
2024-05-16,sbC64Cx5flQ,"코딩의 판이 바뀐다 - Prompt를 지배하는자, AI Agent 개발의 챔피언이 됩니다.","Feb 7, 2025",1458,0
2024-05-17,sbC64Cx5flQ,"코딩의 판이 바뀐다 - Prompt를 지배하는자, AI Agent 개발의 챔피언이 됩니다.","Feb 7, 2025",1458,0
2024-05-18,sbC64Cx5flQ,"코딩의 판이 바뀐다 - Prompt를 지배하는자, AI Agent 개발의 챔피언이 됩니다.","Feb 7, 2025",1458,0
2024-05-19,sbC64Cx5flQ,"코딩의 판이 바뀐다 - Prompt를 지배하는자, AI Agent 개발의 챔피언이 됩니다.","Feb 7, 2025",1458,0
2024-05-20,sbC64Cx5flQ,"코딩의 판이 바뀐다 - Prompt를 지배하는자, AI Agent 개발의 챔피언이 됩니다.","Feb 7, 2025",1458,0
2024-05-21,sbC64Cx5flQ,"코딩의 판이 바뀐다 - Prompt를 지배하는자, AI Agent 개발의 챔피언이 됩니다.","Feb 7, 2025",1458,0
2024-05-22,sbC64Cx5flQ,"코딩의 판이 바뀐다 - Prompt를 지배하는자, AI Agent 개발의 챔피언이 됩니다.","Feb 7, 2025",1458,0
2024-05-23,sbC64Cx5flQ,"코딩의 판이 바뀐다 - Prompt를 지배하는자, AI Agent 개발의 챔피언이 됩니다.","Feb 7, 2025",1458,0
2024-05-24,sbC64Cx5flQ,"코딩의 판이 바뀐다 - Prompt를 지배하는자, AI Agent 개발의 챔피언이 됩니다.","Feb 7, 2025",1458,0
2024-05-25,sbC64Cx5flQ,"코딩의 판이 바뀐다 - Prompt를 지배하는자, AI Agent 개발의 챔피언이 됩니다.","Feb 7, 2025",1458,0
2024-05-26,sbC64Cx5flQ,"코딩의 판이 바뀐다 - Prompt를 지배하는자, AI Agent 개발의 챔피언이 됩니다.","Feb 7, 2025",1458,0
2024-05-27,sbC64Cx5flQ,"코딩의 판이 바뀐다 - Prompt를 지배하는자, AI Agent 개발의 챔피언이 됩니다.","Feb 7, 2025",1458,0
2024-05-28,sbC64Cx5flQ,"코딩의 판이 바뀐다 - Prompt를 지배하는자, AI Agent 개발의 챔피언이 됩니다.","Feb 7, 2025",1458,0
2024-05-29,sbC64Cx5flQ,"코딩의 판이 바뀐다 - Prompt를 지배하는자, AI Agent 개발의 챔피언이 됩니다.","Feb 7, 2025",1458,0
2024-05-30,sbC64Cx5flQ,"코딩의 판이 바뀐다 - Prompt를 지배하는자, AI Agent 개발의 챔피언이 됩니다.","Feb 7, 2025",1458,0
2024-05-31,sbC64Cx5flQ,"코딩의 판이 바뀐다 - Prompt를 지배하는자, AI Agent 개발의 챔피언이 됩니다.","Feb 7, 2025",1458,0
2024-06-01,sbC64Cx5flQ,"코딩의 판이 바뀐다 - Prompt를 지배하는자, AI Agent 개발의 챔피언이 됩니다.","Feb 7, 2025",1458,0
2024-06-02,sbC64Cx5flQ,"코딩의 판이 바뀐다 - Prompt를 지배하는자, AI Agent 개발의 챔피언이 됩니다.","Feb 7, 2025",1458,0
2024-06-03,sbC64Cx5flQ,"코딩의 판이 바뀐다 - Prompt를 지배하는자, AI Agent 개발의 챔피언이 됩니다.","Feb 7, 2025",1458,0
2024-06-04,sbC64Cx5flQ,"코딩의 판이 바뀐다 - Prompt를 지배하는자, AI Agent 개발의 챔피언이 됩니다.","Feb 7, 2025",1458,0
2024-06-05,sbC64Cx5flQ,"코딩의 판이 바뀐다 - Prompt를 지배하는자, AI Agent 개발의 챔피언이 됩니다.","Feb 7, 2025",1458,0
2024-06-06,sbC64Cx5flQ,"코딩의 판이 바뀐다 - Prompt를 지배하는자, AI Agent 개발의 챔피언이 됩니다.","Feb 7, 2025",1458,0
2024-06-07,sbC64Cx5flQ,"코딩의 판이 바뀐다 - Prompt를 지배하는자, AI Agent 개발의 챔피언이 됩니다.","Feb 7, 2025",1458,0
2024-06-08,sbC64Cx5flQ,"코딩의 판이 바뀐다 - Prompt를 지배하는자, AI Agent 개발의 챔피언이 됩니다.","Feb 7, 2025",1458,0
2024-06-09,sbC64Cx5flQ,"코딩의 판이 바뀐다 - Prompt를 지배하는자, AI Agent 개발의 챔피언이 됩니다.","Feb 7, 2025",1458,0
2024-06-10,sbC64Cx5flQ,"코딩의 판이 바뀐다 - Prompt를 지배하는자, AI Agent 개발의 챔피언이 됩니다.","Feb 7, 2025",1458,0
2024-06-11,sbC64Cx5flQ,"코딩의 판이 바뀐다 - Prompt를 지배하는자, AI Agent 개발의 챔피언이 됩니다.","Feb 7, 2025",1458,0
2024-06-12,sbC64Cx5flQ,"코딩의 판이 바뀐다 - Prompt를 지배하는자, AI Agent 개발의 챔피언이 됩니다.","Feb 7, 2025",1458,0
2024-06-13,sbC64Cx5flQ,"코딩의 판이 바뀐다 - Prompt를 지배하는자, AI Agent 개발의 챔피언이 됩니다.","Feb 7, 2025",1458,0
2024-06-14,sbC64Cx5flQ,"코딩의 판이 바뀐다 - Prompt를 지배하는자, AI Agent 개발의 챔피언이 됩니다.","Feb 7, 2025",1458,0
2024-06-15,sbC64Cx5flQ,"코딩의 판이 바뀐다 - Prompt를 지배하는자, AI Agent 개발의 챔피언이 됩니다.","Feb 7, 2025",1458,0
2024-06-16,sbC64Cx5flQ,"코딩의 판이 바뀐다 - Prompt를 지배하는자, AI Agent 개발의 챔피언이 됩니다.","Feb 7, 2025",1458,0
2024-06-17,sbC64Cx5flQ,"코딩의 판이 바뀐다 - Prompt를 지배하는자, AI Agent 개발의 챔피언이 됩니다.","Feb 7, 2025",1458,0
2024-06-18,sbC64Cx5flQ,"코딩의 판이 바뀐다 - Prompt를 지배하는자, AI Agent 개발의 챔피언이 됩니다.","Feb 7, 2025",1458,0
2024-06-19,sbC64Cx5flQ,"코딩의 판이 바뀐다 - Prompt를 지배하는자, AI Agent 개발의 챔피언이 됩니다.","Feb 7, 2025",1458,0
2024-06-20,sbC64Cx5flQ,"코딩의 판이 바뀐다 - Prompt를 지배하는자, AI Agent 개발의 챔피언이 됩니다.","Feb 7, 2025",1458,0
2024-06-21,sbC64Cx5flQ,"코딩의 판이 바뀐다 - Prompt를 지배하는자, AI Agent 개발의 챔피언이 됩니다.","Feb 7, 2025",1458,0
2024-06-22,sbC64Cx5flQ,"코딩의 판이 바뀐다 - Prompt를 지배하는자, AI Agent 개발의 챔피언이 됩니다.","Feb 7, 2025",1458,0
2024-06-23,sbC64Cx5flQ,"코딩의 판이 바뀐다 - Prompt를 지배하는자, AI Agent 개발의 챔피언이 됩니다.","Feb 7, 2025",1458,0
2024-06-24,sbC64Cx5flQ,"코딩의 판이 바뀐다 - Prompt를 지배하는자, AI Agent 개발의 챔피언이 됩니다.","Feb 7, 2025",1458,0
2024-06-25,sbC64Cx5flQ,"코딩의 판이 바뀐다 - Prompt를 지배하는자, AI Agent 개발의 챔피언이 됩니다.","Feb 7, 2025",1458,0
2024-06-26,sbC64Cx5flQ,"코딩의 판이 바뀐다 - Prompt를 지배하는자, AI Agent 개발의 챔피언이 됩니다.","Feb 7, 2025",1458,0
2024-06-27,sbC64Cx5flQ,"코딩의 판이 바뀐다 - Prompt를 지배하는자, AI Agent 개발의 챔피언이 됩니다.","Feb 7, 2025",1458,0
2024-06-28,sbC64Cx5flQ,"코딩의 판이 바뀐다 - Prompt를 지배하는자, AI Agent 개발의 챔피언이 됩니다.","Feb 7, 2025",1458,0
2024-06-29,sbC64Cx5flQ,"코딩의 판이 바뀐다 - Prompt를 지배하는자, AI Agent 개발의 챔피언이 됩니다.","Feb 7, 2025",1458,0
2024-06-30,sbC64Cx5flQ,"코딩의 판이 바뀐다 - Prompt를 지배하는자, AI Agent 개발의 챔피언이 됩니다.","Feb 7, 2025",1458,0
2024-07-01,sbC64Cx5flQ,"코딩의 판이 바뀐다 - Prompt를 지배하는자, AI Agent 개발의 챔피언이 됩니다.","Feb 7, 2025",1458,0
2024-07-02,sbC64Cx5flQ,"코딩의 판이 바뀐다 - Prompt를 지배하는자, AI Agent 개발의 챔피언이 됩니다.","Feb 7, 2025",1458,0
2024-07-03,sbC64Cx5flQ,"코딩의 판이 바뀐다 - Prompt를 지배하는자, AI Agent 개발의 챔피언이 됩니다.","Feb 7, 2025",1458,0
2024-07-04,sbC64Cx5flQ,"코딩의 판이 바뀐다 - Prompt를 지배하는자, AI Agent 개발의 챔피언이 됩니다.","Feb 7, 2025",1458,0
2024-07-05,sbC64Cx5flQ,"코딩의 판이 바뀐다 - Prompt를 지배하는자, AI Agent 개발의 챔피언이 됩니다.","Feb 7, 2025",1458,0
2024-07-06,sbC64Cx5flQ,"코딩의 판이 바뀐다 - Prompt를 지배하는자, AI Agent 개발의 챔피언이 됩니다.","Feb 7, 2025",1458,0
2024-07-07,sbC64Cx5flQ,"코딩의 판이 바뀐다 - Prompt를 지배하는자, AI Agent 개발의 챔피언이 됩니다.","Feb 7, 2025",1458,0
2024-07-08,sbC64Cx5flQ,"코딩의 판이 바뀐다 - Prompt를 지배하는자, AI Agent 개발의 챔피언이 됩니다.","Feb 7, 2025",1458,0
2024-07-09,sbC64Cx5flQ,"코딩의 판이 바뀐다 - Prompt를 지배하는자, AI Agent 개발의 챔피언이 됩니다.","Feb 7, 2025",1458,0
2024-07-10,sbC64Cx5flQ,"코딩의 판이 바뀐다 - Prompt를 지배하는자, AI Agent 개발의 챔피언이 됩니다.","Feb 7, 2025",1458,0
2024-07-11,sbC64Cx5flQ,"코딩의 판이 바뀐다 - Prompt를 지배하는자, AI Agent 개발의 챔피언이 됩니다.","Feb 7, 2025",1458,0
2024-07-12,sbC64Cx5flQ,"코딩의 판이 바뀐다 - Prompt를 지배하는자, AI Agent 개발의 챔피언이 됩니다.","Feb 7, 2025",1458,0
2024-07-13,sbC64Cx5flQ,"코딩의 판이 바뀐다 - Prompt를 지배하는자, AI Agent 개발의 챔피언이 됩니다.","Feb 7, 2025",1458,0
2024-07-14,sbC64Cx5flQ,"코딩의 판이 바뀐다 - Prompt를 지배하는자, AI Agent 개발의 챔피언이 됩니다.","Feb 7, 2025",1458,0
2024-07-15,sbC64Cx5flQ,"코딩의 판이 바뀐다 - Prompt를 지배하는자, AI Agent 개발의 챔피언이 됩니다.","Feb 7, 2025",1458,0
2024-07-16,sbC64Cx5flQ,"코딩의 판이 바뀐다 - Prompt를 지배하는자, AI Agent 개발의 챔피언이 됩니다.","Feb 7, 2025",1458,0
2024-07-17,sbC64Cx5flQ,"코딩의 판이 바뀐다 - Prompt를 지배하는자, AI Agent 개발의 챔피언이 됩니다.","Feb 7, 2025",1458,0
2024-07-18,sbC64Cx5flQ,"코딩의 판이 바뀐다 - Prompt를 지배하는자, AI Agent 개발의 챔피언이 됩니다.","Feb 7, 2025",1458,0
2024-07-19,sbC64Cx5flQ,"코딩의 판이 바뀐다 - Prompt를 지배하는자, AI Agent 개발의 챔피언이 됩니다.","Feb 7, 2025",1458,0
2024-07-20,sbC64Cx5flQ,"코딩의 판이 바뀐다 - Prompt를 지배하는자, AI Agent 개발의 챔피언이 됩니다.","Feb 7, 2025",1458,0
2024-07-21,sbC64Cx5flQ,"코딩의 판이 바뀐다 - Prompt를 지배하는자, AI Agent 개발의 챔피언이 됩니다.","Feb 7, 2025",1458,0
2024-07-22,sbC64Cx5flQ,"코딩의 판이 바뀐다 - Prompt를 지배하는자, AI Agent 개발의 챔피언이 됩니다.","Feb 7, 2025",1458,0
2024-07-23,sbC64Cx5flQ,"코딩의 판이 바뀐다 - Prompt를 지배하는자, AI Agent 개발의 챔피언이 됩니다.","Feb 7, 2025",1458,0
2024-07-24,sbC64Cx5flQ,"코딩의 판이 바뀐다 - Prompt를 지배하는자, AI Agent 개발의 챔피언이 됩니다.","Feb 7, 2025",1458,0
2024-07-25,sbC64Cx5flQ,"코딩의 판이 바뀐다 - Prompt를 지배하는자, AI Agent 개발의 챔피언이 됩니다.","Feb 7, 2025",1458,0
2024-07-26,sbC64Cx5flQ,"코딩의 판이 바뀐다 - Prompt를 지배하는자, AI Agent 개발의 챔피언이 됩니다.","Feb 7, 2025",1458,0
2024-07-27,sbC64Cx5flQ,"코딩의 판이 바뀐다 - Prompt를 지배하는자, AI Agent 개발의 챔피언이 됩니다.","Feb 7, 2025",1458,0
2024-07-28,sbC64Cx5flQ,"코딩의 판이 바뀐다 - Prompt를 지배하는자, AI Agent 개발의 챔피언이 됩니다.","Feb 7, 2025",1458,0
2024-07-29,sbC64Cx5flQ,"코딩의 판이 바뀐다 - Prompt를 지배하는자, AI Agent 개발의 챔피언이 됩니다.","Feb 7, 2025",1458,0
2024-07-30,sbC64Cx5flQ,"코딩의 판이 바뀐다 - Prompt를 지배하는자, AI Agent 개발의 챔피언이 됩니다.","Feb 7, 2025",1458,0
2024-07-31,sbC64Cx5flQ,"코딩의 판이 바뀐다 - Prompt를 지배하는자, AI Agent 개발의 챔피언이 됩니다.","Feb 7, 2025",1458,0
2024-08-01,sbC64Cx5flQ,"코딩의 판이 바뀐다 - Prompt를 지배하는자, AI Agent 개발의 챔피언이 됩니다.","Feb 7, 2025",1458,0
2024-08-02,sbC64Cx5flQ,"코딩의 판이 바뀐다 - Prompt를 지배하는자, AI Agent 개발의 챔피언이 됩니다.","Feb 7, 2025",1458,0
2024-08-03,sbC64Cx5flQ,"코딩의 판이 바뀐다 - Prompt를 지배하는자, AI Agent 개발의 챔피언이 됩니다.","Feb 7, 2025",1458,0
2024-08-04,sbC64Cx5flQ,"코딩의 판이 바뀐다 - Prompt를 지배하는자, AI Agent 개발의 챔피언이 됩니다.","Feb 7, 2025",1458,0
2024-08-05,sbC64Cx5flQ,"코딩의 판이 바뀐다 - Prompt를 지배하는자, AI Agent 개발의 챔피언이 됩니다.","Feb 7, 2025",1458,0
2024-08-06,sbC64Cx5flQ,"코딩의 판이 바뀐다 - Prompt를 지배하는자, AI Agent 개발의 챔피언이 됩니다.","Feb 7, 2025",1458,0
2024-08-07,sbC64Cx5flQ,"코딩의 판이 바뀐다 - Prompt를 지배하는자, AI Agent 개발의 챔피언이 됩니다.","Feb 7, 2025",1458,0
2024-08-08,sbC64Cx5flQ,"코딩의 판이 바뀐다 - Prompt를 지배하는자, AI Agent 개발의 챔피언이 됩니다.","Feb 7, 2025",1458,0
2024-08-09,sbC64Cx5flQ,"코딩의 판이 바뀐다 - Prompt를 지배하는자, AI Agent 개발의 챔피언이 됩니다.","Feb 7, 2025",1458,0
2024-08-10,sbC64Cx5flQ,"코딩의 판이 바뀐다 - Prompt를 지배하는자, AI Agent 개발의 챔피언이 됩니다.","Feb 7, 2025",1458,0
2024-08-11,sbC64Cx5flQ,"코딩의 판이 바뀐다 - Prompt를 지배하는자, AI Agent 개발의 챔피언이 됩니다.","Feb 7, 2025",1458,0
2024-08-12,sbC64Cx5flQ,"코딩의 판이 바뀐다 - Prompt를 지배하는자, AI Agent 개발의 챔피언이 됩니다.","Feb 7, 2025",1458,0
2024-08-13,sbC64Cx5flQ,"코딩의 판이 바뀐다 - Prompt를 지배하는자, AI Agent 개발의 챔피언이 됩니다.","Feb 7, 2025",1458,0
2024-08-14,sbC64Cx5flQ,"코딩의 판이 바뀐다 - Prompt를 지배하는자, AI Agent 개발의 챔피언이 됩니다.","Feb 7, 2025",1458,0
2024-08-15,sbC64Cx5flQ,"코딩의 판이 바뀐다 - Prompt를 지배하는자, AI Agent 개발의 챔피언이 됩니다.","Feb 7, 2025",1458,0
2024-08-16,sbC64Cx5flQ,"코딩의 판이 바뀐다 - Prompt를 지배하는자, AI Agent 개발의 챔피언이 됩니다.","Feb 7, 2025",1458,0
2024-08-17,sbC64Cx5flQ,"코딩의 판이 바뀐다 - Prompt를 지배하는자, AI Agent 개발의 챔피언이 됩니다.","Feb 7, 2025",1458,0
2024-08-18,sbC64Cx5flQ,"코딩의 판이 바뀐다 - Prompt를 지배하는자, AI Agent 개발의 챔피언이 됩니다.","Feb 7, 2025",1458,0
2024-08-19,sbC64Cx5flQ,"코딩의 판이 바뀐다 - Prompt를 지배하는자, AI Agent 개발의 챔피언이 됩니다.","Feb 7, 2025",1458,0
2024-08-20,sbC64Cx5flQ,"코딩의 판이 바뀐다 - Prompt를 지배하는자, AI Agent 개발의 챔피언이 됩니다.","Feb 7, 2025",1458,0
2024-08-21,sbC64Cx5flQ,"코딩의 판이 바뀐다 - Prompt를 지배하는자, AI Agent 개발의 챔피언이 됩니다.","Feb 7, 2025",1458,0
2024-08-22,sbC64Cx5flQ,"코딩의 판이 바뀐다 - Prompt를 지배하는자, AI Agent 개발의 챔피언이 됩니다.","Feb 7, 2025",1458,0
2024-08-23,sbC64Cx5flQ,"코딩의 판이 바뀐다 - Prompt를 지배하는자, AI Agent 개발의 챔피언이 됩니다.","Feb 7, 2025",1458,0
2024-08-24,sbC64Cx5flQ,"코딩의 판이 바뀐다 - Prompt를 지배하는자, AI Agent 개발의 챔피언이 됩니다.","Feb 7, 2025",1458,0
2024-08-25,sbC64Cx5flQ,"코딩의 판이 바뀐다 - Prompt를 지배하는자, AI Agent 개발의 챔피언이 됩니다.","Feb 7, 2025",1458,0
2024-08-26,sbC64Cx5flQ,"코딩의 판이 바뀐다 - Prompt를 지배하는자, AI Agent 개발의 챔피언이 됩니다.","Feb 7, 2025",1458,0
2024-08-27,sbC64Cx5flQ,"코딩의 판이 바뀐다 - Prompt를 지배하는자, AI Agent 개발의 챔피언이 됩니다.","Feb 7, 2025",1458,0
2024-08-28,sbC64Cx5flQ,"코딩의 판이 바뀐다 - Prompt를 지배하는자, AI Agent 개발의 챔피언이 됩니다.","Feb 7, 2025",1458,0
2024-08-29,sbC64Cx5flQ,"코딩의 판이 바뀐다 - Prompt를 지배하는자, AI Agent 개발의 챔피언이 됩니다.","Feb 7, 2025",1458,0
2024-08-30,sbC64Cx5flQ,"코딩의 판이 바뀐다 - Prompt를 지배하는자, AI Agent 개발의 챔피언이 됩니다.","Feb 7, 2025",1458,0
2024-08-31,sbC64Cx5flQ,"코딩의 판이 바뀐다 - Prompt를 지배하는자, AI Agent 개발의 챔피언이 됩니다.","Feb 7, 2025",1458,0
2024-09-01,sbC64Cx5flQ,"코딩의 판이 바뀐다 - Prompt를 지배하는자, AI Agent 개발의 챔피언이 됩니다.","Feb 7, 2025",1458,0
2024-09-02,sbC64Cx5flQ,"코딩의 판이 바뀐다 - Prompt를 지배하는자, AI Agent 개발의 챔피언이 됩니다.","Feb 7, 2025",1458,0
2024-09-03,sbC64Cx5flQ,"코딩의 판이 바뀐다 - Prompt를 지배하는자, AI Agent 개발의 챔피언이 됩니다.","Feb 7, 2025",1458,0
2024-09-04,sbC64Cx5flQ,"코딩의 판이 바뀐다 - Prompt를 지배하는자, AI Agent 개발의 챔피언이 됩니다.","Feb 7, 2025",1458,0
2024-09-05,sbC64Cx5flQ,"코딩의 판이 바뀐다 - Prompt를 지배하는자, AI Agent 개발의 챔피언이 됩니다.","Feb 7, 2025",1458,0
2024-09-06,sbC64Cx5flQ,"코딩의 판이 바뀐다 - Prompt를 지배하는자, AI Agent 개발의 챔피언이 됩니다.","Feb 7, 2025",1458,0
2024-09-07,sbC64Cx5flQ,"코딩의 판이 바뀐다 - Prompt를 지배하는자, AI Agent 개발의 챔피언이 됩니다.","Feb 7, 2025",1458,0
2024-09-08,sbC64Cx5flQ,"코딩의 판이 바뀐다 - Prompt를 지배하는자, AI Agent 개발의 챔피언이 됩니다.","Feb 7, 2025",1458,0
2024-09-09,sbC64Cx5flQ,"코딩의 판이 바뀐다 - Prompt를 지배하는자, AI Agent 개발의 챔피언이 됩니다.","Feb 7, 2025",1458,0
2024-09-10,sbC64Cx5flQ,"코딩의 판이 바뀐다 - Prompt를 지배하는자, AI Agent 개발의 챔피언이 됩니다.","Feb 7, 2025",1458,0
2024-09-11,sbC64Cx5flQ,"코딩의 판이 바뀐다 - Prompt를 지배하는자, AI Agent 개발의 챔피언이 됩니다.","Feb 7, 2025",1458,0
2024-09-12,sbC64Cx5flQ,"코딩의 판이 바뀐다 - Prompt를 지배하는자, AI Agent 개발의 챔피언이 됩니다.","Feb 7, 2025",1458,0
2024-09-13,sbC64Cx5flQ,"코딩의 판이 바뀐다 - Prompt를 지배하는자, AI Agent 개발의 챔피언이 됩니다.","Feb 7, 2025",1458,0
2024-09-14,sbC64Cx5flQ,"코딩의 판이 바뀐다 - Prompt를 지배하는자, AI Agent 개발의 챔피언이 됩니다.","Feb 7, 2025",1458,0
2024-09-15,sbC64Cx5flQ,"코딩의 판이 바뀐다 - Prompt를 지배하는자, AI Agent 개발의 챔피언이 됩니다.","Feb 7, 2025",1458,0
2024-09-16,sbC64Cx5flQ,"코딩의 판이 바뀐다 - Prompt를 지배하는자, AI Agent 개발의 챔피언이 됩니다.","Feb 7, 2025",1458,0
2024-09-17,sbC64Cx5flQ,"코딩의 판이 바뀐다 - Prompt를 지배하는자, AI Agent 개발의 챔피언이 됩니다.","Feb 7, 2025",1458,0
2024-09-18,sbC64Cx5flQ,"코딩의 판이 바뀐다 - Prompt를 지배하는자, AI Agent 개발의 챔피언이 됩니다.","Feb 7, 2025",1458,0
2024-09-19,sbC64Cx5flQ,"코딩의 판이 바뀐다 - Prompt를 지배하는자, AI Agent 개발의 챔피언이 됩니다.","Feb 7, 2025",1458,0
2024-09-20,sbC64Cx5flQ,"코딩의 판이 바뀐다 - Prompt를 지배하는자, AI Agent 개발의 챔피언이 됩니다.","Feb 7, 2025",1458,0
2024-09-21,sbC64Cx5flQ,"코딩의 판이 바뀐다 - Prompt를 지배하는자, AI Agent 개발의 챔피언이 됩니다.","Feb 7, 2025",1458,0
2024-09-22,sbC64Cx5flQ,"코딩의 판이 바뀐다 - Prompt를 지배하는자, AI Agent 개발의 챔피언이 됩니다.","Feb 7, 2025",1458,0
2024-09-23,sbC64Cx5flQ,"코딩의 판이 바뀐다 - Prompt를 지배하는자, AI Agent 개발의 챔피언이 됩니다.","Feb 7, 2025",1458,0
2024-09-24,sbC64Cx5flQ,"코딩의 판이 바뀐다 - Prompt를 지배하는자, AI Agent 개발의 챔피언이 됩니다.","Feb 7, 2025",1458,0
2024-09-25,sbC64Cx5flQ,"코딩의 판이 바뀐다 - Prompt를 지배하는자, AI Agent 개발의 챔피언이 됩니다.","Feb 7, 2025",1458,0
2024-09-26,sbC64Cx5flQ,"코딩의 판이 바뀐다 - Prompt를 지배하는자, AI Agent 개발의 챔피언이 됩니다.","Feb 7, 2025",1458,0
2024-09-27,sbC64Cx5flQ,"코딩의 판이 바뀐다 - Prompt를 지배하는자, AI Agent 개발의 챔피언이 됩니다.","Feb 7, 2025",1458,0
2024-09-28,sbC64Cx5flQ,"코딩의 판이 바뀐다 - Prompt를 지배하는자, AI Agent 개발의 챔피언이 됩니다.","Feb 7, 2025",1458,0
2024-09-29,sbC64Cx5flQ,"코딩의 판이 바뀐다 - Prompt를 지배하는자, AI Agent 개발의 챔피언이 됩니다.","Feb 7, 2025",1458,0
2024-09-30,sbC64Cx5flQ,"코딩의 판이 바뀐다 - Prompt를 지배하는자, AI Agent 개발의 챔피언이 됩니다.","Feb 7, 2025",1458,0
2024-10-01,sbC64Cx5flQ,"코딩의 판이 바뀐다 - Prompt를 지배하는자, AI Agent 개발의 챔피언이 됩니다.","Feb 7, 2025",1458,0
2024-10-02,sbC64Cx5flQ,"코딩의 판이 바뀐다 - Prompt를 지배하는자, AI Agent 개발의 챔피언이 됩니다.","Feb 7, 2025",1458,0
2024-10-03,sbC64Cx5flQ,"코딩의 판이 바뀐다 - Prompt를 지배하는자, AI Agent 개발의 챔피언이 됩니다.","Feb 7, 2025",1458,0
2024-10-04,sbC64Cx5flQ,"코딩의 판이 바뀐다 - Prompt를 지배하는자, AI Agent 개발의 챔피언이 됩니다.","Feb 7, 2025",1458,0
2024-10-05,sbC64Cx5flQ,"코딩의 판이 바뀐다 - Prompt를 지배하는자, AI Agent 개발의 챔피언이 됩니다.","Feb 7, 2025",1458,0
2024-10-06,sbC64Cx5flQ,"코딩의 판이 바뀐다 - Prompt를 지배하는자, AI Agent 개발의 챔피언이 됩니다.","Feb 7, 2025",1458,0
2024-10-07,sbC64Cx5flQ,"코딩의 판이 바뀐다 - Prompt를 지배하는자, AI Agent 개발의 챔피언이 됩니다.","Feb 7, 2025",1458,0
2024-10-08,sbC64Cx5flQ,"코딩의 판이 바뀐다 - Prompt를 지배하는자, AI Agent 개발의 챔피언이 됩니다.","Feb 7, 2025",1458,0
2024-10-09,sbC64Cx5flQ,"코딩의 판이 바뀐다 - Prompt를 지배하는자, AI Agent 개발의 챔피언이 됩니다.","Feb 7, 2025",1458,0
2024-10-10,sbC64Cx5flQ,"코딩의 판이 바뀐다 - Prompt를 지배하는자, AI Agent 개발의 챔피언이 됩니다.","Feb 7, 2025",1458,0
2024-10-11,sbC64Cx5flQ,"코딩의 판이 바뀐다 - Prompt를 지배하는자, AI Agent 개발의 챔피언이 됩니다.","Feb 7, 2025",1458,0
2024-10-12,sbC64Cx5flQ,"코딩의 판이 바뀐다 - Prompt를 지배하는자, AI Agent 개발의 챔피언이 됩니다.","Feb 7, 2025",1458,0
2024-10-13,sbC64Cx5flQ,"코딩의 판이 바뀐다 - Prompt를 지배하는자, AI Agent 개발의 챔피언이 됩니다.","Feb 7, 2025",1458,0
2024-10-14,sbC64Cx5flQ,"코딩의 판이 바뀐다 - Prompt를 지배하는자, AI Agent 개발의 챔피언이 됩니다.","Feb 7, 2025",1458,0
2024-10-15,sbC64Cx5flQ,"코딩의 판이 바뀐다 - Prompt를 지배하는자, AI Agent 개발의 챔피언이 됩니다.","Feb 7, 2025",1458,0
2024-10-16,sbC64Cx5flQ,"코딩의 판이 바뀐다 - Prompt를 지배하는자, AI Agent 개발의 챔피언이 됩니다.","Feb 7, 2025",1458,0
2024-10-17,sbC64Cx5flQ,"코딩의 판이 바뀐다 - Prompt를 지배하는자, AI Agent 개발의 챔피언이 됩니다.","Feb 7, 2025",1458,0
2024-10-18,sbC64Cx5flQ,"코딩의 판이 바뀐다 - Prompt를 지배하는자, AI Agent 개발의 챔피언이 됩니다.","Feb 7, 2025",1458,0
2024-10-19,sbC64Cx5flQ,"코딩의 판이 바뀐다 - Prompt를 지배하는자, AI Agent 개발의 챔피언이 됩니다.","Feb 7, 2025",1458,0
2024-10-20,sbC64Cx5flQ,"코딩의 판이 바뀐다 - Prompt를 지배하는자, AI Agent 개발의 챔피언이 됩니다.","Feb 7, 2025",1458,0
2024-10-21,sbC64Cx5flQ,"코딩의 판이 바뀐다 - Prompt를 지배하는자, AI Agent 개발의 챔피언이 됩니다.","Feb 7, 2025",1458,0
2024-10-22,sbC64Cx5flQ,"코딩의 판이 바뀐다 - Prompt를 지배하는자, AI Agent 개발의 챔피언이 됩니다.","Feb 7, 2025",1458,0
2024-10-23,sbC64Cx5flQ,"코딩의 판이 바뀐다 - Prompt를 지배하는자, AI Agent 개발의 챔피언이 됩니다.","Feb 7, 2025",1458,0
2024-10-24,sbC64Cx5flQ,"코딩의 판이 바뀐다 - Prompt를 지배하는자, AI Agent 개발의 챔피언이 됩니다.","Feb 7, 2025",1458,0
2024-10-25,sbC64Cx5flQ,"코딩의 판이 바뀐다 - Prompt를 지배하는자, AI Agent 개발의 챔피언이 됩니다.","Feb 7, 2025",1458,0
2024-10-26,sbC64Cx5flQ,"코딩의 판이 바뀐다 - Prompt를 지배하는자, AI Agent 개발의 챔피언이 됩니다.","Feb 7, 2025",1458,0
2024-10-27,sbC64Cx5flQ,"코딩의 판이 바뀐다 - Prompt를 지배하는자, AI Agent 개발의 챔피언이 됩니다.","Feb 7, 2025",1458,0
2024-10-28,sbC64Cx5flQ,"코딩의 판이 바뀐다 - Prompt를 지배하는자, AI Agent 개발의 챔피언이 됩니다.","Feb 7, 2025",1458,0
2024-10-29,sbC64Cx5flQ,"코딩의 판이 바뀐다 - Prompt를 지배하는자, AI Agent 개발의 챔피언이 됩니다.","Feb 7, 2025",1458,0
2024-10-30,sbC64Cx5flQ,"코딩의 판이 바뀐다 - Prompt를 지배하는자, AI Agent 개발의 챔피언이 됩니다.","Feb 7, 2025",1458,0
2024-10-31,sbC64Cx5flQ,"코딩의 판이 바뀐다 - Prompt를 지배하는자, AI Agent 개발의 챔피언이 됩니다.","Feb 7, 2025",1458,0
2024-11-01,sbC64Cx5flQ,"코딩의 판이 바뀐다 - Prompt를 지배하는자, AI Agent 개발의 챔피언이 됩니다.","Feb 7, 2025",1458,0
2024-11-02,sbC64Cx5flQ,"코딩의 판이 바뀐다 - Prompt를 지배하는자, AI Agent 개발의 챔피언이 됩니다.","Feb 7, 2025",1458,0
2024-11-03,sbC64Cx5flQ,"코딩의 판이 바뀐다 - Prompt를 지배하는자, AI Agent 개발의 챔피언이 됩니다.","Feb 7, 2025",1458,0
2024-11-04,sbC64Cx5flQ,"코딩의 판이 바뀐다 - Prompt를 지배하는자, AI Agent 개발의 챔피언이 됩니다.","Feb 7, 2025",1458,0
2024-11-05,sbC64Cx5flQ,"코딩의 판이 바뀐다 - Prompt를 지배하는자, AI Agent 개발의 챔피언이 됩니다.","Feb 7, 2025",1458,0
2024-11-06,sbC64Cx5flQ,"코딩의 판이 바뀐다 - Prompt를 지배하는자, AI Agent 개발의 챔피언이 됩니다.","Feb 7, 2025",1458,0
2024-11-07,sbC64Cx5flQ,"코딩의 판이 바뀐다 - Prompt를 지배하는자, AI Agent 개발의 챔피언이 됩니다.","Feb 7, 2025",1458,0
2024-11-08,sbC64Cx5flQ,"코딩의 판이 바뀐다 - Prompt를 지배하는자, AI Agent 개발의 챔피언이 됩니다.","Feb 7, 2025",1458,0
2024-11-09,sbC64Cx5flQ,"코딩의 판이 바뀐다 - Prompt를 지배하는자, AI Agent 개발의 챔피언이 됩니다.","Feb 7, 2025",1458,0
2024-11-10,sbC64Cx5flQ,"코딩의 판이 바뀐다 - Prompt를 지배하는자, AI Agent 개발의 챔피언이 됩니다.","Feb 7, 2025",1458,0
2024-11-11,sbC64Cx5flQ,"코딩의 판이 바뀐다 - Prompt를 지배하는자, AI Agent 개발의 챔피언이 됩니다.","Feb 7, 2025",1458,0
2024-11-12,sbC64Cx5flQ,"코딩의 판이 바뀐다 - Prompt를 지배하는자, AI Agent 개발의 챔피언이 됩니다.","Feb 7, 2025",1458,0
2024-11-13,sbC64Cx5flQ,"코딩의 판이 바뀐다 - Prompt를 지배하는자, AI Agent 개발의 챔피언이 됩니다.","Feb 7, 2025",1458,0
2024-11-14,sbC64Cx5flQ,"코딩의 판이 바뀐다 - Prompt를 지배하는자, AI Agent 개발의 챔피언이 됩니다.","Feb 7, 2025",1458,0
2024-11-15,sbC64Cx5flQ,"코딩의 판이 바뀐다 - Prompt를 지배하는자, AI Agent 개발의 챔피언이 됩니다.","Feb 7, 2025",1458,0
2024-11-16,sbC64Cx5flQ,"코딩의 판이 바뀐다 - Prompt를 지배하는자, AI Agent 개발의 챔피언이 됩니다.","Feb 7, 2025",1458,0
2024-11-17,sbC64Cx5flQ,"코딩의 판이 바뀐다 - Prompt를 지배하는자, AI Agent 개발의 챔피언이 됩니다.","Feb 7, 2025",1458,0
2024-11-18,sbC64Cx5flQ,"코딩의 판이 바뀐다 - Prompt를 지배하는자, AI Agent 개발의 챔피언이 됩니다.","Feb 7, 2025",1458,0
2024-11-19,sbC64Cx5flQ,"코딩의 판이 바뀐다 - Prompt를 지배하는자, AI Agent 개발의 챔피언이 됩니다.","Feb 7, 2025",1458,0
2024-11-20,sbC64Cx5flQ,"코딩의 판이 바뀐다 - Prompt를 지배하는자, AI Agent 개발의 챔피언이 됩니다.","Feb 7, 2025",1458,0
2024-11-21,sbC64Cx5flQ,"코딩의 판이 바뀐다 - Prompt를 지배하는자, AI Agent 개발의 챔피언이 됩니다.","Feb 7, 2025",1458,0
2024-11-22,sbC64Cx5flQ,"코딩의 판이 바뀐다 - Prompt를 지배하는자, AI Agent 개발의 챔피언이 됩니다.","Feb 7, 2025",1458,0
2024-11-23,sbC64Cx5flQ,"코딩의 판이 바뀐다 - Prompt를 지배하는자, AI Agent 개발의 챔피언이 됩니다.","Feb 7, 2025",1458,0
2024-11-24,sbC64Cx5flQ,"코딩의 판이 바뀐다 - Prompt를 지배하는자, AI Agent 개발의 챔피언이 됩니다.","Feb 7, 2025",1458,0
2024-11-25,sbC64Cx5flQ,"코딩의 판이 바뀐다 - Prompt를 지배하는자, AI Agent 개발의 챔피언이 됩니다.","Feb 7, 2025",1458,0
2024-11-26,sbC64Cx5flQ,"코딩의 판이 바뀐다 - Prompt를 지배하는자, AI Agent 개발의 챔피언이 됩니다.","Feb 7, 2025",1458,0
2024-11-27,sbC64Cx5flQ,"코딩의 판이 바뀐다 - Prompt를 지배하는자, AI Agent 개발의 챔피언이 됩니다.","Feb 7, 2025",1458,0
2024-11-28,sbC64Cx5flQ,"코딩의 판이 바뀐다 - Prompt를 지배하는자, AI Agent 개발의 챔피언이 됩니다.","Feb 7, 2025",1458,0
2024-11-29,sbC64Cx5flQ,"코딩의 판이 바뀐다 - Prompt를 지배하는자, AI Agent 개발의 챔피언이 됩니다.","Feb 7, 2025",1458,0
2024-11-30,sbC64Cx5flQ,"코딩의 판이 바뀐다 - Prompt를 지배하는자, AI Agent 개발의 챔피언이 됩니다.","Feb 7, 2025",1458,0
2024-12-01,sbC64Cx5flQ,"코딩의 판이 바뀐다 - Prompt를 지배하는자, AI Agent 개발의 챔피언이 됩니다.","Feb 7, 2025",1458,0
2024-12-02,sbC64Cx5flQ,"코딩의 판이 바뀐다 - Prompt를 지배하는자, AI Agent 개발의 챔피언이 됩니다.","Feb 7, 2025",1458,0
2024-12-03,sbC64Cx5flQ,"코딩의 판이 바뀐다 - Prompt를 지배하는자, AI Agent 개발의 챔피언이 됩니다.","Feb 7, 2025",1458,0
2024-12-04,sbC64Cx5flQ,"코딩의 판이 바뀐다 - Prompt를 지배하는자, AI Agent 개발의 챔피언이 됩니다.","Feb 7, 2025",1458,0
2024-12-05,sbC64Cx5flQ,"코딩의 판이 바뀐다 - Prompt를 지배하는자, AI Agent 개발의 챔피언이 됩니다.","Feb 7, 2025",1458,0
2024-12-06,sbC64Cx5flQ,"코딩의 판이 바뀐다 - Prompt를 지배하는자, AI Agent 개발의 챔피언이 됩니다.","Feb 7, 2025",1458,0
2024-12-07,sbC64Cx5flQ,"코딩의 판이 바뀐다 - Prompt를 지배하는자, AI Agent 개발의 챔피언이 됩니다.","Feb 7, 2025",1458,0
2024-12-08,sbC64Cx5flQ,"코딩의 판이 바뀐다 - Prompt를 지배하는자, AI Agent 개발의 챔피언이 됩니다.","Feb 7, 2025",1458,0
2024-12-09,sbC64Cx5flQ,"코딩의 판이 바뀐다 - Prompt를 지배하는자, AI Agent 개발의 챔피언이 됩니다.","Feb 7, 2025",1458,0
2024-12-10,sbC64Cx5flQ,"코딩의 판이 바뀐다 - Prompt를 지배하는자, AI Agent 개발의 챔피언이 됩니다.","Feb 7, 2025",1458,0
2024-12-11,sbC64Cx5flQ,"코딩의 판이 바뀐다 - Prompt를 지배하는자, AI Agent 개발의 챔피언이 됩니다.","Feb 7, 2025",1458,0
2024-12-12,sbC64Cx5flQ,"코딩의 판이 바뀐다 - Prompt를 지배하는자, AI Agent 개발의 챔피언이 됩니다.","Feb 7, 2025",1458,0
2024-12-13,sbC64Cx5flQ,"코딩의 판이 바뀐다 - Prompt를 지배하는자, AI Agent 개발의 챔피언이 됩니다.","Feb 7, 2025",1458,0
2024-12-14,sbC64Cx5flQ,"코딩의 판이 바뀐다 - Prompt를 지배하는자, AI Agent 개발의 챔피언이 됩니다.","Feb 7, 2025",1458,0
2024-12-15,sbC64Cx5flQ,"코딩의 판이 바뀐다 - Prompt를 지배하는자, AI Agent 개발의 챔피언이 됩니다.","Feb 7, 2025",1458,0
2024-12-16,sbC64Cx5flQ,"코딩의 판이 바뀐다 - Prompt를 지배하는자, AI Agent 개발의 챔피언이 됩니다.","Feb 7, 2025",1458,0
2024-12-17,sbC64Cx5flQ,"코딩의 판이 바뀐다 - Prompt를 지배하는자, AI Agent 개발의 챔피언이 됩니다.","Feb 7, 2025",1458,0
2024-12-18,sbC64Cx5flQ,"코딩의 판이 바뀐다 - Prompt를 지배하는자, AI Agent 개발의 챔피언이 됩니다.","Feb 7, 2025",1458,0
2024-12-19,sbC64Cx5flQ,"코딩의 판이 바뀐다 - Prompt를 지배하는자, AI Agent 개발의 챔피언이 됩니다.","Feb 7, 2025",1458,0
2024-12-20,sbC64Cx5flQ,"코딩의 판이 바뀐다 - Prompt를 지배하는자, AI Agent 개발의 챔피언이 됩니다.","Feb 7, 2025",1458,0
2024-12-21,sbC64Cx5flQ,"코딩의 판이 바뀐다 - Prompt를 지배하는자, AI Agent 개발의 챔피언이 됩니다.","Feb 7, 2025",1458,0
2024-12-22,sbC64Cx5flQ,"코딩의 판이 바뀐다 - Prompt를 지배하는자, AI Agent 개발의 챔피언이 됩니다.","Feb 7, 2025",1458,0
2024-12-23,sbC64Cx5flQ,"코딩의 판이 바뀐다 - Prompt를 지배하는자, AI Agent 개발의 챔피언이 됩니다.","Feb 7, 2025",1458,0
2024-12-24,sbC64Cx5flQ,"코딩의 판이 바뀐다 - Prompt를 지배하는자, AI Agent 개발의 챔피언이 됩니다.","Feb 7, 2025",1458,0
2024-12-25,sbC64Cx5flQ,"코딩의 판이 바뀐다 - Prompt를 지배하는자, AI Agent 개발의 챔피언이 됩니다.","Feb 7, 2025",1458,0
2024-12-26,sbC64Cx5flQ,"코딩의 판이 바뀐다 - Prompt를 지배하는자, AI Agent 개발의 챔피언이 됩니다.","Feb 7, 2025",1458,0
2024-12-27,sbC64Cx5flQ,"코딩의 판이 바뀐다 - Prompt를 지배하는자, AI Agent 개발의 챔피언이 됩니다.","Feb 7, 2025",1458,0
2024-12-28,sbC64Cx5flQ,"코딩의 판이 바뀐다 - Prompt를 지배하는자, AI Agent 개발의 챔피언이 됩니다.","Feb 7, 2025",1458,0
2024-12-29,sbC64Cx5flQ,"코딩의 판이 바뀐다 - Prompt를 지배하는자, AI Agent 개발의 챔피언이 됩니다.","Feb 7, 2025",1458,0
2024-12-30,sbC64Cx5flQ,"코딩의 판이 바뀐다 - Prompt를 지배하는자, AI Agent 개발의 챔피언이 됩니다.","Feb 7, 2025",1458,0
2024-12-31,sbC64Cx5flQ,"코딩의 판이 바뀐다 - Prompt를 지배하는자, AI Agent 개발의 챔피언이 됩니다.","Feb 7, 2025",1458,0
2025-01-01,sbC64Cx5flQ,"코딩의 판이 바뀐다 - Prompt를 지배하는자, AI Agent 개발의 챔피언이 됩니다.","Feb 7, 2025",1458,0
2025-01-02,sbC64Cx5flQ,"코딩의 판이 바뀐다 - Prompt를 지배하는자, AI Agent 개발의 챔피언이 됩니다.","Feb 7, 2025",1458,0
2025-01-03,sbC64Cx5flQ,"코딩의 판이 바뀐다 - Prompt를 지배하는자, AI Agent 개발의 챔피언이 됩니다.","Feb 7, 2025",1458,0
2025-01-04,sbC64Cx5flQ,"코딩의 판이 바뀐다 - Prompt를 지배하는자, AI Agent 개발의 챔피언이 됩니다.","Feb 7, 2025",1458,0
2025-01-05,sbC64Cx5flQ,"코딩의 판이 바뀐다 - Prompt를 지배하는자, AI Agent 개발의 챔피언이 됩니다.","Feb 7, 2025",1458,0
2025-01-06,sbC64Cx5flQ,"코딩의 판이 바뀐다 - Prompt를 지배하는자, AI Agent 개발의 챔피언이 됩니다.","Feb 7, 2025",1458,0
2025-01-07,sbC64Cx5flQ,"코딩의 판이 바뀐다 - Prompt를 지배하는자, AI Agent 개발의 챔피언이 됩니다.","Feb 7, 2025",1458,0
2025-01-08,sbC64Cx5flQ,"코딩의 판이 바뀐다 - Prompt를 지배하는자, AI Agent 개발의 챔피언이 됩니다.","Feb 7, 2025",1458,0
2025-01-09,sbC64Cx5flQ,"코딩의 판이 바뀐다 - Prompt를 지배하는자, AI Agent 개발의 챔피언이 됩니다.","Feb 7, 2025",1458,0
2025-01-10,sbC64Cx5flQ,"코딩의 판이 바뀐다 - Prompt를 지배하는자, AI Agent 개발의 챔피언이 됩니다.","Feb 7, 2025",1458,0
2025-01-11,sbC64Cx5flQ,"코딩의 판이 바뀐다 - Prompt를 지배하는자, AI Agent 개발의 챔피언이 됩니다.","Feb 7, 2025",1458,0
2025-01-12,sbC64Cx5flQ,"코딩의 판이 바뀐다 - Prompt를 지배하는자, AI Agent 개발의 챔피언이 됩니다.","Feb 7, 2025",1458,0
2025-01-13,sbC64Cx5flQ,"코딩의 판이 바뀐다 - Prompt를 지배하는자, AI Agent 개발의 챔피언이 됩니다.","Feb 7, 2025",1458,0
2025-01-14,sbC64Cx5flQ,"코딩의 판이 바뀐다 - Prompt를 지배하는자, AI Agent 개발의 챔피언이 됩니다.","Feb 7, 2025",1458,0
2025-01-15,sbC64Cx5flQ,"코딩의 판이 바뀐다 - Prompt를 지배하는자, AI Agent 개발의 챔피언이 됩니다.","Feb 7, 2025",1458,0
2025-01-16,sbC64Cx5flQ,"코딩의 판이 바뀐다 - Prompt를 지배하는자, AI Agent 개발의 챔피언이 됩니다.","Feb 7, 2025",1458,0
2025-01-17,sbC64Cx5flQ,"코딩의 판이 바뀐다 - Prompt를 지배하는자, AI Agent 개발의 챔피언이 됩니다.","Feb 7, 2025",1458,0
2025-01-18,sbC64Cx5flQ,"코딩의 판이 바뀐다 - Prompt를 지배하는자, AI Agent 개발의 챔피언이 됩니다.","Feb 7, 2025",1458,0
2025-01-19,sbC64Cx5flQ,"코딩의 판이 바뀐다 - Prompt를 지배하는자, AI Agent 개발의 챔피언이 됩니다.","Feb 7, 2025",1458,0
2025-01-20,sbC64Cx5flQ,"코딩의 판이 바뀐다 - Prompt를 지배하는자, AI Agent 개발의 챔피언이 됩니다.","Feb 7, 2025",1458,0
2025-01-21,sbC64Cx5flQ,"코딩의 판이 바뀐다 - Prompt를 지배하는자, AI Agent 개발의 챔피언이 됩니다.","Feb 7, 2025",1458,0
2025-01-22,sbC64Cx5flQ,"코딩의 판이 바뀐다 - Prompt를 지배하는자, AI Agent 개발의 챔피언이 됩니다.","Feb 7, 2025",1458,0
2025-01-23,sbC64Cx5flQ,"코딩의 판이 바뀐다 - Prompt를 지배하는자, AI Agent 개발의 챔피언이 됩니다.","Feb 7, 2025",1458,0
2025-01-24,sbC64Cx5flQ,"코딩의 판이 바뀐다 - Prompt를 지배하는자, AI Agent 개발의 챔피언이 됩니다.","Feb 7, 2025",1458,0
2025-01-25,sbC64Cx5flQ,"코딩의 판이 바뀐다 - Prompt를 지배하는자, AI Agent 개발의 챔피언이 됩니다.","Feb 7, 2025",1458,0
2025-01-26,sbC64Cx5flQ,"코딩의 판이 바뀐다 - Prompt를 지배하는자, AI Agent 개발의 챔피언이 됩니다.","Feb 7, 2025",1458,0
2025-01-27,sbC64Cx5flQ,"코딩의 판이 바뀐다 - Prompt를 지배하는자, AI Agent 개발의 챔피언이 됩니다.","Feb 7, 2025",1458,0
2025-01-28,sbC64Cx5flQ,"코딩의 판이 바뀐다 - Prompt를 지배하는자, AI Agent 개발의 챔피언이 됩니다.","Feb 7, 2025",1458,0
2025-01-29,sbC64Cx5flQ,"코딩의 판이 바뀐다 - Prompt를 지배하는자, AI Agent 개발의 챔피언이 됩니다.","Feb 7, 2025",1458,0
2025-01-30,sbC64Cx5flQ,"코딩의 판이 바뀐다 - Prompt를 지배하는자, AI Agent 개발의 챔피언이 됩니다.","Feb 7, 2025",1458,0
2025-01-31,sbC64Cx5flQ,"코딩의 판이 바뀐다 - Prompt를 지배하는자, AI Agent 개발의 챔피언이 됩니다.","Feb 7, 2025",1458,0
2025-02-01,sbC64Cx5flQ,"코딩의 판이 바뀐다 - Prompt를 지배하는자, AI Agent 개발의 챔피언이 됩니다.","Feb 7, 2025",1458,0
2025-02-02,sbC64Cx5flQ,"코딩의 판이 바뀐다 - Prompt를 지배하는자, AI Agent 개발의 챔피언이 됩니다.","Feb 7, 2025",1458,0
2025-02-03,sbC64Cx5flQ,"코딩의 판이 바뀐다 - Prompt를 지배하는자, AI Agent 개발의 챔피언이 됩니다.","Feb 7, 2025",1458,0
2025-02-04,sbC64Cx5flQ,"코딩의 판이 바뀐다 - Prompt를 지배하는자, AI Agent 개발의 챔피언이 됩니다.","Feb 7, 2025",1458,0
2025-02-05,sbC64Cx5flQ,"코딩의 판이 바뀐다 - Prompt를 지배하는자, AI Agent 개발의 챔피언이 됩니다.","Feb 7, 2025",1458,0
2025-02-06,sbC64Cx5flQ,"코딩의 판이 바뀐다 - Prompt를 지배하는자, AI Agent 개발의 챔피언이 됩니다.","Feb 7, 2025",1458,0
2025-02-07,sbC64Cx5flQ,"코딩의 판이 바뀐다 - Prompt를 지배하는자, AI Agent 개발의 챔피언이 됩니다.","Feb 7, 2025",1458,220
2025-02-08,sbC64Cx5flQ,"코딩의 판이 바뀐다 - Prompt를 지배하는자, AI Agent 개발의 챔피언이 됩니다.","Feb 7, 2025",1458,1242
2025-02-09,sbC64Cx5flQ,"코딩의 판이 바뀐다 - Prompt를 지배하는자, AI Agent 개발의 챔피언이 됩니다.","Feb 7, 2025",1458,854
2025-02-10,sbC64Cx5flQ,"코딩의 판이 바뀐다 - Prompt를 지배하는자, AI Agent 개발의 챔피언이 됩니다.","Feb 7, 2025",1458,213
2025-02-11,sbC64Cx5flQ,"코딩의 판이 바뀐다 - Prompt를 지배하는자, AI Agent 개발의 챔피언이 됩니다.","Feb 7, 2025",1458,221
2025-02-12,sbC64Cx5flQ,"코딩의 판이 바뀐다 - Prompt를 지배하는자, AI Agent 개발의 챔피언이 됩니다.","Feb 7, 2025",1458,134
2025-02-13,sbC64Cx5flQ,"코딩의 판이 바뀐다 - Prompt를 지배하는자, AI Agent 개발의 챔피언이 됩니다.","Feb 7, 2025",1458,86
2025-02-14,sbC64Cx5flQ,"코딩의 판이 바뀐다 - Prompt를 지배하는자, AI Agent 개발의 챔피언이 됩니다.","Feb 7, 2025",1458,34
2025-02-15,sbC64Cx5flQ,"코딩의 판이 바뀐다 - Prompt를 지배하는자, AI Agent 개발의 챔피언이 됩니다.","Feb 7, 2025",1458,47
2025-02-16,sbC64Cx5flQ,"코딩의 판이 바뀐다 - Prompt를 지배하는자, AI Agent 개발의 챔피언이 됩니다.","Feb 7, 2025",1458,21
2025-02-17,sbC64Cx5flQ,"코딩의 판이 바뀐다 - Prompt를 지배하는자, AI Agent 개발의 챔피언이 됩니다.","Feb 7, 2025",1458,17
2025-02-18,sbC64Cx5flQ,"코딩의 판이 바뀐다 - Prompt를 지배하는자, AI Agent 개발의 챔피언이 됩니다.","Feb 7, 2025",1458,38
2025-02-19,sbC64Cx5flQ,"코딩의 판이 바뀐다 - Prompt를 지배하는자, AI Agent 개발의 챔피언이 됩니다.","Feb 7, 2025",1458,30
2025-02-20,sbC64Cx5flQ,"코딩의 판이 바뀐다 - Prompt를 지배하는자, AI Agent 개발의 챔피언이 됩니다.","Feb 7, 2025",1458,22
2025-02-21,sbC64Cx5flQ,"코딩의 판이 바뀐다 - Prompt를 지배하는자, AI Agent 개발의 챔피언이 됩니다.","Feb 7, 2025",1458,32
2025-02-22,sbC64Cx5flQ,"코딩의 판이 바뀐다 - Prompt를 지배하는자, AI Agent 개발의 챔피언이 됩니다.","Feb 7, 2025",1458,44
2025-02-23,sbC64Cx5flQ,"코딩의 판이 바뀐다 - Prompt를 지배하는자, AI Agent 개발의 챔피언이 됩니다.","Feb 7, 2025",1458,27
2025-02-24,sbC64Cx5flQ,"코딩의 판이 바뀐다 - Prompt를 지배하는자, AI Agent 개발의 챔피언이 됩니다.","Feb 7, 2025",1458,22
2025-02-25,sbC64Cx5flQ,"코딩의 판이 바뀐다 - Prompt를 지배하는자, AI Agent 개발의 챔피언이 됩니다.","Feb 7, 2025",1458,32
2025-02-26,sbC64Cx5flQ,"코딩의 판이 바뀐다 - Prompt를 지배하는자, AI Agent 개발의 챔피언이 됩니다.","Feb 7, 2025",1458,20
2025-02-27,sbC64Cx5flQ,"코딩의 판이 바뀐다 - Prompt를 지배하는자, AI Agent 개발의 챔피언이 됩니다.","Feb 7, 2025",1458,25
2025-02-28,sbC64Cx5flQ,"코딩의 판이 바뀐다 - Prompt를 지배하는자, AI Agent 개발의 챔피언이 됩니다.","Feb 7, 2025",1458,14
2025-03-01,sbC64Cx5flQ,"코딩의 판이 바뀐다 - Prompt를 지배하는자, AI Agent 개발의 챔피언이 됩니다.","Feb 7, 2025",1458,36
2025-03-02,sbC64Cx5flQ,"코딩의 판이 바뀐다 - Prompt를 지배하는자, AI Agent 개발의 챔피언이 됩니다.","Feb 7, 2025",1458,50
2025-03-03,sbC64Cx5flQ,"코딩의 판이 바뀐다 - Prompt를 지배하는자, AI Agent 개발의 챔피언이 됩니다.","Feb 7, 2025",1458,16
2025-03-04,sbC64Cx5flQ,"코딩의 판이 바뀐다 - Prompt를 지배하는자, AI Agent 개발의 챔피언이 됩니다.","Feb 7, 2025",1458,20
2025-03-05,sbC64Cx5flQ,"코딩의 판이 바뀐다 - Prompt를 지배하는자, AI Agent 개발의 챔피언이 됩니다.","Feb 7, 2025",1458,24
2025-03-06,sbC64Cx5flQ,"코딩의 판이 바뀐다 - Prompt를 지배하는자, AI Agent 개발의 챔피언이 됩니다.","Feb 7, 2025",1458,12
2025-03-07,sbC64Cx5flQ,"코딩의 판이 바뀐다 - Prompt를 지배하는자, AI Agent 개발의 챔피언이 됩니다.","Feb 7, 2025",1458,6
2025-03-08,sbC64Cx5flQ,"코딩의 판이 바뀐다 - Prompt를 지배하는자, AI Agent 개발의 챔피언이 됩니다.","Feb 7, 2025",1458,8
2025-03-09,sbC64Cx5flQ,"코딩의 판이 바뀐다 - Prompt를 지배하는자, AI Agent 개발의 챔피언이 됩니다.","Feb 7, 2025",1458,9
2025-03-10,sbC64Cx5flQ,"코딩의 판이 바뀐다 - Prompt를 지배하는자, AI Agent 개발의 챔피언이 됩니다.","Feb 7, 2025",1458,9
2025-03-11,sbC64Cx5flQ,"코딩의 판이 바뀐다 - Prompt를 지배하는자, AI Agent 개발의 챔피언이 됩니다.","Feb 7, 2025",1458,3
2025-03-12,sbC64Cx5flQ,"코딩의 판이 바뀐다 - Prompt를 지배하는자, AI Agent 개발의 챔피언이 됩니다.","Feb 7, 2025",1458,11
2025-03-13,sbC64Cx5flQ,"코딩의 판이 바뀐다 - Prompt를 지배하는자, AI Agent 개발의 챔피언이 됩니다.","Feb 7, 2025",1458,4
2025-03-14,sbC64Cx5flQ,"코딩의 판이 바뀐다 - Prompt를 지배하는자, AI Agent 개발의 챔피언이 됩니다.","Feb 7, 2025",1458,5
2025-03-15,sbC64Cx5flQ,"코딩의 판이 바뀐다 - Prompt를 지배하는자, AI Agent 개발의 챔피언이 됩니다.","Feb 7, 2025",1458,6
2025-03-16,sbC64Cx5flQ,"코딩의 판이 바뀐다 - Prompt를 지배하는자, AI Agent 개발의 챔피언이 됩니다.","Feb 7, 2025",1458,9
2025-03-17,sbC64Cx5flQ,"코딩의 판이 바뀐다 - Prompt를 지배하는자, AI Agent 개발의 챔피언이 됩니다.","Feb 7, 2025",1458,6
2025-03-18,sbC64Cx5flQ,"코딩의 판이 바뀐다 - Prompt를 지배하는자, AI Agent 개발의 챔피언이 됩니다.","Feb 7, 2025",1458,0
2025-03-19,sbC64Cx5flQ,"코딩의 판이 바뀐다 - Prompt를 지배하는자, AI Agent 개발의 챔피언이 됩니다.","Feb 7, 2025",1458,2
2025-03-20,sbC64Cx5flQ,"코딩의 판이 바뀐다 - Prompt를 지배하는자, AI Agent 개발의 챔피언이 됩니다.","Feb 7, 2025",1458,4
2025-03-21,sbC64Cx5flQ,"코딩의 판이 바뀐다 - Prompt를 지배하는자, AI Agent 개발의 챔피언이 됩니다.","Feb 7, 2025",1458,5
2025-03-22,sbC64Cx5flQ,"코딩의 판이 바뀐다 - Prompt를 지배하는자, AI Agent 개발의 챔피언이 됩니다.","Feb 7, 2025",1458,5
2025-03-23,sbC64Cx5flQ,"코딩의 판이 바뀐다 - Prompt를 지배하는자, AI Agent 개발의 챔피언이 됩니다.","Feb 7, 2025",1458,1
2025-03-24,sbC64Cx5flQ,"코딩의 판이 바뀐다 - Prompt를 지배하는자, AI Agent 개발의 챔피언이 됩니다.","Feb 7, 2025",1458,0
2025-03-25,sbC64Cx5flQ,"코딩의 판이 바뀐다 - Prompt를 지배하는자, AI Agent 개발의 챔피언이 됩니다.","Feb 7, 2025",1458,2
2025-03-26,sbC64Cx5flQ,"코딩의 판이 바뀐다 - Prompt를 지배하는자, AI Agent 개발의 챔피언이 됩니다.","Feb 7, 2025",1458,6
2025-03-27,sbC64Cx5flQ,"코딩의 판이 바뀐다 - Prompt를 지배하는자, AI Agent 개발의 챔피언이 됩니다.","Feb 7, 2025",1458,8
2025-03-28,sbC64Cx5flQ,"코딩의 판이 바뀐다 - Prompt를 지배하는자, AI Agent 개발의 챔피언이 됩니다.","Feb 7, 2025",1458,4
2025-03-29,sbC64Cx5flQ,"코딩의 판이 바뀐다 - Prompt를 지배하는자, AI Agent 개발의 챔피언이 됩니다.","Feb 7, 2025",1458,0
2025-03-30,sbC64Cx5flQ,"코딩의 판이 바뀐다 - Prompt를 지배하는자, AI Agent 개발의 챔피언이 됩니다.","Feb 7, 2025",1458,2
2025-03-31,sbC64Cx5flQ,"코딩의 판이 바뀐다 - Prompt를 지배하는자, AI Agent 개발의 챔피언이 됩니다.","Feb 7, 2025",1458,4
2025-04-01,sbC64Cx5flQ,"코딩의 판이 바뀐다 - Prompt를 지배하는자, AI Agent 개발의 챔피언이 됩니다.","Feb 7, 2025",1458,4
2025-04-02,sbC64Cx5flQ,"코딩의 판이 바뀐다 - Prompt를 지배하는자, AI Agent 개발의 챔피언이 됩니다.","Feb 7, 2025",1458,3
2025-04-03,sbC64Cx5flQ,"코딩의 판이 바뀐다 - Prompt를 지배하는자, AI Agent 개발의 챔피언이 됩니다.","Feb 7, 2025",1458,4
2025-04-04,sbC64Cx5flQ,"코딩의 판이 바뀐다 - Prompt를 지배하는자, AI Agent 개발의 챔피언이 됩니다.","Feb 7, 2025",1458,0
2025-04-05,sbC64Cx5flQ,"코딩의 판이 바뀐다 - Prompt를 지배하는자, AI Agent 개발의 챔피언이 됩니다.","Feb 7, 2025",1458,3
2025-04-06,sbC64Cx5flQ,"코딩의 판이 바뀐다 - Prompt를 지배하는자, AI Agent 개발의 챔피언이 됩니다.","Feb 7, 2025",1458,7
2025-04-07,sbC64Cx5flQ,"코딩의 판이 바뀐다 - Prompt를 지배하는자, AI Agent 개발의 챔피언이 됩니다.","Feb 7, 2025",1458,7
2025-04-08,sbC64Cx5flQ,"코딩의 판이 바뀐다 - Prompt를 지배하는자, AI Agent 개발의 챔피언이 됩니다.","Feb 7, 2025",1458,3
2025-04-09,sbC64Cx5flQ,"코딩의 판이 바뀐다 - Prompt를 지배하는자, AI Agent 개발의 챔피언이 됩니다.","Feb 7, 2025",1458,0
2025-04-10,sbC64Cx5flQ,"코딩의 판이 바뀐다 - Prompt를 지배하는자, AI Agent 개발의 챔피언이 됩니다.","Feb 7, 2025",1458,0
2025-04-11,sbC64Cx5flQ,"코딩의 판이 바뀐다 - Prompt를 지배하는자, AI Agent 개발의 챔피언이 됩니다.","Feb 7, 2025",1458,4
2025-04-12,sbC64Cx5flQ,"코딩의 판이 바뀐다 - Prompt를 지배하는자, AI Agent 개발의 챔피언이 됩니다.","Feb 7, 2025",1458,3
2025-04-13,sbC64Cx5flQ,"코딩의 판이 바뀐다 - Prompt를 지배하는자, AI Agent 개발의 챔피언이 됩니다.","Feb 7, 2025",1458,3
2025-04-14,sbC64Cx5flQ,"코딩의 판이 바뀐다 - Prompt를 지배하는자, AI Agent 개발의 챔피언이 됩니다.","Feb 7, 2025",1458,0
2025-04-15,sbC64Cx5flQ,"코딩의 판이 바뀐다 - Prompt를 지배하는자, AI Agent 개발의 챔피언이 됩니다.","Feb 7, 2025",1458,2
2025-04-16,sbC64Cx5flQ,"코딩의 판이 바뀐다 - Prompt를 지배하는자, AI Agent 개발의 챔피언이 됩니다.","Feb 7, 2025",1458,0
2025-04-17,sbC64Cx5flQ,"코딩의 판이 바뀐다 - Prompt를 지배하는자, AI Agent 개발의 챔피언이 됩니다.","Feb 7, 2025",1458,1
2025-04-18,sbC64Cx5flQ,"코딩의 판이 바뀐다 - Prompt를 지배하는자, AI Agent 개발의 챔피언이 됩니다.","Feb 7, 2025",1458,1
2025-04-19,sbC64Cx5flQ,"코딩의 판이 바뀐다 - Prompt를 지배하는자, AI Agent 개발의 챔피언이 됩니다.","Feb 7, 2025",1458,1
2025-04-20,sbC64Cx5flQ,"코딩의 판이 바뀐다 - Prompt를 지배하는자, AI Agent 개발의 챔피언이 됩니다.","Feb 7, 2025",1458,0
2025-04-21,sbC64Cx5flQ,"코딩의 판이 바뀐다 - Prompt를 지배하는자, AI Agent 개발의 챔피언이 됩니다.","Feb 7, 2025",1458,1
2025-04-22,sbC64Cx5flQ,"코딩의 판이 바뀐다 - Prompt를 지배하는자, AI Agent 개발의 챔피언이 됩니다.","Feb 7, 2025",1458,1
2025-04-23,sbC64Cx5flQ,"코딩의 판이 바뀐다 - Prompt를 지배하는자, AI Agent 개발의 챔피언이 됩니다.","Feb 7, 2025",1458,2
2025-04-24,sbC64Cx5flQ,"코딩의 판이 바뀐다 - Prompt를 지배하는자, AI Agent 개발의 챔피언이 됩니다.","Feb 7, 2025",1458,2
2025-04-25,sbC64Cx5flQ,"코딩의 판이 바뀐다 - Prompt를 지배하는자, AI Agent 개발의 챔피언이 됩니다.","Feb 7, 2025",1458,1
2025-04-26,sbC64Cx5flQ,"코딩의 판이 바뀐다 - Prompt를 지배하는자, AI Agent 개발의 챔피언이 됩니다.","Feb 7, 2025",1458,1
2025-04-27,sbC64Cx5flQ,"코딩의 판이 바뀐다 - Prompt를 지배하는자, AI Agent 개발의 챔피언이 됩니다.","Feb 7, 2025",1458,3
2025-04-28,sbC64Cx5flQ,"코딩의 판이 바뀐다 - Prompt를 지배하는자, AI Agent 개발의 챔피언이 됩니다.","Feb 7, 2025",1458,2
2025-04-29,sbC64Cx5flQ,"코딩의 판이 바뀐다 - Prompt를 지배하는자, AI Agent 개발의 챔피언이 됩니다.","Feb 7, 2025",1458,0
2025-04-30,sbC64Cx5flQ,"코딩의 판이 바뀐다 - Prompt를 지배하는자, AI Agent 개발의 챔피언이 됩니다.","Feb 7, 2025",1458,0
2025-05-01,sbC64Cx5flQ,"코딩의 판이 바뀐다 - Prompt를 지배하는자, AI Agent 개발의 챔피언이 됩니다.","Feb 7, 2025",1458,0
2025-05-02,sbC64Cx5flQ,"코딩의 판이 바뀐다 - Prompt를 지배하는자, AI Agent 개발의 챔피언이 됩니다.","Feb 7, 2025",1458,0
2025-05-03,sbC64Cx5flQ,"코딩의 판이 바뀐다 - Prompt를 지배하는자, AI Agent 개발의 챔피언이 됩니다.","Feb 7, 2025",1458,2
2025-05-04,sbC64Cx5flQ,"코딩의 판이 바뀐다 - Prompt를 지배하는자, AI Agent 개발의 챔피언이 됩니다.","Feb 7, 2025",1458,1
2025-05-05,sbC64Cx5flQ,"코딩의 판이 바뀐다 - Prompt를 지배하는자, AI Agent 개발의 챔피언이 됩니다.","Feb 7, 2025",1458,3
2025-05-06,sbC64Cx5flQ,"코딩의 판이 바뀐다 - Prompt를 지배하는자, AI Agent 개발의 챔피언이 됩니다.","Feb 7, 2025",1458,1
2025-05-07,sbC64Cx5flQ,"코딩의 판이 바뀐다 - Prompt를 지배하는자, AI Agent 개발의 챔피언이 됩니다.","Feb 7, 2025",1458,2
2025-05-08,sbC64Cx5flQ,"코딩의 판이 바뀐다 - Prompt를 지배하는자, AI Agent 개발의 챔피언이 됩니다.","Feb 7, 2025",1458,3
2025-05-09,sbC64Cx5flQ,"코딩의 판이 바뀐다 - Prompt를 지배하는자, AI Agent 개발의 챔피언이 됩니다.","Feb 7, 2025",1458,5
2025-05-10,sbC64Cx5flQ,"코딩의 판이 바뀐다 - Prompt를 지배하는자, AI Agent 개발의 챔피언이 됩니다.","Feb 7, 2025",1458,1
2025-05-11,sbC64Cx5flQ,"코딩의 판이 바뀐다 - Prompt를 지배하는자, AI Agent 개발의 챔피언이 됩니다.","Feb 7, 2025",1458,2
2025-05-12,sbC64Cx5flQ,"코딩의 판이 바뀐다 - Prompt를 지배하는자, AI Agent 개발의 챔피언이 됩니다.","Feb 7, 2025",1458,0
2025-05-13,sbC64Cx5flQ,"코딩의 판이 바뀐다 - Prompt를 지배하는자, AI Agent 개발의 챔피언이 됩니다.","Feb 7, 2025",1458,2
2025-05-14,sbC64Cx5flQ,"코딩의 판이 바뀐다 - Prompt를 지배하는자, AI Agent 개발의 챔피언이 됩니다.","Feb 7, 2025",1458,4
2025-05-15,sbC64Cx5flQ,"코딩의 판이 바뀐다 - Prompt를 지배하는자, AI Agent 개발의 챔피언이 됩니다.","Feb 7, 2025",1458,1
2025-05-16,sbC64Cx5flQ,"코딩의 판이 바뀐다 - Prompt를 지배하는자, AI Agent 개발의 챔피언이 됩니다.","Feb 7, 2025",1458,0
2025-05-17,sbC64Cx5flQ,"코딩의 판이 바뀐다 - Prompt를 지배하는자, AI Agent 개발의 챔피언이 됩니다.","Feb 7, 2025",1458,3
2025-05-18,sbC64Cx5flQ,"코딩의 판이 바뀐다 - Prompt를 지배하는자, AI Agent 개발의 챔피언이 됩니다.","Feb 7, 2025",1458,2
2025-05-19,sbC64Cx5flQ,"코딩의 판이 바뀐다 - Prompt를 지배하는자, AI Agent 개발의 챔피언이 됩니다.","Feb 7, 2025",1458,2
2025-05-20,sbC64Cx5flQ,"코딩의 판이 바뀐다 - Prompt를 지배하는자, AI Agent 개발의 챔피언이 됩니다.","Feb 7, 2025",1458,0
2025-05-21,sbC64Cx5flQ,"코딩의 판이 바뀐다 - Prompt를 지배하는자, AI Agent 개발의 챔피언이 됩니다.","Feb 7, 2025",1458,0
2025-05-22,sbC64Cx5flQ,"코딩의 판이 바뀐다 - Prompt를 지배하는자, AI Agent 개발의 챔피언이 됩니다.","Feb 7, 2025",1458,0
2025-05-23,sbC64Cx5flQ,"코딩의 판이 바뀐다 - Prompt를 지배하는자, AI Agent 개발의 챔피언이 됩니다.","Feb 7, 2025",1458,0
2025-05-24,sbC64Cx5flQ,"코딩의 판이 바뀐다 - Prompt를 지배하는자, AI Agent 개발의 챔피언이 됩니다.","Feb 7, 2025",1458,3
2025-05-25,sbC64Cx5flQ,"코딩의 판이 바뀐다 - Prompt를 지배하는자, AI Agent 개발의 챔피언이 됩니다.","Feb 7, 2025",1458,1
2025-05-26,sbC64Cx5flQ,"코딩의 판이 바뀐다 - Prompt를 지배하는자, AI Agent 개발의 챔피언이 됩니다.","Feb 7, 2025",1458,1
2025-05-27,sbC64Cx5flQ,"코딩의 판이 바뀐다 - Prompt를 지배하는자, AI Agent 개발의 챔피언이 됩니다.","Feb 7, 2025",1458,1
2025-05-28,sbC64Cx5flQ,"코딩의 판이 바뀐다 - Prompt를 지배하는자, AI Agent 개발의 챔피언이 됩니다.","Feb 7, 2025",1458,0
2025-05-29,sbC64Cx5flQ,"코딩의 판이 바뀐다 - Prompt를 지배하는자, AI Agent 개발의 챔피언이 됩니다.","Feb 7, 2025",1458,3
2025-05-30,sbC64Cx5flQ,"코딩의 판이 바뀐다 - Prompt를 지배하는자, AI Agent 개발의 챔피언이 됩니다.","Feb 7, 2025",1458,2
2025-05-31,sbC64Cx5flQ,"코딩의 판이 바뀐다 - Prompt를 지배하는자, AI Agent 개발의 챔피언이 됩니다.","Feb 7, 2025",1458,0
2025-06-01,sbC64Cx5flQ,"코딩의 판이 바뀐다 - Prompt를 지배하는자, AI Agent 개발의 챔피언이 됩니다.","Feb 7, 2025",1458,0
2025-06-02,sbC64Cx5flQ,"코딩의 판이 바뀐다 - Prompt를 지배하는자, AI Agent 개발의 챔피언이 됩니다.","Feb 7, 2025",1458,0
2025-06-03,sbC64Cx5flQ,"코딩의 판이 바뀐다 - Prompt를 지배하는자, AI Agent 개발의 챔피언이 됩니다.","Feb 7, 2025",1458,0
2025-06-04,sbC64Cx5flQ,"코딩의 판이 바뀐다 - Prompt를 지배하는자, AI Agent 개발의 챔피언이 됩니다.","Feb 7, 2025",1458,0
2025-06-05,sbC64Cx5flQ,"코딩의 판이 바뀐다 - Prompt를 지배하는자, AI Agent 개발의 챔피언이 됩니다.","Feb 7, 2025",1458,0
2025-06-06,sbC64Cx5flQ,"코딩의 판이 바뀐다 - Prompt를 지배하는자, AI Agent 개발의 챔피언이 됩니다.","Feb 7, 2025",1458,2
2025-06-07,sbC64Cx5flQ,"코딩의 판이 바뀐다 - Prompt를 지배하는자, AI Agent 개발의 챔피언이 됩니다.","Feb 7, 2025",1458,1
2025-06-08,sbC64Cx5flQ,"코딩의 판이 바뀐다 - Prompt를 지배하는자, AI Agent 개발의 챔피언이 됩니다.","Feb 7, 2025",1458,2
2025-06-09,sbC64Cx5flQ,"코딩의 판이 바뀐다 - Prompt를 지배하는자, AI Agent 개발의 챔피언이 됩니다.","Feb 7, 2025",1458,0
2025-06-10,sbC64Cx5flQ,"코딩의 판이 바뀐다 - Prompt를 지배하는자, AI Agent 개발의 챔피언이 됩니다.","Feb 7, 2025",1458,0
2025-06-11,sbC64Cx5flQ,"코딩의 판이 바뀐다 - Prompt를 지배하는자, AI Agent 개발의 챔피언이 됩니다.","Feb 7, 2025",1458,5
2025-06-12,sbC64Cx5flQ,"코딩의 판이 바뀐다 - Prompt를 지배하는자, AI Agent 개발의 챔피언이 됩니다.","Feb 7, 2025",1458,3
2025-06-13,sbC64Cx5flQ,"코딩의 판이 바뀐다 - Prompt를 지배하는자, AI Agent 개발의 챔피언이 됩니다.","Feb 7, 2025",1458,1
2025-06-14,sbC64Cx5flQ,"코딩의 판이 바뀐다 - Prompt를 지배하는자, AI Agent 개발의 챔피언이 됩니다.","Feb 7, 2025",1458,1
2025-06-15,sbC64Cx5flQ,"코딩의 판이 바뀐다 - Prompt를 지배하는자, AI Agent 개발의 챔피언이 됩니다.","Feb 7, 2025",1458,0
2025-06-16,sbC64Cx5flQ,"코딩의 판이 바뀐다 - Prompt를 지배하는자, AI Agent 개발의 챔피언이 됩니다.","Feb 7, 2025",1458,1
2025-06-17,sbC64Cx5flQ,"코딩의 판이 바뀐다 - Prompt를 지배하는자, AI Agent 개발의 챔피언이 됩니다.","Feb 7, 2025",1458,0
2025-06-18,sbC64Cx5flQ,"코딩의 판이 바뀐다 - Prompt를 지배하는자, AI Agent 개발의 챔피언이 됩니다.","Feb 7, 2025",1458,1
2025-06-19,sbC64Cx5flQ,"코딩의 판이 바뀐다 - Prompt를 지배하는자, AI Agent 개발의 챔피언이 됩니다.","Feb 7, 2025",1458,0
2025-06-20,sbC64Cx5flQ,"코딩의 판이 바뀐다 - Prompt를 지배하는자, AI Agent 개발의 챔피언이 됩니다.","Feb 7, 2025",1458,0
2025-06-21,sbC64Cx5flQ,"코딩의 판이 바뀐다 - Prompt를 지배하는자, AI Agent 개발의 챔피언이 됩니다.","Feb 7, 2025",1458,1
2025-06-22,sbC64Cx5flQ,"코딩의 판이 바뀐다 - Prompt를 지배하는자, AI Agent 개발의 챔피언이 됩니다.","Feb 7, 2025",1458,2
2025-06-23,sbC64Cx5flQ,"코딩의 판이 바뀐다 - Prompt를 지배하는자, AI Agent 개발의 챔피언이 됩니다.","Feb 7, 2025",1458,1
2025-06-24,sbC64Cx5flQ,"코딩의 판이 바뀐다 - Prompt를 지배하는자, AI Agent 개발의 챔피언이 됩니다.","Feb 7, 2025",1458,0
2025-06-25,sbC64Cx5flQ,"코딩의 판이 바뀐다 - Prompt를 지배하는자, AI Agent 개발의 챔피언이 됩니다.","Feb 7, 2025",1458,1
2025-06-26,sbC64Cx5flQ,"코딩의 판이 바뀐다 - Prompt를 지배하는자, AI Agent 개발의 챔피언이 됩니다.","Feb 7, 2025",1458,0
2025-06-27,sbC64Cx5flQ,"코딩의 판이 바뀐다 - Prompt를 지배하는자, AI Agent 개발의 챔피언이 됩니다.","Feb 7, 2025",1458,1
2025-06-28,sbC64Cx5flQ,"코딩의 판이 바뀐다 - Prompt를 지배하는자, AI Agent 개발의 챔피언이 됩니다.","Feb 7, 2025",1458,0
2025-06-29,sbC64Cx5flQ,"코딩의 판이 바뀐다 - Prompt를 지배하는자, AI Agent 개발의 챔피언이 됩니다.","Feb 7, 2025",1458,0
2025-06-30,sbC64Cx5flQ,"코딩의 판이 바뀐다 - Prompt를 지배하는자, AI Agent 개발의 챔피언이 됩니다.","Feb 7, 2025",1458,0
2025-07-01,sbC64Cx5flQ,"코딩의 판이 바뀐다 - Prompt를 지배하는자, AI Agent 개발의 챔피언이 됩니다.","Feb 7, 2025",1458,1
2025-07-02,sbC64Cx5flQ,"코딩의 판이 바뀐다 - Prompt를 지배하는자, AI Agent 개발의 챔피언이 됩니다.","Feb 7, 2025",1458,0
2025-07-03,sbC64Cx5flQ,"코딩의 판이 바뀐다 - Prompt를 지배하는자, AI Agent 개발의 챔피언이 됩니다.","Feb 7, 2025",1458,0
2025-07-04,sbC64Cx5flQ,"코딩의 판이 바뀐다 - Prompt를 지배하는자, AI Agent 개발의 챔피언이 됩니다.","Feb 7, 2025",1458,0
2025-07-05,sbC64Cx5flQ,"코딩의 판이 바뀐다 - Prompt를 지배하는자, AI Agent 개발의 챔피언이 됩니다.","Feb 7, 2025",1458,2
2025-07-06,sbC64Cx5flQ,"코딩의 판이 바뀐다 - Prompt를 지배하는자, AI Agent 개발의 챔피언이 됩니다.","Feb 7, 2025",1458,1
2025-07-07,sbC64Cx5flQ,"코딩의 판이 바뀐다 - Prompt를 지배하는자, AI Agent 개발의 챔피언이 됩니다.","Feb 7, 2025",1458,1
2025-07-08,sbC64Cx5flQ,"코딩의 판이 바뀐다 - Prompt를 지배하는자, AI Agent 개발의 챔피언이 됩니다.","Feb 7, 2025",1458,0
2025-07-09,sbC64Cx5flQ,"코딩의 판이 바뀐다 - Prompt를 지배하는자, AI Agent 개발의 챔피언이 됩니다.","Feb 7, 2025",1458,1
2025-07-10,sbC64Cx5flQ,"코딩의 판이 바뀐다 - Prompt를 지배하는자, AI Agent 개발의 챔피언이 됩니다.","Feb 7, 2025",1458,1
2025-07-11,sbC64Cx5flQ,"코딩의 판이 바뀐다 - Prompt를 지배하는자, AI Agent 개발의 챔피언이 됩니다.","Feb 7, 2025",1458,1
2025-07-12,sbC64Cx5flQ,"코딩의 판이 바뀐다 - Prompt를 지배하는자, AI Agent 개발의 챔피언이 됩니다.","Feb 7, 2025",1458,3
2025-07-13,sbC64Cx5flQ,"코딩의 판이 바뀐다 - Prompt를 지배하는자, AI Agent 개발의 챔피언이 됩니다.","Feb 7, 2025",1458,0
2025-07-14,sbC64Cx5flQ,"코딩의 판이 바뀐다 - Prompt를 지배하는자, AI Agent 개발의 챔피언이 됩니다.","Feb 7, 2025",1458,2
2025-07-15,sbC64Cx5flQ,"코딩의 판이 바뀐다 - Prompt를 지배하는자, AI Agent 개발의 챔피언이 됩니다.","Feb 7, 2025",1458,0
2025-07-16,sbC64Cx5flQ,"코딩의 판이 바뀐다 - Prompt를 지배하는자, AI Agent 개발의 챔피언이 됩니다.","Feb 7, 2025",1458,0
2025-07-17,sbC64Cx5flQ,"코딩의 판이 바뀐다 - Prompt를 지배하는자, AI Agent 개발의 챔피언이 됩니다.","Feb 7, 2025",1458,0
2025-07-18,sbC64Cx5flQ,"코딩의 판이 바뀐다 - Prompt를 지배하는자, AI Agent 개발의 챔피언이 됩니다.","Feb 7, 2025",1458,0
2025-07-19,sbC64Cx5flQ,"코딩의 판이 바뀐다 - Prompt를 지배하는자, AI Agent 개발의 챔피언이 됩니다.","Feb 7, 2025",1458,1
2025-07-20,sbC64Cx5flQ,"코딩의 판이 바뀐다 - Prompt를 지배하는자, AI Agent 개발의 챔피언이 됩니다.","Feb 7, 2025",1458,1
2025-07-21,sbC64Cx5flQ,"코딩의 판이 바뀐다 - Prompt를 지배하는자, AI Agent 개발의 챔피언이 됩니다.","Feb 7, 2025",1458,0
2025-07-22,sbC64Cx5flQ,"코딩의 판이 바뀐다 - Prompt를 지배하는자, AI Agent 개발의 챔피언이 됩니다.","Feb 7, 2025",1458,0
2025-07-23,sbC64Cx5flQ,"코딩의 판이 바뀐다 - Prompt를 지배하는자, AI Agent 개발의 챔피언이 됩니다.","Feb 7, 2025",1458,0
2025-07-24,sbC64Cx5flQ,"코딩의 판이 바뀐다 - Prompt를 지배하는자, AI Agent 개발의 챔피언이 됩니다.","Feb 7, 2025",1458,0
2025-07-25,sbC64Cx5flQ,"코딩의 판이 바뀐다 - Prompt를 지배하는자, AI Agent 개발의 챔피언이 됩니다.","Feb 7, 2025",1458,0
2025-07-26,sbC64Cx5flQ,"코딩의 판이 바뀐다 - Prompt를 지배하는자, AI Agent 개발의 챔피언이 됩니다.","Feb 7, 2025",1458,2
2025-07-27,sbC64Cx5flQ,"코딩의 판이 바뀐다 - Prompt를 지배하는자, AI Agent 개발의 챔피언이 됩니다.","Feb 7, 2025",1458,0
2025-07-28,sbC64Cx5flQ,"코딩의 판이 바뀐다 - Prompt를 지배하는자, AI Agent 개발의 챔피언이 됩니다.","Feb 7, 2025",1458,0
2025-07-29,sbC64Cx5flQ,"코딩의 판이 바뀐다 - Prompt를 지배하는자, AI Agent 개발의 챔피언이 됩니다.","Feb 7, 2025",1458,1
2025-07-30,sbC64Cx5flQ,"코딩의 판이 바뀐다 - Prompt를 지배하는자, AI Agent 개발의 챔피언이 됩니다.","Feb 7, 2025",1458,0
2025-07-31,sbC64Cx5flQ,"코딩의 판이 바뀐다 - Prompt를 지배하는자, AI Agent 개발의 챔피언이 됩니다.","Feb 7, 2025",1458,0
2025-08-01,sbC64Cx5flQ,"코딩의 판이 바뀐다 - Prompt를 지배하는자, AI Agent 개발의 챔피언이 됩니다.","Feb 7, 2025",1458,0
2025-08-02,sbC64Cx5flQ,"코딩의 판이 바뀐다 - Prompt를 지배하는자, AI Agent 개발의 챔피언이 됩니다.","Feb 7, 2025",1458,0
2025-08-03,sbC64Cx5flQ,"코딩의 판이 바뀐다 - Prompt를 지배하는자, AI Agent 개발의 챔피언이 됩니다.","Feb 7, 2025",1458,0
2025-08-04,sbC64Cx5flQ,"코딩의 판이 바뀐다 - Prompt를 지배하는자, AI Agent 개발의 챔피언이 됩니다.","Feb 7, 2025",1458,1
2025-08-05,sbC64Cx5flQ,"코딩의 판이 바뀐다 - Prompt를 지배하는자, AI Agent 개발의 챔피언이 됩니다.","Feb 7, 2025",1458,1
2025-08-06,sbC64Cx5flQ,"코딩의 판이 바뀐다 - Prompt를 지배하는자, AI Agent 개발의 챔피언이 됩니다.","Feb 7, 2025",1458,0
2025-08-07,sbC64Cx5flQ,"코딩의 판이 바뀐다 - Prompt를 지배하는자, AI Agent 개발의 챔피언이 됩니다.","Feb 7, 2025",1458,0
2025-08-08,sbC64Cx5flQ,"코딩의 판이 바뀐다 - Prompt를 지배하는자, AI Agent 개발의 챔피언이 됩니다.","Feb 7, 2025",1458,0
2025-08-09,sbC64Cx5flQ,"코딩의 판이 바뀐다 - Prompt를 지배하는자, AI Agent 개발의 챔피언이 됩니다.","Feb 7, 2025",1458,0
2025-08-10,sbC64Cx5flQ,"코딩의 판이 바뀐다 - Prompt를 지배하는자, AI Agent 개발의 챔피언이 됩니다.","Feb 7, 2025",1458,0
2025-08-11,sbC64Cx5flQ,"코딩의 판이 바뀐다 - Prompt를 지배하는자, AI Agent 개발의 챔피언이 됩니다.","Feb 7, 2025",1458,0
2025-08-12,sbC64Cx5flQ,"코딩의 판이 바뀐다 - Prompt를 지배하는자, AI Agent 개발의 챔피언이 됩니다.","Feb 7, 2025",1458,0
2025-08-13,sbC64Cx5flQ,"코딩의 판이 바뀐다 - Prompt를 지배하는자, AI Agent 개발의 챔피언이 됩니다.","Feb 7, 2025",1458,0
2025-08-14,sbC64Cx5flQ,"코딩의 판이 바뀐다 - Prompt를 지배하는자, AI Agent 개발의 챔피언이 됩니다.","Feb 7, 2025",1458,1
2025-08-15,sbC64Cx5flQ,"코딩의 판이 바뀐다 - Prompt를 지배하는자, AI Agent 개발의 챔피언이 됩니다.","Feb 7, 2025",1458,0
2025-08-16,sbC64Cx5flQ,"코딩의 판이 바뀐다 - Prompt를 지배하는자, AI Agent 개발의 챔피언이 됩니다.","Feb 7, 2025",1458,0
2025-08-17,sbC64Cx5flQ,"코딩의 판이 바뀐다 - Prompt를 지배하는자, AI Agent 개발의 챔피언이 됩니다.","Feb 7, 2025",1458,1
2025-08-18,sbC64Cx5flQ,"코딩의 판이 바뀐다 - Prompt를 지배하는자, AI Agent 개발의 챔피언이 됩니다.","Feb 7, 2025",1458,0
2025-08-19,sbC64Cx5flQ,"코딩의 판이 바뀐다 - Prompt를 지배하는자, AI Agent 개발의 챔피언이 됩니다.","Feb 7, 2025",1458,0
2025-08-20,sbC64Cx5flQ,"코딩의 판이 바뀐다 - Prompt를 지배하는자, AI Agent 개발의 챔피언이 됩니다.","Feb 7, 2025",1458,0
2025-08-21,sbC64Cx5flQ,"코딩의 판이 바뀐다 - Prompt를 지배하는자, AI Agent 개발의 챔피언이 됩니다.","Feb 7, 2025",1458,0
2025-08-22,sbC64Cx5flQ,"코딩의 판이 바뀐다 - Prompt를 지배하는자, AI Agent 개발의 챔피언이 됩니다.","Feb 7, 2025",1458,0
2025-08-23,sbC64Cx5flQ,"코딩의 판이 바뀐다 - Prompt를 지배하는자, AI Agent 개발의 챔피언이 됩니다.","Feb 7, 2025",1458,0
2025-08-24,sbC64Cx5flQ,"코딩의 판이 바뀐다 - Prompt를 지배하는자, AI Agent 개발의 챔피언이 됩니다.","Feb 7, 2025",1458,1
2025-08-25,sbC64Cx5flQ,"코딩의 판이 바뀐다 - Prompt를 지배하는자, AI Agent 개발의 챔피언이 됩니다.","Feb 7, 2025",1458,5
2025-08-26,sbC64Cx5flQ,"코딩의 판이 바뀐다 - Prompt를 지배하는자, AI Agent 개발의 챔피언이 됩니다.","Feb 7, 2025",1458,0
2025-08-27,sbC64Cx5flQ,"코딩의 판이 바뀐다 - Prompt를 지배하는자, AI Agent 개발의 챔피언이 됩니다.","Feb 7, 2025",1458,0
2025-08-28,sbC64Cx5flQ,"코딩의 판이 바뀐다 - Prompt를 지배하는자, AI Agent 개발의 챔피언이 됩니다.","Feb 7, 2025",1458,1
2025-08-29,sbC64Cx5flQ,"코딩의 판이 바뀐다 - Prompt를 지배하는자, AI Agent 개발의 챔피언이 됩니다.","Feb 7, 2025",1458,1
2025-08-30,sbC64Cx5flQ,"코딩의 판이 바뀐다 - Prompt를 지배하는자, AI Agent 개발의 챔피언이 됩니다.","Feb 7, 2025",1458,1
2025-08-31,sbC64Cx5flQ,"코딩의 판이 바뀐다 - Prompt를 지배하는자, AI Agent 개발의 챔피언이 됩니다.","Feb 7, 2025",1458,0
2025-09-01,sbC64Cx5flQ,"코딩의 판이 바뀐다 - Prompt를 지배하는자, AI Agent 개발의 챔피언이 됩니다.","Feb 7, 2025",1458,0
2025-09-02,sbC64Cx5flQ,"코딩의 판이 바뀐다 - Prompt를 지배하는자, AI Agent 개발의 챔피언이 됩니다.","Feb 7, 2025",1458,1
2025-09-03,sbC64Cx5flQ,"코딩의 판이 바뀐다 - Prompt를 지배하는자, AI Agent 개발의 챔피언이 됩니다.","Feb 7, 2025",1458,1
2025-09-04,sbC64Cx5flQ,"코딩의 판이 바뀐다 - Prompt를 지배하는자, AI Agent 개발의 챔피언이 됩니다.","Feb 7, 2025",1458,0
2025-09-05,sbC64Cx5flQ,"코딩의 판이 바뀐다 - Prompt를 지배하는자, AI Agent 개발의 챔피언이 됩니다.","Feb 7, 2025",1458,0
2025-09-06,sbC64Cx5flQ,"코딩의 판이 바뀐다 - Prompt를 지배하는자, AI Agent 개발의 챔피언이 됩니다.","Feb 7, 2025",1458,0
2025-09-07,sbC64Cx5flQ,"코딩의 판이 바뀐다 - Prompt를 지배하는자, AI Agent 개발의 챔피언이 됩니다.","Feb 7, 2025",1458,0
2025-09-08,sbC64Cx5flQ,"코딩의 판이 바뀐다 - Prompt를 지배하는자, AI Agent 개발의 챔피언이 됩니다.","Feb 7, 2025",1458,0
2025-09-09,sbC64Cx5flQ,"코딩의 판이 바뀐다 - Prompt를 지배하는자, AI Agent 개발의 챔피언이 됩니다.","Feb 7, 2025",1458,0
2025-09-10,sbC64Cx5flQ,"코딩의 판이 바뀐다 - Prompt를 지배하는자, AI Agent 개발의 챔피언이 됩니다.","Feb 7, 2025",1458,0
2025-09-11,sbC64Cx5flQ,"코딩의 판이 바뀐다 - Prompt를 지배하는자, AI Agent 개발의 챔피언이 됩니다.","Feb 7, 2025",1458,0
2025-09-12,sbC64Cx5flQ,"코딩의 판이 바뀐다 - Prompt를 지배하는자, AI Agent 개발의 챔피언이 됩니다.","Feb 7, 2025",1458,0
2025-09-13,sbC64Cx5flQ,"코딩의 판이 바뀐다 - Prompt를 지배하는자, AI Agent 개발의 챔피언이 됩니다.","Feb 7, 2025",1458,0
2025-09-14,sbC64Cx5flQ,"코딩의 판이 바뀐다 - Prompt를 지배하는자, AI Agent 개발의 챔피언이 됩니다.","Feb 7, 2025",1458,0
2025-09-15,sbC64Cx5flQ,"코딩의 판이 바뀐다 - Prompt를 지배하는자, AI Agent 개발의 챔피언이 됩니다.","Feb 7, 2025",1458,0
2025-09-16,sbC64Cx5flQ,"코딩의 판이 바뀐다 - Prompt를 지배하는자, AI Agent 개발의 챔피언이 됩니다.","Feb 7, 2025",1458,0
2025-09-17,sbC64Cx5flQ,"코딩의 판이 바뀐다 - Prompt를 지배하는자, AI Agent 개발의 챔피언이 됩니다.","Feb 7, 2025",1458,0
2025-09-18,sbC64Cx5flQ,"코딩의 판이 바뀐다 - Prompt를 지배하는자, AI Agent 개발의 챔피언이 됩니다.","Feb 7, 2025",1458,0
2025-09-19,sbC64Cx5flQ,"코딩의 판이 바뀐다 - Prompt를 지배하는자, AI Agent 개발의 챔피언이 됩니다.","Feb 7, 2025",1458,1
2025-09-20,sbC64Cx5flQ,"코딩의 판이 바뀐다 - Prompt를 지배하는자, AI Agent 개발의 챔피언이 됩니다.","Feb 7, 2025",1458,0
2025-09-21,sbC64Cx5flQ,"코딩의 판이 바뀐다 - Prompt를 지배하는자, AI Agent 개발의 챔피언이 됩니다.","Feb 7, 2025",1458,1
2025-09-22,sbC64Cx5flQ,"코딩의 판이 바뀐다 - Prompt를 지배하는자, AI Agent 개발의 챔피언이 됩니다.","Feb 7, 2025",1458,0
2025-09-23,sbC64Cx5flQ,"코딩의 판이 바뀐다 - Prompt를 지배하는자, AI Agent 개발의 챔피언이 됩니다.","Feb 7, 2025",1458,0
2025-09-24,sbC64Cx5flQ,"코딩의 판이 바뀐다 - Prompt를 지배하는자, AI Agent 개발의 챔피언이 됩니다.","Feb 7, 2025",1458,0
2025-09-25,sbC64Cx5flQ,"코딩의 판이 바뀐다 - Prompt를 지배하는자, AI Agent 개발의 챔피언이 됩니다.","Feb 7, 2025",1458,0
2025-09-26,sbC64Cx5flQ,"코딩의 판이 바뀐다 - Prompt를 지배하는자, AI Agent 개발의 챔피언이 됩니다.","Feb 7, 2025",1458,0
2025-09-27,sbC64Cx5flQ,"코딩의 판이 바뀐다 - Prompt를 지배하는자, AI Agent 개발의 챔피언이 됩니다.","Feb 7, 2025",1458,1
2025-09-28,sbC64Cx5flQ,"코딩의 판이 바뀐다 - Prompt를 지배하는자, AI Agent 개발의 챔피언이 됩니다.","Feb 7, 2025",1458,0
2025-09-29,sbC64Cx5flQ,"코딩의 판이 바뀐다 - Prompt를 지배하는자, AI Agent 개발의 챔피언이 됩니다.","Feb 7, 2025",1458,0
2025-09-30,sbC64Cx5flQ,"코딩의 판이 바뀐다 - Prompt를 지배하는자, AI Agent 개발의 챔피언이 됩니다.","Feb 7, 2025",1458,0
2025-10-01,sbC64Cx5flQ,"코딩의 판이 바뀐다 - Prompt를 지배하는자, AI Agent 개발의 챔피언이 됩니다.","Feb 7, 2025",1458,0
2025-10-02,sbC64Cx5flQ,"코딩의 판이 바뀐다 - Prompt를 지배하는자, AI Agent 개발의 챔피언이 됩니다.","Feb 7, 2025",1458,0
2025-10-03,sbC64Cx5flQ,"코딩의 판이 바뀐다 - Prompt를 지배하는자, AI Agent 개발의 챔피언이 됩니다.","Feb 7, 2025",1458,0
2025-10-04,sbC64Cx5flQ,"코딩의 판이 바뀐다 - Prompt를 지배하는자, AI Agent 개발의 챔피언이 됩니다.","Feb 7, 2025",1458,0
2025-10-05,sbC64Cx5flQ,"코딩의 판이 바뀐다 - Prompt를 지배하는자, AI Agent 개발의 챔피언이 됩니다.","Feb 7, 2025",1458,0
2025-10-06,sbC64Cx5flQ,"코딩의 판이 바뀐다 - Prompt를 지배하는자, AI Agent 개발의 챔피언이 됩니다.","Feb 7, 2025",1458,2
2025-10-07,sbC64Cx5flQ,"코딩의 판이 바뀐다 - Prompt를 지배하는자, AI Agent 개발의 챔피언이 됩니다.","Feb 7, 2025",1458,0
2025-10-08,sbC64Cx5flQ,"코딩의 판이 바뀐다 - Prompt를 지배하는자, AI Agent 개발의 챔피언이 됩니다.","Feb 7, 2025",1458,0
2025-10-09,sbC64Cx5flQ,"코딩의 판이 바뀐다 - Prompt를 지배하는자, AI Agent 개발의 챔피언이 됩니다.","Feb 7, 2025",1458,0
2025-10-10,sbC64Cx5flQ,"코딩의 판이 바뀐다 - Prompt를 지배하는자, AI Agent 개발의 챔피언이 됩니다.","Feb 7, 2025",1458,1
2025-10-11,sbC64Cx5flQ,"코딩의 판이 바뀐다 - Prompt를 지배하는자, AI Agent 개발의 챔피언이 됩니다.","Feb 7, 2025",1458,0
2025-10-12,sbC64Cx5flQ,"코딩의 판이 바뀐다 - Prompt를 지배하는자, AI Agent 개발의 챔피언이 됩니다.","Feb 7, 2025",1458,1
2025-10-13,sbC64Cx5flQ,"코딩의 판이 바뀐다 - Prompt를 지배하는자, AI Agent 개발의 챔피언이 됩니다.","Feb 7, 2025",1458,0
2025-10-14,sbC64Cx5flQ,"코딩의 판이 바뀐다 - Prompt를 지배하는자, AI Agent 개발의 챔피언이 됩니다.","Feb 7, 2025",1458,0
2025-10-15,sbC64Cx5flQ,"코딩의 판이 바뀐다 - Prompt를 지배하는자, AI Agent 개발의 챔피언이 됩니다.","Feb 7, 2025",1458,0
2025-10-16,sbC64Cx5flQ,"코딩의 판이 바뀐다 - Prompt를 지배하는자, AI Agent 개발의 챔피언이 됩니다.","Feb 7, 2025",1458,0
2025-10-17,sbC64Cx5flQ,"코딩의 판이 바뀐다 - Prompt를 지배하는자, AI Agent 개발의 챔피언이 됩니다.","Feb 7, 2025",1458,0
2025-10-18,sbC64Cx5flQ,"코딩의 판이 바뀐다 - Prompt를 지배하는자, AI Agent 개발의 챔피언이 됩니다.","Feb 7, 2025",1458,0
2025-10-19,sbC64Cx5flQ,"코딩의 판이 바뀐다 - Prompt를 지배하는자, AI Agent 개발의 챔피언이 됩니다.","Feb 7, 2025",1458,0
2025-10-20,sbC64Cx5flQ,"코딩의 판이 바뀐다 - Prompt를 지배하는자, AI Agent 개발의 챔피언이 됩니다.","Feb 7, 2025",1458,0
2025-10-21,sbC64Cx5flQ,"코딩의 판이 바뀐다 - Prompt를 지배하는자, AI Agent 개발의 챔피언이 됩니다.","Feb 7, 2025",1458,0
2025-10-22,sbC64Cx5flQ,"코딩의 판이 바뀐다 - Prompt를 지배하는자, AI Agent 개발의 챔피언이 됩니다.","Feb 7, 2025",1458,0
2025-10-23,sbC64Cx5flQ,"코딩의 판이 바뀐다 - Prompt를 지배하는자, AI Agent 개발의 챔피언이 됩니다.","Feb 7, 2025",1458,0
2025-10-24,sbC64Cx5flQ,"코딩의 판이 바뀐다 - Prompt를 지배하는자, AI Agent 개발의 챔피언이 됩니다.","Feb 7, 2025",1458,0
2025-10-25,sbC64Cx5flQ,"코딩의 판이 바뀐다 - Prompt를 지배하는자, AI Agent 개발의 챔피언이 됩니다.","Feb 7, 2025",1458,0
2025-10-26,sbC64Cx5flQ,"코딩의 판이 바뀐다 - Prompt를 지배하는자, AI Agent 개발의 챔피언이 됩니다.","Feb 7, 2025",1458,0
2025-10-27,sbC64Cx5flQ,"코딩의 판이 바뀐다 - Prompt를 지배하는자, AI Agent 개발의 챔피언이 됩니다.","Feb 7, 2025",1458,1
2025-10-28,sbC64Cx5flQ,"코딩의 판이 바뀐다 - Prompt를 지배하는자, AI Agent 개발의 챔피언이 됩니다.","Feb 7, 2025",1458,0
2025-10-29,sbC64Cx5flQ,"코딩의 판이 바뀐다 - Prompt를 지배하는자, AI Agent 개발의 챔피언이 됩니다.","Feb 7, 2025",1458,0
2025-10-30,sbC64Cx5flQ,"코딩의 판이 바뀐다 - Prompt를 지배하는자, AI Agent 개발의 챔피언이 됩니다.","Feb 7, 2025",1458,0
2025-10-31,sbC64Cx5flQ,"코딩의 판이 바뀐다 - Prompt를 지배하는자, AI Agent 개발의 챔피언이 됩니다.","Feb 7, 2025",1458,0
2025-11-01,sbC64Cx5flQ,"코딩의 판이 바뀐다 - Prompt를 지배하는자, AI Agent 개발의 챔피언이 됩니다.","Feb 7, 2025",1458,0
2025-11-02,sbC64Cx5flQ,"코딩의 판이 바뀐다 - Prompt를 지배하는자, AI Agent 개발의 챔피언이 됩니다.","Feb 7, 2025",1458,0
2025-11-03,sbC64Cx5flQ,"코딩의 판이 바뀐다 - Prompt를 지배하는자, AI Agent 개발의 챔피언이 됩니다.","Feb 7, 2025",1458,0
2025-11-04,sbC64Cx5flQ,"코딩의 판이 바뀐다 - Prompt를 지배하는자, AI Agent 개발의 챔피언이 됩니다.","Feb 7, 2025",1458,1
2025-11-05,sbC64Cx5flQ,"코딩의 판이 바뀐다 - Prompt를 지배하는자, AI Agent 개발의 챔피언이 됩니다.","Feb 7, 2025",1458,0
2025-11-06,sbC64Cx5flQ,"코딩의 판이 바뀐다 - Prompt를 지배하는자, AI Agent 개발의 챔피언이 됩니다.","Feb 7, 2025",1458,0
2025-11-07,sbC64Cx5flQ,"코딩의 판이 바뀐다 - Prompt를 지배하는자, AI Agent 개발의 챔피언이 됩니다.","Feb 7, 2025",1458,0
2025-11-08,sbC64Cx5flQ,"코딩의 판이 바뀐다 - Prompt를 지배하는자, AI Agent 개발의 챔피언이 됩니다.","Feb 7, 2025",1458,0
2025-11-09,sbC64Cx5flQ,"코딩의 판이 바뀐다 - Prompt를 지배하는자, AI Agent 개발의 챔피언이 됩니다.","Feb 7, 2025",1458,0
2025-11-10,sbC64Cx5flQ,"코딩의 판이 바뀐다 - Prompt를 지배하는자, AI Agent 개발의 챔피언이 됩니다.","Feb 7, 2025",1458,0
2025-11-11,sbC64Cx5flQ,"코딩의 판이 바뀐다 - Prompt를 지배하는자, AI Agent 개발의 챔피언이 됩니다.","Feb 7, 2025",1458,0
2025-11-12,sbC64Cx5flQ,"코딩의 판이 바뀐다 - Prompt를 지배하는자, AI Agent 개발의 챔피언이 됩니다.","Feb 7, 2025",1458,0
2025-11-13,sbC64Cx5flQ,"코딩의 판이 바뀐다 - Prompt를 지배하는자, AI Agent 개발의 챔피언이 됩니다.","Feb 7, 2025",1458,0
2025-11-14,sbC64Cx5flQ,"코딩의 판이 바뀐다 - Prompt를 지배하는자, AI Agent 개발의 챔피언이 됩니다.","Feb 7, 2025",1458,0
2025-11-15,sbC64Cx5flQ,"코딩의 판이 바뀐다 - Prompt를 지배하는자, AI Agent 개발의 챔피언이 됩니다.","Feb 7, 2025",1458,0
2025-11-16,sbC64Cx5flQ,"코딩의 판이 바뀐다 - Prompt를 지배하는자, AI Agent 개발의 챔피언이 됩니다.","Feb 7, 2025",1458,0
2025-11-17,sbC64Cx5flQ,"코딩의 판이 바뀐다 - Prompt를 지배하는자, AI Agent 개발의 챔피언이 됩니다.","Feb 7, 2025",1458,0
2025-11-18,sbC64Cx5flQ,"코딩의 판이 바뀐다 - Prompt를 지배하는자, AI Agent 개발의 챔피언이 됩니다.","Feb 7, 2025",1458,0
2025-11-19,sbC64Cx5flQ,"코딩의 판이 바뀐다 - Prompt를 지배하는자, AI Agent 개발의 챔피언이 됩니다.","Feb 7, 2025",1458,0
2025-11-20,sbC64Cx5flQ,"코딩의 판이 바뀐다 - Prompt를 지배하는자, AI Agent 개발의 챔피언이 됩니다.","Feb 7, 2025",1458,0
2025-11-21,sbC64Cx5flQ,"코딩의 판이 바뀐다 - Prompt를 지배하는자, AI Agent 개발의 챔피언이 됩니다.","Feb 7, 2025",1458,0
2025-11-22,sbC64Cx5flQ,"코딩의 판이 바뀐다 - Prompt를 지배하는자, AI Agent 개발의 챔피언이 됩니다.","Feb 7, 2025",1458,0
2025-11-23,sbC64Cx5flQ,"코딩의 판이 바뀐다 - Prompt를 지배하는자, AI Agent 개발의 챔피언이 됩니다.","Feb 7, 2025",1458,0
2025-11-24,sbC64Cx5flQ,"코딩의 판이 바뀐다 - Prompt를 지배하는자, AI Agent 개발의 챔피언이 됩니다.","Feb 7, 2025",1458,0
2025-11-25,sbC64Cx5flQ,"코딩의 판이 바뀐다 - Prompt를 지배하는자, AI Agent 개발의 챔피언이 됩니다.","Feb 7, 2025",1458,2
2025-11-26,sbC64Cx5flQ,"코딩의 판이 바뀐다 - Prompt를 지배하는자, AI Agent 개발의 챔피언이 됩니다.","Feb 7, 2025",1458,0
2025-11-27,sbC64Cx5flQ,"코딩의 판이 바뀐다 - Prompt를 지배하는자, AI Agent 개발의 챔피언이 됩니다.","Feb 7, 2025",1458,0
2025-11-28,sbC64Cx5flQ,"코딩의 판이 바뀐다 - Prompt를 지배하는자, AI Agent 개발의 챔피언이 됩니다.","Feb 7, 2025",1458,0
2025-11-29,sbC64Cx5flQ,"코딩의 판이 바뀐다 - Prompt를 지배하는자, AI Agent 개발의 챔피언이 됩니다.","Feb 7, 2025",1458,1
2025-11-30,sbC64Cx5flQ,"코딩의 판이 바뀐다 - Prompt를 지배하는자, AI Agent 개발의 챔피언이 됩니다.","Feb 7, 2025",1458,0
2025-12-01,sbC64Cx5flQ,"코딩의 판이 바뀐다 - Prompt를 지배하는자, AI Agent 개발의 챔피언이 됩니다.","Feb 7, 2025",1458,0
2025-12-02,sbC64Cx5flQ,"코딩의 판이 바뀐다 - Prompt를 지배하는자, AI Agent 개발의 챔피언이 됩니다.","Feb 7, 2025",1458,0
2025-12-03,sbC64Cx5flQ,"코딩의 판이 바뀐다 - Prompt를 지배하는자, AI Agent 개발의 챔피언이 됩니다.","Feb 7, 2025",1458,0
2025-12-04,sbC64Cx5flQ,"코딩의 판이 바뀐다 - Prompt를 지배하는자, AI Agent 개발의 챔피언이 됩니다.","Feb 7, 2025",1458,0
2025-12-05,sbC64Cx5flQ,"코딩의 판이 바뀐다 - Prompt를 지배하는자, AI Agent 개발의 챔피언이 됩니다.","Feb 7, 2025",1458,0
2025-12-06,sbC64Cx5flQ,"코딩의 판이 바뀐다 - Prompt를 지배하는자, AI Agent 개발의 챔피언이 됩니다.","Feb 7, 2025",1458,1
2025-12-07,sbC64Cx5flQ,"코딩의 판이 바뀐다 - Prompt를 지배하는자, AI Agent 개발의 챔피언이 됩니다.","Feb 7, 2025",1458,0
2025-12-08,sbC64Cx5flQ,"코딩의 판이 바뀐다 - Prompt를 지배하는자, AI Agent 개발의 챔피언이 됩니다.","Feb 7, 2025",1458,1
2025-12-09,sbC64Cx5flQ,"코딩의 판이 바뀐다 - Prompt를 지배하는자, AI Agent 개발의 챔피언이 됩니다.","Feb 7, 2025",1458,2
2025-12-10,sbC64Cx5flQ,"코딩의 판이 바뀐다 - Prompt를 지배하는자, AI Agent 개발의 챔피언이 됩니다.","Feb 7, 2025",1458,1
2025-12-11,sbC64Cx5flQ,"코딩의 판이 바뀐다 - Prompt를 지배하는자, AI Agent 개발의 챔피언이 됩니다.","Feb 7, 2025",1458,0
2025-12-12,sbC64Cx5flQ,"코딩의 판이 바뀐다 - Prompt를 지배하는자, AI Agent 개발의 챔피언이 됩니다.","Feb 7, 2025",1458,0
2025-12-13,sbC64Cx5flQ,"코딩의 판이 바뀐다 - Prompt를 지배하는자, AI Agent 개발의 챔피언이 됩니다.","Feb 7, 2025",1458,0
2025-12-14,sbC64Cx5flQ,"코딩의 판이 바뀐다 - Prompt를 지배하는자, AI Agent 개발의 챔피언이 됩니다.","Feb 7, 2025",1458,0
2025-12-15,sbC64Cx5flQ,"코딩의 판이 바뀐다 - Prompt를 지배하는자, AI Agent 개발의 챔피언이 됩니다.","Feb 7, 2025",1458,0
2025-12-16,sbC64Cx5flQ,"코딩의 판이 바뀐다 - Prompt를 지배하는자, AI Agent 개발의 챔피언이 됩니다.","Feb 7, 2025",1458,0
2025-12-17,sbC64Cx5flQ,"코딩의 판이 바뀐다 - Prompt를 지배하는자, AI Agent 개발의 챔피언이 됩니다.","Feb 7, 2025",1458,1
2025-12-18,sbC64Cx5flQ,"코딩의 판이 바뀐다 - Prompt를 지배하는자, AI Agent 개발의 챔피언이 됩니다.","Feb 7, 2025",1458,1
2025-12-19,sbC64Cx5flQ,"코딩의 판이 바뀐다 - Prompt를 지배하는자, AI Agent 개발의 챔피언이 됩니다.","Feb 7, 2025",1458,0
2025-12-20,sbC64Cx5flQ,"코딩의 판이 바뀐다 - Prompt를 지배하는자, AI Agent 개발의 챔피언이 됩니다.","Feb 7, 2025",1458,2
2025-12-21,sbC64Cx5flQ,"코딩의 판이 바뀐다 - Prompt를 지배하는자, AI Agent 개발의 챔피언이 됩니다.","Feb 7, 2025",1458,0
2025-12-22,sbC64Cx5flQ,"코딩의 판이 바뀐다 - Prompt를 지배하는자, AI Agent 개발의 챔피언이 됩니다.","Feb 7, 2025",1458,0
2025-12-23,sbC64Cx5flQ,"코딩의 판이 바뀐다 - Prompt를 지배하는자, AI Agent 개발의 챔피언이 됩니다.","Feb 7, 2025",1458,0
2025-12-24,sbC64Cx5flQ,"코딩의 판이 바뀐다 - Prompt를 지배하는자, AI Agent 개발의 챔피언이 됩니다.","Feb 7, 2025",1458,0
2025-12-25,sbC64Cx5flQ,"코딩의 판이 바뀐다 - Prompt를 지배하는자, AI Agent 개발의 챔피언이 됩니다.","Feb 7, 2025",1458,0
2025-12-26,sbC64Cx5flQ,"코딩의 판이 바뀐다 - Prompt를 지배하는자, AI Agent 개발의 챔피언이 됩니다.","Feb 7, 2025",1458,0
2025-12-27,sbC64Cx5flQ,"코딩의 판이 바뀐다 - Prompt를 지배하는자, AI Agent 개발의 챔피언이 됩니다.","Feb 7, 2025",1458,0
2025-12-28,sbC64Cx5flQ,"코딩의 판이 바뀐다 - Prompt를 지배하는자, AI Agent 개발의 챔피언이 됩니다.","Feb 7, 2025",1458,0
2025-12-29,sbC64Cx5flQ,"코딩의 판이 바뀐다 - Prompt를 지배하는자, AI Agent 개발의 챔피언이 됩니다.","Feb 7, 2025",1458,0
2025-12-30,sbC64Cx5flQ,"코딩의 판이 바뀐다 - Prompt를 지배하는자, AI Agent 개발의 챔피언이 됩니다.","Feb 7, 2025",1458,0
2025-12-31,sbC64Cx5flQ,"코딩의 판이 바뀐다 - Prompt를 지배하는자, AI Agent 개발의 챔피언이 됩니다.","Feb 7, 2025",1458,0
2026-01-01,sbC64Cx5flQ,"코딩의 판이 바뀐다 - Prompt를 지배하는자, AI Agent 개발의 챔피언이 됩니다.","Feb 7, 2025",1458,0
2026-01-02,sbC64Cx5flQ,"코딩의 판이 바뀐다 - Prompt를 지배하는자, AI Agent 개발의 챔피언이 됩니다.","Feb 7, 2025",1458,0
2026-01-03,sbC64Cx5flQ,"코딩의 판이 바뀐다 - Prompt를 지배하는자, AI Agent 개발의 챔피언이 됩니다.","Feb 7, 2025",1458,1
2026-01-04,sbC64Cx5flQ,"코딩의 판이 바뀐다 - Prompt를 지배하는자, AI Agent 개발의 챔피언이 됩니다.","Feb 7, 2025",1458,0
2026-01-05,sbC64Cx5flQ,"코딩의 판이 바뀐다 - Prompt를 지배하는자, AI Agent 개발의 챔피언이 됩니다.","Feb 7, 2025",1458,0
2026-01-06,sbC64Cx5flQ,"코딩의 판이 바뀐다 - Prompt를 지배하는자, AI Agent 개발의 챔피언이 됩니다.","Feb 7, 2025",1458,0
2026-01-07,sbC64Cx5flQ,"코딩의 판이 바뀐다 - Prompt를 지배하는자, AI Agent 개발의 챔피언이 됩니다.","Feb 7, 2025",1458,0
2026-01-08,sbC64Cx5flQ,"코딩의 판이 바뀐다 - Prompt를 지배하는자, AI Agent 개발의 챔피언이 됩니다.","Feb 7, 2025",1458,0
2026-01-09,sbC64Cx5flQ,"코딩의 판이 바뀐다 - Prompt를 지배하는자, AI Agent 개발의 챔피언이 됩니다.","Feb 7, 2025",1458,0
2026-01-10,sbC64Cx5flQ,"코딩의 판이 바뀐다 - Prompt를 지배하는자, AI Agent 개발의 챔피언이 됩니다.","Feb 7, 2025",1458,1
2026-01-11,sbC64Cx5flQ,"코딩의 판이 바뀐다 - Prompt를 지배하는자, AI Agent 개발의 챔피언이 됩니다.","Feb 7, 2025",1458,1
2026-01-12,sbC64Cx5flQ,"코딩의 판이 바뀐다 - Prompt를 지배하는자, AI Agent 개발의 챔피언이 됩니다.","Feb 7, 2025",1458,0
2026-01-13,sbC64Cx5flQ,"코딩의 판이 바뀐다 - Prompt를 지배하는자, AI Agent 개발의 챔피언이 됩니다.","Feb 7, 2025",1458,0
2026-01-14,sbC64Cx5flQ,"코딩의 판이 바뀐다 - Prompt를 지배하는자, AI Agent 개발의 챔피언이 됩니다.","Feb 7, 2025",1458,0
2026-01-15,sbC64Cx5flQ,"코딩의 판이 바뀐다 - Prompt를 지배하는자, AI Agent 개발의 챔피언이 됩니다.","Feb 7, 2025",1458,0
2026-01-16,sbC64Cx5flQ,"코딩의 판이 바뀐다 - Prompt를 지배하는자, AI Agent 개발의 챔피언이 됩니다.","Feb 7, 2025",1458,0
2026-01-17,sbC64Cx5flQ,"코딩의 판이 바뀐다 - Prompt를 지배하는자, AI Agent 개발의 챔피언이 됩니다.","Feb 7, 2025",1458,0
2026-01-18,sbC64Cx5flQ,"코딩의 판이 바뀐다 - Prompt를 지배하는자, AI Agent 개발의 챔피언이 됩니다.","Feb 7, 2025",1458,1
2026-01-19,sbC64Cx5flQ,"코딩의 판이 바뀐다 - Prompt를 지배하는자, AI Agent 개발의 챔피언이 됩니다.","Feb 7, 2025",1458,1
2026-01-20,sbC64Cx5flQ,"코딩의 판이 바뀐다 - Prompt를 지배하는자, AI Agent 개발의 챔피언이 됩니다.","Feb 7, 2025",1458,0
2026-01-21,sbC64Cx5flQ,"코딩의 판이 바뀐다 - Prompt를 지배하는자, AI Agent 개발의 챔피언이 됩니다.","Feb 7, 2025",1458,0
2026-01-22,sbC64Cx5flQ,"코딩의 판이 바뀐다 - Prompt를 지배하는자, AI Agent 개발의 챔피언이 됩니다.","Feb 7, 2025",1458,0
2026-01-23,sbC64Cx5flQ,"코딩의 판이 바뀐다 - Prompt를 지배하는자, AI Agent 개발의 챔피언이 됩니다.","Feb 7, 2025",1458,0
2026-01-24,sbC64Cx5flQ,"코딩의 판이 바뀐다 - Prompt를 지배하는자, AI Agent 개발의 챔피언이 됩니다.","Feb 7, 2025",1458,0
2026-01-25,sbC64Cx5flQ,"코딩의 판이 바뀐다 - Prompt를 지배하는자, AI Agent 개발의 챔피언이 됩니다.","Feb 7, 2025",1458,0
2026-01-26,sbC64Cx5flQ,"코딩의 판이 바뀐다 - Prompt를 지배하는자, AI Agent 개발의 챔피언이 됩니다.","Feb 7, 2025",1458,0
2026-01-27,sbC64Cx5flQ,"코딩의 판이 바뀐다 - Prompt를 지배하는자, AI Agent 개발의 챔피언이 됩니다.","Feb 7, 2025",1458,0
2026-01-28,sbC64Cx5flQ,"코딩의 판이 바뀐다 - Prompt를 지배하는자, AI Agent 개발의 챔피언이 됩니다.","Feb 7, 2025",1458,0
2026-01-29,sbC64Cx5flQ,"코딩의 판이 바뀐다 - Prompt를 지배하는자, AI Agent 개발의 챔피언이 됩니다.","Feb 7, 2025",1458,0
2026-01-30,sbC64Cx5flQ,"코딩의 판이 바뀐다 - Prompt를 지배하는자, AI Agent 개발의 챔피언이 됩니다.","Feb 7, 2025",1458,0
2026-01-31,sbC64Cx5flQ,"코딩의 판이 바뀐다 - Prompt를 지배하는자, AI Agent 개발의 챔피언이 됩니다.","Feb 7, 2025",1458,0
2026-02-01,sbC64Cx5flQ,"코딩의 판이 바뀐다 - Prompt를 지배하는자, AI Agent 개발의 챔피언이 됩니다.","Feb 7, 2025",1458,0
2026-02-02,sbC64Cx5flQ,"코딩의 판이 바뀐다 - Prompt를 지배하는자, AI Agent 개발의 챔피언이 됩니다.","Feb 7, 2025",1458,0
2026-02-03,sbC64Cx5flQ,"코딩의 판이 바뀐다 - Prompt를 지배하는자, AI Agent 개발의 챔피언이 됩니다.","Feb 7, 2025",1458,0
2026-02-04,sbC64Cx5flQ,"코딩의 판이 바뀐다 - Prompt를 지배하는자, AI Agent 개발의 챔피언이 됩니다.","Feb 7, 2025",1458,0
2026-02-05,sbC64Cx5flQ,"코딩의 판이 바뀐다 - Prompt를 지배하는자, AI Agent 개발의 챔피언이 됩니다.","Feb 7, 2025",1458,0
2026-02-06,sbC64Cx5flQ,"코딩의 판이 바뀐다 - Prompt를 지배하는자, AI Agent 개발의 챔피언이 됩니다.","Feb 7, 2025",1458,0
2026-02-07,sbC64Cx5flQ,"코딩의 판이 바뀐다 - Prompt를 지배하는자, AI Agent 개발의 챔피언이 됩니다.","Feb 7, 2025",1458,1
2026-02-08,sbC64Cx5flQ,"코딩의 판이 바뀐다 - Prompt를 지배하는자, AI Agent 개발의 챔피언이 됩니다.","Feb 7, 2025",1458,0
2026-02-09,sbC64Cx5flQ,"코딩의 판이 바뀐다 - Prompt를 지배하는자, AI Agent 개발의 챔피언이 됩니다.","Feb 7, 2025",1458,0
2026-02-10,sbC64Cx5flQ,"코딩의 판이 바뀐다 - Prompt를 지배하는자, AI Agent 개발의 챔피언이 됩니다.","Feb 7, 2025",1458,0
2026-02-11,sbC64Cx5flQ,"코딩의 판이 바뀐다 - Prompt를 지배하는자, AI Agent 개발의 챔피언이 됩니다.","Feb 7, 2025",1458,0
2026-02-12,sbC64Cx5flQ,"코딩의 판이 바뀐다 - Prompt를 지배하는자, AI Agent 개발의 챔피언이 됩니다.","Feb 7, 2025",1458,0
2026-02-13,sbC64Cx5flQ,"코딩의 판이 바뀐다 - Prompt를 지배하는자, AI Agent 개발의 챔피언이 됩니다.","Feb 7, 2025",1458,0
2026-02-14,sbC64Cx5flQ,"코딩의 판이 바뀐다 - Prompt를 지배하는자, AI Agent 개발의 챔피언이 됩니다.","Feb 7, 2025",1458,0
2026-02-15,sbC64Cx5flQ,"코딩의 판이 바뀐다 - Prompt를 지배하는자, AI Agent 개발의 챔피언이 됩니다.","Feb 7, 2025",1458,0
2026-02-16,sbC64Cx5flQ,"코딩의 판이 바뀐다 - Prompt를 지배하는자, AI Agent 개발의 챔피언이 됩니다.","Feb 7, 2025",1458,0
2026-02-17,sbC64Cx5flQ,"코딩의 판이 바뀐다 - Prompt를 지배하는자, AI Agent 개발의 챔피언이 됩니다.","Feb 7, 2025",1458,0
2026-02-18,sbC64Cx5flQ,"코딩의 판이 바뀐다 - Prompt를 지배하는자, AI Agent 개발의 챔피언이 됩니다.","Feb 7, 2025",1458,0
2026-02-19,sbC64Cx5flQ,"코딩의 판이 바뀐다 - Prompt를 지배하는자, AI Agent 개발의 챔피언이 됩니다.","Feb 7, 2025",1458,0
2026-02-20,sbC64Cx5flQ,"코딩의 판이 바뀐다 - Prompt를 지배하는자, AI Agent 개발의 챔피언이 됩니다.","Feb 7, 2025",1458,0
2026-02-21,sbC64Cx5flQ,"코딩의 판이 바뀐다 - Prompt를 지배하는자, AI Agent 개발의 챔피언이 됩니다.","Feb 7, 2025",1458,0
2026-02-22,sbC64Cx5flQ,"코딩의 판이 바뀐다 - Prompt를 지배하는자, AI Agent 개발의 챔피언이 됩니다.","Feb 7, 2025",1458,0
2026-02-23,sbC64Cx5flQ,"코딩의 판이 바뀐다 - Prompt를 지배하는자, AI Agent 개발의 챔피언이 됩니다.","Feb 7, 2025",1458,0
2026-02-24,sbC64Cx5flQ,"코딩의 판이 바뀐다 - Prompt를 지배하는자, AI Agent 개발의 챔피언이 됩니다.","Feb 7, 2025",1458,1
2026-02-25,sbC64Cx5flQ,"코딩의 판이 바뀐다 - Prompt를 지배하는자, AI Agent 개발의 챔피언이 됩니다.","Feb 7, 2025",1458,2
2026-02-26,sbC64Cx5flQ,"코딩의 판이 바뀐다 - Prompt를 지배하는자, AI Agent 개발의 챔피언이 됩니다.","Feb 7, 2025",1458,0
2026-02-27,sbC64Cx5flQ,"코딩의 판이 바뀐다 - Prompt를 지배하는자, AI Agent 개발의 챔피언이 됩니다.","Feb 7, 2025",1458,0
2026-02-28,sbC64Cx5flQ,"코딩의 판이 바뀐다 - Prompt를 지배하는자, AI Agent 개발의 챔피언이 됩니다.","Feb 7, 2025",1458,0
2026-03-01,sbC64Cx5flQ,"코딩의 판이 바뀐다 - Prompt를 지배하는자, AI Agent 개발의 챔피언이 됩니다.","Feb 7, 2025",1458,0
2026-03-02,sbC64Cx5flQ,"코딩의 판이 바뀐다 - Prompt를 지배하는자, AI Agent 개발의 챔피언이 됩니다.","Feb 7, 2025",1458,0
2026-03-03,sbC64Cx5flQ,"코딩의 판이 바뀐다 - Prompt를 지배하는자, AI Agent 개발의 챔피언이 됩니다.","Feb 7, 2025",1458,0
2026-03-04,sbC64Cx5flQ,"코딩의 판이 바뀐다 - Prompt를 지배하는자, AI Agent 개발의 챔피언이 됩니다.","Feb 7, 2025",1458,0
2026-03-05,sbC64Cx5flQ,"코딩의 판이 바뀐다 - Prompt를 지배하는자, AI Agent 개발의 챔피언이 됩니다.","Feb 7, 2025",1458,0
2026-03-06,sbC64Cx5flQ,"코딩의 판이 바뀐다 - Prompt를 지배하는자, AI Agent 개발의 챔피언이 됩니다.","Feb 7, 2025",1458,0
2026-03-07,sbC64Cx5flQ,"코딩의 판이 바뀐다 - Prompt를 지배하는자, AI Agent 개발의 챔피언이 됩니다.","Feb 7, 2025",1458,0
2026-03-08,sbC64Cx5flQ,"코딩의 판이 바뀐다 - Prompt를 지배하는자, AI Agent 개발의 챔피언이 됩니다.","Feb 7, 2025",1458,0
2026-03-09,sbC64Cx5flQ,"코딩의 판이 바뀐다 - Prompt를 지배하는자, AI Agent 개발의 챔피언이 됩니다.","Feb 7, 2025",1458,0
2026-03-10,sbC64Cx5flQ,"코딩의 판이 바뀐다 - Prompt를 지배하는자, AI Agent 개발의 챔피언이 됩니다.","Feb 7, 2025",1458,0
2026-03-11,sbC64Cx5flQ,"코딩의 판이 바뀐다 - Prompt를 지배하는자, AI Agent 개발의 챔피언이 됩니다.","Feb 7, 2025",1458,1
2026-03-12,sbC64Cx5flQ,"코딩의 판이 바뀐다 - Prompt를 지배하는자, AI Agent 개발의 챔피언이 됩니다.","Feb 7, 2025",1458,1
2026-03-13,sbC64Cx5flQ,"코딩의 판이 바뀐다 - Prompt를 지배하는자, AI Agent 개발의 챔피언이 됩니다.","Feb 7, 2025",1458,0
2026-03-14,sbC64Cx5flQ,"코딩의 판이 바뀐다 - Prompt를 지배하는자, AI Agent 개발의 챔피언이 됩니다.","Feb 7, 2025",1458,0
2026-03-15,sbC64Cx5flQ,"코딩의 판이 바뀐다 - Prompt를 지배하는자, AI Agent 개발의 챔피언이 됩니다.","Feb 7, 2025",1458,0
2026-03-16,sbC64Cx5flQ,"코딩의 판이 바뀐다 - Prompt를 지배하는자, AI Agent 개발의 챔피언이 됩니다.","Feb 7, 2025",1458,0
2026-03-17,sbC64Cx5flQ,"코딩의 판이 바뀐다 - Prompt를 지배하는자, AI Agent 개발의 챔피언이 됩니다.","Feb 7, 2025",1458,1
2026-03-18,sbC64Cx5flQ,"코딩의 판이 바뀐다 - Prompt를 지배하는자, AI Agent 개발의 챔피언이 됩니다.","Feb 7, 2025",1458,0
2026-03-19,sbC64Cx5flQ,"코딩의 판이 바뀐다 - Prompt를 지배하는자, AI Agent 개발의 챔피언이 됩니다.","Feb 7, 2025",1458,0
2026-03-20,sbC64Cx5flQ,"코딩의 판이 바뀐다 - Prompt를 지배하는자, AI Agent 개발의 챔피언이 됩니다.","Feb 7, 2025",1458,1
2026-03-21,sbC64Cx5flQ,"코딩의 판이 바뀐다 - Prompt를 지배하는자, AI Agent 개발의 챔피언이 됩니다.","Feb 7, 2025",1458,0
2026-03-22,sbC64Cx5flQ,"코딩의 판이 바뀐다 - Prompt를 지배하는자, AI Agent 개발의 챔피언이 됩니다.","Feb 7, 2025",1458,0
2026-03-23,sbC64Cx5flQ,"코딩의 판이 바뀐다 - Prompt를 지배하는자, AI Agent 개발의 챔피언이 됩니다.","Feb 7, 2025",1458,0
2026-03-24,sbC64Cx5flQ,"코딩의 판이 바뀐다 - Prompt를 지배하는자, AI Agent 개발의 챔피언이 됩니다.","Feb 7, 2025",1458,0
2026-03-25,sbC64Cx5flQ,"코딩의 판이 바뀐다 - Prompt를 지배하는자, AI Agent 개발의 챔피언이 됩니다.","Feb 7, 2025",1458,0
2026-03-26,sbC64Cx5flQ,"코딩의 판이 바뀐다 - Prompt를 지배하는자, AI Agent 개발의 챔피언이 됩니다.","Feb 7, 2025",1458,1
2026-03-27,sbC64Cx5flQ,"코딩의 판이 바뀐다 - Prompt를 지배하는자, AI Agent 개발의 챔피언이 됩니다.","Feb 7, 2025",1458,0
2026-03-28,sbC64Cx5flQ,"코딩의 판이 바뀐다 - Prompt를 지배하는자, AI Agent 개발의 챔피언이 됩니다.","Feb 7, 2025",1458,0
2026-03-29,sbC64Cx5flQ,"코딩의 판이 바뀐다 - Prompt를 지배하는자, AI Agent 개발의 챔피언이 됩니다.","Feb 7, 2025",1458,0
2026-03-30,sbC64Cx5flQ,"코딩의 판이 바뀐다 - Prompt를 지배하는자, AI Agent 개발의 챔피언이 됩니다.","Feb 7, 2025",1458,0
2026-03-31,sbC64Cx5flQ,"코딩의 판이 바뀐다 - Prompt를 지배하는자, AI Agent 개발의 챔피언이 됩니다.","Feb 7, 2025",1458,0
2026-04-01,sbC64Cx5flQ,"코딩의 판이 바뀐다 - Prompt를 지배하는자, AI Agent 개발의 챔피언이 됩니다.","Feb 7, 2025",1458,0
2026-04-02,sbC64Cx5flQ,"코딩의 판이 바뀐다 - Prompt를 지배하는자, AI Agent 개발의 챔피언이 됩니다.","Feb 7, 2025",1458,0
2026-04-03,sbC64Cx5flQ,"코딩의 판이 바뀐다 - Prompt를 지배하는자, AI Agent 개발의 챔피언이 됩니다.","Feb 7, 2025",1458,0
2026-04-04,sbC64Cx5flQ,"코딩의 판이 바뀐다 - Prompt를 지배하는자, AI Agent 개발의 챔피언이 됩니다.","Feb 7, 2025",1458,0
2026-04-05,sbC64Cx5flQ,"코딩의 판이 바뀐다 - Prompt를 지배하는자, AI Agent 개발의 챔피언이 됩니다.","Feb 7, 2025",1458,0
2026-04-06,sbC64Cx5flQ,"코딩의 판이 바뀐다 - Prompt를 지배하는자, AI Agent 개발의 챔피언이 됩니다.","Feb 7, 2025",1458,0
2026-04-07,sbC64Cx5flQ,"코딩의 판이 바뀐다 - Prompt를 지배하는자, AI Agent 개발의 챔피언이 됩니다.","Feb 7, 2025",1458,0
2026-04-08,sbC64Cx5flQ,"코딩의 판이 바뀐다 - Prompt를 지배하는자, AI Agent 개발의 챔피언이 됩니다.","Feb 7, 2025",1458,0
2026-04-09,sbC64Cx5flQ,"코딩의 판이 바뀐다 - Prompt를 지배하는자, AI Agent 개발의 챔피언이 됩니다.","Feb 7, 2025",1458,0
2026-04-10,sbC64Cx5flQ,"코딩의 판이 바뀐다 - Prompt를 지배하는자, AI Agent 개발의 챔피언이 됩니다.","Feb 7, 2025",1458,0
2026-04-11,sbC64Cx5flQ,"코딩의 판이 바뀐다 - Prompt를 지배하는자, AI Agent 개발의 챔피언이 됩니다.","Feb 7, 2025",1458,0
2026-04-12,sbC64Cx5flQ,"코딩의 판이 바뀐다 - Prompt를 지배하는자, AI Agent 개발의 챔피언이 됩니다.","Feb 7, 2025",1458,0
2026-04-13,sbC64Cx5flQ,"코딩의 판이 바뀐다 - Prompt를 지배하는자, AI Agent 개발의 챔피언이 됩니다.","Feb 7, 2025",1458,0
2026-04-14,sbC64Cx5flQ,"코딩의 판이 바뀐다 - Prompt를 지배하는자, AI Agent 개발의 챔피언이 됩니다.","Feb 7, 2025",1458,0
2026-04-15,sbC64Cx5flQ,"코딩의 판이 바뀐다 - Prompt를 지배하는자, AI Agent 개발의 챔피언이 됩니다.","Feb 7, 2025",1458,0
2026-04-16,sbC64Cx5flQ,"코딩의 판이 바뀐다 - Prompt를 지배하는자, AI Agent 개발의 챔피언이 됩니다.","Feb 7, 2025",1458,0
2026-04-17,sbC64Cx5flQ,"코딩의 판이 바뀐다 - Prompt를 지배하는자, AI Agent 개발의 챔피언이 됩니다.","Feb 7, 2025",1458,0
2026-04-18,sbC64Cx5flQ,"코딩의 판이 바뀐다 - Prompt를 지배하는자, AI Agent 개발의 챔피언이 됩니다.","Feb 7, 2025",1458,0
2026-04-19,sbC64Cx5flQ,"코딩의 판이 바뀐다 - Prompt를 지배하는자, AI Agent 개발의 챔피언이 됩니다.","Feb 7, 2025",1458,0
2026-04-20,sbC64Cx5flQ,"코딩의 판이 바뀐다 - Prompt를 지배하는자, AI Agent 개발의 챔피언이 됩니다.","Feb 7, 2025",1458,0
2026-04-21,sbC64Cx5flQ,"코딩의 판이 바뀐다 - Prompt를 지배하는자, AI Agent 개발의 챔피언이 됩니다.","Feb 7, 2025",1458,0
2026-04-22,sbC64Cx5flQ,"코딩의 판이 바뀐다 - Prompt를 지배하는자, AI Agent 개발의 챔피언이 됩니다.","Feb 7, 2025",1458,0
2026-04-23,sbC64Cx5flQ,"코딩의 판이 바뀐다 - Prompt를 지배하는자, AI Agent 개발의 챔피언이 됩니다.","Feb 7, 2025",1458,0
2026-04-24,sbC64Cx5flQ,"코딩의 판이 바뀐다 - Prompt를 지배하는자, AI Agent 개발의 챔피언이 됩니다.","Feb 7, 2025",1458,0
2026-04-25,sbC64Cx5flQ,"코딩의 판이 바뀐다 - Prompt를 지배하는자, AI Agent 개발의 챔피언이 됩니다.","Feb 7, 2025",1458,0
2026-04-26,sbC64Cx5flQ,"코딩의 판이 바뀐다 - Prompt를 지배하는자, AI Agent 개발의 챔피언이 됩니다.","Feb 7, 2025",1458,0
2026-04-27,sbC64Cx5flQ,"코딩의 판이 바뀐다 - Prompt를 지배하는자, AI Agent 개발의 챔피언이 됩니다.","Feb 7, 2025",1458,0
2026-04-28,sbC64Cx5flQ,"코딩의 판이 바뀐다 - Prompt를 지배하는자, AI Agent 개발의 챔피언이 됩니다.","Feb 7, 2025",1458,0
2026-04-29,sbC64Cx5flQ,"코딩의 판이 바뀐다 - Prompt를 지배하는자, AI Agent 개발의 챔피언이 됩니다.","Feb 7, 2025",1458,0
2026-04-30,sbC64Cx5flQ,"코딩의 판이 바뀐다 - Prompt를 지배하는자, AI Agent 개발의 챔피언이 됩니다.","Feb 7, 2025",1458,0
2026-05-01,sbC64Cx5flQ,"코딩의 판이 바뀐다 - Prompt를 지배하는자, AI Agent 개발의 챔피언이 됩니다.","Feb 7, 2025",1458,0
2026-05-02,sbC64Cx5flQ,"코딩의 판이 바뀐다 - Prompt를 지배하는자, AI Agent 개발의 챔피언이 됩니다.","Feb 7, 2025",1458,0
2026-05-03,sbC64Cx5flQ,"코딩의 판이 바뀐다 - Prompt를 지배하는자, AI Agent 개발의 챔피언이 됩니다.","Feb 7, 2025",1458,0
2026-05-04,sbC64Cx5flQ,"코딩의 판이 바뀐다 - Prompt를 지배하는자, AI Agent 개발의 챔피언이 됩니다.","Feb 7, 2025",1458,0
2026-05-05,sbC64Cx5flQ,"코딩의 판이 바뀐다 - Prompt를 지배하는자, AI Agent 개발의 챔피언이 됩니다.","Feb 7, 2025",1458,0
2026-05-06,sbC64Cx5flQ,"코딩의 판이 바뀐다 - Prompt를 지배하는자, AI Agent 개발의 챔피언이 됩니다.","Feb 7, 2025",1458,0
2026-05-07,sbC64Cx5flQ,"코딩의 판이 바뀐다 - Prompt를 지배하는자, AI Agent 개발의 챔피언이 됩니다.","Feb 7, 2025",1458,0
2026-05-08,sbC64Cx5flQ,"코딩의 판이 바뀐다 - Prompt를 지배하는자, AI Agent 개발의 챔피언이 됩니다.","Feb 7, 2025",1458,0
2026-05-09,sbC64Cx5flQ,"코딩의 판이 바뀐다 - Prompt를 지배하는자, AI Agent 개발의 챔피언이 됩니다.","Feb 7, 2025",1458,0
2026-05-10,sbC64Cx5flQ,"코딩의 판이 바뀐다 - Prompt를 지배하는자, AI Agent 개발의 챔피언이 됩니다.","Feb 7, 2025",1458,0
2026-05-11,sbC64Cx5flQ,"코딩의 판이 바뀐다 - Prompt를 지배하는자, AI Agent 개발의 챔피언이 됩니다.","Feb 7, 2025",1458,0
2026-05-12,sbC64Cx5flQ,"코딩의 판이 바뀐다 - Prompt를 지배하는자, AI Agent 개발의 챔피언이 됩니다.","Feb 7, 2025",1458,0
2026-05-13,sbC64Cx5flQ,"코딩의 판이 바뀐다 - Prompt를 지배하는자, AI Agent 개발의 챔피언이 됩니다.","Feb 7, 2025",1458,0
2026-05-14,sbC64Cx5flQ,"코딩의 판이 바뀐다 - Prompt를 지배하는자, AI Agent 개발의 챔피언이 됩니다.","Feb 7, 2025",1458,0
2026-05-15,sbC64Cx5flQ,"코딩의 판이 바뀐다 - Prompt를 지배하는자, AI Agent 개발의 챔피언이 됩니다.","Feb 7, 2025",1458,0
2026-05-16,sbC64Cx5flQ,"코딩의 판이 바뀐다 - Prompt를 지배하는자, AI Agent 개발의 챔피언이 됩니다.","Feb 7, 2025",1458,0
2026-05-17,sbC64Cx5flQ,"코딩의 판이 바뀐다 - Prompt를 지배하는자, AI Agent 개발의 챔피언이 됩니다.","Feb 7, 2025",1458,0
2026-05-18,sbC64Cx5flQ,"코딩의 판이 바뀐다 - Prompt를 지배하는자, AI Agent 개발의 챔피언이 됩니다.","Feb 7, 2025",1458,0
2026-05-19,sbC64Cx5flQ,"코딩의 판이 바뀐다 - Prompt를 지배하는자, AI Agent 개발의 챔피언이 됩니다.","Feb 7, 2025",1458,0
2026-05-20,sbC64Cx5flQ,"코딩의 판이 바뀐다 - Prompt를 지배하는자, AI Agent 개발의 챔피언이 됩니다.","Feb 7, 2025",1458,0
2026-05-21,sbC64Cx5flQ,"코딩의 판이 바뀐다 - Prompt를 지배하는자, AI Agent 개발의 챔피언이 됩니다.","Feb 7, 2025",1458,1
2026-05-22,sbC64Cx5flQ,"코딩의 판이 바뀐다 - Prompt를 지배하는자, AI Agent 개발의 챔피언이 됩니다.","Feb 7, 2025",1458,0
2026-05-23,sbC64Cx5flQ,"코딩의 판이 바뀐다 - Prompt를 지배하는자, AI Agent 개발의 챔피언이 됩니다.","Feb 7, 2025",1458,0
2026-05-24,sbC64Cx5flQ,"코딩의 판이 바뀐다 - Prompt를 지배하는자, AI Agent 개발의 챔피언이 됩니다.","Feb 7, 2025",1458,1
2026-05-25,sbC64Cx5flQ,"코딩의 판이 바뀐다 - Prompt를 지배하는자, AI Agent 개발의 챔피언이 됩니다.","Feb 7, 2025",1458,2
2026-05-26,sbC64Cx5flQ,"코딩의 판이 바뀐다 - Prompt를 지배하는자, AI Agent 개발의 챔피언이 됩니다.","Feb 7, 2025",1458,1
2026-05-27,sbC64Cx5flQ,"코딩의 판이 바뀐다 - Prompt를 지배하는자, AI Agent 개발의 챔피언이 됩니다.","Feb 7, 2025",1458,1
2026-05-28,sbC64Cx5flQ,"코딩의 판이 바뀐다 - Prompt를 지배하는자, AI Agent 개발의 챔피언이 됩니다.","Feb 7, 2025",1458,0
2026-05-29,sbC64Cx5flQ,"코딩의 판이 바뀐다 - Prompt를 지배하는자, AI Agent 개발의 챔피언이 됩니다.","Feb 7, 2025",1458,0
2026-05-30,sbC64Cx5flQ,"코딩의 판이 바뀐다 - Prompt를 지배하는자, AI Agent 개발의 챔피언이 됩니다.","Feb 7, 2025",1458,0
2026-05-31,sbC64Cx5flQ,"코딩의 판이 바뀐다 - Prompt를 지배하는자, AI Agent 개발의 챔피언이 됩니다.","Feb 7, 2025",1458,0
2026-06-01,sbC64Cx5flQ,"코딩의 판이 바뀐다 - Prompt를 지배하는자, AI Agent 개발의 챔피언이 됩니다.","Feb 7, 2025",1458,0
2026-06-02,sbC64Cx5flQ,"코딩의 판이 바뀐다 - Prompt를 지배하는자, AI Agent 개발의 챔피언이 됩니다.","Feb 7, 2025",1458,0
2026-06-03,sbC64Cx5flQ,"코딩의 판이 바뀐다 - Prompt를 지배하는자, AI Agent 개발의 챔피언이 됩니다.","Feb 7, 2025",1458,0
2026-06-04,sbC64Cx5flQ,"코딩의 판이 바뀐다 - Prompt를 지배하는자, AI Agent 개발의 챔피언이 됩니다.","Feb 7, 2025",1458,1
2026-06-05,sbC64Cx5flQ,"코딩의 판이 바뀐다 - Prompt를 지배하는자, AI Agent 개발의 챔피언이 됩니다.","Feb 7, 2025",1458,1
2026-06-06,sbC64Cx5flQ,"코딩의 판이 바뀐다 - Prompt를 지배하는자, AI Agent 개발의 챔피언이 됩니다.","Feb 7, 2025",1458,0
2026-06-07,sbC64Cx5flQ,"코딩의 판이 바뀐다 - Prompt를 지배하는자, AI Agent 개발의 챔피언이 됩니다.","Feb 7, 2025",1458,0
2026-06-08,sbC64Cx5flQ,"코딩의 판이 바뀐다 - Prompt를 지배하는자, AI Agent 개발의 챔피언이 됩니다.","Feb 7, 2025",1458,0
2026-06-09,sbC64Cx5flQ,"코딩의 판이 바뀐다 - Prompt를 지배하는자, AI Agent 개발의 챔피언이 됩니다.","Feb 7, 2025",1458,0
2026-06-10,sbC64Cx5flQ,"코딩의 판이 바뀐다 - Prompt를 지배하는자, AI Agent 개발의 챔피언이 됩니다.","Feb 7, 2025",1458,0
2026-06-11,sbC64Cx5flQ,"코딩의 판이 바뀐다 - Prompt를 지배하는자, AI Agent 개발의 챔피언이 됩니다.","Feb 7, 2025",1458,0
2026-06-12,sbC64Cx5flQ,"코딩의 판이 바뀐다 - Prompt를 지배하는자, AI Agent 개발의 챔피언이 됩니다.","Feb 7, 2025",1458,0
2026-06-13,sbC64Cx5flQ,"코딩의 판이 바뀐다 - Prompt를 지배하는자, AI Agent 개발의 챔피언이 됩니다.","Feb 7, 2025",1458,0
2026-06-14,sbC64Cx5flQ,"코딩의 판이 바뀐다 - Prompt를 지배하는자, AI Agent 개발의 챔피언이 됩니다.","Feb 7, 2025",1458,0
2026-06-15,sbC64Cx5flQ,"코딩의 판이 바뀐다 - Prompt를 지배하는자, AI Agent 개발의 챔피언이 됩니다.","Feb 7, 2025",1458,0
2026-06-16,sbC64Cx5flQ,"코딩의 판이 바뀐다 - Prompt를 지배하는자, AI Agent 개발의 챔피언이 됩니다.","Feb 7, 2025",1458,0
2026-06-17,sbC64Cx5flQ,"코딩의 판이 바뀐다 - Prompt를 지배하는자, AI Agent 개발의 챔피언이 됩니다.","Feb 7, 2025",1458,0
2026-06-18,sbC64Cx5flQ,"코딩의 판이 바뀐다 - Prompt를 지배하는자, AI Agent 개발의 챔피언이 됩니다.","Feb 7, 2025",1458,1
2026-06-19,sbC64Cx5flQ,"코딩의 판이 바뀐다 - Prompt를 지배하는자, AI Agent 개발의 챔피언이 됩니다.","Feb 7, 2025",1458,0
2026-06-20,sbC64Cx5flQ,"코딩의 판이 바뀐다 - Prompt를 지배하는자, AI Agent 개발의 챔피언이 됩니다.","Feb 7, 2025",1458,0
2026-06-21,sbC64Cx5flQ,"코딩의 판이 바뀐다 - Prompt를 지배하는자, AI Agent 개발의 챔피언이 됩니다.","Feb 7, 2025",1458,0
2026-06-22,sbC64Cx5flQ,"코딩의 판이 바뀐다 - Prompt를 지배하는자, AI Agent 개발의 챔피언이 됩니다.","Feb 7, 2025",1458,0
2026-06-23,sbC64Cx5flQ,"코딩의 판이 바뀐다 - Prompt를 지배하는자, AI Agent 개발의 챔피언이 됩니다.","Feb 7, 2025",1458,0
2023-03-15,scG3agQQ79E,Cursor AI 와 Github Copilot 비교해 봤습니다 - 남들은 Cursor AI 가 더 좋다고 하던데 저는...,"May 20, 2025",1545,0
2023-03-16,scG3agQQ79E,Cursor AI 와 Github Copilot 비교해 봤습니다 - 남들은 Cursor AI 가 더 좋다고 하던데 저는...,"May 20, 2025",1545,0
2023-03-17,scG3agQQ79E,Cursor AI 와 Github Copilot 비교해 봤습니다 - 남들은 Cursor AI 가 더 좋다고 하던데 저는...,"May 20, 2025",1545,0
2023-03-18,scG3agQQ79E,Cursor AI 와 Github Copilot 비교해 봤습니다 - 남들은 Cursor AI 가 더 좋다고 하던데 저는...,"May 20, 2025",1545,0
2023-03-19,scG3agQQ79E,Cursor AI 와 Github Copilot 비교해 봤습니다 - 남들은 Cursor AI 가 더 좋다고 하던데 저는...,"May 20, 2025",1545,0
2023-03-20,scG3agQQ79E,Cursor AI 와 Github Copilot 비교해 봤습니다 - 남들은 Cursor AI 가 더 좋다고 하던데 저는...,"May 20, 2025",1545,0
2023-03-21,scG3agQQ79E,Cursor AI 와 Github Copilot 비교해 봤습니다 - 남들은 Cursor AI 가 더 좋다고 하던데 저는...,"May 20, 2025",1545,0
2023-03-22,scG3agQQ79E,Cursor AI 와 Github Copilot 비교해 봤습니다 - 남들은 Cursor AI 가 더 좋다고 하던데 저는...,"May 20, 2025",1545,0
2023-03-23,scG3agQQ79E,Cursor AI 와 Github Copilot 비교해 봤습니다 - 남들은 Cursor AI 가 더 좋다고 하던데 저는...,"May 20, 2025",1545,0
2023-03-24,scG3agQQ79E,Cursor AI 와 Github Copilot 비교해 봤습니다 - 남들은 Cursor AI 가 더 좋다고 하던데 저는...,"May 20, 2025",1545,0
2023-03-25,scG3agQQ79E,Cursor AI 와 Github Copilot 비교해 봤습니다 - 남들은 Cursor AI 가 더 좋다고 하던데 저는...,"May 20, 2025",1545,0
2023-03-26,scG3agQQ79E,Cursor AI 와 Github Copilot 비교해 봤습니다 - 남들은 Cursor AI 가 더 좋다고 하던데 저는...,"May 20, 2025",1545,0
2023-03-27,scG3agQQ79E,Cursor AI 와 Github Copilot 비교해 봤습니다 - 남들은 Cursor AI 가 더 좋다고 하던데 저는...,"May 20, 2025",1545,0
2023-03-28,scG3agQQ79E,Cursor AI 와 Github Copilot 비교해 봤습니다 - 남들은 Cursor AI 가 더 좋다고 하던데 저는...,"May 20, 2025",1545,0
2023-03-29,scG3agQQ79E,Cursor AI 와 Github Copilot 비교해 봤습니다 - 남들은 Cursor AI 가 더 좋다고 하던데 저는...,"May 20, 2025",1545,0
2023-03-30,scG3agQQ79E,Cursor AI 와 Github Copilot 비교해 봤습니다 - 남들은 Cursor AI 가 더 좋다고 하던데 저는...,"May 20, 2025",1545,0
2023-03-31,scG3agQQ79E,Cursor AI 와 Github Copilot 비교해 봤습니다 - 남들은 Cursor AI 가 더 좋다고 하던데 저는...,"May 20, 2025",1545,0
2023-04-01,scG3agQQ79E,Cursor AI 와 Github Copilot 비교해 봤습니다 - 남들은 Cursor AI 가 더 좋다고 하던데 저는...,"May 20, 2025",1545,0
2023-04-02,scG3agQQ79E,Cursor AI 와 Github Copilot 비교해 봤습니다 - 남들은 Cursor AI 가 더 좋다고 하던데 저는...,"May 20, 2025",1545,0
2023-04-03,scG3agQQ79E,Cursor AI 와 Github Copilot 비교해 봤습니다 - 남들은 Cursor AI 가 더 좋다고 하던데 저는...,"May 20, 2025",1545,0
2023-04-04,scG3agQQ79E,Cursor AI 와 Github Copilot 비교해 봤습니다 - 남들은 Cursor AI 가 더 좋다고 하던데 저는...,"May 20, 2025",1545,0
2023-04-05,scG3agQQ79E,Cursor AI 와 Github Copilot 비교해 봤습니다 - 남들은 Cursor AI 가 더 좋다고 하던데 저는...,"May 20, 2025",1545,0
2023-04-06,scG3agQQ79E,Cursor AI 와 Github Copilot 비교해 봤습니다 - 남들은 Cursor AI 가 더 좋다고 하던데 저는...,"May 20, 2025",1545,0
2023-04-07,scG3agQQ79E,Cursor AI 와 Github Copilot 비교해 봤습니다 - 남들은 Cursor AI 가 더 좋다고 하던데 저는...,"May 20, 2025",1545,0
2023-04-08,scG3agQQ79E,Cursor AI 와 Github Copilot 비교해 봤습니다 - 남들은 Cursor AI 가 더 좋다고 하던데 저는...,"May 20, 2025",1545,0
2023-04-09,scG3agQQ79E,Cursor AI 와 Github Copilot 비교해 봤습니다 - 남들은 Cursor AI 가 더 좋다고 하던데 저는...,"May 20, 2025",1545,0
2023-04-10,scG3agQQ79E,Cursor AI 와 Github Copilot 비교해 봤습니다 - 남들은 Cursor AI 가 더 좋다고 하던데 저는...,"May 20, 2025",1545,0
2023-04-11,scG3agQQ79E,Cursor AI 와 Github Copilot 비교해 봤습니다 - 남들은 Cursor AI 가 더 좋다고 하던데 저는...,"May 20, 2025",1545,0
2023-04-12,scG3agQQ79E,Cursor AI 와 Github Copilot 비교해 봤습니다 - 남들은 Cursor AI 가 더 좋다고 하던데 저는...,"May 20, 2025",1545,0
2023-04-13,scG3agQQ79E,Cursor AI 와 Github Copilot 비교해 봤습니다 - 남들은 Cursor AI 가 더 좋다고 하던데 저는...,"May 20, 2025",1545,0
2023-04-14,scG3agQQ79E,Cursor AI 와 Github Copilot 비교해 봤습니다 - 남들은 Cursor AI 가 더 좋다고 하던데 저는...,"May 20, 2025",1545,0
2023-04-15,scG3agQQ79E,Cursor AI 와 Github Copilot 비교해 봤습니다 - 남들은 Cursor AI 가 더 좋다고 하던데 저는...,"May 20, 2025",1545,0
2023-04-16,scG3agQQ79E,Cursor AI 와 Github Copilot 비교해 봤습니다 - 남들은 Cursor AI 가 더 좋다고 하던데 저는...,"May 20, 2025",1545,0
2023-04-17,scG3agQQ79E,Cursor AI 와 Github Copilot 비교해 봤습니다 - 남들은 Cursor AI 가 더 좋다고 하던데 저는...,"May 20, 2025",1545,0
2023-04-18,scG3agQQ79E,Cursor AI 와 Github Copilot 비교해 봤습니다 - 남들은 Cursor AI 가 더 좋다고 하던데 저는...,"May 20, 2025",1545,0
2023-04-19,scG3agQQ79E,Cursor AI 와 Github Copilot 비교해 봤습니다 - 남들은 Cursor AI 가 더 좋다고 하던데 저는...,"May 20, 2025",1545,0
2023-04-20,scG3agQQ79E,Cursor AI 와 Github Copilot 비교해 봤습니다 - 남들은 Cursor AI 가 더 좋다고 하던데 저는...,"May 20, 2025",1545,0
2023-04-21,scG3agQQ79E,Cursor AI 와 Github Copilot 비교해 봤습니다 - 남들은 Cursor AI 가 더 좋다고 하던데 저는...,"May 20, 2025",1545,0
2023-04-22,scG3agQQ79E,Cursor AI 와 Github Copilot 비교해 봤습니다 - 남들은 Cursor AI 가 더 좋다고 하던데 저는...,"May 20, 2025",1545,0
2023-04-23,scG3agQQ79E,Cursor AI 와 Github Copilot 비교해 봤습니다 - 남들은 Cursor AI 가 더 좋다고 하던데 저는...,"May 20, 2025",1545,0
2023-04-24,scG3agQQ79E,Cursor AI 와 Github Copilot 비교해 봤습니다 - 남들은 Cursor AI 가 더 좋다고 하던데 저는...,"May 20, 2025",1545,0
2023-04-25,scG3agQQ79E,Cursor AI 와 Github Copilot 비교해 봤습니다 - 남들은 Cursor AI 가 더 좋다고 하던데 저는...,"May 20, 2025",1545,0
2023-04-26,scG3agQQ79E,Cursor AI 와 Github Copilot 비교해 봤습니다 - 남들은 Cursor AI 가 더 좋다고 하던데 저는...,"May 20, 2025",1545,0
2023-04-27,scG3agQQ79E,Cursor AI 와 Github Copilot 비교해 봤습니다 - 남들은 Cursor AI 가 더 좋다고 하던데 저는...,"May 20, 2025",1545,0
2023-04-28,scG3agQQ79E,Cursor AI 와 Github Copilot 비교해 봤습니다 - 남들은 Cursor AI 가 더 좋다고 하던데 저는...,"May 20, 2025",1545,0
2023-04-29,scG3agQQ79E,Cursor AI 와 Github Copilot 비교해 봤습니다 - 남들은 Cursor AI 가 더 좋다고 하던데 저는...,"May 20, 2025",1545,0
2023-04-30,scG3agQQ79E,Cursor AI 와 Github Copilot 비교해 봤습니다 - 남들은 Cursor AI 가 더 좋다고 하던데 저는...,"May 20, 2025",1545,0
2023-05-01,scG3agQQ79E,Cursor AI 와 Github Copilot 비교해 봤습니다 - 남들은 Cursor AI 가 더 좋다고 하던데 저는...,"May 20, 2025",1545,0
2023-05-02,scG3agQQ79E,Cursor AI 와 Github Copilot 비교해 봤습니다 - 남들은 Cursor AI 가 더 좋다고 하던데 저는...,"May 20, 2025",1545,0
2023-05-03,scG3agQQ79E,Cursor AI 와 Github Copilot 비교해 봤습니다 - 남들은 Cursor AI 가 더 좋다고 하던데 저는...,"May 20, 2025",1545,0
2023-05-04,scG3agQQ79E,Cursor AI 와 Github Copilot 비교해 봤습니다 - 남들은 Cursor AI 가 더 좋다고 하던데 저는...,"May 20, 2025",1545,0
2023-05-05,scG3agQQ79E,Cursor AI 와 Github Copilot 비교해 봤습니다 - 남들은 Cursor AI 가 더 좋다고 하던데 저는...,"May 20, 2025",1545,0
2023-05-06,scG3agQQ79E,Cursor AI 와 Github Copilot 비교해 봤습니다 - 남들은 Cursor AI 가 더 좋다고 하던데 저는...,"May 20, 2025",1545,0
2023-05-07,scG3agQQ79E,Cursor AI 와 Github Copilot 비교해 봤습니다 - 남들은 Cursor AI 가 더 좋다고 하던데 저는...,"May 20, 2025",1545,0
2023-05-08,scG3agQQ79E,Cursor AI 와 Github Copilot 비교해 봤습니다 - 남들은 Cursor AI 가 더 좋다고 하던데 저는...,"May 20, 2025",1545,0
2023-05-09,scG3agQQ79E,Cursor AI 와 Github Copilot 비교해 봤습니다 - 남들은 Cursor AI 가 더 좋다고 하던데 저는...,"May 20, 2025",1545,0
2023-05-10,scG3agQQ79E,Cursor AI 와 Github Copilot 비교해 봤습니다 - 남들은 Cursor AI 가 더 좋다고 하던데 저는...,"May 20, 2025",1545,0
2023-05-11,scG3agQQ79E,Cursor AI 와 Github Copilot 비교해 봤습니다 - 남들은 Cursor AI 가 더 좋다고 하던데 저는...,"May 20, 2025",1545,0
2023-05-12,scG3agQQ79E,Cursor AI 와 Github Copilot 비교해 봤습니다 - 남들은 Cursor AI 가 더 좋다고 하던데 저는...,"May 20, 2025",1545,0
2023-05-13,scG3agQQ79E,Cursor AI 와 Github Copilot 비교해 봤습니다 - 남들은 Cursor AI 가 더 좋다고 하던데 저는...,"May 20, 2025",1545,0
2023-05-14,scG3agQQ79E,Cursor AI 와 Github Copilot 비교해 봤습니다 - 남들은 Cursor AI 가 더 좋다고 하던데 저는...,"May 20, 2025",1545,0
2023-05-15,scG3agQQ79E,Cursor AI 와 Github Copilot 비교해 봤습니다 - 남들은 Cursor AI 가 더 좋다고 하던데 저는...,"May 20, 2025",1545,0
2023-05-16,scG3agQQ79E,Cursor AI 와 Github Copilot 비교해 봤습니다 - 남들은 Cursor AI 가 더 좋다고 하던데 저는...,"May 20, 2025",1545,0
2023-05-17,scG3agQQ79E,Cursor AI 와 Github Copilot 비교해 봤습니다 - 남들은 Cursor AI 가 더 좋다고 하던데 저는...,"May 20, 2025",1545,0
2023-05-18,scG3agQQ79E,Cursor AI 와 Github Copilot 비교해 봤습니다 - 남들은 Cursor AI 가 더 좋다고 하던데 저는...,"May 20, 2025",1545,0
2023-05-19,scG3agQQ79E,Cursor AI 와 Github Copilot 비교해 봤습니다 - 남들은 Cursor AI 가 더 좋다고 하던데 저는...,"May 20, 2025",1545,0
2023-05-20,scG3agQQ79E,Cursor AI 와 Github Copilot 비교해 봤습니다 - 남들은 Cursor AI 가 더 좋다고 하던데 저는...,"May 20, 2025",1545,0
2023-05-21,scG3agQQ79E,Cursor AI 와 Github Copilot 비교해 봤습니다 - 남들은 Cursor AI 가 더 좋다고 하던데 저는...,"May 20, 2025",1545,0
2023-05-22,scG3agQQ79E,Cursor AI 와 Github Copilot 비교해 봤습니다 - 남들은 Cursor AI 가 더 좋다고 하던데 저는...,"May 20, 2025",1545,0
2023-05-23,scG3agQQ79E,Cursor AI 와 Github Copilot 비교해 봤습니다 - 남들은 Cursor AI 가 더 좋다고 하던데 저는...,"May 20, 2025",1545,0
2023-05-24,scG3agQQ79E,Cursor AI 와 Github Copilot 비교해 봤습니다 - 남들은 Cursor AI 가 더 좋다고 하던데 저는...,"May 20, 2025",1545,0
2023-05-25,scG3agQQ79E,Cursor AI 와 Github Copilot 비교해 봤습니다 - 남들은 Cursor AI 가 더 좋다고 하던데 저는...,"May 20, 2025",1545,0
2023-05-26,scG3agQQ79E,Cursor AI 와 Github Copilot 비교해 봤습니다 - 남들은 Cursor AI 가 더 좋다고 하던데 저는...,"May 20, 2025",1545,0
2023-05-27,scG3agQQ79E,Cursor AI 와 Github Copilot 비교해 봤습니다 - 남들은 Cursor AI 가 더 좋다고 하던데 저는...,"May 20, 2025",1545,0
2023-05-28,scG3agQQ79E,Cursor AI 와 Github Copilot 비교해 봤습니다 - 남들은 Cursor AI 가 더 좋다고 하던데 저는...,"May 20, 2025",1545,0
2023-05-29,scG3agQQ79E,Cursor AI 와 Github Copilot 비교해 봤습니다 - 남들은 Cursor AI 가 더 좋다고 하던데 저는...,"May 20, 2025",1545,0
2023-05-30,scG3agQQ79E,Cursor AI 와 Github Copilot 비교해 봤습니다 - 남들은 Cursor AI 가 더 좋다고 하던데 저는...,"May 20, 2025",1545,0
2023-05-31,scG3agQQ79E,Cursor AI 와 Github Copilot 비교해 봤습니다 - 남들은 Cursor AI 가 더 좋다고 하던데 저는...,"May 20, 2025",1545,0
2023-06-01,scG3agQQ79E,Cursor AI 와 Github Copilot 비교해 봤습니다 - 남들은 Cursor AI 가 더 좋다고 하던데 저는...,"May 20, 2025",1545,0
2023-06-02,scG3agQQ79E,Cursor AI 와 Github Copilot 비교해 봤습니다 - 남들은 Cursor AI 가 더 좋다고 하던데 저는...,"May 20, 2025",1545,0
2023-06-03,scG3agQQ79E,Cursor AI 와 Github Copilot 비교해 봤습니다 - 남들은 Cursor AI 가 더 좋다고 하던데 저는...,"May 20, 2025",1545,0
2023-06-04,scG3agQQ79E,Cursor AI 와 Github Copilot 비교해 봤습니다 - 남들은 Cursor AI 가 더 좋다고 하던데 저는...,"May 20, 2025",1545,0
2023-06-05,scG3agQQ79E,Cursor AI 와 Github Copilot 비교해 봤습니다 - 남들은 Cursor AI 가 더 좋다고 하던데 저는...,"May 20, 2025",1545,0
2023-06-06,scG3agQQ79E,Cursor AI 와 Github Copilot 비교해 봤습니다 - 남들은 Cursor AI 가 더 좋다고 하던데 저는...,"May 20, 2025",1545,0
2023-06-07,scG3agQQ79E,Cursor AI 와 Github Copilot 비교해 봤습니다 - 남들은 Cursor AI 가 더 좋다고 하던데 저는...,"May 20, 2025",1545,0
2023-06-08,scG3agQQ79E,Cursor AI 와 Github Copilot 비교해 봤습니다 - 남들은 Cursor AI 가 더 좋다고 하던데 저는...,"May 20, 2025",1545,0
2023-06-09,scG3agQQ79E,Cursor AI 와 Github Copilot 비교해 봤습니다 - 남들은 Cursor AI 가 더 좋다고 하던데 저는...,"May 20, 2025",1545,0
2023-06-10,scG3agQQ79E,Cursor AI 와 Github Copilot 비교해 봤습니다 - 남들은 Cursor AI 가 더 좋다고 하던데 저는...,"May 20, 2025",1545,0
2023-06-11,scG3agQQ79E,Cursor AI 와 Github Copilot 비교해 봤습니다 - 남들은 Cursor AI 가 더 좋다고 하던데 저는...,"May 20, 2025",1545,0
2023-06-12,scG3agQQ79E,Cursor AI 와 Github Copilot 비교해 봤습니다 - 남들은 Cursor AI 가 더 좋다고 하던데 저는...,"May 20, 2025",1545,0
2023-06-13,scG3agQQ79E,Cursor AI 와 Github Copilot 비교해 봤습니다 - 남들은 Cursor AI 가 더 좋다고 하던데 저는...,"May 20, 2025",1545,0
2023-06-14,scG3agQQ79E,Cursor AI 와 Github Copilot 비교해 봤습니다 - 남들은 Cursor AI 가 더 좋다고 하던데 저는...,"May 20, 2025",1545,0
2023-06-15,scG3agQQ79E,Cursor AI 와 Github Copilot 비교해 봤습니다 - 남들은 Cursor AI 가 더 좋다고 하던데 저는...,"May 20, 2025",1545,0
2023-06-16,scG3agQQ79E,Cursor AI 와 Github Copilot 비교해 봤습니다 - 남들은 Cursor AI 가 더 좋다고 하던데 저는...,"May 20, 2025",1545,0
2023-06-17,scG3agQQ79E,Cursor AI 와 Github Copilot 비교해 봤습니다 - 남들은 Cursor AI 가 더 좋다고 하던데 저는...,"May 20, 2025",1545,0
2023-06-18,scG3agQQ79E,Cursor AI 와 Github Copilot 비교해 봤습니다 - 남들은 Cursor AI 가 더 좋다고 하던데 저는...,"May 20, 2025",1545,0
2023-06-19,scG3agQQ79E,Cursor AI 와 Github Copilot 비교해 봤습니다 - 남들은 Cursor AI 가 더 좋다고 하던데 저는...,"May 20, 2025",1545,0
2023-06-20,scG3agQQ79E,Cursor AI 와 Github Copilot 비교해 봤습니다 - 남들은 Cursor AI 가 더 좋다고 하던데 저는...,"May 20, 2025",1545,0
2023-06-21,scG3agQQ79E,Cursor AI 와 Github Copilot 비교해 봤습니다 - 남들은 Cursor AI 가 더 좋다고 하던데 저는...,"May 20, 2025",1545,0
2023-06-22,scG3agQQ79E,Cursor AI 와 Github Copilot 비교해 봤습니다 - 남들은 Cursor AI 가 더 좋다고 하던데 저는...,"May 20, 2025",1545,0
2023-06-23,scG3agQQ79E,Cursor AI 와 Github Copilot 비교해 봤습니다 - 남들은 Cursor AI 가 더 좋다고 하던데 저는...,"May 20, 2025",1545,0
2023-06-24,scG3agQQ79E,Cursor AI 와 Github Copilot 비교해 봤습니다 - 남들은 Cursor AI 가 더 좋다고 하던데 저는...,"May 20, 2025",1545,0
2023-06-25,scG3agQQ79E,Cursor AI 와 Github Copilot 비교해 봤습니다 - 남들은 Cursor AI 가 더 좋다고 하던데 저는...,"May 20, 2025",1545,0
2023-06-26,scG3agQQ79E,Cursor AI 와 Github Copilot 비교해 봤습니다 - 남들은 Cursor AI 가 더 좋다고 하던데 저는...,"May 20, 2025",1545,0
2023-06-27,scG3agQQ79E,Cursor AI 와 Github Copilot 비교해 봤습니다 - 남들은 Cursor AI 가 더 좋다고 하던데 저는...,"May 20, 2025",1545,0
2023-06-28,scG3agQQ79E,Cursor AI 와 Github Copilot 비교해 봤습니다 - 남들은 Cursor AI 가 더 좋다고 하던데 저는...,"May 20, 2025",1545,0
2023-06-29,scG3agQQ79E,Cursor AI 와 Github Copilot 비교해 봤습니다 - 남들은 Cursor AI 가 더 좋다고 하던데 저는...,"May 20, 2025",1545,0
2023-06-30,scG3agQQ79E,Cursor AI 와 Github Copilot 비교해 봤습니다 - 남들은 Cursor AI 가 더 좋다고 하던데 저는...,"May 20, 2025",1545,0
2023-07-01,scG3agQQ79E,Cursor AI 와 Github Copilot 비교해 봤습니다 - 남들은 Cursor AI 가 더 좋다고 하던데 저는...,"May 20, 2025",1545,0
2023-07-02,scG3agQQ79E,Cursor AI 와 Github Copilot 비교해 봤습니다 - 남들은 Cursor AI 가 더 좋다고 하던데 저는...,"May 20, 2025",1545,0
2023-07-03,scG3agQQ79E,Cursor AI 와 Github Copilot 비교해 봤습니다 - 남들은 Cursor AI 가 더 좋다고 하던데 저는...,"May 20, 2025",1545,0
2023-07-04,scG3agQQ79E,Cursor AI 와 Github Copilot 비교해 봤습니다 - 남들은 Cursor AI 가 더 좋다고 하던데 저는...,"May 20, 2025",1545,0
2023-07-05,scG3agQQ79E,Cursor AI 와 Github Copilot 비교해 봤습니다 - 남들은 Cursor AI 가 더 좋다고 하던데 저는...,"May 20, 2025",1545,0
2023-07-06,scG3agQQ79E,Cursor AI 와 Github Copilot 비교해 봤습니다 - 남들은 Cursor AI 가 더 좋다고 하던데 저는...,"May 20, 2025",1545,0
2023-07-07,scG3agQQ79E,Cursor AI 와 Github Copilot 비교해 봤습니다 - 남들은 Cursor AI 가 더 좋다고 하던데 저는...,"May 20, 2025",1545,0
2023-07-08,scG3agQQ79E,Cursor AI 와 Github Copilot 비교해 봤습니다 - 남들은 Cursor AI 가 더 좋다고 하던데 저는...,"May 20, 2025",1545,0
2023-07-09,scG3agQQ79E,Cursor AI 와 Github Copilot 비교해 봤습니다 - 남들은 Cursor AI 가 더 좋다고 하던데 저는...,"May 20, 2025",1545,0
2023-07-10,scG3agQQ79E,Cursor AI 와 Github Copilot 비교해 봤습니다 - 남들은 Cursor AI 가 더 좋다고 하던데 저는...,"May 20, 2025",1545,0
2023-07-11,scG3agQQ79E,Cursor AI 와 Github Copilot 비교해 봤습니다 - 남들은 Cursor AI 가 더 좋다고 하던데 저는...,"May 20, 2025",1545,0
2023-07-12,scG3agQQ79E,Cursor AI 와 Github Copilot 비교해 봤습니다 - 남들은 Cursor AI 가 더 좋다고 하던데 저는...,"May 20, 2025",1545,0
2023-07-13,scG3agQQ79E,Cursor AI 와 Github Copilot 비교해 봤습니다 - 남들은 Cursor AI 가 더 좋다고 하던데 저는...,"May 20, 2025",1545,0
2023-07-14,scG3agQQ79E,Cursor AI 와 Github Copilot 비교해 봤습니다 - 남들은 Cursor AI 가 더 좋다고 하던데 저는...,"May 20, 2025",1545,0
2023-07-15,scG3agQQ79E,Cursor AI 와 Github Copilot 비교해 봤습니다 - 남들은 Cursor AI 가 더 좋다고 하던데 저는...,"May 20, 2025",1545,0
2023-07-16,scG3agQQ79E,Cursor AI 와 Github Copilot 비교해 봤습니다 - 남들은 Cursor AI 가 더 좋다고 하던데 저는...,"May 20, 2025",1545,0
2023-07-17,scG3agQQ79E,Cursor AI 와 Github Copilot 비교해 봤습니다 - 남들은 Cursor AI 가 더 좋다고 하던데 저는...,"May 20, 2025",1545,0
2023-07-18,scG3agQQ79E,Cursor AI 와 Github Copilot 비교해 봤습니다 - 남들은 Cursor AI 가 더 좋다고 하던데 저는...,"May 20, 2025",1545,0
2023-07-19,scG3agQQ79E,Cursor AI 와 Github Copilot 비교해 봤습니다 - 남들은 Cursor AI 가 더 좋다고 하던데 저는...,"May 20, 2025",1545,0
2023-07-20,scG3agQQ79E,Cursor AI 와 Github Copilot 비교해 봤습니다 - 남들은 Cursor AI 가 더 좋다고 하던데 저는...,"May 20, 2025",1545,0
2023-07-21,scG3agQQ79E,Cursor AI 와 Github Copilot 비교해 봤습니다 - 남들은 Cursor AI 가 더 좋다고 하던데 저는...,"May 20, 2025",1545,0
2023-07-22,scG3agQQ79E,Cursor AI 와 Github Copilot 비교해 봤습니다 - 남들은 Cursor AI 가 더 좋다고 하던데 저는...,"May 20, 2025",1545,0
2023-07-23,scG3agQQ79E,Cursor AI 와 Github Copilot 비교해 봤습니다 - 남들은 Cursor AI 가 더 좋다고 하던데 저는...,"May 20, 2025",1545,0
2023-07-24,scG3agQQ79E,Cursor AI 와 Github Copilot 비교해 봤습니다 - 남들은 Cursor AI 가 더 좋다고 하던데 저는...,"May 20, 2025",1545,0
2023-07-25,scG3agQQ79E,Cursor AI 와 Github Copilot 비교해 봤습니다 - 남들은 Cursor AI 가 더 좋다고 하던데 저는...,"May 20, 2025",1545,0
2023-07-26,scG3agQQ79E,Cursor AI 와 Github Copilot 비교해 봤습니다 - 남들은 Cursor AI 가 더 좋다고 하던데 저는...,"May 20, 2025",1545,0
2023-07-27,scG3agQQ79E,Cursor AI 와 Github Copilot 비교해 봤습니다 - 남들은 Cursor AI 가 더 좋다고 하던데 저는...,"May 20, 2025",1545,0
2023-07-28,scG3agQQ79E,Cursor AI 와 Github Copilot 비교해 봤습니다 - 남들은 Cursor AI 가 더 좋다고 하던데 저는...,"May 20, 2025",1545,0
2023-07-29,scG3agQQ79E,Cursor AI 와 Github Copilot 비교해 봤습니다 - 남들은 Cursor AI 가 더 좋다고 하던데 저는...,"May 20, 2025",1545,0
2023-07-30,scG3agQQ79E,Cursor AI 와 Github Copilot 비교해 봤습니다 - 남들은 Cursor AI 가 더 좋다고 하던데 저는...,"May 20, 2025",1545,0
2023-07-31,scG3agQQ79E,Cursor AI 와 Github Copilot 비교해 봤습니다 - 남들은 Cursor AI 가 더 좋다고 하던데 저는...,"May 20, 2025",1545,0
2023-08-01,scG3agQQ79E,Cursor AI 와 Github Copilot 비교해 봤습니다 - 남들은 Cursor AI 가 더 좋다고 하던데 저는...,"May 20, 2025",1545,0
2023-08-02,scG3agQQ79E,Cursor AI 와 Github Copilot 비교해 봤습니다 - 남들은 Cursor AI 가 더 좋다고 하던데 저는...,"May 20, 2025",1545,0
2023-08-03,scG3agQQ79E,Cursor AI 와 Github Copilot 비교해 봤습니다 - 남들은 Cursor AI 가 더 좋다고 하던데 저는...,"May 20, 2025",1545,0
2023-08-04,scG3agQQ79E,Cursor AI 와 Github Copilot 비교해 봤습니다 - 남들은 Cursor AI 가 더 좋다고 하던데 저는...,"May 20, 2025",1545,0
2023-08-05,scG3agQQ79E,Cursor AI 와 Github Copilot 비교해 봤습니다 - 남들은 Cursor AI 가 더 좋다고 하던데 저는...,"May 20, 2025",1545,0
2023-08-06,scG3agQQ79E,Cursor AI 와 Github Copilot 비교해 봤습니다 - 남들은 Cursor AI 가 더 좋다고 하던데 저는...,"May 20, 2025",1545,0
2023-08-07,scG3agQQ79E,Cursor AI 와 Github Copilot 비교해 봤습니다 - 남들은 Cursor AI 가 더 좋다고 하던데 저는...,"May 20, 2025",1545,0
2023-08-08,scG3agQQ79E,Cursor AI 와 Github Copilot 비교해 봤습니다 - 남들은 Cursor AI 가 더 좋다고 하던데 저는...,"May 20, 2025",1545,0
2023-08-09,scG3agQQ79E,Cursor AI 와 Github Copilot 비교해 봤습니다 - 남들은 Cursor AI 가 더 좋다고 하던데 저는...,"May 20, 2025",1545,0
2023-08-10,scG3agQQ79E,Cursor AI 와 Github Copilot 비교해 봤습니다 - 남들은 Cursor AI 가 더 좋다고 하던데 저는...,"May 20, 2025",1545,0
2023-08-11,scG3agQQ79E,Cursor AI 와 Github Copilot 비교해 봤습니다 - 남들은 Cursor AI 가 더 좋다고 하던데 저는...,"May 20, 2025",1545,0
2023-08-12,scG3agQQ79E,Cursor AI 와 Github Copilot 비교해 봤습니다 - 남들은 Cursor AI 가 더 좋다고 하던데 저는...,"May 20, 2025",1545,0
2023-08-13,scG3agQQ79E,Cursor AI 와 Github Copilot 비교해 봤습니다 - 남들은 Cursor AI 가 더 좋다고 하던데 저는...,"May 20, 2025",1545,0
2023-08-14,scG3agQQ79E,Cursor AI 와 Github Copilot 비교해 봤습니다 - 남들은 Cursor AI 가 더 좋다고 하던데 저는...,"May 20, 2025",1545,0
2023-08-15,scG3agQQ79E,Cursor AI 와 Github Copilot 비교해 봤습니다 - 남들은 Cursor AI 가 더 좋다고 하던데 저는...,"May 20, 2025",1545,0
2023-08-16,scG3agQQ79E,Cursor AI 와 Github Copilot 비교해 봤습니다 - 남들은 Cursor AI 가 더 좋다고 하던데 저는...,"May 20, 2025",1545,0
2023-08-17,scG3agQQ79E,Cursor AI 와 Github Copilot 비교해 봤습니다 - 남들은 Cursor AI 가 더 좋다고 하던데 저는...,"May 20, 2025",1545,0
2023-08-18,scG3agQQ79E,Cursor AI 와 Github Copilot 비교해 봤습니다 - 남들은 Cursor AI 가 더 좋다고 하던데 저는...,"May 20, 2025",1545,0
2023-08-19,scG3agQQ79E,Cursor AI 와 Github Copilot 비교해 봤습니다 - 남들은 Cursor AI 가 더 좋다고 하던데 저는...,"May 20, 2025",1545,0
2023-08-20,scG3agQQ79E,Cursor AI 와 Github Copilot 비교해 봤습니다 - 남들은 Cursor AI 가 더 좋다고 하던데 저는...,"May 20, 2025",1545,0
2023-08-21,scG3agQQ79E,Cursor AI 와 Github Copilot 비교해 봤습니다 - 남들은 Cursor AI 가 더 좋다고 하던데 저는...,"May 20, 2025",1545,0
2023-08-22,scG3agQQ79E,Cursor AI 와 Github Copilot 비교해 봤습니다 - 남들은 Cursor AI 가 더 좋다고 하던데 저는...,"May 20, 2025",1545,0
2023-08-23,scG3agQQ79E,Cursor AI 와 Github Copilot 비교해 봤습니다 - 남들은 Cursor AI 가 더 좋다고 하던데 저는...,"May 20, 2025",1545,0
2023-08-24,scG3agQQ79E,Cursor AI 와 Github Copilot 비교해 봤습니다 - 남들은 Cursor AI 가 더 좋다고 하던데 저는...,"May 20, 2025",1545,0
2023-08-25,scG3agQQ79E,Cursor AI 와 Github Copilot 비교해 봤습니다 - 남들은 Cursor AI 가 더 좋다고 하던데 저는...,"May 20, 2025",1545,0
2023-08-26,scG3agQQ79E,Cursor AI 와 Github Copilot 비교해 봤습니다 - 남들은 Cursor AI 가 더 좋다고 하던데 저는...,"May 20, 2025",1545,0
2023-08-27,scG3agQQ79E,Cursor AI 와 Github Copilot 비교해 봤습니다 - 남들은 Cursor AI 가 더 좋다고 하던데 저는...,"May 20, 2025",1545,0
2023-08-28,scG3agQQ79E,Cursor AI 와 Github Copilot 비교해 봤습니다 - 남들은 Cursor AI 가 더 좋다고 하던데 저는...,"May 20, 2025",1545,0
2023-08-29,scG3agQQ79E,Cursor AI 와 Github Copilot 비교해 봤습니다 - 남들은 Cursor AI 가 더 좋다고 하던데 저는...,"May 20, 2025",1545,0
2023-08-30,scG3agQQ79E,Cursor AI 와 Github Copilot 비교해 봤습니다 - 남들은 Cursor AI 가 더 좋다고 하던데 저는...,"May 20, 2025",1545,0
2023-08-31,scG3agQQ79E,Cursor AI 와 Github Copilot 비교해 봤습니다 - 남들은 Cursor AI 가 더 좋다고 하던데 저는...,"May 20, 2025",1545,0
2023-09-01,scG3agQQ79E,Cursor AI 와 Github Copilot 비교해 봤습니다 - 남들은 Cursor AI 가 더 좋다고 하던데 저는...,"May 20, 2025",1545,0
2023-09-02,scG3agQQ79E,Cursor AI 와 Github Copilot 비교해 봤습니다 - 남들은 Cursor AI 가 더 좋다고 하던데 저는...,"May 20, 2025",1545,0
2023-09-03,scG3agQQ79E,Cursor AI 와 Github Copilot 비교해 봤습니다 - 남들은 Cursor AI 가 더 좋다고 하던데 저는...,"May 20, 2025",1545,0
2023-09-04,scG3agQQ79E,Cursor AI 와 Github Copilot 비교해 봤습니다 - 남들은 Cursor AI 가 더 좋다고 하던데 저는...,"May 20, 2025",1545,0
2023-09-05,scG3agQQ79E,Cursor AI 와 Github Copilot 비교해 봤습니다 - 남들은 Cursor AI 가 더 좋다고 하던데 저는...,"May 20, 2025",1545,0
2023-09-06,scG3agQQ79E,Cursor AI 와 Github Copilot 비교해 봤습니다 - 남들은 Cursor AI 가 더 좋다고 하던데 저는...,"May 20, 2025",1545,0
2023-09-07,scG3agQQ79E,Cursor AI 와 Github Copilot 비교해 봤습니다 - 남들은 Cursor AI 가 더 좋다고 하던데 저는...,"May 20, 2025",1545,0
2023-09-08,scG3agQQ79E,Cursor AI 와 Github Copilot 비교해 봤습니다 - 남들은 Cursor AI 가 더 좋다고 하던데 저는...,"May 20, 2025",1545,0
2023-09-09,scG3agQQ79E,Cursor AI 와 Github Copilot 비교해 봤습니다 - 남들은 Cursor AI 가 더 좋다고 하던데 저는...,"May 20, 2025",1545,0
2023-09-10,scG3agQQ79E,Cursor AI 와 Github Copilot 비교해 봤습니다 - 남들은 Cursor AI 가 더 좋다고 하던데 저는...,"May 20, 2025",1545,0
2023-09-11,scG3agQQ79E,Cursor AI 와 Github Copilot 비교해 봤습니다 - 남들은 Cursor AI 가 더 좋다고 하던데 저는...,"May 20, 2025",1545,0
2023-09-12,scG3agQQ79E,Cursor AI 와 Github Copilot 비교해 봤습니다 - 남들은 Cursor AI 가 더 좋다고 하던데 저는...,"May 20, 2025",1545,0
2023-09-13,scG3agQQ79E,Cursor AI 와 Github Copilot 비교해 봤습니다 - 남들은 Cursor AI 가 더 좋다고 하던데 저는...,"May 20, 2025",1545,0
2023-09-14,scG3agQQ79E,Cursor AI 와 Github Copilot 비교해 봤습니다 - 남들은 Cursor AI 가 더 좋다고 하던데 저는...,"May 20, 2025",1545,0
2023-09-15,scG3agQQ79E,Cursor AI 와 Github Copilot 비교해 봤습니다 - 남들은 Cursor AI 가 더 좋다고 하던데 저는...,"May 20, 2025",1545,0
2023-09-16,scG3agQQ79E,Cursor AI 와 Github Copilot 비교해 봤습니다 - 남들은 Cursor AI 가 더 좋다고 하던데 저는...,"May 20, 2025",1545,0
2023-09-17,scG3agQQ79E,Cursor AI 와 Github Copilot 비교해 봤습니다 - 남들은 Cursor AI 가 더 좋다고 하던데 저는...,"May 20, 2025",1545,0
2023-09-18,scG3agQQ79E,Cursor AI 와 Github Copilot 비교해 봤습니다 - 남들은 Cursor AI 가 더 좋다고 하던데 저는...,"May 20, 2025",1545,0
2023-09-19,scG3agQQ79E,Cursor AI 와 Github Copilot 비교해 봤습니다 - 남들은 Cursor AI 가 더 좋다고 하던데 저는...,"May 20, 2025",1545,0
2023-09-20,scG3agQQ79E,Cursor AI 와 Github Copilot 비교해 봤습니다 - 남들은 Cursor AI 가 더 좋다고 하던데 저는...,"May 20, 2025",1545,0
2023-09-21,scG3agQQ79E,Cursor AI 와 Github Copilot 비교해 봤습니다 - 남들은 Cursor AI 가 더 좋다고 하던데 저는...,"May 20, 2025",1545,0
2023-09-22,scG3agQQ79E,Cursor AI 와 Github Copilot 비교해 봤습니다 - 남들은 Cursor AI 가 더 좋다고 하던데 저는...,"May 20, 2025",1545,0
2023-09-23,scG3agQQ79E,Cursor AI 와 Github Copilot 비교해 봤습니다 - 남들은 Cursor AI 가 더 좋다고 하던데 저는...,"May 20, 2025",1545,0
2023-09-24,scG3agQQ79E,Cursor AI 와 Github Copilot 비교해 봤습니다 - 남들은 Cursor AI 가 더 좋다고 하던데 저는...,"May 20, 2025",1545,0
2023-09-25,scG3agQQ79E,Cursor AI 와 Github Copilot 비교해 봤습니다 - 남들은 Cursor AI 가 더 좋다고 하던데 저는...,"May 20, 2025",1545,0
2023-09-26,scG3agQQ79E,Cursor AI 와 Github Copilot 비교해 봤습니다 - 남들은 Cursor AI 가 더 좋다고 하던데 저는...,"May 20, 2025",1545,0
2023-09-27,scG3agQQ79E,Cursor AI 와 Github Copilot 비교해 봤습니다 - 남들은 Cursor AI 가 더 좋다고 하던데 저는...,"May 20, 2025",1545,0
2023-09-28,scG3agQQ79E,Cursor AI 와 Github Copilot 비교해 봤습니다 - 남들은 Cursor AI 가 더 좋다고 하던데 저는...,"May 20, 2025",1545,0
2023-09-29,scG3agQQ79E,Cursor AI 와 Github Copilot 비교해 봤습니다 - 남들은 Cursor AI 가 더 좋다고 하던데 저는...,"May 20, 2025",1545,0
2023-09-30,scG3agQQ79E,Cursor AI 와 Github Copilot 비교해 봤습니다 - 남들은 Cursor AI 가 더 좋다고 하던데 저는...,"May 20, 2025",1545,0
2023-10-01,scG3agQQ79E,Cursor AI 와 Github Copilot 비교해 봤습니다 - 남들은 Cursor AI 가 더 좋다고 하던데 저는...,"May 20, 2025",1545,0
2023-10-02,scG3agQQ79E,Cursor AI 와 Github Copilot 비교해 봤습니다 - 남들은 Cursor AI 가 더 좋다고 하던데 저는...,"May 20, 2025",1545,0
2023-10-03,scG3agQQ79E,Cursor AI 와 Github Copilot 비교해 봤습니다 - 남들은 Cursor AI 가 더 좋다고 하던데 저는...,"May 20, 2025",1545,0
2023-10-04,scG3agQQ79E,Cursor AI 와 Github Copilot 비교해 봤습니다 - 남들은 Cursor AI 가 더 좋다고 하던데 저는...,"May 20, 2025",1545,0
2023-10-05,scG3agQQ79E,Cursor AI 와 Github Copilot 비교해 봤습니다 - 남들은 Cursor AI 가 더 좋다고 하던데 저는...,"May 20, 2025",1545,0
2023-10-06,scG3agQQ79E,Cursor AI 와 Github Copilot 비교해 봤습니다 - 남들은 Cursor AI 가 더 좋다고 하던데 저는...,"May 20, 2025",1545,0
2023-10-07,scG3agQQ79E,Cursor AI 와 Github Copilot 비교해 봤습니다 - 남들은 Cursor AI 가 더 좋다고 하던데 저는...,"May 20, 2025",1545,0
2023-10-08,scG3agQQ79E,Cursor AI 와 Github Copilot 비교해 봤습니다 - 남들은 Cursor AI 가 더 좋다고 하던데 저는...,"May 20, 2025",1545,0
2023-10-09,scG3agQQ79E,Cursor AI 와 Github Copilot 비교해 봤습니다 - 남들은 Cursor AI 가 더 좋다고 하던데 저는...,"May 20, 2025",1545,0
2023-10-10,scG3agQQ79E,Cursor AI 와 Github Copilot 비교해 봤습니다 - 남들은 Cursor AI 가 더 좋다고 하던데 저는...,"May 20, 2025",1545,0
2023-10-11,scG3agQQ79E,Cursor AI 와 Github Copilot 비교해 봤습니다 - 남들은 Cursor AI 가 더 좋다고 하던데 저는...,"May 20, 2025",1545,0
2023-10-12,scG3agQQ79E,Cursor AI 와 Github Copilot 비교해 봤습니다 - 남들은 Cursor AI 가 더 좋다고 하던데 저는...,"May 20, 2025",1545,0
2023-10-13,scG3agQQ79E,Cursor AI 와 Github Copilot 비교해 봤습니다 - 남들은 Cursor AI 가 더 좋다고 하던데 저는...,"May 20, 2025",1545,0
2023-10-14,scG3agQQ79E,Cursor AI 와 Github Copilot 비교해 봤습니다 - 남들은 Cursor AI 가 더 좋다고 하던데 저는...,"May 20, 2025",1545,0
2023-10-15,scG3agQQ79E,Cursor AI 와 Github Copilot 비교해 봤습니다 - 남들은 Cursor AI 가 더 좋다고 하던데 저는...,"May 20, 2025",1545,0
2023-10-16,scG3agQQ79E,Cursor AI 와 Github Copilot 비교해 봤습니다 - 남들은 Cursor AI 가 더 좋다고 하던데 저는...,"May 20, 2025",1545,0
2023-10-17,scG3agQQ79E,Cursor AI 와 Github Copilot 비교해 봤습니다 - 남들은 Cursor AI 가 더 좋다고 하던데 저는...,"May 20, 2025",1545,0
2023-10-18,scG3agQQ79E,Cursor AI 와 Github Copilot 비교해 봤습니다 - 남들은 Cursor AI 가 더 좋다고 하던데 저는...,"May 20, 2025",1545,0
2023-10-19,scG3agQQ79E,Cursor AI 와 Github Copilot 비교해 봤습니다 - 남들은 Cursor AI 가 더 좋다고 하던데 저는...,"May 20, 2025",1545,0
2023-10-20,scG3agQQ79E,Cursor AI 와 Github Copilot 비교해 봤습니다 - 남들은 Cursor AI 가 더 좋다고 하던데 저는...,"May 20, 2025",1545,0
2023-10-21,scG3agQQ79E,Cursor AI 와 Github Copilot 비교해 봤습니다 - 남들은 Cursor AI 가 더 좋다고 하던데 저는...,"May 20, 2025",1545,0
2023-10-22,scG3agQQ79E,Cursor AI 와 Github Copilot 비교해 봤습니다 - 남들은 Cursor AI 가 더 좋다고 하던데 저는...,"May 20, 2025",1545,0
2023-10-23,scG3agQQ79E,Cursor AI 와 Github Copilot 비교해 봤습니다 - 남들은 Cursor AI 가 더 좋다고 하던데 저는...,"May 20, 2025",1545,0
2023-10-24,scG3agQQ79E,Cursor AI 와 Github Copilot 비교해 봤습니다 - 남들은 Cursor AI 가 더 좋다고 하던데 저는...,"May 20, 2025",1545,0
2023-10-25,scG3agQQ79E,Cursor AI 와 Github Copilot 비교해 봤습니다 - 남들은 Cursor AI 가 더 좋다고 하던데 저는...,"May 20, 2025",1545,0
2023-10-26,scG3agQQ79E,Cursor AI 와 Github Copilot 비교해 봤습니다 - 남들은 Cursor AI 가 더 좋다고 하던데 저는...,"May 20, 2025",1545,0
2023-10-27,scG3agQQ79E,Cursor AI 와 Github Copilot 비교해 봤습니다 - 남들은 Cursor AI 가 더 좋다고 하던데 저는...,"May 20, 2025",1545,0
2023-10-28,scG3agQQ79E,Cursor AI 와 Github Copilot 비교해 봤습니다 - 남들은 Cursor AI 가 더 좋다고 하던데 저는...,"May 20, 2025",1545,0
2023-10-29,scG3agQQ79E,Cursor AI 와 Github Copilot 비교해 봤습니다 - 남들은 Cursor AI 가 더 좋다고 하던데 저는...,"May 20, 2025",1545,0
2023-10-30,scG3agQQ79E,Cursor AI 와 Github Copilot 비교해 봤습니다 - 남들은 Cursor AI 가 더 좋다고 하던데 저는...,"May 20, 2025",1545,0
2023-10-31,scG3agQQ79E,Cursor AI 와 Github Copilot 비교해 봤습니다 - 남들은 Cursor AI 가 더 좋다고 하던데 저는...,"May 20, 2025",1545,0
2023-11-01,scG3agQQ79E,Cursor AI 와 Github Copilot 비교해 봤습니다 - 남들은 Cursor AI 가 더 좋다고 하던데 저는...,"May 20, 2025",1545,0
2023-11-02,scG3agQQ79E,Cursor AI 와 Github Copilot 비교해 봤습니다 - 남들은 Cursor AI 가 더 좋다고 하던데 저는...,"May 20, 2025",1545,0
2023-11-03,scG3agQQ79E,Cursor AI 와 Github Copilot 비교해 봤습니다 - 남들은 Cursor AI 가 더 좋다고 하던데 저는...,"May 20, 2025",1545,0
2023-11-04,scG3agQQ79E,Cursor AI 와 Github Copilot 비교해 봤습니다 - 남들은 Cursor AI 가 더 좋다고 하던데 저는...,"May 20, 2025",1545,0
2023-11-05,scG3agQQ79E,Cursor AI 와 Github Copilot 비교해 봤습니다 - 남들은 Cursor AI 가 더 좋다고 하던데 저는...,"May 20, 2025",1545,0
2023-11-06,scG3agQQ79E,Cursor AI 와 Github Copilot 비교해 봤습니다 - 남들은 Cursor AI 가 더 좋다고 하던데 저는...,"May 20, 2025",1545,0
2023-11-07,scG3agQQ79E,Cursor AI 와 Github Copilot 비교해 봤습니다 - 남들은 Cursor AI 가 더 좋다고 하던데 저는...,"May 20, 2025",1545,0
2023-11-08,scG3agQQ79E,Cursor AI 와 Github Copilot 비교해 봤습니다 - 남들은 Cursor AI 가 더 좋다고 하던데 저는...,"May 20, 2025",1545,0
2023-11-09,scG3agQQ79E,Cursor AI 와 Github Copilot 비교해 봤습니다 - 남들은 Cursor AI 가 더 좋다고 하던데 저는...,"May 20, 2025",1545,0
2023-11-10,scG3agQQ79E,Cursor AI 와 Github Copilot 비교해 봤습니다 - 남들은 Cursor AI 가 더 좋다고 하던데 저는...,"May 20, 2025",1545,0
2023-11-11,scG3agQQ79E,Cursor AI 와 Github Copilot 비교해 봤습니다 - 남들은 Cursor AI 가 더 좋다고 하던데 저는...,"May 20, 2025",1545,0
2023-11-12,scG3agQQ79E,Cursor AI 와 Github Copilot 비교해 봤습니다 - 남들은 Cursor AI 가 더 좋다고 하던데 저는...,"May 20, 2025",1545,0
2023-11-13,scG3agQQ79E,Cursor AI 와 Github Copilot 비교해 봤습니다 - 남들은 Cursor AI 가 더 좋다고 하던데 저는...,"May 20, 2025",1545,0
2023-11-14,scG3agQQ79E,Cursor AI 와 Github Copilot 비교해 봤습니다 - 남들은 Cursor AI 가 더 좋다고 하던데 저는...,"May 20, 2025",1545,0
2023-11-15,scG3agQQ79E,Cursor AI 와 Github Copilot 비교해 봤습니다 - 남들은 Cursor AI 가 더 좋다고 하던데 저는...,"May 20, 2025",1545,0
2023-11-16,scG3agQQ79E,Cursor AI 와 Github Copilot 비교해 봤습니다 - 남들은 Cursor AI 가 더 좋다고 하던데 저는...,"May 20, 2025",1545,0
2023-11-17,scG3agQQ79E,Cursor AI 와 Github Copilot 비교해 봤습니다 - 남들은 Cursor AI 가 더 좋다고 하던데 저는...,"May 20, 2025",1545,0
2023-11-18,scG3agQQ79E,Cursor AI 와 Github Copilot 비교해 봤습니다 - 남들은 Cursor AI 가 더 좋다고 하던데 저는...,"May 20, 2025",1545,0
2023-11-19,scG3agQQ79E,Cursor AI 와 Github Copilot 비교해 봤습니다 - 남들은 Cursor AI 가 더 좋다고 하던데 저는...,"May 20, 2025",1545,0
2023-11-20,scG3agQQ79E,Cursor AI 와 Github Copilot 비교해 봤습니다 - 남들은 Cursor AI 가 더 좋다고 하던데 저는...,"May 20, 2025",1545,0
2023-11-21,scG3agQQ79E,Cursor AI 와 Github Copilot 비교해 봤습니다 - 남들은 Cursor AI 가 더 좋다고 하던데 저는...,"May 20, 2025",1545,0
2023-11-22,scG3agQQ79E,Cursor AI 와 Github Copilot 비교해 봤습니다 - 남들은 Cursor AI 가 더 좋다고 하던데 저는...,"May 20, 2025",1545,0
2023-11-23,scG3agQQ79E,Cursor AI 와 Github Copilot 비교해 봤습니다 - 남들은 Cursor AI 가 더 좋다고 하던데 저는...,"May 20, 2025",1545,0
2023-11-24,scG3agQQ79E,Cursor AI 와 Github Copilot 비교해 봤습니다 - 남들은 Cursor AI 가 더 좋다고 하던데 저는...,"May 20, 2025",1545,0
2023-11-25,scG3agQQ79E,Cursor AI 와 Github Copilot 비교해 봤습니다 - 남들은 Cursor AI 가 더 좋다고 하던데 저는...,"May 20, 2025",1545,0
2023-11-26,scG3agQQ79E,Cursor AI 와 Github Copilot 비교해 봤습니다 - 남들은 Cursor AI 가 더 좋다고 하던데 저는...,"May 20, 2025",1545,0
2023-11-27,scG3agQQ79E,Cursor AI 와 Github Copilot 비교해 봤습니다 - 남들은 Cursor AI 가 더 좋다고 하던데 저는...,"May 20, 2025",1545,0
2023-11-28,scG3agQQ79E,Cursor AI 와 Github Copilot 비교해 봤습니다 - 남들은 Cursor AI 가 더 좋다고 하던데 저는...,"May 20, 2025",1545,0
2023-11-29,scG3agQQ79E,Cursor AI 와 Github Copilot 비교해 봤습니다 - 남들은 Cursor AI 가 더 좋다고 하던데 저는...,"May 20, 2025",1545,0
2023-11-30,scG3agQQ79E,Cursor AI 와 Github Copilot 비교해 봤습니다 - 남들은 Cursor AI 가 더 좋다고 하던데 저는...,"May 20, 2025",1545,0
2023-12-01,scG3agQQ79E,Cursor AI 와 Github Copilot 비교해 봤습니다 - 남들은 Cursor AI 가 더 좋다고 하던데 저는...,"May 20, 2025",1545,0
2023-12-02,scG3agQQ79E,Cursor AI 와 Github Copilot 비교해 봤습니다 - 남들은 Cursor AI 가 더 좋다고 하던데 저는...,"May 20, 2025",1545,0
2023-12-03,scG3agQQ79E,Cursor AI 와 Github Copilot 비교해 봤습니다 - 남들은 Cursor AI 가 더 좋다고 하던데 저는...,"May 20, 2025",1545,0
2023-12-04,scG3agQQ79E,Cursor AI 와 Github Copilot 비교해 봤습니다 - 남들은 Cursor AI 가 더 좋다고 하던데 저는...,"May 20, 2025",1545,0
2023-12-05,scG3agQQ79E,Cursor AI 와 Github Copilot 비교해 봤습니다 - 남들은 Cursor AI 가 더 좋다고 하던데 저는...,"May 20, 2025",1545,0
2023-12-06,scG3agQQ79E,Cursor AI 와 Github Copilot 비교해 봤습니다 - 남들은 Cursor AI 가 더 좋다고 하던데 저는...,"May 20, 2025",1545,0
2023-12-07,scG3agQQ79E,Cursor AI 와 Github Copilot 비교해 봤습니다 - 남들은 Cursor AI 가 더 좋다고 하던데 저는...,"May 20, 2025",1545,0
2023-12-08,scG3agQQ79E,Cursor AI 와 Github Copilot 비교해 봤습니다 - 남들은 Cursor AI 가 더 좋다고 하던데 저는...,"May 20, 2025",1545,0
2023-12-09,scG3agQQ79E,Cursor AI 와 Github Copilot 비교해 봤습니다 - 남들은 Cursor AI 가 더 좋다고 하던데 저는...,"May 20, 2025",1545,0
2023-12-10,scG3agQQ79E,Cursor AI 와 Github Copilot 비교해 봤습니다 - 남들은 Cursor AI 가 더 좋다고 하던데 저는...,"May 20, 2025",1545,0
2023-12-11,scG3agQQ79E,Cursor AI 와 Github Copilot 비교해 봤습니다 - 남들은 Cursor AI 가 더 좋다고 하던데 저는...,"May 20, 2025",1545,0
2023-12-12,scG3agQQ79E,Cursor AI 와 Github Copilot 비교해 봤습니다 - 남들은 Cursor AI 가 더 좋다고 하던데 저는...,"May 20, 2025",1545,0
2023-12-13,scG3agQQ79E,Cursor AI 와 Github Copilot 비교해 봤습니다 - 남들은 Cursor AI 가 더 좋다고 하던데 저는...,"May 20, 2025",1545,0
2023-12-14,scG3agQQ79E,Cursor AI 와 Github Copilot 비교해 봤습니다 - 남들은 Cursor AI 가 더 좋다고 하던데 저는...,"May 20, 2025",1545,0
2023-12-15,scG3agQQ79E,Cursor AI 와 Github Copilot 비교해 봤습니다 - 남들은 Cursor AI 가 더 좋다고 하던데 저는...,"May 20, 2025",1545,0
2023-12-16,scG3agQQ79E,Cursor AI 와 Github Copilot 비교해 봤습니다 - 남들은 Cursor AI 가 더 좋다고 하던데 저는...,"May 20, 2025",1545,0
2023-12-17,scG3agQQ79E,Cursor AI 와 Github Copilot 비교해 봤습니다 - 남들은 Cursor AI 가 더 좋다고 하던데 저는...,"May 20, 2025",1545,0
2023-12-18,scG3agQQ79E,Cursor AI 와 Github Copilot 비교해 봤습니다 - 남들은 Cursor AI 가 더 좋다고 하던데 저는...,"May 20, 2025",1545,0
2023-12-19,scG3agQQ79E,Cursor AI 와 Github Copilot 비교해 봤습니다 - 남들은 Cursor AI 가 더 좋다고 하던데 저는...,"May 20, 2025",1545,0
2023-12-20,scG3agQQ79E,Cursor AI 와 Github Copilot 비교해 봤습니다 - 남들은 Cursor AI 가 더 좋다고 하던데 저는...,"May 20, 2025",1545,0
2023-12-21,scG3agQQ79E,Cursor AI 와 Github Copilot 비교해 봤습니다 - 남들은 Cursor AI 가 더 좋다고 하던데 저는...,"May 20, 2025",1545,0
2023-12-22,scG3agQQ79E,Cursor AI 와 Github Copilot 비교해 봤습니다 - 남들은 Cursor AI 가 더 좋다고 하던데 저는...,"May 20, 2025",1545,0
2023-12-23,scG3agQQ79E,Cursor AI 와 Github Copilot 비교해 봤습니다 - 남들은 Cursor AI 가 더 좋다고 하던데 저는...,"May 20, 2025",1545,0
2023-12-24,scG3agQQ79E,Cursor AI 와 Github Copilot 비교해 봤습니다 - 남들은 Cursor AI 가 더 좋다고 하던데 저는...,"May 20, 2025",1545,0
2023-12-25,scG3agQQ79E,Cursor AI 와 Github Copilot 비교해 봤습니다 - 남들은 Cursor AI 가 더 좋다고 하던데 저는...,"May 20, 2025",1545,0
2023-12-26,scG3agQQ79E,Cursor AI 와 Github Copilot 비교해 봤습니다 - 남들은 Cursor AI 가 더 좋다고 하던데 저는...,"May 20, 2025",1545,0
2023-12-27,scG3agQQ79E,Cursor AI 와 Github Copilot 비교해 봤습니다 - 남들은 Cursor AI 가 더 좋다고 하던데 저는...,"May 20, 2025",1545,0
2023-12-28,scG3agQQ79E,Cursor AI 와 Github Copilot 비교해 봤습니다 - 남들은 Cursor AI 가 더 좋다고 하던데 저는...,"May 20, 2025",1545,0
2023-12-29,scG3agQQ79E,Cursor AI 와 Github Copilot 비교해 봤습니다 - 남들은 Cursor AI 가 더 좋다고 하던데 저는...,"May 20, 2025",1545,0
2023-12-30,scG3agQQ79E,Cursor AI 와 Github Copilot 비교해 봤습니다 - 남들은 Cursor AI 가 더 좋다고 하던데 저는...,"May 20, 2025",1545,0
2023-12-31,scG3agQQ79E,Cursor AI 와 Github Copilot 비교해 봤습니다 - 남들은 Cursor AI 가 더 좋다고 하던데 저는...,"May 20, 2025",1545,0
2024-01-01,scG3agQQ79E,Cursor AI 와 Github Copilot 비교해 봤습니다 - 남들은 Cursor AI 가 더 좋다고 하던데 저는...,"May 20, 2025",1545,0
2024-01-02,scG3agQQ79E,Cursor AI 와 Github Copilot 비교해 봤습니다 - 남들은 Cursor AI 가 더 좋다고 하던데 저는...,"May 20, 2025",1545,0
2024-01-03,scG3agQQ79E,Cursor AI 와 Github Copilot 비교해 봤습니다 - 남들은 Cursor AI 가 더 좋다고 하던데 저는...,"May 20, 2025",1545,0
2024-01-04,scG3agQQ79E,Cursor AI 와 Github Copilot 비교해 봤습니다 - 남들은 Cursor AI 가 더 좋다고 하던데 저는...,"May 20, 2025",1545,0
2024-01-05,scG3agQQ79E,Cursor AI 와 Github Copilot 비교해 봤습니다 - 남들은 Cursor AI 가 더 좋다고 하던데 저는...,"May 20, 2025",1545,0
2024-01-06,scG3agQQ79E,Cursor AI 와 Github Copilot 비교해 봤습니다 - 남들은 Cursor AI 가 더 좋다고 하던데 저는...,"May 20, 2025",1545,0
2024-01-07,scG3agQQ79E,Cursor AI 와 Github Copilot 비교해 봤습니다 - 남들은 Cursor AI 가 더 좋다고 하던데 저는...,"May 20, 2025",1545,0
2024-01-08,scG3agQQ79E,Cursor AI 와 Github Copilot 비교해 봤습니다 - 남들은 Cursor AI 가 더 좋다고 하던데 저는...,"May 20, 2025",1545,0
2024-01-09,scG3agQQ79E,Cursor AI 와 Github Copilot 비교해 봤습니다 - 남들은 Cursor AI 가 더 좋다고 하던데 저는...,"May 20, 2025",1545,0
2024-01-10,scG3agQQ79E,Cursor AI 와 Github Copilot 비교해 봤습니다 - 남들은 Cursor AI 가 더 좋다고 하던데 저는...,"May 20, 2025",1545,0
2024-01-11,scG3agQQ79E,Cursor AI 와 Github Copilot 비교해 봤습니다 - 남들은 Cursor AI 가 더 좋다고 하던데 저는...,"May 20, 2025",1545,0
2024-01-12,scG3agQQ79E,Cursor AI 와 Github Copilot 비교해 봤습니다 - 남들은 Cursor AI 가 더 좋다고 하던데 저는...,"May 20, 2025",1545,0
2024-01-13,scG3agQQ79E,Cursor AI 와 Github Copilot 비교해 봤습니다 - 남들은 Cursor AI 가 더 좋다고 하던데 저는...,"May 20, 2025",1545,0
2024-01-14,scG3agQQ79E,Cursor AI 와 Github Copilot 비교해 봤습니다 - 남들은 Cursor AI 가 더 좋다고 하던데 저는...,"May 20, 2025",1545,0
2024-01-15,scG3agQQ79E,Cursor AI 와 Github Copilot 비교해 봤습니다 - 남들은 Cursor AI 가 더 좋다고 하던데 저는...,"May 20, 2025",1545,0
2024-01-16,scG3agQQ79E,Cursor AI 와 Github Copilot 비교해 봤습니다 - 남들은 Cursor AI 가 더 좋다고 하던데 저는...,"May 20, 2025",1545,0
2024-01-17,scG3agQQ79E,Cursor AI 와 Github Copilot 비교해 봤습니다 - 남들은 Cursor AI 가 더 좋다고 하던데 저는...,"May 20, 2025",1545,0
2024-01-18,scG3agQQ79E,Cursor AI 와 Github Copilot 비교해 봤습니다 - 남들은 Cursor AI 가 더 좋다고 하던데 저는...,"May 20, 2025",1545,0
2024-01-19,scG3agQQ79E,Cursor AI 와 Github Copilot 비교해 봤습니다 - 남들은 Cursor AI 가 더 좋다고 하던데 저는...,"May 20, 2025",1545,0
2024-01-20,scG3agQQ79E,Cursor AI 와 Github Copilot 비교해 봤습니다 - 남들은 Cursor AI 가 더 좋다고 하던데 저는...,"May 20, 2025",1545,0
2024-01-21,scG3agQQ79E,Cursor AI 와 Github Copilot 비교해 봤습니다 - 남들은 Cursor AI 가 더 좋다고 하던데 저는...,"May 20, 2025",1545,0
2024-01-22,scG3agQQ79E,Cursor AI 와 Github Copilot 비교해 봤습니다 - 남들은 Cursor AI 가 더 좋다고 하던데 저는...,"May 20, 2025",1545,0
2024-01-23,scG3agQQ79E,Cursor AI 와 Github Copilot 비교해 봤습니다 - 남들은 Cursor AI 가 더 좋다고 하던데 저는...,"May 20, 2025",1545,0
2024-01-24,scG3agQQ79E,Cursor AI 와 Github Copilot 비교해 봤습니다 - 남들은 Cursor AI 가 더 좋다고 하던데 저는...,"May 20, 2025",1545,0
2024-01-25,scG3agQQ79E,Cursor AI 와 Github Copilot 비교해 봤습니다 - 남들은 Cursor AI 가 더 좋다고 하던데 저는...,"May 20, 2025",1545,0
2024-01-26,scG3agQQ79E,Cursor AI 와 Github Copilot 비교해 봤습니다 - 남들은 Cursor AI 가 더 좋다고 하던데 저는...,"May 20, 2025",1545,0
2024-01-27,scG3agQQ79E,Cursor AI 와 Github Copilot 비교해 봤습니다 - 남들은 Cursor AI 가 더 좋다고 하던데 저는...,"May 20, 2025",1545,0
2024-01-28,scG3agQQ79E,Cursor AI 와 Github Copilot 비교해 봤습니다 - 남들은 Cursor AI 가 더 좋다고 하던데 저는...,"May 20, 2025",1545,0
2024-01-29,scG3agQQ79E,Cursor AI 와 Github Copilot 비교해 봤습니다 - 남들은 Cursor AI 가 더 좋다고 하던데 저는...,"May 20, 2025",1545,0
2024-01-30,scG3agQQ79E,Cursor AI 와 Github Copilot 비교해 봤습니다 - 남들은 Cursor AI 가 더 좋다고 하던데 저는...,"May 20, 2025",1545,0
2024-01-31,scG3agQQ79E,Cursor AI 와 Github Copilot 비교해 봤습니다 - 남들은 Cursor AI 가 더 좋다고 하던데 저는...,"May 20, 2025",1545,0
2024-02-01,scG3agQQ79E,Cursor AI 와 Github Copilot 비교해 봤습니다 - 남들은 Cursor AI 가 더 좋다고 하던데 저는...,"May 20, 2025",1545,0
2024-02-02,scG3agQQ79E,Cursor AI 와 Github Copilot 비교해 봤습니다 - 남들은 Cursor AI 가 더 좋다고 하던데 저는...,"May 20, 2025",1545,0
2024-02-03,scG3agQQ79E,Cursor AI 와 Github Copilot 비교해 봤습니다 - 남들은 Cursor AI 가 더 좋다고 하던데 저는...,"May 20, 2025",1545,0
2024-02-04,scG3agQQ79E,Cursor AI 와 Github Copilot 비교해 봤습니다 - 남들은 Cursor AI 가 더 좋다고 하던데 저는...,"May 20, 2025",1545,0
2024-02-05,scG3agQQ79E,Cursor AI 와 Github Copilot 비교해 봤습니다 - 남들은 Cursor AI 가 더 좋다고 하던데 저는...,"May 20, 2025",1545,0
2024-02-06,scG3agQQ79E,Cursor AI 와 Github Copilot 비교해 봤습니다 - 남들은 Cursor AI 가 더 좋다고 하던데 저는...,"May 20, 2025",1545,0
2024-02-07,scG3agQQ79E,Cursor AI 와 Github Copilot 비교해 봤습니다 - 남들은 Cursor AI 가 더 좋다고 하던데 저는...,"May 20, 2025",1545,0
2024-02-08,scG3agQQ79E,Cursor AI 와 Github Copilot 비교해 봤습니다 - 남들은 Cursor AI 가 더 좋다고 하던데 저는...,"May 20, 2025",1545,0
2024-02-09,scG3agQQ79E,Cursor AI 와 Github Copilot 비교해 봤습니다 - 남들은 Cursor AI 가 더 좋다고 하던데 저는...,"May 20, 2025",1545,0
2024-02-10,scG3agQQ79E,Cursor AI 와 Github Copilot 비교해 봤습니다 - 남들은 Cursor AI 가 더 좋다고 하던데 저는...,"May 20, 2025",1545,0
2024-02-11,scG3agQQ79E,Cursor AI 와 Github Copilot 비교해 봤습니다 - 남들은 Cursor AI 가 더 좋다고 하던데 저는...,"May 20, 2025",1545,0
2024-02-12,scG3agQQ79E,Cursor AI 와 Github Copilot 비교해 봤습니다 - 남들은 Cursor AI 가 더 좋다고 하던데 저는...,"May 20, 2025",1545,0
2024-02-13,scG3agQQ79E,Cursor AI 와 Github Copilot 비교해 봤습니다 - 남들은 Cursor AI 가 더 좋다고 하던데 저는...,"May 20, 2025",1545,0
2024-02-14,scG3agQQ79E,Cursor AI 와 Github Copilot 비교해 봤습니다 - 남들은 Cursor AI 가 더 좋다고 하던데 저는...,"May 20, 2025",1545,0
2024-02-15,scG3agQQ79E,Cursor AI 와 Github Copilot 비교해 봤습니다 - 남들은 Cursor AI 가 더 좋다고 하던데 저는...,"May 20, 2025",1545,0
2024-02-16,scG3agQQ79E,Cursor AI 와 Github Copilot 비교해 봤습니다 - 남들은 Cursor AI 가 더 좋다고 하던데 저는...,"May 20, 2025",1545,0
2024-02-17,scG3agQQ79E,Cursor AI 와 Github Copilot 비교해 봤습니다 - 남들은 Cursor AI 가 더 좋다고 하던데 저는...,"May 20, 2025",1545,0
2024-02-18,scG3agQQ79E,Cursor AI 와 Github Copilot 비교해 봤습니다 - 남들은 Cursor AI 가 더 좋다고 하던데 저는...,"May 20, 2025",1545,0
2024-02-19,scG3agQQ79E,Cursor AI 와 Github Copilot 비교해 봤습니다 - 남들은 Cursor AI 가 더 좋다고 하던데 저는...,"May 20, 2025",1545,0
2024-02-20,scG3agQQ79E,Cursor AI 와 Github Copilot 비교해 봤습니다 - 남들은 Cursor AI 가 더 좋다고 하던데 저는...,"May 20, 2025",1545,0
2024-02-21,scG3agQQ79E,Cursor AI 와 Github Copilot 비교해 봤습니다 - 남들은 Cursor AI 가 더 좋다고 하던데 저는...,"May 20, 2025",1545,0
2024-02-22,scG3agQQ79E,Cursor AI 와 Github Copilot 비교해 봤습니다 - 남들은 Cursor AI 가 더 좋다고 하던데 저는...,"May 20, 2025",1545,0
2024-02-23,scG3agQQ79E,Cursor AI 와 Github Copilot 비교해 봤습니다 - 남들은 Cursor AI 가 더 좋다고 하던데 저는...,"May 20, 2025",1545,0
2024-02-24,scG3agQQ79E,Cursor AI 와 Github Copilot 비교해 봤습니다 - 남들은 Cursor AI 가 더 좋다고 하던데 저는...,"May 20, 2025",1545,0
2024-02-25,scG3agQQ79E,Cursor AI 와 Github Copilot 비교해 봤습니다 - 남들은 Cursor AI 가 더 좋다고 하던데 저는...,"May 20, 2025",1545,0
2024-02-26,scG3agQQ79E,Cursor AI 와 Github Copilot 비교해 봤습니다 - 남들은 Cursor AI 가 더 좋다고 하던데 저는...,"May 20, 2025",1545,0
2024-02-27,scG3agQQ79E,Cursor AI 와 Github Copilot 비교해 봤습니다 - 남들은 Cursor AI 가 더 좋다고 하던데 저는...,"May 20, 2025",1545,0
2024-02-28,scG3agQQ79E,Cursor AI 와 Github Copilot 비교해 봤습니다 - 남들은 Cursor AI 가 더 좋다고 하던데 저는...,"May 20, 2025",1545,0
2024-02-29,scG3agQQ79E,Cursor AI 와 Github Copilot 비교해 봤습니다 - 남들은 Cursor AI 가 더 좋다고 하던데 저는...,"May 20, 2025",1545,0
2024-03-01,scG3agQQ79E,Cursor AI 와 Github Copilot 비교해 봤습니다 - 남들은 Cursor AI 가 더 좋다고 하던데 저는...,"May 20, 2025",1545,0
2024-03-02,scG3agQQ79E,Cursor AI 와 Github Copilot 비교해 봤습니다 - 남들은 Cursor AI 가 더 좋다고 하던데 저는...,"May 20, 2025",1545,0
2024-03-03,scG3agQQ79E,Cursor AI 와 Github Copilot 비교해 봤습니다 - 남들은 Cursor AI 가 더 좋다고 하던데 저는...,"May 20, 2025",1545,0
2024-03-04,scG3agQQ79E,Cursor AI 와 Github Copilot 비교해 봤습니다 - 남들은 Cursor AI 가 더 좋다고 하던데 저는...,"May 20, 2025",1545,0
2024-03-05,scG3agQQ79E,Cursor AI 와 Github Copilot 비교해 봤습니다 - 남들은 Cursor AI 가 더 좋다고 하던데 저는...,"May 20, 2025",1545,0
2024-03-06,scG3agQQ79E,Cursor AI 와 Github Copilot 비교해 봤습니다 - 남들은 Cursor AI 가 더 좋다고 하던데 저는...,"May 20, 2025",1545,0
2024-03-07,scG3agQQ79E,Cursor AI 와 Github Copilot 비교해 봤습니다 - 남들은 Cursor AI 가 더 좋다고 하던데 저는...,"May 20, 2025",1545,0
2024-03-08,scG3agQQ79E,Cursor AI 와 Github Copilot 비교해 봤습니다 - 남들은 Cursor AI 가 더 좋다고 하던데 저는...,"May 20, 2025",1545,0
2024-03-09,scG3agQQ79E,Cursor AI 와 Github Copilot 비교해 봤습니다 - 남들은 Cursor AI 가 더 좋다고 하던데 저는...,"May 20, 2025",1545,0
2024-03-10,scG3agQQ79E,Cursor AI 와 Github Copilot 비교해 봤습니다 - 남들은 Cursor AI 가 더 좋다고 하던데 저는...,"May 20, 2025",1545,0
2024-03-11,scG3agQQ79E,Cursor AI 와 Github Copilot 비교해 봤습니다 - 남들은 Cursor AI 가 더 좋다고 하던데 저는...,"May 20, 2025",1545,0
2024-03-12,scG3agQQ79E,Cursor AI 와 Github Copilot 비교해 봤습니다 - 남들은 Cursor AI 가 더 좋다고 하던데 저는...,"May 20, 2025",1545,0
2024-03-13,scG3agQQ79E,Cursor AI 와 Github Copilot 비교해 봤습니다 - 남들은 Cursor AI 가 더 좋다고 하던데 저는...,"May 20, 2025",1545,0
2024-03-14,scG3agQQ79E,Cursor AI 와 Github Copilot 비교해 봤습니다 - 남들은 Cursor AI 가 더 좋다고 하던데 저는...,"May 20, 2025",1545,0
2024-03-15,scG3agQQ79E,Cursor AI 와 Github Copilot 비교해 봤습니다 - 남들은 Cursor AI 가 더 좋다고 하던데 저는...,"May 20, 2025",1545,0
2024-03-16,scG3agQQ79E,Cursor AI 와 Github Copilot 비교해 봤습니다 - 남들은 Cursor AI 가 더 좋다고 하던데 저는...,"May 20, 2025",1545,0
2024-03-17,scG3agQQ79E,Cursor AI 와 Github Copilot 비교해 봤습니다 - 남들은 Cursor AI 가 더 좋다고 하던데 저는...,"May 20, 2025",1545,0
2024-03-18,scG3agQQ79E,Cursor AI 와 Github Copilot 비교해 봤습니다 - 남들은 Cursor AI 가 더 좋다고 하던데 저는...,"May 20, 2025",1545,0
2024-03-19,scG3agQQ79E,Cursor AI 와 Github Copilot 비교해 봤습니다 - 남들은 Cursor AI 가 더 좋다고 하던데 저는...,"May 20, 2025",1545,0
2024-03-20,scG3agQQ79E,Cursor AI 와 Github Copilot 비교해 봤습니다 - 남들은 Cursor AI 가 더 좋다고 하던데 저는...,"May 20, 2025",1545,0
2024-03-21,scG3agQQ79E,Cursor AI 와 Github Copilot 비교해 봤습니다 - 남들은 Cursor AI 가 더 좋다고 하던데 저는...,"May 20, 2025",1545,0
2024-03-22,scG3agQQ79E,Cursor AI 와 Github Copilot 비교해 봤습니다 - 남들은 Cursor AI 가 더 좋다고 하던데 저는...,"May 20, 2025",1545,0
2024-03-23,scG3agQQ79E,Cursor AI 와 Github Copilot 비교해 봤습니다 - 남들은 Cursor AI 가 더 좋다고 하던데 저는...,"May 20, 2025",1545,0
2024-03-24,scG3agQQ79E,Cursor AI 와 Github Copilot 비교해 봤습니다 - 남들은 Cursor AI 가 더 좋다고 하던데 저는...,"May 20, 2025",1545,0
2024-03-25,scG3agQQ79E,Cursor AI 와 Github Copilot 비교해 봤습니다 - 남들은 Cursor AI 가 더 좋다고 하던데 저는...,"May 20, 2025",1545,0
2024-03-26,scG3agQQ79E,Cursor AI 와 Github Copilot 비교해 봤습니다 - 남들은 Cursor AI 가 더 좋다고 하던데 저는...,"May 20, 2025",1545,0
2024-03-27,scG3agQQ79E,Cursor AI 와 Github Copilot 비교해 봤습니다 - 남들은 Cursor AI 가 더 좋다고 하던데 저는...,"May 20, 2025",1545,0
2024-03-28,scG3agQQ79E,Cursor AI 와 Github Copilot 비교해 봤습니다 - 남들은 Cursor AI 가 더 좋다고 하던데 저는...,"May 20, 2025",1545,0
2024-03-29,scG3agQQ79E,Cursor AI 와 Github Copilot 비교해 봤습니다 - 남들은 Cursor AI 가 더 좋다고 하던데 저는...,"May 20, 2025",1545,0
2024-03-30,scG3agQQ79E,Cursor AI 와 Github Copilot 비교해 봤습니다 - 남들은 Cursor AI 가 더 좋다고 하던데 저는...,"May 20, 2025",1545,0
2024-03-31,scG3agQQ79E,Cursor AI 와 Github Copilot 비교해 봤습니다 - 남들은 Cursor AI 가 더 좋다고 하던데 저는...,"May 20, 2025",1545,0
2024-04-01,scG3agQQ79E,Cursor AI 와 Github Copilot 비교해 봤습니다 - 남들은 Cursor AI 가 더 좋다고 하던데 저는...,"May 20, 2025",1545,0
2024-04-02,scG3agQQ79E,Cursor AI 와 Github Copilot 비교해 봤습니다 - 남들은 Cursor AI 가 더 좋다고 하던데 저는...,"May 20, 2025",1545,0
2024-04-03,scG3agQQ79E,Cursor AI 와 Github Copilot 비교해 봤습니다 - 남들은 Cursor AI 가 더 좋다고 하던데 저는...,"May 20, 2025",1545,0
2024-04-04,scG3agQQ79E,Cursor AI 와 Github Copilot 비교해 봤습니다 - 남들은 Cursor AI 가 더 좋다고 하던데 저는...,"May 20, 2025",1545,0
2024-04-05,scG3agQQ79E,Cursor AI 와 Github Copilot 비교해 봤습니다 - 남들은 Cursor AI 가 더 좋다고 하던데 저는...,"May 20, 2025",1545,0
2024-04-06,scG3agQQ79E,Cursor AI 와 Github Copilot 비교해 봤습니다 - 남들은 Cursor AI 가 더 좋다고 하던데 저는...,"May 20, 2025",1545,0
2024-04-07,scG3agQQ79E,Cursor AI 와 Github Copilot 비교해 봤습니다 - 남들은 Cursor AI 가 더 좋다고 하던데 저는...,"May 20, 2025",1545,0
2024-04-08,scG3agQQ79E,Cursor AI 와 Github Copilot 비교해 봤습니다 - 남들은 Cursor AI 가 더 좋다고 하던데 저는...,"May 20, 2025",1545,0
2024-04-09,scG3agQQ79E,Cursor AI 와 Github Copilot 비교해 봤습니다 - 남들은 Cursor AI 가 더 좋다고 하던데 저는...,"May 20, 2025",1545,0
2024-04-10,scG3agQQ79E,Cursor AI 와 Github Copilot 비교해 봤습니다 - 남들은 Cursor AI 가 더 좋다고 하던데 저는...,"May 20, 2025",1545,0
2024-04-11,scG3agQQ79E,Cursor AI 와 Github Copilot 비교해 봤습니다 - 남들은 Cursor AI 가 더 좋다고 하던데 저는...,"May 20, 2025",1545,0
2024-04-12,scG3agQQ79E,Cursor AI 와 Github Copilot 비교해 봤습니다 - 남들은 Cursor AI 가 더 좋다고 하던데 저는...,"May 20, 2025",1545,0
2024-04-13,scG3agQQ79E,Cursor AI 와 Github Copilot 비교해 봤습니다 - 남들은 Cursor AI 가 더 좋다고 하던데 저는...,"May 20, 2025",1545,0
2024-04-14,scG3agQQ79E,Cursor AI 와 Github Copilot 비교해 봤습니다 - 남들은 Cursor AI 가 더 좋다고 하던데 저는...,"May 20, 2025",1545,0
2024-04-15,scG3agQQ79E,Cursor AI 와 Github Copilot 비교해 봤습니다 - 남들은 Cursor AI 가 더 좋다고 하던데 저는...,"May 20, 2025",1545,0
2024-04-16,scG3agQQ79E,Cursor AI 와 Github Copilot 비교해 봤습니다 - 남들은 Cursor AI 가 더 좋다고 하던데 저는...,"May 20, 2025",1545,0
2024-04-17,scG3agQQ79E,Cursor AI 와 Github Copilot 비교해 봤습니다 - 남들은 Cursor AI 가 더 좋다고 하던데 저는...,"May 20, 2025",1545,0
2024-04-18,scG3agQQ79E,Cursor AI 와 Github Copilot 비교해 봤습니다 - 남들은 Cursor AI 가 더 좋다고 하던데 저는...,"May 20, 2025",1545,0
2024-04-19,scG3agQQ79E,Cursor AI 와 Github Copilot 비교해 봤습니다 - 남들은 Cursor AI 가 더 좋다고 하던데 저는...,"May 20, 2025",1545,0
2024-04-20,scG3agQQ79E,Cursor AI 와 Github Copilot 비교해 봤습니다 - 남들은 Cursor AI 가 더 좋다고 하던데 저는...,"May 20, 2025",1545,0
2024-04-21,scG3agQQ79E,Cursor AI 와 Github Copilot 비교해 봤습니다 - 남들은 Cursor AI 가 더 좋다고 하던데 저는...,"May 20, 2025",1545,0
2024-04-22,scG3agQQ79E,Cursor AI 와 Github Copilot 비교해 봤습니다 - 남들은 Cursor AI 가 더 좋다고 하던데 저는...,"May 20, 2025",1545,0
2024-04-23,scG3agQQ79E,Cursor AI 와 Github Copilot 비교해 봤습니다 - 남들은 Cursor AI 가 더 좋다고 하던데 저는...,"May 20, 2025",1545,0
2024-04-24,scG3agQQ79E,Cursor AI 와 Github Copilot 비교해 봤습니다 - 남들은 Cursor AI 가 더 좋다고 하던데 저는...,"May 20, 2025",1545,0
2024-04-25,scG3agQQ79E,Cursor AI 와 Github Copilot 비교해 봤습니다 - 남들은 Cursor AI 가 더 좋다고 하던데 저는...,"May 20, 2025",1545,0
2024-04-26,scG3agQQ79E,Cursor AI 와 Github Copilot 비교해 봤습니다 - 남들은 Cursor AI 가 더 좋다고 하던데 저는...,"May 20, 2025",1545,0
2024-04-27,scG3agQQ79E,Cursor AI 와 Github Copilot 비교해 봤습니다 - 남들은 Cursor AI 가 더 좋다고 하던데 저는...,"May 20, 2025",1545,0
2024-04-28,scG3agQQ79E,Cursor AI 와 Github Copilot 비교해 봤습니다 - 남들은 Cursor AI 가 더 좋다고 하던데 저는...,"May 20, 2025",1545,0
2024-04-29,scG3agQQ79E,Cursor AI 와 Github Copilot 비교해 봤습니다 - 남들은 Cursor AI 가 더 좋다고 하던데 저는...,"May 20, 2025",1545,0
2024-04-30,scG3agQQ79E,Cursor AI 와 Github Copilot 비교해 봤습니다 - 남들은 Cursor AI 가 더 좋다고 하던데 저는...,"May 20, 2025",1545,0
2024-05-01,scG3agQQ79E,Cursor AI 와 Github Copilot 비교해 봤습니다 - 남들은 Cursor AI 가 더 좋다고 하던데 저는...,"May 20, 2025",1545,0
2024-05-02,scG3agQQ79E,Cursor AI 와 Github Copilot 비교해 봤습니다 - 남들은 Cursor AI 가 더 좋다고 하던데 저는...,"May 20, 2025",1545,0
2024-05-03,scG3agQQ79E,Cursor AI 와 Github Copilot 비교해 봤습니다 - 남들은 Cursor AI 가 더 좋다고 하던데 저는...,"May 20, 2025",1545,0
2024-05-04,scG3agQQ79E,Cursor AI 와 Github Copilot 비교해 봤습니다 - 남들은 Cursor AI 가 더 좋다고 하던데 저는...,"May 20, 2025",1545,0
2024-05-05,scG3agQQ79E,Cursor AI 와 Github Copilot 비교해 봤습니다 - 남들은 Cursor AI 가 더 좋다고 하던데 저는...,"May 20, 2025",1545,0
2024-05-06,scG3agQQ79E,Cursor AI 와 Github Copilot 비교해 봤습니다 - 남들은 Cursor AI 가 더 좋다고 하던데 저는...,"May 20, 2025",1545,0
2024-05-07,scG3agQQ79E,Cursor AI 와 Github Copilot 비교해 봤습니다 - 남들은 Cursor AI 가 더 좋다고 하던데 저는...,"May 20, 2025",1545,0
2024-05-08,scG3agQQ79E,Cursor AI 와 Github Copilot 비교해 봤습니다 - 남들은 Cursor AI 가 더 좋다고 하던데 저는...,"May 20, 2025",1545,0
2024-05-09,scG3agQQ79E,Cursor AI 와 Github Copilot 비교해 봤습니다 - 남들은 Cursor AI 가 더 좋다고 하던데 저는...,"May 20, 2025",1545,0
2024-05-10,scG3agQQ79E,Cursor AI 와 Github Copilot 비교해 봤습니다 - 남들은 Cursor AI 가 더 좋다고 하던데 저는...,"May 20, 2025",1545,0
2024-05-11,scG3agQQ79E,Cursor AI 와 Github Copilot 비교해 봤습니다 - 남들은 Cursor AI 가 더 좋다고 하던데 저는...,"May 20, 2025",1545,0
2024-05-12,scG3agQQ79E,Cursor AI 와 Github Copilot 비교해 봤습니다 - 남들은 Cursor AI 가 더 좋다고 하던데 저는...,"May 20, 2025",1545,0
2024-05-13,scG3agQQ79E,Cursor AI 와 Github Copilot 비교해 봤습니다 - 남들은 Cursor AI 가 더 좋다고 하던데 저는...,"May 20, 2025",1545,0
2024-05-14,scG3agQQ79E,Cursor AI 와 Github Copilot 비교해 봤습니다 - 남들은 Cursor AI 가 더 좋다고 하던데 저는...,"May 20, 2025",1545,0
2024-05-15,scG3agQQ79E,Cursor AI 와 Github Copilot 비교해 봤습니다 - 남들은 Cursor AI 가 더 좋다고 하던데 저는...,"May 20, 2025",1545,0
2024-05-16,scG3agQQ79E,Cursor AI 와 Github Copilot 비교해 봤습니다 - 남들은 Cursor AI 가 더 좋다고 하던데 저는...,"May 20, 2025",1545,0
2024-05-17,scG3agQQ79E,Cursor AI 와 Github Copilot 비교해 봤습니다 - 남들은 Cursor AI 가 더 좋다고 하던데 저는...,"May 20, 2025",1545,0
2024-05-18,scG3agQQ79E,Cursor AI 와 Github Copilot 비교해 봤습니다 - 남들은 Cursor AI 가 더 좋다고 하던데 저는...,"May 20, 2025",1545,0
2024-05-19,scG3agQQ79E,Cursor AI 와 Github Copilot 비교해 봤습니다 - 남들은 Cursor AI 가 더 좋다고 하던데 저는...,"May 20, 2025",1545,0
2024-05-20,scG3agQQ79E,Cursor AI 와 Github Copilot 비교해 봤습니다 - 남들은 Cursor AI 가 더 좋다고 하던데 저는...,"May 20, 2025",1545,0
2024-05-21,scG3agQQ79E,Cursor AI 와 Github Copilot 비교해 봤습니다 - 남들은 Cursor AI 가 더 좋다고 하던데 저는...,"May 20, 2025",1545,0
2024-05-22,scG3agQQ79E,Cursor AI 와 Github Copilot 비교해 봤습니다 - 남들은 Cursor AI 가 더 좋다고 하던데 저는...,"May 20, 2025",1545,0
2024-05-23,scG3agQQ79E,Cursor AI 와 Github Copilot 비교해 봤습니다 - 남들은 Cursor AI 가 더 좋다고 하던데 저는...,"May 20, 2025",1545,0
2024-05-24,scG3agQQ79E,Cursor AI 와 Github Copilot 비교해 봤습니다 - 남들은 Cursor AI 가 더 좋다고 하던데 저는...,"May 20, 2025",1545,0
2024-05-25,scG3agQQ79E,Cursor AI 와 Github Copilot 비교해 봤습니다 - 남들은 Cursor AI 가 더 좋다고 하던데 저는...,"May 20, 2025",1545,0
2024-05-26,scG3agQQ79E,Cursor AI 와 Github Copilot 비교해 봤습니다 - 남들은 Cursor AI 가 더 좋다고 하던데 저는...,"May 20, 2025",1545,0
2024-05-27,scG3agQQ79E,Cursor AI 와 Github Copilot 비교해 봤습니다 - 남들은 Cursor AI 가 더 좋다고 하던데 저는...,"May 20, 2025",1545,0
2024-05-28,scG3agQQ79E,Cursor AI 와 Github Copilot 비교해 봤습니다 - 남들은 Cursor AI 가 더 좋다고 하던데 저는...,"May 20, 2025",1545,0
2024-05-29,scG3agQQ79E,Cursor AI 와 Github Copilot 비교해 봤습니다 - 남들은 Cursor AI 가 더 좋다고 하던데 저는...,"May 20, 2025",1545,0
2024-05-30,scG3agQQ79E,Cursor AI 와 Github Copilot 비교해 봤습니다 - 남들은 Cursor AI 가 더 좋다고 하던데 저는...,"May 20, 2025",1545,0
2024-05-31,scG3agQQ79E,Cursor AI 와 Github Copilot 비교해 봤습니다 - 남들은 Cursor AI 가 더 좋다고 하던데 저는...,"May 20, 2025",1545,0
2024-06-01,scG3agQQ79E,Cursor AI 와 Github Copilot 비교해 봤습니다 - 남들은 Cursor AI 가 더 좋다고 하던데 저는...,"May 20, 2025",1545,0
2024-06-02,scG3agQQ79E,Cursor AI 와 Github Copilot 비교해 봤습니다 - 남들은 Cursor AI 가 더 좋다고 하던데 저는...,"May 20, 2025",1545,0
2024-06-03,scG3agQQ79E,Cursor AI 와 Github Copilot 비교해 봤습니다 - 남들은 Cursor AI 가 더 좋다고 하던데 저는...,"May 20, 2025",1545,0
2024-06-04,scG3agQQ79E,Cursor AI 와 Github Copilot 비교해 봤습니다 - 남들은 Cursor AI 가 더 좋다고 하던데 저는...,"May 20, 2025",1545,0
2024-06-05,scG3agQQ79E,Cursor AI 와 Github Copilot 비교해 봤습니다 - 남들은 Cursor AI 가 더 좋다고 하던데 저는...,"May 20, 2025",1545,0
2024-06-06,scG3agQQ79E,Cursor AI 와 Github Copilot 비교해 봤습니다 - 남들은 Cursor AI 가 더 좋다고 하던데 저는...,"May 20, 2025",1545,0
2024-06-07,scG3agQQ79E,Cursor AI 와 Github Copilot 비교해 봤습니다 - 남들은 Cursor AI 가 더 좋다고 하던데 저는...,"May 20, 2025",1545,0
2024-06-08,scG3agQQ79E,Cursor AI 와 Github Copilot 비교해 봤습니다 - 남들은 Cursor AI 가 더 좋다고 하던데 저는...,"May 20, 2025",1545,0
2024-06-09,scG3agQQ79E,Cursor AI 와 Github Copilot 비교해 봤습니다 - 남들은 Cursor AI 가 더 좋다고 하던데 저는...,"May 20, 2025",1545,0
2024-06-10,scG3agQQ79E,Cursor AI 와 Github Copilot 비교해 봤습니다 - 남들은 Cursor AI 가 더 좋다고 하던데 저는...,"May 20, 2025",1545,0
2024-06-11,scG3agQQ79E,Cursor AI 와 Github Copilot 비교해 봤습니다 - 남들은 Cursor AI 가 더 좋다고 하던데 저는...,"May 20, 2025",1545,0
2024-06-12,scG3agQQ79E,Cursor AI 와 Github Copilot 비교해 봤습니다 - 남들은 Cursor AI 가 더 좋다고 하던데 저는...,"May 20, 2025",1545,0
2024-06-13,scG3agQQ79E,Cursor AI 와 Github Copilot 비교해 봤습니다 - 남들은 Cursor AI 가 더 좋다고 하던데 저는...,"May 20, 2025",1545,0
2024-06-14,scG3agQQ79E,Cursor AI 와 Github Copilot 비교해 봤습니다 - 남들은 Cursor AI 가 더 좋다고 하던데 저는...,"May 20, 2025",1545,0
2024-06-15,scG3agQQ79E,Cursor AI 와 Github Copilot 비교해 봤습니다 - 남들은 Cursor AI 가 더 좋다고 하던데 저는...,"May 20, 2025",1545,0
2024-06-16,scG3agQQ79E,Cursor AI 와 Github Copilot 비교해 봤습니다 - 남들은 Cursor AI 가 더 좋다고 하던데 저는...,"May 20, 2025",1545,0
2024-06-17,scG3agQQ79E,Cursor AI 와 Github Copilot 비교해 봤습니다 - 남들은 Cursor AI 가 더 좋다고 하던데 저는...,"May 20, 2025",1545,0
2024-06-18,scG3agQQ79E,Cursor AI 와 Github Copilot 비교해 봤습니다 - 남들은 Cursor AI 가 더 좋다고 하던데 저는...,"May 20, 2025",1545,0
2024-06-19,scG3agQQ79E,Cursor AI 와 Github Copilot 비교해 봤습니다 - 남들은 Cursor AI 가 더 좋다고 하던데 저는...,"May 20, 2025",1545,0
2024-06-20,scG3agQQ79E,Cursor AI 와 Github Copilot 비교해 봤습니다 - 남들은 Cursor AI 가 더 좋다고 하던데 저는...,"May 20, 2025",1545,0
2024-06-21,scG3agQQ79E,Cursor AI 와 Github Copilot 비교해 봤습니다 - 남들은 Cursor AI 가 더 좋다고 하던데 저는...,"May 20, 2025",1545,0
2024-06-22,scG3agQQ79E,Cursor AI 와 Github Copilot 비교해 봤습니다 - 남들은 Cursor AI 가 더 좋다고 하던데 저는...,"May 20, 2025",1545,0
2024-06-23,scG3agQQ79E,Cursor AI 와 Github Copilot 비교해 봤습니다 - 남들은 Cursor AI 가 더 좋다고 하던데 저는...,"May 20, 2025",1545,0
2024-06-24,scG3agQQ79E,Cursor AI 와 Github Copilot 비교해 봤습니다 - 남들은 Cursor AI 가 더 좋다고 하던데 저는...,"May 20, 2025",1545,0
2024-06-25,scG3agQQ79E,Cursor AI 와 Github Copilot 비교해 봤습니다 - 남들은 Cursor AI 가 더 좋다고 하던데 저는...,"May 20, 2025",1545,0
2024-06-26,scG3agQQ79E,Cursor AI 와 Github Copilot 비교해 봤습니다 - 남들은 Cursor AI 가 더 좋다고 하던데 저는...,"May 20, 2025",1545,0
2024-06-27,scG3agQQ79E,Cursor AI 와 Github Copilot 비교해 봤습니다 - 남들은 Cursor AI 가 더 좋다고 하던데 저는...,"May 20, 2025",1545,0
2024-06-28,scG3agQQ79E,Cursor AI 와 Github Copilot 비교해 봤습니다 - 남들은 Cursor AI 가 더 좋다고 하던데 저는...,"May 20, 2025",1545,0
2024-06-29,scG3agQQ79E,Cursor AI 와 Github Copilot 비교해 봤습니다 - 남들은 Cursor AI 가 더 좋다고 하던데 저는...,"May 20, 2025",1545,0
2024-06-30,scG3agQQ79E,Cursor AI 와 Github Copilot 비교해 봤습니다 - 남들은 Cursor AI 가 더 좋다고 하던데 저는...,"May 20, 2025",1545,0
2024-07-01,scG3agQQ79E,Cursor AI 와 Github Copilot 비교해 봤습니다 - 남들은 Cursor AI 가 더 좋다고 하던데 저는...,"May 20, 2025",1545,0
2024-07-02,scG3agQQ79E,Cursor AI 와 Github Copilot 비교해 봤습니다 - 남들은 Cursor AI 가 더 좋다고 하던데 저는...,"May 20, 2025",1545,0
2024-07-03,scG3agQQ79E,Cursor AI 와 Github Copilot 비교해 봤습니다 - 남들은 Cursor AI 가 더 좋다고 하던데 저는...,"May 20, 2025",1545,0
2024-07-04,scG3agQQ79E,Cursor AI 와 Github Copilot 비교해 봤습니다 - 남들은 Cursor AI 가 더 좋다고 하던데 저는...,"May 20, 2025",1545,0
2024-07-05,scG3agQQ79E,Cursor AI 와 Github Copilot 비교해 봤습니다 - 남들은 Cursor AI 가 더 좋다고 하던데 저는...,"May 20, 2025",1545,0
2024-07-06,scG3agQQ79E,Cursor AI 와 Github Copilot 비교해 봤습니다 - 남들은 Cursor AI 가 더 좋다고 하던데 저는...,"May 20, 2025",1545,0
2024-07-07,scG3agQQ79E,Cursor AI 와 Github Copilot 비교해 봤습니다 - 남들은 Cursor AI 가 더 좋다고 하던데 저는...,"May 20, 2025",1545,0
2024-07-08,scG3agQQ79E,Cursor AI 와 Github Copilot 비교해 봤습니다 - 남들은 Cursor AI 가 더 좋다고 하던데 저는...,"May 20, 2025",1545,0
2024-07-09,scG3agQQ79E,Cursor AI 와 Github Copilot 비교해 봤습니다 - 남들은 Cursor AI 가 더 좋다고 하던데 저는...,"May 20, 2025",1545,0
2024-07-10,scG3agQQ79E,Cursor AI 와 Github Copilot 비교해 봤습니다 - 남들은 Cursor AI 가 더 좋다고 하던데 저는...,"May 20, 2025",1545,0
2024-07-11,scG3agQQ79E,Cursor AI 와 Github Copilot 비교해 봤습니다 - 남들은 Cursor AI 가 더 좋다고 하던데 저는...,"May 20, 2025",1545,0
2024-07-12,scG3agQQ79E,Cursor AI 와 Github Copilot 비교해 봤습니다 - 남들은 Cursor AI 가 더 좋다고 하던데 저는...,"May 20, 2025",1545,0
2024-07-13,scG3agQQ79E,Cursor AI 와 Github Copilot 비교해 봤습니다 - 남들은 Cursor AI 가 더 좋다고 하던데 저는...,"May 20, 2025",1545,0
2024-07-14,scG3agQQ79E,Cursor AI 와 Github Copilot 비교해 봤습니다 - 남들은 Cursor AI 가 더 좋다고 하던데 저는...,"May 20, 2025",1545,0
2024-07-15,scG3agQQ79E,Cursor AI 와 Github Copilot 비교해 봤습니다 - 남들은 Cursor AI 가 더 좋다고 하던데 저는...,"May 20, 2025",1545,0
2024-07-16,scG3agQQ79E,Cursor AI 와 Github Copilot 비교해 봤습니다 - 남들은 Cursor AI 가 더 좋다고 하던데 저는...,"May 20, 2025",1545,0
2024-07-17,scG3agQQ79E,Cursor AI 와 Github Copilot 비교해 봤습니다 - 남들은 Cursor AI 가 더 좋다고 하던데 저는...,"May 20, 2025",1545,0
2024-07-18,scG3agQQ79E,Cursor AI 와 Github Copilot 비교해 봤습니다 - 남들은 Cursor AI 가 더 좋다고 하던데 저는...,"May 20, 2025",1545,0
2024-07-19,scG3agQQ79E,Cursor AI 와 Github Copilot 비교해 봤습니다 - 남들은 Cursor AI 가 더 좋다고 하던데 저는...,"May 20, 2025",1545,0
2024-07-20,scG3agQQ79E,Cursor AI 와 Github Copilot 비교해 봤습니다 - 남들은 Cursor AI 가 더 좋다고 하던데 저는...,"May 20, 2025",1545,0
2024-07-21,scG3agQQ79E,Cursor AI 와 Github Copilot 비교해 봤습니다 - 남들은 Cursor AI 가 더 좋다고 하던데 저는...,"May 20, 2025",1545,0
2024-07-22,scG3agQQ79E,Cursor AI 와 Github Copilot 비교해 봤습니다 - 남들은 Cursor AI 가 더 좋다고 하던데 저는...,"May 20, 2025",1545,0
2024-07-23,scG3agQQ79E,Cursor AI 와 Github Copilot 비교해 봤습니다 - 남들은 Cursor AI 가 더 좋다고 하던데 저는...,"May 20, 2025",1545,0
2024-07-24,scG3agQQ79E,Cursor AI 와 Github Copilot 비교해 봤습니다 - 남들은 Cursor AI 가 더 좋다고 하던데 저는...,"May 20, 2025",1545,0
2024-07-25,scG3agQQ79E,Cursor AI 와 Github Copilot 비교해 봤습니다 - 남들은 Cursor AI 가 더 좋다고 하던데 저는...,"May 20, 2025",1545,0
2024-07-26,scG3agQQ79E,Cursor AI 와 Github Copilot 비교해 봤습니다 - 남들은 Cursor AI 가 더 좋다고 하던데 저는...,"May 20, 2025",1545,0
2024-07-27,scG3agQQ79E,Cursor AI 와 Github Copilot 비교해 봤습니다 - 남들은 Cursor AI 가 더 좋다고 하던데 저는...,"May 20, 2025",1545,0
2024-07-28,scG3agQQ79E,Cursor AI 와 Github Copilot 비교해 봤습니다 - 남들은 Cursor AI 가 더 좋다고 하던데 저는...,"May 20, 2025",1545,0
2024-07-29,scG3agQQ79E,Cursor AI 와 Github Copilot 비교해 봤습니다 - 남들은 Cursor AI 가 더 좋다고 하던데 저는...,"May 20, 2025",1545,0
2024-07-30,scG3agQQ79E,Cursor AI 와 Github Copilot 비교해 봤습니다 - 남들은 Cursor AI 가 더 좋다고 하던데 저는...,"May 20, 2025",1545,0
2024-07-31,scG3agQQ79E,Cursor AI 와 Github Copilot 비교해 봤습니다 - 남들은 Cursor AI 가 더 좋다고 하던데 저는...,"May 20, 2025",1545,0
2024-08-01,scG3agQQ79E,Cursor AI 와 Github Copilot 비교해 봤습니다 - 남들은 Cursor AI 가 더 좋다고 하던데 저는...,"May 20, 2025",1545,0
2024-08-02,scG3agQQ79E,Cursor AI 와 Github Copilot 비교해 봤습니다 - 남들은 Cursor AI 가 더 좋다고 하던데 저는...,"May 20, 2025",1545,0
2024-08-03,scG3agQQ79E,Cursor AI 와 Github Copilot 비교해 봤습니다 - 남들은 Cursor AI 가 더 좋다고 하던데 저는...,"May 20, 2025",1545,0
2024-08-04,scG3agQQ79E,Cursor AI 와 Github Copilot 비교해 봤습니다 - 남들은 Cursor AI 가 더 좋다고 하던데 저는...,"May 20, 2025",1545,0
2024-08-05,scG3agQQ79E,Cursor AI 와 Github Copilot 비교해 봤습니다 - 남들은 Cursor AI 가 더 좋다고 하던데 저는...,"May 20, 2025",1545,0
2024-08-06,scG3agQQ79E,Cursor AI 와 Github Copilot 비교해 봤습니다 - 남들은 Cursor AI 가 더 좋다고 하던데 저는...,"May 20, 2025",1545,0
2024-08-07,scG3agQQ79E,Cursor AI 와 Github Copilot 비교해 봤습니다 - 남들은 Cursor AI 가 더 좋다고 하던데 저는...,"May 20, 2025",1545,0
2024-08-08,scG3agQQ79E,Cursor AI 와 Github Copilot 비교해 봤습니다 - 남들은 Cursor AI 가 더 좋다고 하던데 저는...,"May 20, 2025",1545,0
2024-08-09,scG3agQQ79E,Cursor AI 와 Github Copilot 비교해 봤습니다 - 남들은 Cursor AI 가 더 좋다고 하던데 저는...,"May 20, 2025",1545,0
2024-08-10,scG3agQQ79E,Cursor AI 와 Github Copilot 비교해 봤습니다 - 남들은 Cursor AI 가 더 좋다고 하던데 저는...,"May 20, 2025",1545,0
2024-08-11,scG3agQQ79E,Cursor AI 와 Github Copilot 비교해 봤습니다 - 남들은 Cursor AI 가 더 좋다고 하던데 저는...,"May 20, 2025",1545,0
2024-08-12,scG3agQQ79E,Cursor AI 와 Github Copilot 비교해 봤습니다 - 남들은 Cursor AI 가 더 좋다고 하던데 저는...,"May 20, 2025",1545,0
2024-08-13,scG3agQQ79E,Cursor AI 와 Github Copilot 비교해 봤습니다 - 남들은 Cursor AI 가 더 좋다고 하던데 저는...,"May 20, 2025",1545,0
2024-08-14,scG3agQQ79E,Cursor AI 와 Github Copilot 비교해 봤습니다 - 남들은 Cursor AI 가 더 좋다고 하던데 저는...,"May 20, 2025",1545,0
2024-08-15,scG3agQQ79E,Cursor AI 와 Github Copilot 비교해 봤습니다 - 남들은 Cursor AI 가 더 좋다고 하던데 저는...,"May 20, 2025",1545,0
2024-08-16,scG3agQQ79E,Cursor AI 와 Github Copilot 비교해 봤습니다 - 남들은 Cursor AI 가 더 좋다고 하던데 저는...,"May 20, 2025",1545,0
2024-08-17,scG3agQQ79E,Cursor AI 와 Github Copilot 비교해 봤습니다 - 남들은 Cursor AI 가 더 좋다고 하던데 저는...,"May 20, 2025",1545,0
2024-08-18,scG3agQQ79E,Cursor AI 와 Github Copilot 비교해 봤습니다 - 남들은 Cursor AI 가 더 좋다고 하던데 저는...,"May 20, 2025",1545,0
2024-08-19,scG3agQQ79E,Cursor AI 와 Github Copilot 비교해 봤습니다 - 남들은 Cursor AI 가 더 좋다고 하던데 저는...,"May 20, 2025",1545,0
2024-08-20,scG3agQQ79E,Cursor AI 와 Github Copilot 비교해 봤습니다 - 남들은 Cursor AI 가 더 좋다고 하던데 저는...,"May 20, 2025",1545,0
2024-08-21,scG3agQQ79E,Cursor AI 와 Github Copilot 비교해 봤습니다 - 남들은 Cursor AI 가 더 좋다고 하던데 저는...,"May 20, 2025",1545,0
2024-08-22,scG3agQQ79E,Cursor AI 와 Github Copilot 비교해 봤습니다 - 남들은 Cursor AI 가 더 좋다고 하던데 저는...,"May 20, 2025",1545,0
2024-08-23,scG3agQQ79E,Cursor AI 와 Github Copilot 비교해 봤습니다 - 남들은 Cursor AI 가 더 좋다고 하던데 저는...,"May 20, 2025",1545,0
2024-08-24,scG3agQQ79E,Cursor AI 와 Github Copilot 비교해 봤습니다 - 남들은 Cursor AI 가 더 좋다고 하던데 저는...,"May 20, 2025",1545,0
2024-08-25,scG3agQQ79E,Cursor AI 와 Github Copilot 비교해 봤습니다 - 남들은 Cursor AI 가 더 좋다고 하던데 저는...,"May 20, 2025",1545,0
2024-08-26,scG3agQQ79E,Cursor AI 와 Github Copilot 비교해 봤습니다 - 남들은 Cursor AI 가 더 좋다고 하던데 저는...,"May 20, 2025",1545,0
2024-08-27,scG3agQQ79E,Cursor AI 와 Github Copilot 비교해 봤습니다 - 남들은 Cursor AI 가 더 좋다고 하던데 저는...,"May 20, 2025",1545,0
2024-08-28,scG3agQQ79E,Cursor AI 와 Github Copilot 비교해 봤습니다 - 남들은 Cursor AI 가 더 좋다고 하던데 저는...,"May 20, 2025",1545,0
2024-08-29,scG3agQQ79E,Cursor AI 와 Github Copilot 비교해 봤습니다 - 남들은 Cursor AI 가 더 좋다고 하던데 저는...,"May 20, 2025",1545,0
2024-08-30,scG3agQQ79E,Cursor AI 와 Github Copilot 비교해 봤습니다 - 남들은 Cursor AI 가 더 좋다고 하던데 저는...,"May 20, 2025",1545,0
2024-08-31,scG3agQQ79E,Cursor AI 와 Github Copilot 비교해 봤습니다 - 남들은 Cursor AI 가 더 좋다고 하던데 저는...,"May 20, 2025",1545,0
2024-09-01,scG3agQQ79E,Cursor AI 와 Github Copilot 비교해 봤습니다 - 남들은 Cursor AI 가 더 좋다고 하던데 저는...,"May 20, 2025",1545,0
2024-09-02,scG3agQQ79E,Cursor AI 와 Github Copilot 비교해 봤습니다 - 남들은 Cursor AI 가 더 좋다고 하던데 저는...,"May 20, 2025",1545,0
2024-09-03,scG3agQQ79E,Cursor AI 와 Github Copilot 비교해 봤습니다 - 남들은 Cursor AI 가 더 좋다고 하던데 저는...,"May 20, 2025",1545,0
2024-09-04,scG3agQQ79E,Cursor AI 와 Github Copilot 비교해 봤습니다 - 남들은 Cursor AI 가 더 좋다고 하던데 저는...,"May 20, 2025",1545,0
2024-09-05,scG3agQQ79E,Cursor AI 와 Github Copilot 비교해 봤습니다 - 남들은 Cursor AI 가 더 좋다고 하던데 저는...,"May 20, 2025",1545,0
2024-09-06,scG3agQQ79E,Cursor AI 와 Github Copilot 비교해 봤습니다 - 남들은 Cursor AI 가 더 좋다고 하던데 저는...,"May 20, 2025",1545,0
2024-09-07,scG3agQQ79E,Cursor AI 와 Github Copilot 비교해 봤습니다 - 남들은 Cursor AI 가 더 좋다고 하던데 저는...,"May 20, 2025",1545,0
2024-09-08,scG3agQQ79E,Cursor AI 와 Github Copilot 비교해 봤습니다 - 남들은 Cursor AI 가 더 좋다고 하던데 저는...,"May 20, 2025",1545,0
2024-09-09,scG3agQQ79E,Cursor AI 와 Github Copilot 비교해 봤습니다 - 남들은 Cursor AI 가 더 좋다고 하던데 저는...,"May 20, 2025",1545,0
2024-09-10,scG3agQQ79E,Cursor AI 와 Github Copilot 비교해 봤습니다 - 남들은 Cursor AI 가 더 좋다고 하던데 저는...,"May 20, 2025",1545,0
2024-09-11,scG3agQQ79E,Cursor AI 와 Github Copilot 비교해 봤습니다 - 남들은 Cursor AI 가 더 좋다고 하던데 저는...,"May 20, 2025",1545,0
2024-09-12,scG3agQQ79E,Cursor AI 와 Github Copilot 비교해 봤습니다 - 남들은 Cursor AI 가 더 좋다고 하던데 저는...,"May 20, 2025",1545,0
2024-09-13,scG3agQQ79E,Cursor AI 와 Github Copilot 비교해 봤습니다 - 남들은 Cursor AI 가 더 좋다고 하던데 저는...,"May 20, 2025",1545,0
2024-09-14,scG3agQQ79E,Cursor AI 와 Github Copilot 비교해 봤습니다 - 남들은 Cursor AI 가 더 좋다고 하던데 저는...,"May 20, 2025",1545,0
2024-09-15,scG3agQQ79E,Cursor AI 와 Github Copilot 비교해 봤습니다 - 남들은 Cursor AI 가 더 좋다고 하던데 저는...,"May 20, 2025",1545,0
2024-09-16,scG3agQQ79E,Cursor AI 와 Github Copilot 비교해 봤습니다 - 남들은 Cursor AI 가 더 좋다고 하던데 저는...,"May 20, 2025",1545,0
2024-09-17,scG3agQQ79E,Cursor AI 와 Github Copilot 비교해 봤습니다 - 남들은 Cursor AI 가 더 좋다고 하던데 저는...,"May 20, 2025",1545,0
2024-09-18,scG3agQQ79E,Cursor AI 와 Github Copilot 비교해 봤습니다 - 남들은 Cursor AI 가 더 좋다고 하던데 저는...,"May 20, 2025",1545,0
2024-09-19,scG3agQQ79E,Cursor AI 와 Github Copilot 비교해 봤습니다 - 남들은 Cursor AI 가 더 좋다고 하던데 저는...,"May 20, 2025",1545,0
2024-09-20,scG3agQQ79E,Cursor AI 와 Github Copilot 비교해 봤습니다 - 남들은 Cursor AI 가 더 좋다고 하던데 저는...,"May 20, 2025",1545,0
2024-09-21,scG3agQQ79E,Cursor AI 와 Github Copilot 비교해 봤습니다 - 남들은 Cursor AI 가 더 좋다고 하던데 저는...,"May 20, 2025",1545,0
2024-09-22,scG3agQQ79E,Cursor AI 와 Github Copilot 비교해 봤습니다 - 남들은 Cursor AI 가 더 좋다고 하던데 저는...,"May 20, 2025",1545,0
2024-09-23,scG3agQQ79E,Cursor AI 와 Github Copilot 비교해 봤습니다 - 남들은 Cursor AI 가 더 좋다고 하던데 저는...,"May 20, 2025",1545,0
2024-09-24,scG3agQQ79E,Cursor AI 와 Github Copilot 비교해 봤습니다 - 남들은 Cursor AI 가 더 좋다고 하던데 저는...,"May 20, 2025",1545,0
2024-09-25,scG3agQQ79E,Cursor AI 와 Github Copilot 비교해 봤습니다 - 남들은 Cursor AI 가 더 좋다고 하던데 저는...,"May 20, 2025",1545,0
2024-09-26,scG3agQQ79E,Cursor AI 와 Github Copilot 비교해 봤습니다 - 남들은 Cursor AI 가 더 좋다고 하던데 저는...,"May 20, 2025",1545,0
2024-09-27,scG3agQQ79E,Cursor AI 와 Github Copilot 비교해 봤습니다 - 남들은 Cursor AI 가 더 좋다고 하던데 저는...,"May 20, 2025",1545,0
2024-09-28,scG3agQQ79E,Cursor AI 와 Github Copilot 비교해 봤습니다 - 남들은 Cursor AI 가 더 좋다고 하던데 저는...,"May 20, 2025",1545,0
2024-09-29,scG3agQQ79E,Cursor AI 와 Github Copilot 비교해 봤습니다 - 남들은 Cursor AI 가 더 좋다고 하던데 저는...,"May 20, 2025",1545,0
2024-09-30,scG3agQQ79E,Cursor AI 와 Github Copilot 비교해 봤습니다 - 남들은 Cursor AI 가 더 좋다고 하던데 저는...,"May 20, 2025",1545,0
2024-10-01,scG3agQQ79E,Cursor AI 와 Github Copilot 비교해 봤습니다 - 남들은 Cursor AI 가 더 좋다고 하던데 저는...,"May 20, 2025",1545,0
2024-10-02,scG3agQQ79E,Cursor AI 와 Github Copilot 비교해 봤습니다 - 남들은 Cursor AI 가 더 좋다고 하던데 저는...,"May 20, 2025",1545,0
2024-10-03,scG3agQQ79E,Cursor AI 와 Github Copilot 비교해 봤습니다 - 남들은 Cursor AI 가 더 좋다고 하던데 저는...,"May 20, 2025",1545,0
2024-10-04,scG3agQQ79E,Cursor AI 와 Github Copilot 비교해 봤습니다 - 남들은 Cursor AI 가 더 좋다고 하던데 저는...,"May 20, 2025",1545,0
2024-10-05,scG3agQQ79E,Cursor AI 와 Github Copilot 비교해 봤습니다 - 남들은 Cursor AI 가 더 좋다고 하던데 저는...,"May 20, 2025",1545,0
2024-10-06,scG3agQQ79E,Cursor AI 와 Github Copilot 비교해 봤습니다 - 남들은 Cursor AI 가 더 좋다고 하던데 저는...,"May 20, 2025",1545,0
2024-10-07,scG3agQQ79E,Cursor AI 와 Github Copilot 비교해 봤습니다 - 남들은 Cursor AI 가 더 좋다고 하던데 저는...,"May 20, 2025",1545,0
2024-10-08,scG3agQQ79E,Cursor AI 와 Github Copilot 비교해 봤습니다 - 남들은 Cursor AI 가 더 좋다고 하던데 저는...,"May 20, 2025",1545,0
2024-10-09,scG3agQQ79E,Cursor AI 와 Github Copilot 비교해 봤습니다 - 남들은 Cursor AI 가 더 좋다고 하던데 저는...,"May 20, 2025",1545,0
2024-10-10,scG3agQQ79E,Cursor AI 와 Github Copilot 비교해 봤습니다 - 남들은 Cursor AI 가 더 좋다고 하던데 저는...,"May 20, 2025",1545,0
2024-10-11,scG3agQQ79E,Cursor AI 와 Github Copilot 비교해 봤습니다 - 남들은 Cursor AI 가 더 좋다고 하던데 저는...,"May 20, 2025",1545,0
2024-10-12,scG3agQQ79E,Cursor AI 와 Github Copilot 비교해 봤습니다 - 남들은 Cursor AI 가 더 좋다고 하던데 저는...,"May 20, 2025",1545,0
2024-10-13,scG3agQQ79E,Cursor AI 와 Github Copilot 비교해 봤습니다 - 남들은 Cursor AI 가 더 좋다고 하던데 저는...,"May 20, 2025",1545,0
2024-10-14,scG3agQQ79E,Cursor AI 와 Github Copilot 비교해 봤습니다 - 남들은 Cursor AI 가 더 좋다고 하던데 저는...,"May 20, 2025",1545,0
2024-10-15,scG3agQQ79E,Cursor AI 와 Github Copilot 비교해 봤습니다 - 남들은 Cursor AI 가 더 좋다고 하던데 저는...,"May 20, 2025",1545,0
2024-10-16,scG3agQQ79E,Cursor AI 와 Github Copilot 비교해 봤습니다 - 남들은 Cursor AI 가 더 좋다고 하던데 저는...,"May 20, 2025",1545,0
2024-10-17,scG3agQQ79E,Cursor AI 와 Github Copilot 비교해 봤습니다 - 남들은 Cursor AI 가 더 좋다고 하던데 저는...,"May 20, 2025",1545,0
2024-10-18,scG3agQQ79E,Cursor AI 와 Github Copilot 비교해 봤습니다 - 남들은 Cursor AI 가 더 좋다고 하던데 저는...,"May 20, 2025",1545,0
2024-10-19,scG3agQQ79E,Cursor AI 와 Github Copilot 비교해 봤습니다 - 남들은 Cursor AI 가 더 좋다고 하던데 저는...,"May 20, 2025",1545,0
2024-10-20,scG3agQQ79E,Cursor AI 와 Github Copilot 비교해 봤습니다 - 남들은 Cursor AI 가 더 좋다고 하던데 저는...,"May 20, 2025",1545,0
2024-10-21,scG3agQQ79E,Cursor AI 와 Github Copilot 비교해 봤습니다 - 남들은 Cursor AI 가 더 좋다고 하던데 저는...,"May 20, 2025",1545,0
2024-10-22,scG3agQQ79E,Cursor AI 와 Github Copilot 비교해 봤습니다 - 남들은 Cursor AI 가 더 좋다고 하던데 저는...,"May 20, 2025",1545,0
2024-10-23,scG3agQQ79E,Cursor AI 와 Github Copilot 비교해 봤습니다 - 남들은 Cursor AI 가 더 좋다고 하던데 저는...,"May 20, 2025",1545,0
2024-10-24,scG3agQQ79E,Cursor AI 와 Github Copilot 비교해 봤습니다 - 남들은 Cursor AI 가 더 좋다고 하던데 저는...,"May 20, 2025",1545,0
2024-10-25,scG3agQQ79E,Cursor AI 와 Github Copilot 비교해 봤습니다 - 남들은 Cursor AI 가 더 좋다고 하던데 저는...,"May 20, 2025",1545,0
2024-10-26,scG3agQQ79E,Cursor AI 와 Github Copilot 비교해 봤습니다 - 남들은 Cursor AI 가 더 좋다고 하던데 저는...,"May 20, 2025",1545,0
2024-10-27,scG3agQQ79E,Cursor AI 와 Github Copilot 비교해 봤습니다 - 남들은 Cursor AI 가 더 좋다고 하던데 저는...,"May 20, 2025",1545,0
2024-10-28,scG3agQQ79E,Cursor AI 와 Github Copilot 비교해 봤습니다 - 남들은 Cursor AI 가 더 좋다고 하던데 저는...,"May 20, 2025",1545,0
2024-10-29,scG3agQQ79E,Cursor AI 와 Github Copilot 비교해 봤습니다 - 남들은 Cursor AI 가 더 좋다고 하던데 저는...,"May 20, 2025",1545,0
2024-10-30,scG3agQQ79E,Cursor AI 와 Github Copilot 비교해 봤습니다 - 남들은 Cursor AI 가 더 좋다고 하던데 저는...,"May 20, 2025",1545,0
2024-10-31,scG3agQQ79E,Cursor AI 와 Github Copilot 비교해 봤습니다 - 남들은 Cursor AI 가 더 좋다고 하던데 저는...,"May 20, 2025",1545,0
2024-11-01,scG3agQQ79E,Cursor AI 와 Github Copilot 비교해 봤습니다 - 남들은 Cursor AI 가 더 좋다고 하던데 저는...,"May 20, 2025",1545,0
2024-11-02,scG3agQQ79E,Cursor AI 와 Github Copilot 비교해 봤습니다 - 남들은 Cursor AI 가 더 좋다고 하던데 저는...,"May 20, 2025",1545,0
2024-11-03,scG3agQQ79E,Cursor AI 와 Github Copilot 비교해 봤습니다 - 남들은 Cursor AI 가 더 좋다고 하던데 저는...,"May 20, 2025",1545,0
2024-11-04,scG3agQQ79E,Cursor AI 와 Github Copilot 비교해 봤습니다 - 남들은 Cursor AI 가 더 좋다고 하던데 저는...,"May 20, 2025",1545,0
2024-11-05,scG3agQQ79E,Cursor AI 와 Github Copilot 비교해 봤습니다 - 남들은 Cursor AI 가 더 좋다고 하던데 저는...,"May 20, 2025",1545,0
2024-11-06,scG3agQQ79E,Cursor AI 와 Github Copilot 비교해 봤습니다 - 남들은 Cursor AI 가 더 좋다고 하던데 저는...,"May 20, 2025",1545,0
2024-11-07,scG3agQQ79E,Cursor AI 와 Github Copilot 비교해 봤습니다 - 남들은 Cursor AI 가 더 좋다고 하던데 저는...,"May 20, 2025",1545,0
2024-11-08,scG3agQQ79E,Cursor AI 와 Github Copilot 비교해 봤습니다 - 남들은 Cursor AI 가 더 좋다고 하던데 저는...,"May 20, 2025",1545,0
2024-11-09,scG3agQQ79E,Cursor AI 와 Github Copilot 비교해 봤습니다 - 남들은 Cursor AI 가 더 좋다고 하던데 저는...,"May 20, 2025",1545,0
2024-11-10,scG3agQQ79E,Cursor AI 와 Github Copilot 비교해 봤습니다 - 남들은 Cursor AI 가 더 좋다고 하던데 저는...,"May 20, 2025",1545,0
2024-11-11,scG3agQQ79E,Cursor AI 와 Github Copilot 비교해 봤습니다 - 남들은 Cursor AI 가 더 좋다고 하던데 저는...,"May 20, 2025",1545,0
2024-11-12,scG3agQQ79E,Cursor AI 와 Github Copilot 비교해 봤습니다 - 남들은 Cursor AI 가 더 좋다고 하던데 저는...,"May 20, 2025",1545,0
2024-11-13,scG3agQQ79E,Cursor AI 와 Github Copilot 비교해 봤습니다 - 남들은 Cursor AI 가 더 좋다고 하던데 저는...,"May 20, 2025",1545,0
2024-11-14,scG3agQQ79E,Cursor AI 와 Github Copilot 비교해 봤습니다 - 남들은 Cursor AI 가 더 좋다고 하던데 저는...,"May 20, 2025",1545,0
2024-11-15,scG3agQQ79E,Cursor AI 와 Github Copilot 비교해 봤습니다 - 남들은 Cursor AI 가 더 좋다고 하던데 저는...,"May 20, 2025",1545,0
2024-11-16,scG3agQQ79E,Cursor AI 와 Github Copilot 비교해 봤습니다 - 남들은 Cursor AI 가 더 좋다고 하던데 저는...,"May 20, 2025",1545,0
2024-11-17,scG3agQQ79E,Cursor AI 와 Github Copilot 비교해 봤습니다 - 남들은 Cursor AI 가 더 좋다고 하던데 저는...,"May 20, 2025",1545,0
2024-11-18,scG3agQQ79E,Cursor AI 와 Github Copilot 비교해 봤습니다 - 남들은 Cursor AI 가 더 좋다고 하던데 저는...,"May 20, 2025",1545,0
2024-11-19,scG3agQQ79E,Cursor AI 와 Github Copilot 비교해 봤습니다 - 남들은 Cursor AI 가 더 좋다고 하던데 저는...,"May 20, 2025",1545,0
2024-11-20,scG3agQQ79E,Cursor AI 와 Github Copilot 비교해 봤습니다 - 남들은 Cursor AI 가 더 좋다고 하던데 저는...,"May 20, 2025",1545,0
2024-11-21,scG3agQQ79E,Cursor AI 와 Github Copilot 비교해 봤습니다 - 남들은 Cursor AI 가 더 좋다고 하던데 저는...,"May 20, 2025",1545,0
2024-11-22,scG3agQQ79E,Cursor AI 와 Github Copilot 비교해 봤습니다 - 남들은 Cursor AI 가 더 좋다고 하던데 저는...,"May 20, 2025",1545,0
2024-11-23,scG3agQQ79E,Cursor AI 와 Github Copilot 비교해 봤습니다 - 남들은 Cursor AI 가 더 좋다고 하던데 저는...,"May 20, 2025",1545,0
2024-11-24,scG3agQQ79E,Cursor AI 와 Github Copilot 비교해 봤습니다 - 남들은 Cursor AI 가 더 좋다고 하던데 저는...,"May 20, 2025",1545,0
2024-11-25,scG3agQQ79E,Cursor AI 와 Github Copilot 비교해 봤습니다 - 남들은 Cursor AI 가 더 좋다고 하던데 저는...,"May 20, 2025",1545,0
2024-11-26,scG3agQQ79E,Cursor AI 와 Github Copilot 비교해 봤습니다 - 남들은 Cursor AI 가 더 좋다고 하던데 저는...,"May 20, 2025",1545,0
2024-11-27,scG3agQQ79E,Cursor AI 와 Github Copilot 비교해 봤습니다 - 남들은 Cursor AI 가 더 좋다고 하던데 저는...,"May 20, 2025",1545,0
2024-11-28,scG3agQQ79E,Cursor AI 와 Github Copilot 비교해 봤습니다 - 남들은 Cursor AI 가 더 좋다고 하던데 저는...,"May 20, 2025",1545,0
2024-11-29,scG3agQQ79E,Cursor AI 와 Github Copilot 비교해 봤습니다 - 남들은 Cursor AI 가 더 좋다고 하던데 저는...,"May 20, 2025",1545,0
2024-11-30,scG3agQQ79E,Cursor AI 와 Github Copilot 비교해 봤습니다 - 남들은 Cursor AI 가 더 좋다고 하던데 저는...,"May 20, 2025",1545,0
2024-12-01,scG3agQQ79E,Cursor AI 와 Github Copilot 비교해 봤습니다 - 남들은 Cursor AI 가 더 좋다고 하던데 저는...,"May 20, 2025",1545,0
2024-12-02,scG3agQQ79E,Cursor AI 와 Github Copilot 비교해 봤습니다 - 남들은 Cursor AI 가 더 좋다고 하던데 저는...,"May 20, 2025",1545,0
2024-12-03,scG3agQQ79E,Cursor AI 와 Github Copilot 비교해 봤습니다 - 남들은 Cursor AI 가 더 좋다고 하던데 저는...,"May 20, 2025",1545,0
2024-12-04,scG3agQQ79E,Cursor AI 와 Github Copilot 비교해 봤습니다 - 남들은 Cursor AI 가 더 좋다고 하던데 저는...,"May 20, 2025",1545,0
2024-12-05,scG3agQQ79E,Cursor AI 와 Github Copilot 비교해 봤습니다 - 남들은 Cursor AI 가 더 좋다고 하던데 저는...,"May 20, 2025",1545,0
2024-12-06,scG3agQQ79E,Cursor AI 와 Github Copilot 비교해 봤습니다 - 남들은 Cursor AI 가 더 좋다고 하던데 저는...,"May 20, 2025",1545,0
2024-12-07,scG3agQQ79E,Cursor AI 와 Github Copilot 비교해 봤습니다 - 남들은 Cursor AI 가 더 좋다고 하던데 저는...,"May 20, 2025",1545,0
2024-12-08,scG3agQQ79E,Cursor AI 와 Github Copilot 비교해 봤습니다 - 남들은 Cursor AI 가 더 좋다고 하던데 저는...,"May 20, 2025",1545,0
2024-12-09,scG3agQQ79E,Cursor AI 와 Github Copilot 비교해 봤습니다 - 남들은 Cursor AI 가 더 좋다고 하던데 저는...,"May 20, 2025",1545,0
2024-12-10,scG3agQQ79E,Cursor AI 와 Github Copilot 비교해 봤습니다 - 남들은 Cursor AI 가 더 좋다고 하던데 저는...,"May 20, 2025",1545,0
2024-12-11,scG3agQQ79E,Cursor AI 와 Github Copilot 비교해 봤습니다 - 남들은 Cursor AI 가 더 좋다고 하던데 저는...,"May 20, 2025",1545,0
2024-12-12,scG3agQQ79E,Cursor AI 와 Github Copilot 비교해 봤습니다 - 남들은 Cursor AI 가 더 좋다고 하던데 저는...,"May 20, 2025",1545,0
2024-12-13,scG3agQQ79E,Cursor AI 와 Github Copilot 비교해 봤습니다 - 남들은 Cursor AI 가 더 좋다고 하던데 저는...,"May 20, 2025",1545,0
2024-12-14,scG3agQQ79E,Cursor AI 와 Github Copilot 비교해 봤습니다 - 남들은 Cursor AI 가 더 좋다고 하던데 저는...,"May 20, 2025",1545,0
2024-12-15,scG3agQQ79E,Cursor AI 와 Github Copilot 비교해 봤습니다 - 남들은 Cursor AI 가 더 좋다고 하던데 저는...,"May 20, 2025",1545,0
2024-12-16,scG3agQQ79E,Cursor AI 와 Github Copilot 비교해 봤습니다 - 남들은 Cursor AI 가 더 좋다고 하던데 저는...,"May 20, 2025",1545,0
2024-12-17,scG3agQQ79E,Cursor AI 와 Github Copilot 비교해 봤습니다 - 남들은 Cursor AI 가 더 좋다고 하던데 저는...,"May 20, 2025",1545,0
2024-12-18,scG3agQQ79E,Cursor AI 와 Github Copilot 비교해 봤습니다 - 남들은 Cursor AI 가 더 좋다고 하던데 저는...,"May 20, 2025",1545,0
2024-12-19,scG3agQQ79E,Cursor AI 와 Github Copilot 비교해 봤습니다 - 남들은 Cursor AI 가 더 좋다고 하던데 저는...,"May 20, 2025",1545,0
2024-12-20,scG3agQQ79E,Cursor AI 와 Github Copilot 비교해 봤습니다 - 남들은 Cursor AI 가 더 좋다고 하던데 저는...,"May 20, 2025",1545,0
2024-12-21,scG3agQQ79E,Cursor AI 와 Github Copilot 비교해 봤습니다 - 남들은 Cursor AI 가 더 좋다고 하던데 저는...,"May 20, 2025",1545,0
2024-12-22,scG3agQQ79E,Cursor AI 와 Github Copilot 비교해 봤습니다 - 남들은 Cursor AI 가 더 좋다고 하던데 저는...,"May 20, 2025",1545,0
2024-12-23,scG3agQQ79E,Cursor AI 와 Github Copilot 비교해 봤습니다 - 남들은 Cursor AI 가 더 좋다고 하던데 저는...,"May 20, 2025",1545,0
2024-12-24,scG3agQQ79E,Cursor AI 와 Github Copilot 비교해 봤습니다 - 남들은 Cursor AI 가 더 좋다고 하던데 저는...,"May 20, 2025",1545,0
2024-12-25,scG3agQQ79E,Cursor AI 와 Github Copilot 비교해 봤습니다 - 남들은 Cursor AI 가 더 좋다고 하던데 저는...,"May 20, 2025",1545,0
2024-12-26,scG3agQQ79E,Cursor AI 와 Github Copilot 비교해 봤습니다 - 남들은 Cursor AI 가 더 좋다고 하던데 저는...,"May 20, 2025",1545,0
2024-12-27,scG3agQQ79E,Cursor AI 와 Github Copilot 비교해 봤습니다 - 남들은 Cursor AI 가 더 좋다고 하던데 저는...,"May 20, 2025",1545,0
2024-12-28,scG3agQQ79E,Cursor AI 와 Github Copilot 비교해 봤습니다 - 남들은 Cursor AI 가 더 좋다고 하던데 저는...,"May 20, 2025",1545,0
2024-12-29,scG3agQQ79E,Cursor AI 와 Github Copilot 비교해 봤습니다 - 남들은 Cursor AI 가 더 좋다고 하던데 저는...,"May 20, 2025",1545,0
2024-12-30,scG3agQQ79E,Cursor AI 와 Github Copilot 비교해 봤습니다 - 남들은 Cursor AI 가 더 좋다고 하던데 저는...,"May 20, 2025",1545,0
2024-12-31,scG3agQQ79E,Cursor AI 와 Github Copilot 비교해 봤습니다 - 남들은 Cursor AI 가 더 좋다고 하던데 저는...,"May 20, 2025",1545,0
2025-01-01,scG3agQQ79E,Cursor AI 와 Github Copilot 비교해 봤습니다 - 남들은 Cursor AI 가 더 좋다고 하던데 저는...,"May 20, 2025",1545,0
2025-01-02,scG3agQQ79E,Cursor AI 와 Github Copilot 비교해 봤습니다 - 남들은 Cursor AI 가 더 좋다고 하던데 저는...,"May 20, 2025",1545,0
2025-01-03,scG3agQQ79E,Cursor AI 와 Github Copilot 비교해 봤습니다 - 남들은 Cursor AI 가 더 좋다고 하던데 저는...,"May 20, 2025",1545,0
2025-01-04,scG3agQQ79E,Cursor AI 와 Github Copilot 비교해 봤습니다 - 남들은 Cursor AI 가 더 좋다고 하던데 저는...,"May 20, 2025",1545,0
2025-01-05,scG3agQQ79E,Cursor AI 와 Github Copilot 비교해 봤습니다 - 남들은 Cursor AI 가 더 좋다고 하던데 저는...,"May 20, 2025",1545,0
2025-01-06,scG3agQQ79E,Cursor AI 와 Github Copilot 비교해 봤습니다 - 남들은 Cursor AI 가 더 좋다고 하던데 저는...,"May 20, 2025",1545,0
2025-01-07,scG3agQQ79E,Cursor AI 와 Github Copilot 비교해 봤습니다 - 남들은 Cursor AI 가 더 좋다고 하던데 저는...,"May 20, 2025",1545,0
2025-01-08,scG3agQQ79E,Cursor AI 와 Github Copilot 비교해 봤습니다 - 남들은 Cursor AI 가 더 좋다고 하던데 저는...,"May 20, 2025",1545,0
2025-01-09,scG3agQQ79E,Cursor AI 와 Github Copilot 비교해 봤습니다 - 남들은 Cursor AI 가 더 좋다고 하던데 저는...,"May 20, 2025",1545,0
2025-01-10,scG3agQQ79E,Cursor AI 와 Github Copilot 비교해 봤습니다 - 남들은 Cursor AI 가 더 좋다고 하던데 저는...,"May 20, 2025",1545,0
2025-01-11,scG3agQQ79E,Cursor AI 와 Github Copilot 비교해 봤습니다 - 남들은 Cursor AI 가 더 좋다고 하던데 저는...,"May 20, 2025",1545,0
2025-01-12,scG3agQQ79E,Cursor AI 와 Github Copilot 비교해 봤습니다 - 남들은 Cursor AI 가 더 좋다고 하던데 저는...,"May 20, 2025",1545,0
2025-01-13,scG3agQQ79E,Cursor AI 와 Github Copilot 비교해 봤습니다 - 남들은 Cursor AI 가 더 좋다고 하던데 저는...,"May 20, 2025",1545,0
2025-01-14,scG3agQQ79E,Cursor AI 와 Github Copilot 비교해 봤습니다 - 남들은 Cursor AI 가 더 좋다고 하던데 저는...,"May 20, 2025",1545,0
2025-01-15,scG3agQQ79E,Cursor AI 와 Github Copilot 비교해 봤습니다 - 남들은 Cursor AI 가 더 좋다고 하던데 저는...,"May 20, 2025",1545,0
2025-01-16,scG3agQQ79E,Cursor AI 와 Github Copilot 비교해 봤습니다 - 남들은 Cursor AI 가 더 좋다고 하던데 저는...,"May 20, 2025",1545,0
2025-01-17,scG3agQQ79E,Cursor AI 와 Github Copilot 비교해 봤습니다 - 남들은 Cursor AI 가 더 좋다고 하던데 저는...,"May 20, 2025",1545,0
2025-01-18,scG3agQQ79E,Cursor AI 와 Github Copilot 비교해 봤습니다 - 남들은 Cursor AI 가 더 좋다고 하던데 저는...,"May 20, 2025",1545,0
2025-01-19,scG3agQQ79E,Cursor AI 와 Github Copilot 비교해 봤습니다 - 남들은 Cursor AI 가 더 좋다고 하던데 저는...,"May 20, 2025",1545,0
2025-01-20,scG3agQQ79E,Cursor AI 와 Github Copilot 비교해 봤습니다 - 남들은 Cursor AI 가 더 좋다고 하던데 저는...,"May 20, 2025",1545,0
2025-01-21,scG3agQQ79E,Cursor AI 와 Github Copilot 비교해 봤습니다 - 남들은 Cursor AI 가 더 좋다고 하던데 저는...,"May 20, 2025",1545,0
2025-01-22,scG3agQQ79E,Cursor AI 와 Github Copilot 비교해 봤습니다 - 남들은 Cursor AI 가 더 좋다고 하던데 저는...,"May 20, 2025",1545,0
2025-01-23,scG3agQQ79E,Cursor AI 와 Github Copilot 비교해 봤습니다 - 남들은 Cursor AI 가 더 좋다고 하던데 저는...,"May 20, 2025",1545,0
2025-01-24,scG3agQQ79E,Cursor AI 와 Github Copilot 비교해 봤습니다 - 남들은 Cursor AI 가 더 좋다고 하던데 저는...,"May 20, 2025",1545,0
2025-01-25,scG3agQQ79E,Cursor AI 와 Github Copilot 비교해 봤습니다 - 남들은 Cursor AI 가 더 좋다고 하던데 저는...,"May 20, 2025",1545,0
2025-01-26,scG3agQQ79E,Cursor AI 와 Github Copilot 비교해 봤습니다 - 남들은 Cursor AI 가 더 좋다고 하던데 저는...,"May 20, 2025",1545,0
2025-01-27,scG3agQQ79E,Cursor AI 와 Github Copilot 비교해 봤습니다 - 남들은 Cursor AI 가 더 좋다고 하던데 저는...,"May 20, 2025",1545,0
2025-01-28,scG3agQQ79E,Cursor AI 와 Github Copilot 비교해 봤습니다 - 남들은 Cursor AI 가 더 좋다고 하던데 저는...,"May 20, 2025",1545,0
2025-01-29,scG3agQQ79E,Cursor AI 와 Github Copilot 비교해 봤습니다 - 남들은 Cursor AI 가 더 좋다고 하던데 저는...,"May 20, 2025",1545,0
2025-01-30,scG3agQQ79E,Cursor AI 와 Github Copilot 비교해 봤습니다 - 남들은 Cursor AI 가 더 좋다고 하던데 저는...,"May 20, 2025",1545,0
2025-01-31,scG3agQQ79E,Cursor AI 와 Github Copilot 비교해 봤습니다 - 남들은 Cursor AI 가 더 좋다고 하던데 저는...,"May 20, 2025",1545,0
2025-02-01,scG3agQQ79E,Cursor AI 와 Github Copilot 비교해 봤습니다 - 남들은 Cursor AI 가 더 좋다고 하던데 저는...,"May 20, 2025",1545,0
2025-02-02,scG3agQQ79E,Cursor AI 와 Github Copilot 비교해 봤습니다 - 남들은 Cursor AI 가 더 좋다고 하던데 저는...,"May 20, 2025",1545,0
2025-02-03,scG3agQQ79E,Cursor AI 와 Github Copilot 비교해 봤습니다 - 남들은 Cursor AI 가 더 좋다고 하던데 저는...,"May 20, 2025",1545,0
2025-02-04,scG3agQQ79E,Cursor AI 와 Github Copilot 비교해 봤습니다 - 남들은 Cursor AI 가 더 좋다고 하던데 저는...,"May 20, 2025",1545,0
2025-02-05,scG3agQQ79E,Cursor AI 와 Github Copilot 비교해 봤습니다 - 남들은 Cursor AI 가 더 좋다고 하던데 저는...,"May 20, 2025",1545,0
2025-02-06,scG3agQQ79E,Cursor AI 와 Github Copilot 비교해 봤습니다 - 남들은 Cursor AI 가 더 좋다고 하던데 저는...,"May 20, 2025",1545,0
2025-02-07,scG3agQQ79E,Cursor AI 와 Github Copilot 비교해 봤습니다 - 남들은 Cursor AI 가 더 좋다고 하던데 저는...,"May 20, 2025",1545,0
2025-02-08,scG3agQQ79E,Cursor AI 와 Github Copilot 비교해 봤습니다 - 남들은 Cursor AI 가 더 좋다고 하던데 저는...,"May 20, 2025",1545,0
2025-02-09,scG3agQQ79E,Cursor AI 와 Github Copilot 비교해 봤습니다 - 남들은 Cursor AI 가 더 좋다고 하던데 저는...,"May 20, 2025",1545,0
2025-02-10,scG3agQQ79E,Cursor AI 와 Github Copilot 비교해 봤습니다 - 남들은 Cursor AI 가 더 좋다고 하던데 저는...,"May 20, 2025",1545,0
2025-02-11,scG3agQQ79E,Cursor AI 와 Github Copilot 비교해 봤습니다 - 남들은 Cursor AI 가 더 좋다고 하던데 저는...,"May 20, 2025",1545,0
2025-02-12,scG3agQQ79E,Cursor AI 와 Github Copilot 비교해 봤습니다 - 남들은 Cursor AI 가 더 좋다고 하던데 저는...,"May 20, 2025",1545,0
2025-02-13,scG3agQQ79E,Cursor AI 와 Github Copilot 비교해 봤습니다 - 남들은 Cursor AI 가 더 좋다고 하던데 저는...,"May 20, 2025",1545,0
2025-02-14,scG3agQQ79E,Cursor AI 와 Github Copilot 비교해 봤습니다 - 남들은 Cursor AI 가 더 좋다고 하던데 저는...,"May 20, 2025",1545,0
2025-02-15,scG3agQQ79E,Cursor AI 와 Github Copilot 비교해 봤습니다 - 남들은 Cursor AI 가 더 좋다고 하던데 저는...,"May 20, 2025",1545,0
2025-02-16,scG3agQQ79E,Cursor AI 와 Github Copilot 비교해 봤습니다 - 남들은 Cursor AI 가 더 좋다고 하던데 저는...,"May 20, 2025",1545,0
2025-02-17,scG3agQQ79E,Cursor AI 와 Github Copilot 비교해 봤습니다 - 남들은 Cursor AI 가 더 좋다고 하던데 저는...,"May 20, 2025",1545,0
2025-02-18,scG3agQQ79E,Cursor AI 와 Github Copilot 비교해 봤습니다 - 남들은 Cursor AI 가 더 좋다고 하던데 저는...,"May 20, 2025",1545,0
2025-02-19,scG3agQQ79E,Cursor AI 와 Github Copilot 비교해 봤습니다 - 남들은 Cursor AI 가 더 좋다고 하던데 저는...,"May 20, 2025",1545,0
2025-02-20,scG3agQQ79E,Cursor AI 와 Github Copilot 비교해 봤습니다 - 남들은 Cursor AI 가 더 좋다고 하던데 저는...,"May 20, 2025",1545,0
2025-02-21,scG3agQQ79E,Cursor AI 와 Github Copilot 비교해 봤습니다 - 남들은 Cursor AI 가 더 좋다고 하던데 저는...,"May 20, 2025",1545,0
2025-02-22,scG3agQQ79E,Cursor AI 와 Github Copilot 비교해 봤습니다 - 남들은 Cursor AI 가 더 좋다고 하던데 저는...,"May 20, 2025",1545,0
2025-02-23,scG3agQQ79E,Cursor AI 와 Github Copilot 비교해 봤습니다 - 남들은 Cursor AI 가 더 좋다고 하던데 저는...,"May 20, 2025",1545,0
2025-02-24,scG3agQQ79E,Cursor AI 와 Github Copilot 비교해 봤습니다 - 남들은 Cursor AI 가 더 좋다고 하던데 저는...,"May 20, 2025",1545,0
2025-02-25,scG3agQQ79E,Cursor AI 와 Github Copilot 비교해 봤습니다 - 남들은 Cursor AI 가 더 좋다고 하던데 저는...,"May 20, 2025",1545,0
2025-02-26,scG3agQQ79E,Cursor AI 와 Github Copilot 비교해 봤습니다 - 남들은 Cursor AI 가 더 좋다고 하던데 저는...,"May 20, 2025",1545,0
2025-02-27,scG3agQQ79E,Cursor AI 와 Github Copilot 비교해 봤습니다 - 남들은 Cursor AI 가 더 좋다고 하던데 저는...,"May 20, 2025",1545,0
2025-02-28,scG3agQQ79E,Cursor AI 와 Github Copilot 비교해 봤습니다 - 남들은 Cursor AI 가 더 좋다고 하던데 저는...,"May 20, 2025",1545,0
2025-03-01,scG3agQQ79E,Cursor AI 와 Github Copilot 비교해 봤습니다 - 남들은 Cursor AI 가 더 좋다고 하던데 저는...,"May 20, 2025",1545,0
2025-03-02,scG3agQQ79E,Cursor AI 와 Github Copilot 비교해 봤습니다 - 남들은 Cursor AI 가 더 좋다고 하던데 저는...,"May 20, 2025",1545,0
2025-03-03,scG3agQQ79E,Cursor AI 와 Github Copilot 비교해 봤습니다 - 남들은 Cursor AI 가 더 좋다고 하던데 저는...,"May 20, 2025",1545,0
2025-03-04,scG3agQQ79E,Cursor AI 와 Github Copilot 비교해 봤습니다 - 남들은 Cursor AI 가 더 좋다고 하던데 저는...,"May 20, 2025",1545,0
2025-03-05,scG3agQQ79E,Cursor AI 와 Github Copilot 비교해 봤습니다 - 남들은 Cursor AI 가 더 좋다고 하던데 저는...,"May 20, 2025",1545,0
2025-03-06,scG3agQQ79E,Cursor AI 와 Github Copilot 비교해 봤습니다 - 남들은 Cursor AI 가 더 좋다고 하던데 저는...,"May 20, 2025",1545,0
2025-03-07,scG3agQQ79E,Cursor AI 와 Github Copilot 비교해 봤습니다 - 남들은 Cursor AI 가 더 좋다고 하던데 저는...,"May 20, 2025",1545,0
2025-03-08,scG3agQQ79E,Cursor AI 와 Github Copilot 비교해 봤습니다 - 남들은 Cursor AI 가 더 좋다고 하던데 저는...,"May 20, 2025",1545,0
2025-03-09,scG3agQQ79E,Cursor AI 와 Github Copilot 비교해 봤습니다 - 남들은 Cursor AI 가 더 좋다고 하던데 저는...,"May 20, 2025",1545,0
2025-03-10,scG3agQQ79E,Cursor AI 와 Github Copilot 비교해 봤습니다 - 남들은 Cursor AI 가 더 좋다고 하던데 저는...,"May 20, 2025",1545,0
2025-03-11,scG3agQQ79E,Cursor AI 와 Github Copilot 비교해 봤습니다 - 남들은 Cursor AI 가 더 좋다고 하던데 저는...,"May 20, 2025",1545,0
2025-03-12,scG3agQQ79E,Cursor AI 와 Github Copilot 비교해 봤습니다 - 남들은 Cursor AI 가 더 좋다고 하던데 저는...,"May 20, 2025",1545,0
2025-03-13,scG3agQQ79E,Cursor AI 와 Github Copilot 비교해 봤습니다 - 남들은 Cursor AI 가 더 좋다고 하던데 저는...,"May 20, 2025",1545,0
2025-03-14,scG3agQQ79E,Cursor AI 와 Github Copilot 비교해 봤습니다 - 남들은 Cursor AI 가 더 좋다고 하던데 저는...,"May 20, 2025",1545,0
2025-03-15,scG3agQQ79E,Cursor AI 와 Github Copilot 비교해 봤습니다 - 남들은 Cursor AI 가 더 좋다고 하던데 저는...,"May 20, 2025",1545,0
2025-03-16,scG3agQQ79E,Cursor AI 와 Github Copilot 비교해 봤습니다 - 남들은 Cursor AI 가 더 좋다고 하던데 저는...,"May 20, 2025",1545,0
2025-03-17,scG3agQQ79E,Cursor AI 와 Github Copilot 비교해 봤습니다 - 남들은 Cursor AI 가 더 좋다고 하던데 저는...,"May 20, 2025",1545,0
2025-03-18,scG3agQQ79E,Cursor AI 와 Github Copilot 비교해 봤습니다 - 남들은 Cursor AI 가 더 좋다고 하던데 저는...,"May 20, 2025",1545,0
2025-03-19,scG3agQQ79E,Cursor AI 와 Github Copilot 비교해 봤습니다 - 남들은 Cursor AI 가 더 좋다고 하던데 저는...,"May 20, 2025",1545,0
2025-03-20,scG3agQQ79E,Cursor AI 와 Github Copilot 비교해 봤습니다 - 남들은 Cursor AI 가 더 좋다고 하던데 저는...,"May 20, 2025",1545,0
2025-03-21,scG3agQQ79E,Cursor AI 와 Github Copilot 비교해 봤습니다 - 남들은 Cursor AI 가 더 좋다고 하던데 저는...,"May 20, 2025",1545,0
2025-03-22,scG3agQQ79E,Cursor AI 와 Github Copilot 비교해 봤습니다 - 남들은 Cursor AI 가 더 좋다고 하던데 저는...,"May 20, 2025",1545,0
2025-03-23,scG3agQQ79E,Cursor AI 와 Github Copilot 비교해 봤습니다 - 남들은 Cursor AI 가 더 좋다고 하던데 저는...,"May 20, 2025",1545,0
2025-03-24,scG3agQQ79E,Cursor AI 와 Github Copilot 비교해 봤습니다 - 남들은 Cursor AI 가 더 좋다고 하던데 저는...,"May 20, 2025",1545,0
2025-03-25,scG3agQQ79E,Cursor AI 와 Github Copilot 비교해 봤습니다 - 남들은 Cursor AI 가 더 좋다고 하던데 저는...,"May 20, 2025",1545,0
2025-03-26,scG3agQQ79E,Cursor AI 와 Github Copilot 비교해 봤습니다 - 남들은 Cursor AI 가 더 좋다고 하던데 저는...,"May 20, 2025",1545,0
2025-03-27,scG3agQQ79E,Cursor AI 와 Github Copilot 비교해 봤습니다 - 남들은 Cursor AI 가 더 좋다고 하던데 저는...,"May 20, 2025",1545,0
2025-03-28,scG3agQQ79E,Cursor AI 와 Github Copilot 비교해 봤습니다 - 남들은 Cursor AI 가 더 좋다고 하던데 저는...,"May 20, 2025",1545,0
2025-03-29,scG3agQQ79E,Cursor AI 와 Github Copilot 비교해 봤습니다 - 남들은 Cursor AI 가 더 좋다고 하던데 저는...,"May 20, 2025",1545,0
2025-03-30,scG3agQQ79E,Cursor AI 와 Github Copilot 비교해 봤습니다 - 남들은 Cursor AI 가 더 좋다고 하던데 저는...,"May 20, 2025",1545,0
2025-03-31,scG3agQQ79E,Cursor AI 와 Github Copilot 비교해 봤습니다 - 남들은 Cursor AI 가 더 좋다고 하던데 저는...,"May 20, 2025",1545,0
2025-04-01,scG3agQQ79E,Cursor AI 와 Github Copilot 비교해 봤습니다 - 남들은 Cursor AI 가 더 좋다고 하던데 저는...,"May 20, 2025",1545,0
2025-04-02,scG3agQQ79E,Cursor AI 와 Github Copilot 비교해 봤습니다 - 남들은 Cursor AI 가 더 좋다고 하던데 저는...,"May 20, 2025",1545,0
2025-04-03,scG3agQQ79E,Cursor AI 와 Github Copilot 비교해 봤습니다 - 남들은 Cursor AI 가 더 좋다고 하던데 저는...,"May 20, 2025",1545,0
2025-04-04,scG3agQQ79E,Cursor AI 와 Github Copilot 비교해 봤습니다 - 남들은 Cursor AI 가 더 좋다고 하던데 저는...,"May 20, 2025",1545,0
2025-04-05,scG3agQQ79E,Cursor AI 와 Github Copilot 비교해 봤습니다 - 남들은 Cursor AI 가 더 좋다고 하던데 저는...,"May 20, 2025",1545,0
2025-04-06,scG3agQQ79E,Cursor AI 와 Github Copilot 비교해 봤습니다 - 남들은 Cursor AI 가 더 좋다고 하던데 저는...,"May 20, 2025",1545,0
2025-04-07,scG3agQQ79E,Cursor AI 와 Github Copilot 비교해 봤습니다 - 남들은 Cursor AI 가 더 좋다고 하던데 저는...,"May 20, 2025",1545,0
2025-04-08,scG3agQQ79E,Cursor AI 와 Github Copilot 비교해 봤습니다 - 남들은 Cursor AI 가 더 좋다고 하던데 저는...,"May 20, 2025",1545,0
2025-04-09,scG3agQQ79E,Cursor AI 와 Github Copilot 비교해 봤습니다 - 남들은 Cursor AI 가 더 좋다고 하던데 저는...,"May 20, 2025",1545,0
2025-04-10,scG3agQQ79E,Cursor AI 와 Github Copilot 비교해 봤습니다 - 남들은 Cursor AI 가 더 좋다고 하던데 저는...,"May 20, 2025",1545,0
2025-04-11,scG3agQQ79E,Cursor AI 와 Github Copilot 비교해 봤습니다 - 남들은 Cursor AI 가 더 좋다고 하던데 저는...,"May 20, 2025",1545,0
2025-04-12,scG3agQQ79E,Cursor AI 와 Github Copilot 비교해 봤습니다 - 남들은 Cursor AI 가 더 좋다고 하던데 저는...,"May 20, 2025",1545,0
2025-04-13,scG3agQQ79E,Cursor AI 와 Github Copilot 비교해 봤습니다 - 남들은 Cursor AI 가 더 좋다고 하던데 저는...,"May 20, 2025",1545,0
2025-04-14,scG3agQQ79E,Cursor AI 와 Github Copilot 비교해 봤습니다 - 남들은 Cursor AI 가 더 좋다고 하던데 저는...,"May 20, 2025",1545,0
2025-04-15,scG3agQQ79E,Cursor AI 와 Github Copilot 비교해 봤습니다 - 남들은 Cursor AI 가 더 좋다고 하던데 저는...,"May 20, 2025",1545,0
2025-04-16,scG3agQQ79E,Cursor AI 와 Github Copilot 비교해 봤습니다 - 남들은 Cursor AI 가 더 좋다고 하던데 저는...,"May 20, 2025",1545,0
2025-04-17,scG3agQQ79E,Cursor AI 와 Github Copilot 비교해 봤습니다 - 남들은 Cursor AI 가 더 좋다고 하던데 저는...,"May 20, 2025",1545,0
2025-04-18,scG3agQQ79E,Cursor AI 와 Github Copilot 비교해 봤습니다 - 남들은 Cursor AI 가 더 좋다고 하던데 저는...,"May 20, 2025",1545,0
2025-04-19,scG3agQQ79E,Cursor AI 와 Github Copilot 비교해 봤습니다 - 남들은 Cursor AI 가 더 좋다고 하던데 저는...,"May 20, 2025",1545,0
2025-04-20,scG3agQQ79E,Cursor AI 와 Github Copilot 비교해 봤습니다 - 남들은 Cursor AI 가 더 좋다고 하던데 저는...,"May 20, 2025",1545,0
2025-04-21,scG3agQQ79E,Cursor AI 와 Github Copilot 비교해 봤습니다 - 남들은 Cursor AI 가 더 좋다고 하던데 저는...,"May 20, 2025",1545,0
2025-04-22,scG3agQQ79E,Cursor AI 와 Github Copilot 비교해 봤습니다 - 남들은 Cursor AI 가 더 좋다고 하던데 저는...,"May 20, 2025",1545,0
2025-04-23,scG3agQQ79E,Cursor AI 와 Github Copilot 비교해 봤습니다 - 남들은 Cursor AI 가 더 좋다고 하던데 저는...,"May 20, 2025",1545,0
2025-04-24,scG3agQQ79E,Cursor AI 와 Github Copilot 비교해 봤습니다 - 남들은 Cursor AI 가 더 좋다고 하던데 저는...,"May 20, 2025",1545,0
2025-04-25,scG3agQQ79E,Cursor AI 와 Github Copilot 비교해 봤습니다 - 남들은 Cursor AI 가 더 좋다고 하던데 저는...,"May 20, 2025",1545,0
2025-04-26,scG3agQQ79E,Cursor AI 와 Github Copilot 비교해 봤습니다 - 남들은 Cursor AI 가 더 좋다고 하던데 저는...,"May 20, 2025",1545,0
2025-04-27,scG3agQQ79E,Cursor AI 와 Github Copilot 비교해 봤습니다 - 남들은 Cursor AI 가 더 좋다고 하던데 저는...,"May 20, 2025",1545,0
2025-04-28,scG3agQQ79E,Cursor AI 와 Github Copilot 비교해 봤습니다 - 남들은 Cursor AI 가 더 좋다고 하던데 저는...,"May 20, 2025",1545,0
2025-04-29,scG3agQQ79E,Cursor AI 와 Github Copilot 비교해 봤습니다 - 남들은 Cursor AI 가 더 좋다고 하던데 저는...,"May 20, 2025",1545,0
2025-04-30,scG3agQQ79E,Cursor AI 와 Github Copilot 비교해 봤습니다 - 남들은 Cursor AI 가 더 좋다고 하던데 저는...,"May 20, 2025",1545,0
2025-05-01,scG3agQQ79E,Cursor AI 와 Github Copilot 비교해 봤습니다 - 남들은 Cursor AI 가 더 좋다고 하던데 저는...,"May 20, 2025",1545,0
2025-05-02,scG3agQQ79E,Cursor AI 와 Github Copilot 비교해 봤습니다 - 남들은 Cursor AI 가 더 좋다고 하던데 저는...,"May 20, 2025",1545,0
2025-05-03,scG3agQQ79E,Cursor AI 와 Github Copilot 비교해 봤습니다 - 남들은 Cursor AI 가 더 좋다고 하던데 저는...,"May 20, 2025",1545,0
2025-05-04,scG3agQQ79E,Cursor AI 와 Github Copilot 비교해 봤습니다 - 남들은 Cursor AI 가 더 좋다고 하던데 저는...,"May 20, 2025",1545,0
2025-05-05,scG3agQQ79E,Cursor AI 와 Github Copilot 비교해 봤습니다 - 남들은 Cursor AI 가 더 좋다고 하던데 저는...,"May 20, 2025",1545,0
2025-05-06,scG3agQQ79E,Cursor AI 와 Github Copilot 비교해 봤습니다 - 남들은 Cursor AI 가 더 좋다고 하던데 저는...,"May 20, 2025",1545,0
2025-05-07,scG3agQQ79E,Cursor AI 와 Github Copilot 비교해 봤습니다 - 남들은 Cursor AI 가 더 좋다고 하던데 저는...,"May 20, 2025",1545,0
2025-05-08,scG3agQQ79E,Cursor AI 와 Github Copilot 비교해 봤습니다 - 남들은 Cursor AI 가 더 좋다고 하던데 저는...,"May 20, 2025",1545,0
2025-05-09,scG3agQQ79E,Cursor AI 와 Github Copilot 비교해 봤습니다 - 남들은 Cursor AI 가 더 좋다고 하던데 저는...,"May 20, 2025",1545,0
2025-05-10,scG3agQQ79E,Cursor AI 와 Github Copilot 비교해 봤습니다 - 남들은 Cursor AI 가 더 좋다고 하던데 저는...,"May 20, 2025",1545,0
2025-05-11,scG3agQQ79E,Cursor AI 와 Github Copilot 비교해 봤습니다 - 남들은 Cursor AI 가 더 좋다고 하던데 저는...,"May 20, 2025",1545,0
2025-05-12,scG3agQQ79E,Cursor AI 와 Github Copilot 비교해 봤습니다 - 남들은 Cursor AI 가 더 좋다고 하던데 저는...,"May 20, 2025",1545,0
2025-05-13,scG3agQQ79E,Cursor AI 와 Github Copilot 비교해 봤습니다 - 남들은 Cursor AI 가 더 좋다고 하던데 저는...,"May 20, 2025",1545,0
2025-05-14,scG3agQQ79E,Cursor AI 와 Github Copilot 비교해 봤습니다 - 남들은 Cursor AI 가 더 좋다고 하던데 저는...,"May 20, 2025",1545,0
2025-05-15,scG3agQQ79E,Cursor AI 와 Github Copilot 비교해 봤습니다 - 남들은 Cursor AI 가 더 좋다고 하던데 저는...,"May 20, 2025",1545,0
2025-05-16,scG3agQQ79E,Cursor AI 와 Github Copilot 비교해 봤습니다 - 남들은 Cursor AI 가 더 좋다고 하던데 저는...,"May 20, 2025",1545,0
2025-05-17,scG3agQQ79E,Cursor AI 와 Github Copilot 비교해 봤습니다 - 남들은 Cursor AI 가 더 좋다고 하던데 저는...,"May 20, 2025",1545,0
2025-05-18,scG3agQQ79E,Cursor AI 와 Github Copilot 비교해 봤습니다 - 남들은 Cursor AI 가 더 좋다고 하던데 저는...,"May 20, 2025",1545,0
2025-05-19,scG3agQQ79E,Cursor AI 와 Github Copilot 비교해 봤습니다 - 남들은 Cursor AI 가 더 좋다고 하던데 저는...,"May 20, 2025",1545,0
2025-05-20,scG3agQQ79E,Cursor AI 와 Github Copilot 비교해 봤습니다 - 남들은 Cursor AI 가 더 좋다고 하던데 저는...,"May 20, 2025",1545,123
2025-05-21,scG3agQQ79E,Cursor AI 와 Github Copilot 비교해 봤습니다 - 남들은 Cursor AI 가 더 좋다고 하던데 저는...,"May 20, 2025",1545,256
2025-05-22,scG3agQQ79E,Cursor AI 와 Github Copilot 비교해 봤습니다 - 남들은 Cursor AI 가 더 좋다고 하던데 저는...,"May 20, 2025",1545,395
2025-05-23,scG3agQQ79E,Cursor AI 와 Github Copilot 비교해 봤습니다 - 남들은 Cursor AI 가 더 좋다고 하던데 저는...,"May 20, 2025",1545,313
2025-05-24,scG3agQQ79E,Cursor AI 와 Github Copilot 비교해 봤습니다 - 남들은 Cursor AI 가 더 좋다고 하던데 저는...,"May 20, 2025",1545,56
2025-05-25,scG3agQQ79E,Cursor AI 와 Github Copilot 비교해 봤습니다 - 남들은 Cursor AI 가 더 좋다고 하던데 저는...,"May 20, 2025",1545,35
2025-05-26,scG3agQQ79E,Cursor AI 와 Github Copilot 비교해 봤습니다 - 남들은 Cursor AI 가 더 좋다고 하던데 저는...,"May 20, 2025",1545,43
2025-05-27,scG3agQQ79E,Cursor AI 와 Github Copilot 비교해 봤습니다 - 남들은 Cursor AI 가 더 좋다고 하던데 저는...,"May 20, 2025",1545,37
2025-05-28,scG3agQQ79E,Cursor AI 와 Github Copilot 비교해 봤습니다 - 남들은 Cursor AI 가 더 좋다고 하던데 저는...,"May 20, 2025",1545,67
2025-05-29,scG3agQQ79E,Cursor AI 와 Github Copilot 비교해 봤습니다 - 남들은 Cursor AI 가 더 좋다고 하던데 저는...,"May 20, 2025",1545,54
2025-05-30,scG3agQQ79E,Cursor AI 와 Github Copilot 비교해 봤습니다 - 남들은 Cursor AI 가 더 좋다고 하던데 저는...,"May 20, 2025",1545,58
2025-05-31,scG3agQQ79E,Cursor AI 와 Github Copilot 비교해 봤습니다 - 남들은 Cursor AI 가 더 좋다고 하던데 저는...,"May 20, 2025",1545,38
2025-06-01,scG3agQQ79E,Cursor AI 와 Github Copilot 비교해 봤습니다 - 남들은 Cursor AI 가 더 좋다고 하던데 저는...,"May 20, 2025",1545,50
2025-06-02,scG3agQQ79E,Cursor AI 와 Github Copilot 비교해 봤습니다 - 남들은 Cursor AI 가 더 좋다고 하던데 저는...,"May 20, 2025",1545,46
2025-06-03,scG3agQQ79E,Cursor AI 와 Github Copilot 비교해 봤습니다 - 남들은 Cursor AI 가 더 좋다고 하던데 저는...,"May 20, 2025",1545,17
2025-06-04,scG3agQQ79E,Cursor AI 와 Github Copilot 비교해 봤습니다 - 남들은 Cursor AI 가 더 좋다고 하던데 저는...,"May 20, 2025",1545,26
2025-06-05,scG3agQQ79E,Cursor AI 와 Github Copilot 비교해 봤습니다 - 남들은 Cursor AI 가 더 좋다고 하던데 저는...,"May 20, 2025",1545,24
2025-06-06,scG3agQQ79E,Cursor AI 와 Github Copilot 비교해 봤습니다 - 남들은 Cursor AI 가 더 좋다고 하던데 저는...,"May 20, 2025",1545,34
2025-06-07,scG3agQQ79E,Cursor AI 와 Github Copilot 비교해 봤습니다 - 남들은 Cursor AI 가 더 좋다고 하던데 저는...,"May 20, 2025",1545,35
2025-06-08,scG3agQQ79E,Cursor AI 와 Github Copilot 비교해 봤습니다 - 남들은 Cursor AI 가 더 좋다고 하던데 저는...,"May 20, 2025",1545,40
2025-06-09,scG3agQQ79E,Cursor AI 와 Github Copilot 비교해 봤습니다 - 남들은 Cursor AI 가 더 좋다고 하던데 저는...,"May 20, 2025",1545,45
2025-06-10,scG3agQQ79E,Cursor AI 와 Github Copilot 비교해 봤습니다 - 남들은 Cursor AI 가 더 좋다고 하던데 저는...,"May 20, 2025",1545,24
2025-06-11,scG3agQQ79E,Cursor AI 와 Github Copilot 비교해 봤습니다 - 남들은 Cursor AI 가 더 좋다고 하던데 저는...,"May 20, 2025",1545,45
2025-06-12,scG3agQQ79E,Cursor AI 와 Github Copilot 비교해 봤습니다 - 남들은 Cursor AI 가 더 좋다고 하던데 저는...,"May 20, 2025",1545,30
2025-06-13,scG3agQQ79E,Cursor AI 와 Github Copilot 비교해 봤습니다 - 남들은 Cursor AI 가 더 좋다고 하던데 저는...,"May 20, 2025",1545,16
2025-06-14,scG3agQQ79E,Cursor AI 와 Github Copilot 비교해 봤습니다 - 남들은 Cursor AI 가 더 좋다고 하던데 저는...,"May 20, 2025",1545,30
2025-06-15,scG3agQQ79E,Cursor AI 와 Github Copilot 비교해 봤습니다 - 남들은 Cursor AI 가 더 좋다고 하던데 저는...,"May 20, 2025",1545,24
2025-06-16,scG3agQQ79E,Cursor AI 와 Github Copilot 비교해 봤습니다 - 남들은 Cursor AI 가 더 좋다고 하던데 저는...,"May 20, 2025",1545,22
2025-06-17,scG3agQQ79E,Cursor AI 와 Github Copilot 비교해 봤습니다 - 남들은 Cursor AI 가 더 좋다고 하던데 저는...,"May 20, 2025",1545,22
2025-06-18,scG3agQQ79E,Cursor AI 와 Github Copilot 비교해 봤습니다 - 남들은 Cursor AI 가 더 좋다고 하던데 저는...,"May 20, 2025",1545,12
2025-06-19,scG3agQQ79E,Cursor AI 와 Github Copilot 비교해 봤습니다 - 남들은 Cursor AI 가 더 좋다고 하던데 저는...,"May 20, 2025",1545,24
2025-06-20,scG3agQQ79E,Cursor AI 와 Github Copilot 비교해 봤습니다 - 남들은 Cursor AI 가 더 좋다고 하던데 저는...,"May 20, 2025",1545,10
2025-06-21,scG3agQQ79E,Cursor AI 와 Github Copilot 비교해 봤습니다 - 남들은 Cursor AI 가 더 좋다고 하던데 저는...,"May 20, 2025",1545,13
2025-06-22,scG3agQQ79E,Cursor AI 와 Github Copilot 비교해 봤습니다 - 남들은 Cursor AI 가 더 좋다고 하던데 저는...,"May 20, 2025",1545,7
2025-06-23,scG3agQQ79E,Cursor AI 와 Github Copilot 비교해 봤습니다 - 남들은 Cursor AI 가 더 좋다고 하던데 저는...,"May 20, 2025",1545,13
2025-06-24,scG3agQQ79E,Cursor AI 와 Github Copilot 비교해 봤습니다 - 남들은 Cursor AI 가 더 좋다고 하던데 저는...,"May 20, 2025",1545,18
2025-06-25,scG3agQQ79E,Cursor AI 와 Github Copilot 비교해 봤습니다 - 남들은 Cursor AI 가 더 좋다고 하던데 저는...,"May 20, 2025",1545,11
2025-06-26,scG3agQQ79E,Cursor AI 와 Github Copilot 비교해 봤습니다 - 남들은 Cursor AI 가 더 좋다고 하던데 저는...,"May 20, 2025",1545,20
2025-06-27,scG3agQQ79E,Cursor AI 와 Github Copilot 비교해 봤습니다 - 남들은 Cursor AI 가 더 좋다고 하던데 저는...,"May 20, 2025",1545,16
2025-06-28,scG3agQQ79E,Cursor AI 와 Github Copilot 비교해 봤습니다 - 남들은 Cursor AI 가 더 좋다고 하던데 저는...,"May 20, 2025",1545,7
2025-06-29,scG3agQQ79E,Cursor AI 와 Github Copilot 비교해 봤습니다 - 남들은 Cursor AI 가 더 좋다고 하던데 저는...,"May 20, 2025",1545,9
2025-06-30,scG3agQQ79E,Cursor AI 와 Github Copilot 비교해 봤습니다 - 남들은 Cursor AI 가 더 좋다고 하던데 저는...,"May 20, 2025",1545,5
2025-07-01,scG3agQQ79E,Cursor AI 와 Github Copilot 비교해 봤습니다 - 남들은 Cursor AI 가 더 좋다고 하던데 저는...,"May 20, 2025",1545,17
2025-07-02,scG3agQQ79E,Cursor AI 와 Github Copilot 비교해 봤습니다 - 남들은 Cursor AI 가 더 좋다고 하던데 저는...,"May 20, 2025",1545,14
2025-07-03,scG3agQQ79E,Cursor AI 와 Github Copilot 비교해 봤습니다 - 남들은 Cursor AI 가 더 좋다고 하던데 저는...,"May 20, 2025",1545,11
2025-07-04,scG3agQQ79E,Cursor AI 와 Github Copilot 비교해 봤습니다 - 남들은 Cursor AI 가 더 좋다고 하던데 저는...,"May 20, 2025",1545,6
2025-07-05,scG3agQQ79E,Cursor AI 와 Github Copilot 비교해 봤습니다 - 남들은 Cursor AI 가 더 좋다고 하던데 저는...,"May 20, 2025",1545,11
2025-07-06,scG3agQQ79E,Cursor AI 와 Github Copilot 비교해 봤습니다 - 남들은 Cursor AI 가 더 좋다고 하던데 저는...,"May 20, 2025",1545,5
2025-07-07,scG3agQQ79E,Cursor AI 와 Github Copilot 비교해 봤습니다 - 남들은 Cursor AI 가 더 좋다고 하던데 저는...,"May 20, 2025",1545,9
2025-07-08,scG3agQQ79E,Cursor AI 와 Github Copilot 비교해 봤습니다 - 남들은 Cursor AI 가 더 좋다고 하던데 저는...,"May 20, 2025",1545,5
2025-07-09,scG3agQQ79E,Cursor AI 와 Github Copilot 비교해 봤습니다 - 남들은 Cursor AI 가 더 좋다고 하던데 저는...,"May 20, 2025",1545,13
2025-07-10,scG3agQQ79E,Cursor AI 와 Github Copilot 비교해 봤습니다 - 남들은 Cursor AI 가 더 좋다고 하던데 저는...,"May 20, 2025",1545,3
2025-07-11,scG3agQQ79E,Cursor AI 와 Github Copilot 비교해 봤습니다 - 남들은 Cursor AI 가 더 좋다고 하던데 저는...,"May 20, 2025",1545,3
2025-07-12,scG3agQQ79E,Cursor AI 와 Github Copilot 비교해 봤습니다 - 남들은 Cursor AI 가 더 좋다고 하던데 저는...,"May 20, 2025",1545,6
2025-07-13,scG3agQQ79E,Cursor AI 와 Github Copilot 비교해 봤습니다 - 남들은 Cursor AI 가 더 좋다고 하던데 저는...,"May 20, 2025",1545,14
2025-07-14,scG3agQQ79E,Cursor AI 와 Github Copilot 비교해 봤습니다 - 남들은 Cursor AI 가 더 좋다고 하던데 저는...,"May 20, 2025",1545,6
2025-07-15,scG3agQQ79E,Cursor AI 와 Github Copilot 비교해 봤습니다 - 남들은 Cursor AI 가 더 좋다고 하던데 저는...,"May 20, 2025",1545,12
2025-07-16,scG3agQQ79E,Cursor AI 와 Github Copilot 비교해 봤습니다 - 남들은 Cursor AI 가 더 좋다고 하던데 저는...,"May 20, 2025",1545,16
2025-07-17,scG3agQQ79E,Cursor AI 와 Github Copilot 비교해 봤습니다 - 남들은 Cursor AI 가 더 좋다고 하던데 저는...,"May 20, 2025",1545,7
2025-07-18,scG3agQQ79E,Cursor AI 와 Github Copilot 비교해 봤습니다 - 남들은 Cursor AI 가 더 좋다고 하던데 저는...,"May 20, 2025",1545,5
2025-07-19,scG3agQQ79E,Cursor AI 와 Github Copilot 비교해 봤습니다 - 남들은 Cursor AI 가 더 좋다고 하던데 저는...,"May 20, 2025",1545,0
2025-07-20,scG3agQQ79E,Cursor AI 와 Github Copilot 비교해 봤습니다 - 남들은 Cursor AI 가 더 좋다고 하던데 저는...,"May 20, 2025",1545,2
2025-07-21,scG3agQQ79E,Cursor AI 와 Github Copilot 비교해 봤습니다 - 남들은 Cursor AI 가 더 좋다고 하던데 저는...,"May 20, 2025",1545,5
2025-07-22,scG3agQQ79E,Cursor AI 와 Github Copilot 비교해 봤습니다 - 남들은 Cursor AI 가 더 좋다고 하던데 저는...,"May 20, 2025",1545,5
2025-07-23,scG3agQQ79E,Cursor AI 와 Github Copilot 비교해 봤습니다 - 남들은 Cursor AI 가 더 좋다고 하던데 저는...,"May 20, 2025",1545,6
2025-07-24,scG3agQQ79E,Cursor AI 와 Github Copilot 비교해 봤습니다 - 남들은 Cursor AI 가 더 좋다고 하던데 저는...,"May 20, 2025",1545,7
2025-07-25,scG3agQQ79E,Cursor AI 와 Github Copilot 비교해 봤습니다 - 남들은 Cursor AI 가 더 좋다고 하던데 저는...,"May 20, 2025",1545,2
2025-07-26,scG3agQQ79E,Cursor AI 와 Github Copilot 비교해 봤습니다 - 남들은 Cursor AI 가 더 좋다고 하던데 저는...,"May 20, 2025",1545,2
2025-07-27,scG3agQQ79E,Cursor AI 와 Github Copilot 비교해 봤습니다 - 남들은 Cursor AI 가 더 좋다고 하던데 저는...,"May 20, 2025",1545,5
2025-07-28,scG3agQQ79E,Cursor AI 와 Github Copilot 비교해 봤습니다 - 남들은 Cursor AI 가 더 좋다고 하던데 저는...,"May 20, 2025",1545,5
2025-07-29,scG3agQQ79E,Cursor AI 와 Github Copilot 비교해 봤습니다 - 남들은 Cursor AI 가 더 좋다고 하던데 저는...,"May 20, 2025",1545,9
2025-07-30,scG3agQQ79E,Cursor AI 와 Github Copilot 비교해 봤습니다 - 남들은 Cursor AI 가 더 좋다고 하던데 저는...,"May 20, 2025",1545,3
2025-07-31,scG3agQQ79E,Cursor AI 와 Github Copilot 비교해 봤습니다 - 남들은 Cursor AI 가 더 좋다고 하던데 저는...,"May 20, 2025",1545,9
2025-08-01,scG3agQQ79E,Cursor AI 와 Github Copilot 비교해 봤습니다 - 남들은 Cursor AI 가 더 좋다고 하던데 저는...,"May 20, 2025",1545,3
2025-08-02,scG3agQQ79E,Cursor AI 와 Github Copilot 비교해 봤습니다 - 남들은 Cursor AI 가 더 좋다고 하던데 저는...,"May 20, 2025",1545,3
2025-08-03,scG3agQQ79E,Cursor AI 와 Github Copilot 비교해 봤습니다 - 남들은 Cursor AI 가 더 좋다고 하던데 저는...,"May 20, 2025",1545,3
2025-08-04,scG3agQQ79E,Cursor AI 와 Github Copilot 비교해 봤습니다 - 남들은 Cursor AI 가 더 좋다고 하던데 저는...,"May 20, 2025",1545,8
2025-08-05,scG3agQQ79E,Cursor AI 와 Github Copilot 비교해 봤습니다 - 남들은 Cursor AI 가 더 좋다고 하던데 저는...,"May 20, 2025",1545,3
2025-08-06,scG3agQQ79E,Cursor AI 와 Github Copilot 비교해 봤습니다 - 남들은 Cursor AI 가 더 좋다고 하던데 저는...,"May 20, 2025",1545,6
2025-08-07,scG3agQQ79E,Cursor AI 와 Github Copilot 비교해 봤습니다 - 남들은 Cursor AI 가 더 좋다고 하던데 저는...,"May 20, 2025",1545,7
2025-08-08,scG3agQQ79E,Cursor AI 와 Github Copilot 비교해 봤습니다 - 남들은 Cursor AI 가 더 좋다고 하던데 저는...,"May 20, 2025",1545,4
2025-08-09,scG3agQQ79E,Cursor AI 와 Github Copilot 비교해 봤습니다 - 남들은 Cursor AI 가 더 좋다고 하던데 저는...,"May 20, 2025",1545,5
2025-08-10,scG3agQQ79E,Cursor AI 와 Github Copilot 비교해 봤습니다 - 남들은 Cursor AI 가 더 좋다고 하던데 저는...,"May 20, 2025",1545,6
2025-08-11,scG3agQQ79E,Cursor AI 와 Github Copilot 비교해 봤습니다 - 남들은 Cursor AI 가 더 좋다고 하던데 저는...,"May 20, 2025",1545,2
2025-08-12,scG3agQQ79E,Cursor AI 와 Github Copilot 비교해 봤습니다 - 남들은 Cursor AI 가 더 좋다고 하던데 저는...,"May 20, 2025",1545,14
2025-08-13,scG3agQQ79E,Cursor AI 와 Github Copilot 비교해 봤습니다 - 남들은 Cursor AI 가 더 좋다고 하던데 저는...,"May 20, 2025",1545,8
2025-08-14,scG3agQQ79E,Cursor AI 와 Github Copilot 비교해 봤습니다 - 남들은 Cursor AI 가 더 좋다고 하던데 저는...,"May 20, 2025",1545,11
2025-08-15,scG3agQQ79E,Cursor AI 와 Github Copilot 비교해 봤습니다 - 남들은 Cursor AI 가 더 좋다고 하던데 저는...,"May 20, 2025",1545,2
2025-08-16,scG3agQQ79E,Cursor AI 와 Github Copilot 비교해 봤습니다 - 남들은 Cursor AI 가 더 좋다고 하던데 저는...,"May 20, 2025",1545,3
2025-08-17,scG3agQQ79E,Cursor AI 와 Github Copilot 비교해 봤습니다 - 남들은 Cursor AI 가 더 좋다고 하던데 저는...,"May 20, 2025",1545,5
2025-08-18,scG3agQQ79E,Cursor AI 와 Github Copilot 비교해 봤습니다 - 남들은 Cursor AI 가 더 좋다고 하던데 저는...,"May 20, 2025",1545,8
2025-08-19,scG3agQQ79E,Cursor AI 와 Github Copilot 비교해 봤습니다 - 남들은 Cursor AI 가 더 좋다고 하던데 저는...,"May 20, 2025",1545,6
2025-08-20,scG3agQQ79E,Cursor AI 와 Github Copilot 비교해 봤습니다 - 남들은 Cursor AI 가 더 좋다고 하던데 저는...,"May 20, 2025",1545,9
2025-08-21,scG3agQQ79E,Cursor AI 와 Github Copilot 비교해 봤습니다 - 남들은 Cursor AI 가 더 좋다고 하던데 저는...,"May 20, 2025",1545,1
2025-08-22,scG3agQQ79E,Cursor AI 와 Github Copilot 비교해 봤습니다 - 남들은 Cursor AI 가 더 좋다고 하던데 저는...,"May 20, 2025",1545,4
2025-08-23,scG3agQQ79E,Cursor AI 와 Github Copilot 비교해 봤습니다 - 남들은 Cursor AI 가 더 좋다고 하던데 저는...,"May 20, 2025",1545,4
2025-08-24,scG3agQQ79E,Cursor AI 와 Github Copilot 비교해 봤습니다 - 남들은 Cursor AI 가 더 좋다고 하던데 저는...,"May 20, 2025",1545,6
2025-08-25,scG3agQQ79E,Cursor AI 와 Github Copilot 비교해 봤습니다 - 남들은 Cursor AI 가 더 좋다고 하던데 저는...,"May 20, 2025",1545,2
2025-08-26,scG3agQQ79E,Cursor AI 와 Github Copilot 비교해 봤습니다 - 남들은 Cursor AI 가 더 좋다고 하던데 저는...,"May 20, 2025",1545,2
2025-08-27,scG3agQQ79E,Cursor AI 와 Github Copilot 비교해 봤습니다 - 남들은 Cursor AI 가 더 좋다고 하던데 저는...,"May 20, 2025",1545,6
2025-08-28,scG3agQQ79E,Cursor AI 와 Github Copilot 비교해 봤습니다 - 남들은 Cursor AI 가 더 좋다고 하던데 저는...,"May 20, 2025",1545,1
2025-08-29,scG3agQQ79E,Cursor AI 와 Github Copilot 비교해 봤습니다 - 남들은 Cursor AI 가 더 좋다고 하던데 저는...,"May 20, 2025",1545,3
2025-08-30,scG3agQQ79E,Cursor AI 와 Github Copilot 비교해 봤습니다 - 남들은 Cursor AI 가 더 좋다고 하던데 저는...,"May 20, 2025",1545,1
2025-08-31,scG3agQQ79E,Cursor AI 와 Github Copilot 비교해 봤습니다 - 남들은 Cursor AI 가 더 좋다고 하던데 저는...,"May 20, 2025",1545,7
2025-09-01,scG3agQQ79E,Cursor AI 와 Github Copilot 비교해 봤습니다 - 남들은 Cursor AI 가 더 좋다고 하던데 저는...,"May 20, 2025",1545,4
2025-09-02,scG3agQQ79E,Cursor AI 와 Github Copilot 비교해 봤습니다 - 남들은 Cursor AI 가 더 좋다고 하던데 저는...,"May 20, 2025",1545,1
2025-09-03,scG3agQQ79E,Cursor AI 와 Github Copilot 비교해 봤습니다 - 남들은 Cursor AI 가 더 좋다고 하던데 저는...,"May 20, 2025",1545,1
2025-09-04,scG3agQQ79E,Cursor AI 와 Github Copilot 비교해 봤습니다 - 남들은 Cursor AI 가 더 좋다고 하던데 저는...,"May 20, 2025",1545,15
2025-09-05,scG3agQQ79E,Cursor AI 와 Github Copilot 비교해 봤습니다 - 남들은 Cursor AI 가 더 좋다고 하던데 저는...,"May 20, 2025",1545,4
2025-09-06,scG3agQQ79E,Cursor AI 와 Github Copilot 비교해 봤습니다 - 남들은 Cursor AI 가 더 좋다고 하던데 저는...,"May 20, 2025",1545,12
2025-09-07,scG3agQQ79E,Cursor AI 와 Github Copilot 비교해 봤습니다 - 남들은 Cursor AI 가 더 좋다고 하던데 저는...,"May 20, 2025",1545,7
2025-09-08,scG3agQQ79E,Cursor AI 와 Github Copilot 비교해 봤습니다 - 남들은 Cursor AI 가 더 좋다고 하던데 저는...,"May 20, 2025",1545,1
2025-09-09,scG3agQQ79E,Cursor AI 와 Github Copilot 비교해 봤습니다 - 남들은 Cursor AI 가 더 좋다고 하던데 저는...,"May 20, 2025",1545,9
2025-09-10,scG3agQQ79E,Cursor AI 와 Github Copilot 비교해 봤습니다 - 남들은 Cursor AI 가 더 좋다고 하던데 저는...,"May 20, 2025",1545,10
2025-09-11,scG3agQQ79E,Cursor AI 와 Github Copilot 비교해 봤습니다 - 남들은 Cursor AI 가 더 좋다고 하던데 저는...,"May 20, 2025",1545,3
2025-09-12,scG3agQQ79E,Cursor AI 와 Github Copilot 비교해 봤습니다 - 남들은 Cursor AI 가 더 좋다고 하던데 저는...,"May 20, 2025",1545,4
2025-09-13,scG3agQQ79E,Cursor AI 와 Github Copilot 비교해 봤습니다 - 남들은 Cursor AI 가 더 좋다고 하던데 저는...,"May 20, 2025",1545,4
2025-09-14,scG3agQQ79E,Cursor AI 와 Github Copilot 비교해 봤습니다 - 남들은 Cursor AI 가 더 좋다고 하던데 저는...,"May 20, 2025",1545,8
2025-09-15,scG3agQQ79E,Cursor AI 와 Github Copilot 비교해 봤습니다 - 남들은 Cursor AI 가 더 좋다고 하던데 저는...,"May 20, 2025",1545,5
2025-09-16,scG3agQQ79E,Cursor AI 와 Github Copilot 비교해 봤습니다 - 남들은 Cursor AI 가 더 좋다고 하던데 저는...,"May 20, 2025",1545,5
2025-09-17,scG3agQQ79E,Cursor AI 와 Github Copilot 비교해 봤습니다 - 남들은 Cursor AI 가 더 좋다고 하던데 저는...,"May 20, 2025",1545,9
2025-09-18,scG3agQQ79E,Cursor AI 와 Github Copilot 비교해 봤습니다 - 남들은 Cursor AI 가 더 좋다고 하던데 저는...,"May 20, 2025",1545,1
2025-09-19,scG3agQQ79E,Cursor AI 와 Github Copilot 비교해 봤습니다 - 남들은 Cursor AI 가 더 좋다고 하던데 저는...,"May 20, 2025",1545,8
2025-09-20,scG3agQQ79E,Cursor AI 와 Github Copilot 비교해 봤습니다 - 남들은 Cursor AI 가 더 좋다고 하던데 저는...,"May 20, 2025",1545,0
2025-09-21,scG3agQQ79E,Cursor AI 와 Github Copilot 비교해 봤습니다 - 남들은 Cursor AI 가 더 좋다고 하던데 저는...,"May 20, 2025",1545,1
2025-09-22,scG3agQQ79E,Cursor AI 와 Github Copilot 비교해 봤습니다 - 남들은 Cursor AI 가 더 좋다고 하던데 저는...,"May 20, 2025",1545,5
2025-09-23,scG3agQQ79E,Cursor AI 와 Github Copilot 비교해 봤습니다 - 남들은 Cursor AI 가 더 좋다고 하던데 저는...,"May 20, 2025",1545,2
2025-09-24,scG3agQQ79E,Cursor AI 와 Github Copilot 비교해 봤습니다 - 남들은 Cursor AI 가 더 좋다고 하던데 저는...,"May 20, 2025",1545,1
2025-09-25,scG3agQQ79E,Cursor AI 와 Github Copilot 비교해 봤습니다 - 남들은 Cursor AI 가 더 좋다고 하던데 저는...,"May 20, 2025",1545,2
2025-09-26,scG3agQQ79E,Cursor AI 와 Github Copilot 비교해 봤습니다 - 남들은 Cursor AI 가 더 좋다고 하던데 저는...,"May 20, 2025",1545,3
2025-09-27,scG3agQQ79E,Cursor AI 와 Github Copilot 비교해 봤습니다 - 남들은 Cursor AI 가 더 좋다고 하던데 저는...,"May 20, 2025",1545,2
2025-09-28,scG3agQQ79E,Cursor AI 와 Github Copilot 비교해 봤습니다 - 남들은 Cursor AI 가 더 좋다고 하던데 저는...,"May 20, 2025",1545,1
2025-09-29,scG3agQQ79E,Cursor AI 와 Github Copilot 비교해 봤습니다 - 남들은 Cursor AI 가 더 좋다고 하던데 저는...,"May 20, 2025",1545,10
2025-09-30,scG3agQQ79E,Cursor AI 와 Github Copilot 비교해 봤습니다 - 남들은 Cursor AI 가 더 좋다고 하던데 저는...,"May 20, 2025",1545,3
2025-10-01,scG3agQQ79E,Cursor AI 와 Github Copilot 비교해 봤습니다 - 남들은 Cursor AI 가 더 좋다고 하던데 저는...,"May 20, 2025",1545,2
2025-10-02,scG3agQQ79E,Cursor AI 와 Github Copilot 비교해 봤습니다 - 남들은 Cursor AI 가 더 좋다고 하던데 저는...,"May 20, 2025",1545,2
2025-10-03,scG3agQQ79E,Cursor AI 와 Github Copilot 비교해 봤습니다 - 남들은 Cursor AI 가 더 좋다고 하던데 저는...,"May 20, 2025",1545,4
2025-10-04,scG3agQQ79E,Cursor AI 와 Github Copilot 비교해 봤습니다 - 남들은 Cursor AI 가 더 좋다고 하던데 저는...,"May 20, 2025",1545,4
2025-10-05,scG3agQQ79E,Cursor AI 와 Github Copilot 비교해 봤습니다 - 남들은 Cursor AI 가 더 좋다고 하던데 저는...,"May 20, 2025",1545,8
2025-10-06,scG3agQQ79E,Cursor AI 와 Github Copilot 비교해 봤습니다 - 남들은 Cursor AI 가 더 좋다고 하던데 저는...,"May 20, 2025",1545,4
2025-10-07,scG3agQQ79E,Cursor AI 와 Github Copilot 비교해 봤습니다 - 남들은 Cursor AI 가 더 좋다고 하던데 저는...,"May 20, 2025",1545,4
2025-10-08,scG3agQQ79E,Cursor AI 와 Github Copilot 비교해 봤습니다 - 남들은 Cursor AI 가 더 좋다고 하던데 저는...,"May 20, 2025",1545,3
2025-10-09,scG3agQQ79E,Cursor AI 와 Github Copilot 비교해 봤습니다 - 남들은 Cursor AI 가 더 좋다고 하던데 저는...,"May 20, 2025",1545,5
2025-10-10,scG3agQQ79E,Cursor AI 와 Github Copilot 비교해 봤습니다 - 남들은 Cursor AI 가 더 좋다고 하던데 저는...,"May 20, 2025",1545,3
2025-10-11,scG3agQQ79E,Cursor AI 와 Github Copilot 비교해 봤습니다 - 남들은 Cursor AI 가 더 좋다고 하던데 저는...,"May 20, 2025",1545,3
2025-10-12,scG3agQQ79E,Cursor AI 와 Github Copilot 비교해 봤습니다 - 남들은 Cursor AI 가 더 좋다고 하던데 저는...,"May 20, 2025",1545,4
2025-10-13,scG3agQQ79E,Cursor AI 와 Github Copilot 비교해 봤습니다 - 남들은 Cursor AI 가 더 좋다고 하던데 저는...,"May 20, 2025",1545,1
2025-10-14,scG3agQQ79E,Cursor AI 와 Github Copilot 비교해 봤습니다 - 남들은 Cursor AI 가 더 좋다고 하던데 저는...,"May 20, 2025",1545,2
2025-10-15,scG3agQQ79E,Cursor AI 와 Github Copilot 비교해 봤습니다 - 남들은 Cursor AI 가 더 좋다고 하던데 저는...,"May 20, 2025",1545,5
2025-10-16,scG3agQQ79E,Cursor AI 와 Github Copilot 비교해 봤습니다 - 남들은 Cursor AI 가 더 좋다고 하던데 저는...,"May 20, 2025",1545,3
2025-10-17,scG3agQQ79E,Cursor AI 와 Github Copilot 비교해 봤습니다 - 남들은 Cursor AI 가 더 좋다고 하던데 저는...,"May 20, 2025",1545,2
2025-10-18,scG3agQQ79E,Cursor AI 와 Github Copilot 비교해 봤습니다 - 남들은 Cursor AI 가 더 좋다고 하던데 저는...,"May 20, 2025",1545,2
2025-10-19,scG3agQQ79E,Cursor AI 와 Github Copilot 비교해 봤습니다 - 남들은 Cursor AI 가 더 좋다고 하던데 저는...,"May 20, 2025",1545,3
2025-10-20,scG3agQQ79E,Cursor AI 와 Github Copilot 비교해 봤습니다 - 남들은 Cursor AI 가 더 좋다고 하던데 저는...,"May 20, 2025",1545,3
2025-10-21,scG3agQQ79E,Cursor AI 와 Github Copilot 비교해 봤습니다 - 남들은 Cursor AI 가 더 좋다고 하던데 저는...,"May 20, 2025",1545,3
2025-10-22,scG3agQQ79E,Cursor AI 와 Github Copilot 비교해 봤습니다 - 남들은 Cursor AI 가 더 좋다고 하던데 저는...,"May 20, 2025",1545,2
2025-10-23,scG3agQQ79E,Cursor AI 와 Github Copilot 비교해 봤습니다 - 남들은 Cursor AI 가 더 좋다고 하던데 저는...,"May 20, 2025",1545,0
2025-10-24,scG3agQQ79E,Cursor AI 와 Github Copilot 비교해 봤습니다 - 남들은 Cursor AI 가 더 좋다고 하던데 저는...,"May 20, 2025",1545,0
2025-10-25,scG3agQQ79E,Cursor AI 와 Github Copilot 비교해 봤습니다 - 남들은 Cursor AI 가 더 좋다고 하던데 저는...,"May 20, 2025",1545,3
2025-10-26,scG3agQQ79E,Cursor AI 와 Github Copilot 비교해 봤습니다 - 남들은 Cursor AI 가 더 좋다고 하던데 저는...,"May 20, 2025",1545,1
2025-10-27,scG3agQQ79E,Cursor AI 와 Github Copilot 비교해 봤습니다 - 남들은 Cursor AI 가 더 좋다고 하던데 저는...,"May 20, 2025",1545,3
2025-10-28,scG3agQQ79E,Cursor AI 와 Github Copilot 비교해 봤습니다 - 남들은 Cursor AI 가 더 좋다고 하던데 저는...,"May 20, 2025",1545,3
2025-10-29,scG3agQQ79E,Cursor AI 와 Github Copilot 비교해 봤습니다 - 남들은 Cursor AI 가 더 좋다고 하던데 저는...,"May 20, 2025",1545,2
2025-10-30,scG3agQQ79E,Cursor AI 와 Github Copilot 비교해 봤습니다 - 남들은 Cursor AI 가 더 좋다고 하던데 저는...,"May 20, 2025",1545,2
2025-10-31,scG3agQQ79E,Cursor AI 와 Github Copilot 비교해 봤습니다 - 남들은 Cursor AI 가 더 좋다고 하던데 저는...,"May 20, 2025",1545,2
2025-11-01,scG3agQQ79E,Cursor AI 와 Github Copilot 비교해 봤습니다 - 남들은 Cursor AI 가 더 좋다고 하던데 저는...,"May 20, 2025",1545,4
2025-11-02,scG3agQQ79E,Cursor AI 와 Github Copilot 비교해 봤습니다 - 남들은 Cursor AI 가 더 좋다고 하던데 저는...,"May 20, 2025",1545,3
2025-11-03,scG3agQQ79E,Cursor AI 와 Github Copilot 비교해 봤습니다 - 남들은 Cursor AI 가 더 좋다고 하던데 저는...,"May 20, 2025",1545,0
2025-11-04,scG3agQQ79E,Cursor AI 와 Github Copilot 비교해 봤습니다 - 남들은 Cursor AI 가 더 좋다고 하던데 저는...,"May 20, 2025",1545,4
2025-11-05,scG3agQQ79E,Cursor AI 와 Github Copilot 비교해 봤습니다 - 남들은 Cursor AI 가 더 좋다고 하던데 저는...,"May 20, 2025",1545,5
2025-11-06,scG3agQQ79E,Cursor AI 와 Github Copilot 비교해 봤습니다 - 남들은 Cursor AI 가 더 좋다고 하던데 저는...,"May 20, 2025",1545,3
2025-11-07,scG3agQQ79E,Cursor AI 와 Github Copilot 비교해 봤습니다 - 남들은 Cursor AI 가 더 좋다고 하던데 저는...,"May 20, 2025",1545,2
2025-11-08,scG3agQQ79E,Cursor AI 와 Github Copilot 비교해 봤습니다 - 남들은 Cursor AI 가 더 좋다고 하던데 저는...,"May 20, 2025",1545,3
2025-11-09,scG3agQQ79E,Cursor AI 와 Github Copilot 비교해 봤습니다 - 남들은 Cursor AI 가 더 좋다고 하던데 저는...,"May 20, 2025",1545,7
2025-11-10,scG3agQQ79E,Cursor AI 와 Github Copilot 비교해 봤습니다 - 남들은 Cursor AI 가 더 좋다고 하던데 저는...,"May 20, 2025",1545,2
2025-11-11,scG3agQQ79E,Cursor AI 와 Github Copilot 비교해 봤습니다 - 남들은 Cursor AI 가 더 좋다고 하던데 저는...,"May 20, 2025",1545,3
2025-11-12,scG3agQQ79E,Cursor AI 와 Github Copilot 비교해 봤습니다 - 남들은 Cursor AI 가 더 좋다고 하던데 저는...,"May 20, 2025",1545,3
2025-11-13,scG3agQQ79E,Cursor AI 와 Github Copilot 비교해 봤습니다 - 남들은 Cursor AI 가 더 좋다고 하던데 저는...,"May 20, 2025",1545,1
2025-11-14,scG3agQQ79E,Cursor AI 와 Github Copilot 비교해 봤습니다 - 남들은 Cursor AI 가 더 좋다고 하던데 저는...,"May 20, 2025",1545,2
2025-11-15,scG3agQQ79E,Cursor AI 와 Github Copilot 비교해 봤습니다 - 남들은 Cursor AI 가 더 좋다고 하던데 저는...,"May 20, 2025",1545,9
2025-11-16,scG3agQQ79E,Cursor AI 와 Github Copilot 비교해 봤습니다 - 남들은 Cursor AI 가 더 좋다고 하던데 저는...,"May 20, 2025",1545,6
2025-11-17,scG3agQQ79E,Cursor AI 와 Github Copilot 비교해 봤습니다 - 남들은 Cursor AI 가 더 좋다고 하던데 저는...,"May 20, 2025",1545,7
2025-11-18,scG3agQQ79E,Cursor AI 와 Github Copilot 비교해 봤습니다 - 남들은 Cursor AI 가 더 좋다고 하던데 저는...,"May 20, 2025",1545,2
2025-11-19,scG3agQQ79E,Cursor AI 와 Github Copilot 비교해 봤습니다 - 남들은 Cursor AI 가 더 좋다고 하던데 저는...,"May 20, 2025",1545,3
2025-11-20,scG3agQQ79E,Cursor AI 와 Github Copilot 비교해 봤습니다 - 남들은 Cursor AI 가 더 좋다고 하던데 저는...,"May 20, 2025",1545,2
2025-11-21,scG3agQQ79E,Cursor AI 와 Github Copilot 비교해 봤습니다 - 남들은 Cursor AI 가 더 좋다고 하던데 저는...,"May 20, 2025",1545,1
2025-11-22,scG3agQQ79E,Cursor AI 와 Github Copilot 비교해 봤습니다 - 남들은 Cursor AI 가 더 좋다고 하던데 저는...,"May 20, 2025",1545,6
2025-11-23,scG3agQQ79E,Cursor AI 와 Github Copilot 비교해 봤습니다 - 남들은 Cursor AI 가 더 좋다고 하던데 저는...,"May 20, 2025",1545,5
2025-11-24,scG3agQQ79E,Cursor AI 와 Github Copilot 비교해 봤습니다 - 남들은 Cursor AI 가 더 좋다고 하던데 저는...,"May 20, 2025",1545,1
2025-11-25,scG3agQQ79E,Cursor AI 와 Github Copilot 비교해 봤습니다 - 남들은 Cursor AI 가 더 좋다고 하던데 저는...,"May 20, 2025",1545,4
2025-11-26,scG3agQQ79E,Cursor AI 와 Github Copilot 비교해 봤습니다 - 남들은 Cursor AI 가 더 좋다고 하던데 저는...,"May 20, 2025",1545,4
2025-11-27,scG3agQQ79E,Cursor AI 와 Github Copilot 비교해 봤습니다 - 남들은 Cursor AI 가 더 좋다고 하던데 저는...,"May 20, 2025",1545,5
2025-11-28,scG3agQQ79E,Cursor AI 와 Github Copilot 비교해 봤습니다 - 남들은 Cursor AI 가 더 좋다고 하던데 저는...,"May 20, 2025",1545,5
2025-11-29,scG3agQQ79E,Cursor AI 와 Github Copilot 비교해 봤습니다 - 남들은 Cursor AI 가 더 좋다고 하던데 저는...,"May 20, 2025",1545,1
2025-11-30,scG3agQQ79E,Cursor AI 와 Github Copilot 비교해 봤습니다 - 남들은 Cursor AI 가 더 좋다고 하던데 저는...,"May 20, 2025",1545,2
2025-12-01,scG3agQQ79E,Cursor AI 와 Github Copilot 비교해 봤습니다 - 남들은 Cursor AI 가 더 좋다고 하던데 저는...,"May 20, 2025",1545,2
2025-12-02,scG3agQQ79E,Cursor AI 와 Github Copilot 비교해 봤습니다 - 남들은 Cursor AI 가 더 좋다고 하던데 저는...,"May 20, 2025",1545,0
2025-12-03,scG3agQQ79E,Cursor AI 와 Github Copilot 비교해 봤습니다 - 남들은 Cursor AI 가 더 좋다고 하던데 저는...,"May 20, 2025",1545,6
2025-12-04,scG3agQQ79E,Cursor AI 와 Github Copilot 비교해 봤습니다 - 남들은 Cursor AI 가 더 좋다고 하던데 저는...,"May 20, 2025",1545,3
2025-12-05,scG3agQQ79E,Cursor AI 와 Github Copilot 비교해 봤습니다 - 남들은 Cursor AI 가 더 좋다고 하던데 저는...,"May 20, 2025",1545,2
2025-12-06,scG3agQQ79E,Cursor AI 와 Github Copilot 비교해 봤습니다 - 남들은 Cursor AI 가 더 좋다고 하던데 저는...,"May 20, 2025",1545,6
2025-12-07,scG3agQQ79E,Cursor AI 와 Github Copilot 비교해 봤습니다 - 남들은 Cursor AI 가 더 좋다고 하던데 저는...,"May 20, 2025",1545,9
2025-12-08,scG3agQQ79E,Cursor AI 와 Github Copilot 비교해 봤습니다 - 남들은 Cursor AI 가 더 좋다고 하던데 저는...,"May 20, 2025",1545,4
2025-12-09,scG3agQQ79E,Cursor AI 와 Github Copilot 비교해 봤습니다 - 남들은 Cursor AI 가 더 좋다고 하던데 저는...,"May 20, 2025",1545,1
2025-12-10,scG3agQQ79E,Cursor AI 와 Github Copilot 비교해 봤습니다 - 남들은 Cursor AI 가 더 좋다고 하던데 저는...,"May 20, 2025",1545,3
2025-12-11,scG3agQQ79E,Cursor AI 와 Github Copilot 비교해 봤습니다 - 남들은 Cursor AI 가 더 좋다고 하던데 저는...,"May 20, 2025",1545,3
2025-12-12,scG3agQQ79E,Cursor AI 와 Github Copilot 비교해 봤습니다 - 남들은 Cursor AI 가 더 좋다고 하던데 저는...,"May 20, 2025",1545,5
2025-12-13,scG3agQQ79E,Cursor AI 와 Github Copilot 비교해 봤습니다 - 남들은 Cursor AI 가 더 좋다고 하던데 저는...,"May 20, 2025",1545,1
2025-12-14,scG3agQQ79E,Cursor AI 와 Github Copilot 비교해 봤습니다 - 남들은 Cursor AI 가 더 좋다고 하던데 저는...,"May 20, 2025",1545,2
2025-12-15,scG3agQQ79E,Cursor AI 와 Github Copilot 비교해 봤습니다 - 남들은 Cursor AI 가 더 좋다고 하던데 저는...,"May 20, 2025",1545,5
2025-12-16,scG3agQQ79E,Cursor AI 와 Github Copilot 비교해 봤습니다 - 남들은 Cursor AI 가 더 좋다고 하던데 저는...,"May 20, 2025",1545,4
2025-12-17,scG3agQQ79E,Cursor AI 와 Github Copilot 비교해 봤습니다 - 남들은 Cursor AI 가 더 좋다고 하던데 저는...,"May 20, 2025",1545,1
2025-12-18,scG3agQQ79E,Cursor AI 와 Github Copilot 비교해 봤습니다 - 남들은 Cursor AI 가 더 좋다고 하던데 저는...,"May 20, 2025",1545,2
2025-12-19,scG3agQQ79E,Cursor AI 와 Github Copilot 비교해 봤습니다 - 남들은 Cursor AI 가 더 좋다고 하던데 저는...,"May 20, 2025",1545,3
2025-12-20,scG3agQQ79E,Cursor AI 와 Github Copilot 비교해 봤습니다 - 남들은 Cursor AI 가 더 좋다고 하던데 저는...,"May 20, 2025",1545,3
2025-12-21,scG3agQQ79E,Cursor AI 와 Github Copilot 비교해 봤습니다 - 남들은 Cursor AI 가 더 좋다고 하던데 저는...,"May 20, 2025",1545,4
2025-12-22,scG3agQQ79E,Cursor AI 와 Github Copilot 비교해 봤습니다 - 남들은 Cursor AI 가 더 좋다고 하던데 저는...,"May 20, 2025",1545,1
2025-12-23,scG3agQQ79E,Cursor AI 와 Github Copilot 비교해 봤습니다 - 남들은 Cursor AI 가 더 좋다고 하던데 저는...,"May 20, 2025",1545,0
2025-12-24,scG3agQQ79E,Cursor AI 와 Github Copilot 비교해 봤습니다 - 남들은 Cursor AI 가 더 좋다고 하던데 저는...,"May 20, 2025",1545,5
2025-12-25,scG3agQQ79E,Cursor AI 와 Github Copilot 비교해 봤습니다 - 남들은 Cursor AI 가 더 좋다고 하던데 저는...,"May 20, 2025",1545,0
2025-12-26,scG3agQQ79E,Cursor AI 와 Github Copilot 비교해 봤습니다 - 남들은 Cursor AI 가 더 좋다고 하던데 저는...,"May 20, 2025",1545,2
2025-12-27,scG3agQQ79E,Cursor AI 와 Github Copilot 비교해 봤습니다 - 남들은 Cursor AI 가 더 좋다고 하던데 저는...,"May 20, 2025",1545,0
2025-12-28,scG3agQQ79E,Cursor AI 와 Github Copilot 비교해 봤습니다 - 남들은 Cursor AI 가 더 좋다고 하던데 저는...,"May 20, 2025",1545,1
2025-12-29,scG3agQQ79E,Cursor AI 와 Github Copilot 비교해 봤습니다 - 남들은 Cursor AI 가 더 좋다고 하던데 저는...,"May 20, 2025",1545,5
2025-12-30,scG3agQQ79E,Cursor AI 와 Github Copilot 비교해 봤습니다 - 남들은 Cursor AI 가 더 좋다고 하던데 저는...,"May 20, 2025",1545,0
2025-12-31,scG3agQQ79E,Cursor AI 와 Github Copilot 비교해 봤습니다 - 남들은 Cursor AI 가 더 좋다고 하던데 저는...,"May 20, 2025",1545,3
2026-01-01,scG3agQQ79E,Cursor AI 와 Github Copilot 비교해 봤습니다 - 남들은 Cursor AI 가 더 좋다고 하던데 저는...,"May 20, 2025",1545,3
2026-01-02,scG3agQQ79E,Cursor AI 와 Github Copilot 비교해 봤습니다 - 남들은 Cursor AI 가 더 좋다고 하던데 저는...,"May 20, 2025",1545,0
2026-01-03,scG3agQQ79E,Cursor AI 와 Github Copilot 비교해 봤습니다 - 남들은 Cursor AI 가 더 좋다고 하던데 저는...,"May 20, 2025",1545,1
2026-01-04,scG3agQQ79E,Cursor AI 와 Github Copilot 비교해 봤습니다 - 남들은 Cursor AI 가 더 좋다고 하던데 저는...,"May 20, 2025",1545,3
2026-01-05,scG3agQQ79E,Cursor AI 와 Github Copilot 비교해 봤습니다 - 남들은 Cursor AI 가 더 좋다고 하던데 저는...,"May 20, 2025",1545,1
2026-01-06,scG3agQQ79E,Cursor AI 와 Github Copilot 비교해 봤습니다 - 남들은 Cursor AI 가 더 좋다고 하던데 저는...,"May 20, 2025",1545,3
2026-01-07,scG3agQQ79E,Cursor AI 와 Github Copilot 비교해 봤습니다 - 남들은 Cursor AI 가 더 좋다고 하던데 저는...,"May 20, 2025",1545,2
2026-01-08,scG3agQQ79E,Cursor AI 와 Github Copilot 비교해 봤습니다 - 남들은 Cursor AI 가 더 좋다고 하던데 저는...,"May 20, 2025",1545,4
2026-01-09,scG3agQQ79E,Cursor AI 와 Github Copilot 비교해 봤습니다 - 남들은 Cursor AI 가 더 좋다고 하던데 저는...,"May 20, 2025",1545,4
2026-01-10,scG3agQQ79E,Cursor AI 와 Github Copilot 비교해 봤습니다 - 남들은 Cursor AI 가 더 좋다고 하던데 저는...,"May 20, 2025",1545,4
2026-01-11,scG3agQQ79E,Cursor AI 와 Github Copilot 비교해 봤습니다 - 남들은 Cursor AI 가 더 좋다고 하던데 저는...,"May 20, 2025",1545,2
2026-01-12,scG3agQQ79E,Cursor AI 와 Github Copilot 비교해 봤습니다 - 남들은 Cursor AI 가 더 좋다고 하던데 저는...,"May 20, 2025",1545,3
2026-01-13,scG3agQQ79E,Cursor AI 와 Github Copilot 비교해 봤습니다 - 남들은 Cursor AI 가 더 좋다고 하던데 저는...,"May 20, 2025",1545,1
2026-01-14,scG3agQQ79E,Cursor AI 와 Github Copilot 비교해 봤습니다 - 남들은 Cursor AI 가 더 좋다고 하던데 저는...,"May 20, 2025",1545,0
2026-01-15,scG3agQQ79E,Cursor AI 와 Github Copilot 비교해 봤습니다 - 남들은 Cursor AI 가 더 좋다고 하던데 저는...,"May 20, 2025",1545,0
2026-01-16,scG3agQQ79E,Cursor AI 와 Github Copilot 비교해 봤습니다 - 남들은 Cursor AI 가 더 좋다고 하던데 저는...,"May 20, 2025",1545,0
2026-01-17,scG3agQQ79E,Cursor AI 와 Github Copilot 비교해 봤습니다 - 남들은 Cursor AI 가 더 좋다고 하던데 저는...,"May 20, 2025",1545,0
2026-01-18,scG3agQQ79E,Cursor AI 와 Github Copilot 비교해 봤습니다 - 남들은 Cursor AI 가 더 좋다고 하던데 저는...,"May 20, 2025",1545,3
2026-01-19,scG3agQQ79E,Cursor AI 와 Github Copilot 비교해 봤습니다 - 남들은 Cursor AI 가 더 좋다고 하던데 저는...,"May 20, 2025",1545,0
2026-01-20,scG3agQQ79E,Cursor AI 와 Github Copilot 비교해 봤습니다 - 남들은 Cursor AI 가 더 좋다고 하던데 저는...,"May 20, 2025",1545,2
2026-01-21,scG3agQQ79E,Cursor AI 와 Github Copilot 비교해 봤습니다 - 남들은 Cursor AI 가 더 좋다고 하던데 저는...,"May 20, 2025",1545,3
2026-01-22,scG3agQQ79E,Cursor AI 와 Github Copilot 비교해 봤습니다 - 남들은 Cursor AI 가 더 좋다고 하던데 저는...,"May 20, 2025",1545,2
2026-01-23,scG3agQQ79E,Cursor AI 와 Github Copilot 비교해 봤습니다 - 남들은 Cursor AI 가 더 좋다고 하던데 저는...,"May 20, 2025",1545,0
2026-01-24,scG3agQQ79E,Cursor AI 와 Github Copilot 비교해 봤습니다 - 남들은 Cursor AI 가 더 좋다고 하던데 저는...,"May 20, 2025",1545,1
2026-01-25,scG3agQQ79E,Cursor AI 와 Github Copilot 비교해 봤습니다 - 남들은 Cursor AI 가 더 좋다고 하던데 저는...,"May 20, 2025",1545,2
2026-01-26,scG3agQQ79E,Cursor AI 와 Github Copilot 비교해 봤습니다 - 남들은 Cursor AI 가 더 좋다고 하던데 저는...,"May 20, 2025",1545,4
2026-01-27,scG3agQQ79E,Cursor AI 와 Github Copilot 비교해 봤습니다 - 남들은 Cursor AI 가 더 좋다고 하던데 저는...,"May 20, 2025",1545,4
2026-01-28,scG3agQQ79E,Cursor AI 와 Github Copilot 비교해 봤습니다 - 남들은 Cursor AI 가 더 좋다고 하던데 저는...,"May 20, 2025",1545,4
2026-01-29,scG3agQQ79E,Cursor AI 와 Github Copilot 비교해 봤습니다 - 남들은 Cursor AI 가 더 좋다고 하던데 저는...,"May 20, 2025",1545,4
2026-01-30,scG3agQQ79E,Cursor AI 와 Github Copilot 비교해 봤습니다 - 남들은 Cursor AI 가 더 좋다고 하던데 저는...,"May 20, 2025",1545,2
2026-01-31,scG3agQQ79E,Cursor AI 와 Github Copilot 비교해 봤습니다 - 남들은 Cursor AI 가 더 좋다고 하던데 저는...,"May 20, 2025",1545,1
2026-02-01,scG3agQQ79E,Cursor AI 와 Github Copilot 비교해 봤습니다 - 남들은 Cursor AI 가 더 좋다고 하던데 저는...,"May 20, 2025",1545,1
2026-02-02,scG3agQQ79E,Cursor AI 와 Github Copilot 비교해 봤습니다 - 남들은 Cursor AI 가 더 좋다고 하던데 저는...,"May 20, 2025",1545,2
2026-02-03,scG3agQQ79E,Cursor AI 와 Github Copilot 비교해 봤습니다 - 남들은 Cursor AI 가 더 좋다고 하던데 저는...,"May 20, 2025",1545,1
2026-02-04,scG3agQQ79E,Cursor AI 와 Github Copilot 비교해 봤습니다 - 남들은 Cursor AI 가 더 좋다고 하던데 저는...,"May 20, 2025",1545,1
2026-02-05,scG3agQQ79E,Cursor AI 와 Github Copilot 비교해 봤습니다 - 남들은 Cursor AI 가 더 좋다고 하던데 저는...,"May 20, 2025",1545,1
2026-02-06,scG3agQQ79E,Cursor AI 와 Github Copilot 비교해 봤습니다 - 남들은 Cursor AI 가 더 좋다고 하던데 저는...,"May 20, 2025",1545,1
2026-02-07,scG3agQQ79E,Cursor AI 와 Github Copilot 비교해 봤습니다 - 남들은 Cursor AI 가 더 좋다고 하던데 저는...,"May 20, 2025",1545,6
2026-02-08,scG3agQQ79E,Cursor AI 와 Github Copilot 비교해 봤습니다 - 남들은 Cursor AI 가 더 좋다고 하던데 저는...,"May 20, 2025",1545,2
2026-02-09,scG3agQQ79E,Cursor AI 와 Github Copilot 비교해 봤습니다 - 남들은 Cursor AI 가 더 좋다고 하던데 저는...,"May 20, 2025",1545,4
2026-02-10,scG3agQQ79E,Cursor AI 와 Github Copilot 비교해 봤습니다 - 남들은 Cursor AI 가 더 좋다고 하던데 저는...,"May 20, 2025",1545,5
2026-02-11,scG3agQQ79E,Cursor AI 와 Github Copilot 비교해 봤습니다 - 남들은 Cursor AI 가 더 좋다고 하던데 저는...,"May 20, 2025",1545,5
2026-02-12,scG3agQQ79E,Cursor AI 와 Github Copilot 비교해 봤습니다 - 남들은 Cursor AI 가 더 좋다고 하던데 저는...,"May 20, 2025",1545,3
2026-02-13,scG3agQQ79E,Cursor AI 와 Github Copilot 비교해 봤습니다 - 남들은 Cursor AI 가 더 좋다고 하던데 저는...,"May 20, 2025",1545,1
2026-02-14,scG3agQQ79E,Cursor AI 와 Github Copilot 비교해 봤습니다 - 남들은 Cursor AI 가 더 좋다고 하던데 저는...,"May 20, 2025",1545,1
2026-02-15,scG3agQQ79E,Cursor AI 와 Github Copilot 비교해 봤습니다 - 남들은 Cursor AI 가 더 좋다고 하던데 저는...,"May 20, 2025",1545,1
2026-02-16,scG3agQQ79E,Cursor AI 와 Github Copilot 비교해 봤습니다 - 남들은 Cursor AI 가 더 좋다고 하던데 저는...,"May 20, 2025",1545,2
2026-02-17,scG3agQQ79E,Cursor AI 와 Github Copilot 비교해 봤습니다 - 남들은 Cursor AI 가 더 좋다고 하던데 저는...,"May 20, 2025",1545,2
2026-02-18,scG3agQQ79E,Cursor AI 와 Github Copilot 비교해 봤습니다 - 남들은 Cursor AI 가 더 좋다고 하던데 저는...,"May 20, 2025",1545,1
2026-02-19,scG3agQQ79E,Cursor AI 와 Github Copilot 비교해 봤습니다 - 남들은 Cursor AI 가 더 좋다고 하던데 저는...,"May 20, 2025",1545,0
2026-02-20,scG3agQQ79E,Cursor AI 와 Github Copilot 비교해 봤습니다 - 남들은 Cursor AI 가 더 좋다고 하던데 저는...,"May 20, 2025",1545,2
2026-02-21,scG3agQQ79E,Cursor AI 와 Github Copilot 비교해 봤습니다 - 남들은 Cursor AI 가 더 좋다고 하던데 저는...,"May 20, 2025",1545,3
2026-02-22,scG3agQQ79E,Cursor AI 와 Github Copilot 비교해 봤습니다 - 남들은 Cursor AI 가 더 좋다고 하던데 저는...,"May 20, 2025",1545,0
2026-02-23,scG3agQQ79E,Cursor AI 와 Github Copilot 비교해 봤습니다 - 남들은 Cursor AI 가 더 좋다고 하던데 저는...,"May 20, 2025",1545,1
2026-02-24,scG3agQQ79E,Cursor AI 와 Github Copilot 비교해 봤습니다 - 남들은 Cursor AI 가 더 좋다고 하던데 저는...,"May 20, 2025",1545,2
2026-02-25,scG3agQQ79E,Cursor AI 와 Github Copilot 비교해 봤습니다 - 남들은 Cursor AI 가 더 좋다고 하던데 저는...,"May 20, 2025",1545,1
2026-02-26,scG3agQQ79E,Cursor AI 와 Github Copilot 비교해 봤습니다 - 남들은 Cursor AI 가 더 좋다고 하던데 저는...,"May 20, 2025",1545,1
2026-02-27,scG3agQQ79E,Cursor AI 와 Github Copilot 비교해 봤습니다 - 남들은 Cursor AI 가 더 좋다고 하던데 저는...,"May 20, 2025",1545,3
2026-02-28,scG3agQQ79E,Cursor AI 와 Github Copilot 비교해 봤습니다 - 남들은 Cursor AI 가 더 좋다고 하던데 저는...,"May 20, 2025",1545,0
2026-03-01,scG3agQQ79E,Cursor AI 와 Github Copilot 비교해 봤습니다 - 남들은 Cursor AI 가 더 좋다고 하던데 저는...,"May 20, 2025",1545,0
2026-03-02,scG3agQQ79E,Cursor AI 와 Github Copilot 비교해 봤습니다 - 남들은 Cursor AI 가 더 좋다고 하던데 저는...,"May 20, 2025",1545,1
2026-03-03,scG3agQQ79E,Cursor AI 와 Github Copilot 비교해 봤습니다 - 남들은 Cursor AI 가 더 좋다고 하던데 저는...,"May 20, 2025",1545,0
2026-03-04,scG3agQQ79E,Cursor AI 와 Github Copilot 비교해 봤습니다 - 남들은 Cursor AI 가 더 좋다고 하던데 저는...,"May 20, 2025",1545,3
2026-03-05,scG3agQQ79E,Cursor AI 와 Github Copilot 비교해 봤습니다 - 남들은 Cursor AI 가 더 좋다고 하던데 저는...,"May 20, 2025",1545,0
2026-03-06,scG3agQQ79E,Cursor AI 와 Github Copilot 비교해 봤습니다 - 남들은 Cursor AI 가 더 좋다고 하던데 저는...,"May 20, 2025",1545,1
2026-03-07,scG3agQQ79E,Cursor AI 와 Github Copilot 비교해 봤습니다 - 남들은 Cursor AI 가 더 좋다고 하던데 저는...,"May 20, 2025",1545,0
2026-03-08,scG3agQQ79E,Cursor AI 와 Github Copilot 비교해 봤습니다 - 남들은 Cursor AI 가 더 좋다고 하던데 저는...,"May 20, 2025",1545,2
2026-03-09,scG3agQQ79E,Cursor AI 와 Github Copilot 비교해 봤습니다 - 남들은 Cursor AI 가 더 좋다고 하던데 저는...,"May 20, 2025",1545,2
2026-03-10,scG3agQQ79E,Cursor AI 와 Github Copilot 비교해 봤습니다 - 남들은 Cursor AI 가 더 좋다고 하던데 저는...,"May 20, 2025",1545,1
2026-03-11,scG3agQQ79E,Cursor AI 와 Github Copilot 비교해 봤습니다 - 남들은 Cursor AI 가 더 좋다고 하던데 저는...,"May 20, 2025",1545,3
2026-03-12,scG3agQQ79E,Cursor AI 와 Github Copilot 비교해 봤습니다 - 남들은 Cursor AI 가 더 좋다고 하던데 저는...,"May 20, 2025",1545,4
2026-03-13,scG3agQQ79E,Cursor AI 와 Github Copilot 비교해 봤습니다 - 남들은 Cursor AI 가 더 좋다고 하던데 저는...,"May 20, 2025",1545,2
2026-03-14,scG3agQQ79E,Cursor AI 와 Github Copilot 비교해 봤습니다 - 남들은 Cursor AI 가 더 좋다고 하던데 저는...,"May 20, 2025",1545,2
2026-03-15,scG3agQQ79E,Cursor AI 와 Github Copilot 비교해 봤습니다 - 남들은 Cursor AI 가 더 좋다고 하던데 저는...,"May 20, 2025",1545,0
2026-03-16,scG3agQQ79E,Cursor AI 와 Github Copilot 비교해 봤습니다 - 남들은 Cursor AI 가 더 좋다고 하던데 저는...,"May 20, 2025",1545,3
2026-03-17,scG3agQQ79E,Cursor AI 와 Github Copilot 비교해 봤습니다 - 남들은 Cursor AI 가 더 좋다고 하던데 저는...,"May 20, 2025",1545,0
2026-03-18,scG3agQQ79E,Cursor AI 와 Github Copilot 비교해 봤습니다 - 남들은 Cursor AI 가 더 좋다고 하던데 저는...,"May 20, 2025",1545,3
2026-03-19,scG3agQQ79E,Cursor AI 와 Github Copilot 비교해 봤습니다 - 남들은 Cursor AI 가 더 좋다고 하던데 저는...,"May 20, 2025",1545,4
2026-03-20,scG3agQQ79E,Cursor AI 와 Github Copilot 비교해 봤습니다 - 남들은 Cursor AI 가 더 좋다고 하던데 저는...,"May 20, 2025",1545,0
2026-03-21,scG3agQQ79E,Cursor AI 와 Github Copilot 비교해 봤습니다 - 남들은 Cursor AI 가 더 좋다고 하던데 저는...,"May 20, 2025",1545,2
2026-03-22,scG3agQQ79E,Cursor AI 와 Github Copilot 비교해 봤습니다 - 남들은 Cursor AI 가 더 좋다고 하던데 저는...,"May 20, 2025",1545,0
2026-03-23,scG3agQQ79E,Cursor AI 와 Github Copilot 비교해 봤습니다 - 남들은 Cursor AI 가 더 좋다고 하던데 저는...,"May 20, 2025",1545,2
2026-03-24,scG3agQQ79E,Cursor AI 와 Github Copilot 비교해 봤습니다 - 남들은 Cursor AI 가 더 좋다고 하던데 저는...,"May 20, 2025",1545,1
2026-03-25,scG3agQQ79E,Cursor AI 와 Github Copilot 비교해 봤습니다 - 남들은 Cursor AI 가 더 좋다고 하던데 저는...,"May 20, 2025",1545,1
2026-03-26,scG3agQQ79E,Cursor AI 와 Github Copilot 비교해 봤습니다 - 남들은 Cursor AI 가 더 좋다고 하던데 저는...,"May 20, 2025",1545,1
2026-03-27,scG3agQQ79E,Cursor AI 와 Github Copilot 비교해 봤습니다 - 남들은 Cursor AI 가 더 좋다고 하던데 저는...,"May 20, 2025",1545,2
2026-03-28,scG3agQQ79E,Cursor AI 와 Github Copilot 비교해 봤습니다 - 남들은 Cursor AI 가 더 좋다고 하던데 저는...,"May 20, 2025",1545,2
2026-03-29,scG3agQQ79E,Cursor AI 와 Github Copilot 비교해 봤습니다 - 남들은 Cursor AI 가 더 좋다고 하던데 저는...,"May 20, 2025",1545,0
2026-03-30,scG3agQQ79E,Cursor AI 와 Github Copilot 비교해 봤습니다 - 남들은 Cursor AI 가 더 좋다고 하던데 저는...,"May 20, 2025",1545,2
2026-03-31,scG3agQQ79E,Cursor AI 와 Github Copilot 비교해 봤습니다 - 남들은 Cursor AI 가 더 좋다고 하던데 저는...,"May 20, 2025",1545,5
2026-04-01,scG3agQQ79E,Cursor AI 와 Github Copilot 비교해 봤습니다 - 남들은 Cursor AI 가 더 좋다고 하던데 저는...,"May 20, 2025",1545,0
2026-04-02,scG3agQQ79E,Cursor AI 와 Github Copilot 비교해 봤습니다 - 남들은 Cursor AI 가 더 좋다고 하던데 저는...,"May 20, 2025",1545,0
2026-04-03,scG3agQQ79E,Cursor AI 와 Github Copilot 비교해 봤습니다 - 남들은 Cursor AI 가 더 좋다고 하던데 저는...,"May 20, 2025",1545,1
2026-04-04,scG3agQQ79E,Cursor AI 와 Github Copilot 비교해 봤습니다 - 남들은 Cursor AI 가 더 좋다고 하던데 저는...,"May 20, 2025",1545,3
2026-04-05,scG3agQQ79E,Cursor AI 와 Github Copilot 비교해 봤습니다 - 남들은 Cursor AI 가 더 좋다고 하던데 저는...,"May 20, 2025",1545,3
2026-04-06,scG3agQQ79E,Cursor AI 와 Github Copilot 비교해 봤습니다 - 남들은 Cursor AI 가 더 좋다고 하던데 저는...,"May 20, 2025",1545,1
2026-04-07,scG3agQQ79E,Cursor AI 와 Github Copilot 비교해 봤습니다 - 남들은 Cursor AI 가 더 좋다고 하던데 저는...,"May 20, 2025",1545,1
2026-04-08,scG3agQQ79E,Cursor AI 와 Github Copilot 비교해 봤습니다 - 남들은 Cursor AI 가 더 좋다고 하던데 저는...,"May 20, 2025",1545,0
2026-04-09,scG3agQQ79E,Cursor AI 와 Github Copilot 비교해 봤습니다 - 남들은 Cursor AI 가 더 좋다고 하던데 저는...,"May 20, 2025",1545,1
2026-04-10,scG3agQQ79E,Cursor AI 와 Github Copilot 비교해 봤습니다 - 남들은 Cursor AI 가 더 좋다고 하던데 저는...,"May 20, 2025",1545,1
2026-04-11,scG3agQQ79E,Cursor AI 와 Github Copilot 비교해 봤습니다 - 남들은 Cursor AI 가 더 좋다고 하던데 저는...,"May 20, 2025",1545,1
2026-04-12,scG3agQQ79E,Cursor AI 와 Github Copilot 비교해 봤습니다 - 남들은 Cursor AI 가 더 좋다고 하던데 저는...,"May 20, 2025",1545,1
2026-04-13,scG3agQQ79E,Cursor AI 와 Github Copilot 비교해 봤습니다 - 남들은 Cursor AI 가 더 좋다고 하던데 저는...,"May 20, 2025",1545,0
2026-04-14,scG3agQQ79E,Cursor AI 와 Github Copilot 비교해 봤습니다 - 남들은 Cursor AI 가 더 좋다고 하던데 저는...,"May 20, 2025",1545,3
2026-04-15,scG3agQQ79E,Cursor AI 와 Github Copilot 비교해 봤습니다 - 남들은 Cursor AI 가 더 좋다고 하던데 저는...,"May 20, 2025",1545,5
2026-04-16,scG3agQQ79E,Cursor AI 와 Github Copilot 비교해 봤습니다 - 남들은 Cursor AI 가 더 좋다고 하던데 저는...,"May 20, 2025",1545,2
2026-04-17,scG3agQQ79E,Cursor AI 와 Github Copilot 비교해 봤습니다 - 남들은 Cursor AI 가 더 좋다고 하던데 저는...,"May 20, 2025",1545,0
2026-04-18,scG3agQQ79E,Cursor AI 와 Github Copilot 비교해 봤습니다 - 남들은 Cursor AI 가 더 좋다고 하던데 저는...,"May 20, 2025",1545,5
2026-04-19,scG3agQQ79E,Cursor AI 와 Github Copilot 비교해 봤습니다 - 남들은 Cursor AI 가 더 좋다고 하던데 저는...,"May 20, 2025",1545,0
2026-04-20,scG3agQQ79E,Cursor AI 와 Github Copilot 비교해 봤습니다 - 남들은 Cursor AI 가 더 좋다고 하던데 저는...,"May 20, 2025",1545,0
2026-04-21,scG3agQQ79E,Cursor AI 와 Github Copilot 비교해 봤습니다 - 남들은 Cursor AI 가 더 좋다고 하던데 저는...,"May 20, 2025",1545,0
2026-04-22,scG3agQQ79E,Cursor AI 와 Github Copilot 비교해 봤습니다 - 남들은 Cursor AI 가 더 좋다고 하던데 저는...,"May 20, 2025",1545,5
2026-04-23,scG3agQQ79E,Cursor AI 와 Github Copilot 비교해 봤습니다 - 남들은 Cursor AI 가 더 좋다고 하던데 저는...,"May 20, 2025",1545,0
2026-04-24,scG3agQQ79E,Cursor AI 와 Github Copilot 비교해 봤습니다 - 남들은 Cursor AI 가 더 좋다고 하던데 저는...,"May 20, 2025",1545,1
2026-04-25,scG3agQQ79E,Cursor AI 와 Github Copilot 비교해 봤습니다 - 남들은 Cursor AI 가 더 좋다고 하던데 저는...,"May 20, 2025",1545,1
2026-04-26,scG3agQQ79E,Cursor AI 와 Github Copilot 비교해 봤습니다 - 남들은 Cursor AI 가 더 좋다고 하던데 저는...,"May 20, 2025",1545,1
2026-04-27,scG3agQQ79E,Cursor AI 와 Github Copilot 비교해 봤습니다 - 남들은 Cursor AI 가 더 좋다고 하던데 저는...,"May 20, 2025",1545,2
2026-04-28,scG3agQQ79E,Cursor AI 와 Github Copilot 비교해 봤습니다 - 남들은 Cursor AI 가 더 좋다고 하던데 저는...,"May 20, 2025",1545,1
2026-04-29,scG3agQQ79E,Cursor AI 와 Github Copilot 비교해 봤습니다 - 남들은 Cursor AI 가 더 좋다고 하던데 저는...,"May 20, 2025",1545,0
2026-04-30,scG3agQQ79E,Cursor AI 와 Github Copilot 비교해 봤습니다 - 남들은 Cursor AI 가 더 좋다고 하던데 저는...,"May 20, 2025",1545,0
2026-05-01,scG3agQQ79E,Cursor AI 와 Github Copilot 비교해 봤습니다 - 남들은 Cursor AI 가 더 좋다고 하던데 저는...,"May 20, 2025",1545,0
2026-05-02,scG3agQQ79E,Cursor AI 와 Github Copilot 비교해 봤습니다 - 남들은 Cursor AI 가 더 좋다고 하던데 저는...,"May 20, 2025",1545,0
2026-05-03,scG3agQQ79E,Cursor AI 와 Github Copilot 비교해 봤습니다 - 남들은 Cursor AI 가 더 좋다고 하던데 저는...,"May 20, 2025",1545,0
2026-05-04,scG3agQQ79E,Cursor AI 와 Github Copilot 비교해 봤습니다 - 남들은 Cursor AI 가 더 좋다고 하던데 저는...,"May 20, 2025",1545,0
2026-05-05,scG3agQQ79E,Cursor AI 와 Github Copilot 비교해 봤습니다 - 남들은 Cursor AI 가 더 좋다고 하던데 저는...,"May 20, 2025",1545,0
2026-05-06,scG3agQQ79E,Cursor AI 와 Github Copilot 비교해 봤습니다 - 남들은 Cursor AI 가 더 좋다고 하던데 저는...,"May 20, 2025",1545,0
2026-05-07,scG3agQQ79E,Cursor AI 와 Github Copilot 비교해 봤습니다 - 남들은 Cursor AI 가 더 좋다고 하던데 저는...,"May 20, 2025",1545,0
2026-05-08,scG3agQQ79E,Cursor AI 와 Github Copilot 비교해 봤습니다 - 남들은 Cursor AI 가 더 좋다고 하던데 저는...,"May 20, 2025",1545,1
2026-05-09,scG3agQQ79E,Cursor AI 와 Github Copilot 비교해 봤습니다 - 남들은 Cursor AI 가 더 좋다고 하던데 저는...,"May 20, 2025",1545,0
2026-05-10,scG3agQQ79E,Cursor AI 와 Github Copilot 비교해 봤습니다 - 남들은 Cursor AI 가 더 좋다고 하던데 저는...,"May 20, 2025",1545,0
2026-05-11,scG3agQQ79E,Cursor AI 와 Github Copilot 비교해 봤습니다 - 남들은 Cursor AI 가 더 좋다고 하던데 저는...,"May 20, 2025",1545,1
2026-05-12,scG3agQQ79E,Cursor AI 와 Github Copilot 비교해 봤습니다 - 남들은 Cursor AI 가 더 좋다고 하던데 저는...,"May 20, 2025",1545,4
2026-05-13,scG3agQQ79E,Cursor AI 와 Github Copilot 비교해 봤습니다 - 남들은 Cursor AI 가 더 좋다고 하던데 저는...,"May 20, 2025",1545,2
2026-05-14,scG3agQQ79E,Cursor AI 와 Github Copilot 비교해 봤습니다 - 남들은 Cursor AI 가 더 좋다고 하던데 저는...,"May 20, 2025",1545,0
2026-05-15,scG3agQQ79E,Cursor AI 와 Github Copilot 비교해 봤습니다 - 남들은 Cursor AI 가 더 좋다고 하던데 저는...,"May 20, 2025",1545,0
2026-05-16,scG3agQQ79E,Cursor AI 와 Github Copilot 비교해 봤습니다 - 남들은 Cursor AI 가 더 좋다고 하던데 저는...,"May 20, 2025",1545,2
2026-05-17,scG3agQQ79E,Cursor AI 와 Github Copilot 비교해 봤습니다 - 남들은 Cursor AI 가 더 좋다고 하던데 저는...,"May 20, 2025",1545,0
2026-05-18,scG3agQQ79E,Cursor AI 와 Github Copilot 비교해 봤습니다 - 남들은 Cursor AI 가 더 좋다고 하던데 저는...,"May 20, 2025",1545,0
2026-05-19,scG3agQQ79E,Cursor AI 와 Github Copilot 비교해 봤습니다 - 남들은 Cursor AI 가 더 좋다고 하던데 저는...,"May 20, 2025",1545,0
2026-05-20,scG3agQQ79E,Cursor AI 와 Github Copilot 비교해 봤습니다 - 남들은 Cursor AI 가 더 좋다고 하던데 저는...,"May 20, 2025",1545,0
2026-05-21,scG3agQQ79E,Cursor AI 와 Github Copilot 비교해 봤습니다 - 남들은 Cursor AI 가 더 좋다고 하던데 저는...,"May 20, 2025",1545,0
2026-05-22,scG3agQQ79E,Cursor AI 와 Github Copilot 비교해 봤습니다 - 남들은 Cursor AI 가 더 좋다고 하던데 저는...,"May 20, 2025",1545,1
2026-05-23,scG3agQQ79E,Cursor AI 와 Github Copilot 비교해 봤습니다 - 남들은 Cursor AI 가 더 좋다고 하던데 저는...,"May 20, 2025",1545,1
2026-05-24,scG3agQQ79E,Cursor AI 와 Github Copilot 비교해 봤습니다 - 남들은 Cursor AI 가 더 좋다고 하던데 저는...,"May 20, 2025",1545,0
2026-05-25,scG3agQQ79E,Cursor AI 와 Github Copilot 비교해 봤습니다 - 남들은 Cursor AI 가 더 좋다고 하던데 저는...,"May 20, 2025",1545,0
2026-05-26,scG3agQQ79E,Cursor AI 와 Github Copilot 비교해 봤습니다 - 남들은 Cursor AI 가 더 좋다고 하던데 저는...,"May 20, 2025",1545,0
2026-05-27,scG3agQQ79E,Cursor AI 와 Github Copilot 비교해 봤습니다 - 남들은 Cursor AI 가 더 좋다고 하던데 저는...,"May 20, 2025",1545,0
2026-05-28,scG3agQQ79E,Cursor AI 와 Github Copilot 비교해 봤습니다 - 남들은 Cursor AI 가 더 좋다고 하던데 저는...,"May 20, 2025",1545,1
2026-05-29,scG3agQQ79E,Cursor AI 와 Github Copilot 비교해 봤습니다 - 남들은 Cursor AI 가 더 좋다고 하던데 저는...,"May 20, 2025",1545,0
2026-05-30,scG3agQQ79E,Cursor AI 와 Github Copilot 비교해 봤습니다 - 남들은 Cursor AI 가 더 좋다고 하던데 저는...,"May 20, 2025",1545,0
2026-05-31,scG3agQQ79E,Cursor AI 와 Github Copilot 비교해 봤습니다 - 남들은 Cursor AI 가 더 좋다고 하던데 저는...,"May 20, 2025",1545,1
2026-06-01,scG3agQQ79E,Cursor AI 와 Github Copilot 비교해 봤습니다 - 남들은 Cursor AI 가 더 좋다고 하던데 저는...,"May 20, 2025",1545,0
2026-06-02,scG3agQQ79E,Cursor AI 와 Github Copilot 비교해 봤습니다 - 남들은 Cursor AI 가 더 좋다고 하던데 저는...,"May 20, 2025",1545,0
2026-06-03,scG3agQQ79E,Cursor AI 와 Github Copilot 비교해 봤습니다 - 남들은 Cursor AI 가 더 좋다고 하던데 저는...,"May 20, 2025",1545,0
2026-06-04,scG3agQQ79E,Cursor AI 와 Github Copilot 비교해 봤습니다 - 남들은 Cursor AI 가 더 좋다고 하던데 저는...,"May 20, 2025",1545,0
2026-06-05,scG3agQQ79E,Cursor AI 와 Github Copilot 비교해 봤습니다 - 남들은 Cursor AI 가 더 좋다고 하던데 저는...,"May 20, 2025",1545,0
2026-06-06,scG3agQQ79E,Cursor AI 와 Github Copilot 비교해 봤습니다 - 남들은 Cursor AI 가 더 좋다고 하던데 저는...,"May 20, 2025",1545,0
2026-06-07,scG3agQQ79E,Cursor AI 와 Github Copilot 비교해 봤습니다 - 남들은 Cursor AI 가 더 좋다고 하던데 저는...,"May 20, 2025",1545,0
2026-06-08,scG3agQQ79E,Cursor AI 와 Github Copilot 비교해 봤습니다 - 남들은 Cursor AI 가 더 좋다고 하던데 저는...,"May 20, 2025",1545,0
2026-06-09,scG3agQQ79E,Cursor AI 와 Github Copilot 비교해 봤습니다 - 남들은 Cursor AI 가 더 좋다고 하던데 저는...,"May 20, 2025",1545,0
2026-06-10,scG3agQQ79E,Cursor AI 와 Github Copilot 비교해 봤습니다 - 남들은 Cursor AI 가 더 좋다고 하던데 저는...,"May 20, 2025",1545,0
2026-06-11,scG3agQQ79E,Cursor AI 와 Github Copilot 비교해 봤습니다 - 남들은 Cursor AI 가 더 좋다고 하던데 저는...,"May 20, 2025",1545,0
2026-06-12,scG3agQQ79E,Cursor AI 와 Github Copilot 비교해 봤습니다 - 남들은 Cursor AI 가 더 좋다고 하던데 저는...,"May 20, 2025",1545,0
2026-06-13,scG3agQQ79E,Cursor AI 와 Github Copilot 비교해 봤습니다 - 남들은 Cursor AI 가 더 좋다고 하던데 저는...,"May 20, 2025",1545,0
2026-06-14,scG3agQQ79E,Cursor AI 와 Github Copilot 비교해 봤습니다 - 남들은 Cursor AI 가 더 좋다고 하던데 저는...,"May 20, 2025",1545,0
2026-06-15,scG3agQQ79E,Cursor AI 와 Github Copilot 비교해 봤습니다 - 남들은 Cursor AI 가 더 좋다고 하던데 저는...,"May 20, 2025",1545,0
2026-06-16,scG3agQQ79E,Cursor AI 와 Github Copilot 비교해 봤습니다 - 남들은 Cursor AI 가 더 좋다고 하던데 저는...,"May 20, 2025",1545,1
2026-06-17,scG3agQQ79E,Cursor AI 와 Github Copilot 비교해 봤습니다 - 남들은 Cursor AI 가 더 좋다고 하던데 저는...,"May 20, 2025",1545,0
2026-06-18,scG3agQQ79E,Cursor AI 와 Github Copilot 비교해 봤습니다 - 남들은 Cursor AI 가 더 좋다고 하던데 저는...,"May 20, 2025",1545,1
2026-06-19,scG3agQQ79E,Cursor AI 와 Github Copilot 비교해 봤습니다 - 남들은 Cursor AI 가 더 좋다고 하던데 저는...,"May 20, 2025",1545,0
2026-06-20,scG3agQQ79E,Cursor AI 와 Github Copilot 비교해 봤습니다 - 남들은 Cursor AI 가 더 좋다고 하던데 저는...,"May 20, 2025",1545,2
2026-06-21,scG3agQQ79E,Cursor AI 와 Github Copilot 비교해 봤습니다 - 남들은 Cursor AI 가 더 좋다고 하던데 저는...,"May 20, 2025",1545,1
2026-06-22,scG3agQQ79E,Cursor AI 와 Github Copilot 비교해 봤습니다 - 남들은 Cursor AI 가 더 좋다고 하던데 저는...,"May 20, 2025",1545,1
2026-06-23,scG3agQQ79E,Cursor AI 와 Github Copilot 비교해 봤습니다 - 남들은 Cursor AI 가 더 좋다고 하던데 저는...,"May 20, 2025",1545,0
