Date,Content,Video title,Video publish time,Duration,Estimated revenue (USD)
2023-03-15,57OjX_s8bBw,AI Camp AI meetup (Seattle) Building production-ready multi-agent systems,"Mar 10, 2026",2292,0
2023-03-16,57OjX_s8bBw,AI Camp AI meetup (Seattle) Building production-ready multi-agent systems,"Mar 10, 2026",2292,0
2023-03-17,57OjX_s8bBw,AI Camp AI meetup (Seattle) Building production-ready multi-agent systems,"Mar 10, 2026",2292,0
2023-03-18,57OjX_s8bBw,AI Camp AI meetup (Seattle) Building production-ready multi-agent systems,"Mar 10, 2026",2292,0
2023-03-19,57OjX_s8bBw,AI Camp AI meetup (Seattle) Building production-ready multi-agent systems,"Mar 10, 2026",2292,0
2023-03-20,57OjX_s8bBw,AI Camp AI meetup (Seattle) Building production-ready multi-agent systems,"Mar 10, 2026",2292,0
2023-03-21,57OjX_s8bBw,AI Camp AI meetup (Seattle) Building production-ready multi-agent systems,"Mar 10, 2026",2292,0
2023-03-22,57OjX_s8bBw,AI Camp AI meetup (Seattle) Building production-ready multi-agent systems,"Mar 10, 2026",2292,0
2023-03-23,57OjX_s8bBw,AI Camp AI meetup (Seattle) Building production-ready multi-agent systems,"Mar 10, 2026",2292,0
2023-03-24,57OjX_s8bBw,AI Camp AI meetup (Seattle) Building production-ready multi-agent systems,"Mar 10, 2026",2292,0
2023-03-25,57OjX_s8bBw,AI Camp AI meetup (Seattle) Building production-ready multi-agent systems,"Mar 10, 2026",2292,0
2023-03-26,57OjX_s8bBw,AI Camp AI meetup (Seattle) Building production-ready multi-agent systems,"Mar 10, 2026",2292,0
2023-03-27,57OjX_s8bBw,AI Camp AI meetup (Seattle) Building production-ready multi-agent systems,"Mar 10, 2026",2292,0
2023-03-28,57OjX_s8bBw,AI Camp AI meetup (Seattle) Building production-ready multi-agent systems,"Mar 10, 2026",2292,0
2023-03-29,57OjX_s8bBw,AI Camp AI meetup (Seattle) Building production-ready multi-agent systems,"Mar 10, 2026",2292,0
2023-03-30,57OjX_s8bBw,AI Camp AI meetup (Seattle) Building production-ready multi-agent systems,"Mar 10, 2026",2292,0
2023-03-31,57OjX_s8bBw,AI Camp AI meetup (Seattle) Building production-ready multi-agent systems,"Mar 10, 2026",2292,0
2023-04-01,57OjX_s8bBw,AI Camp AI meetup (Seattle) Building production-ready multi-agent systems,"Mar 10, 2026",2292,0
2023-04-02,57OjX_s8bBw,AI Camp AI meetup (Seattle) Building production-ready multi-agent systems,"Mar 10, 2026",2292,0
2023-04-03,57OjX_s8bBw,AI Camp AI meetup (Seattle) Building production-ready multi-agent systems,"Mar 10, 2026",2292,0
2023-04-04,57OjX_s8bBw,AI Camp AI meetup (Seattle) Building production-ready multi-agent systems,"Mar 10, 2026",2292,0
2023-04-05,57OjX_s8bBw,AI Camp AI meetup (Seattle) Building production-ready multi-agent systems,"Mar 10, 2026",2292,0
2023-04-06,57OjX_s8bBw,AI Camp AI meetup (Seattle) Building production-ready multi-agent systems,"Mar 10, 2026",2292,0
2023-04-07,57OjX_s8bBw,AI Camp AI meetup (Seattle) Building production-ready multi-agent systems,"Mar 10, 2026",2292,0
2023-04-08,57OjX_s8bBw,AI Camp AI meetup (Seattle) Building production-ready multi-agent systems,"Mar 10, 2026",2292,0
2023-04-09,57OjX_s8bBw,AI Camp AI meetup (Seattle) Building production-ready multi-agent systems,"Mar 10, 2026",2292,0
2023-04-10,57OjX_s8bBw,AI Camp AI meetup (Seattle) Building production-ready multi-agent systems,"Mar 10, 2026",2292,0
2023-04-11,57OjX_s8bBw,AI Camp AI meetup (Seattle) Building production-ready multi-agent systems,"Mar 10, 2026",2292,0
2023-04-12,57OjX_s8bBw,AI Camp AI meetup (Seattle) Building production-ready multi-agent systems,"Mar 10, 2026",2292,0
2023-04-13,57OjX_s8bBw,AI Camp AI meetup (Seattle) Building production-ready multi-agent systems,"Mar 10, 2026",2292,0
2023-04-14,57OjX_s8bBw,AI Camp AI meetup (Seattle) Building production-ready multi-agent systems,"Mar 10, 2026",2292,0
2023-04-15,57OjX_s8bBw,AI Camp AI meetup (Seattle) Building production-ready multi-agent systems,"Mar 10, 2026",2292,0
2023-04-16,57OjX_s8bBw,AI Camp AI meetup (Seattle) Building production-ready multi-agent systems,"Mar 10, 2026",2292,0
2023-04-17,57OjX_s8bBw,AI Camp AI meetup (Seattle) Building production-ready multi-agent systems,"Mar 10, 2026",2292,0
2023-04-18,57OjX_s8bBw,AI Camp AI meetup (Seattle) Building production-ready multi-agent systems,"Mar 10, 2026",2292,0
2023-04-19,57OjX_s8bBw,AI Camp AI meetup (Seattle) Building production-ready multi-agent systems,"Mar 10, 2026",2292,0
2023-04-20,57OjX_s8bBw,AI Camp AI meetup (Seattle) Building production-ready multi-agent systems,"Mar 10, 2026",2292,0
2023-04-21,57OjX_s8bBw,AI Camp AI meetup (Seattle) Building production-ready multi-agent systems,"Mar 10, 2026",2292,0
2023-04-22,57OjX_s8bBw,AI Camp AI meetup (Seattle) Building production-ready multi-agent systems,"Mar 10, 2026",2292,0
2023-04-23,57OjX_s8bBw,AI Camp AI meetup (Seattle) Building production-ready multi-agent systems,"Mar 10, 2026",2292,0
2023-04-24,57OjX_s8bBw,AI Camp AI meetup (Seattle) Building production-ready multi-agent systems,"Mar 10, 2026",2292,0
2023-04-25,57OjX_s8bBw,AI Camp AI meetup (Seattle) Building production-ready multi-agent systems,"Mar 10, 2026",2292,0
2023-04-26,57OjX_s8bBw,AI Camp AI meetup (Seattle) Building production-ready multi-agent systems,"Mar 10, 2026",2292,0
2023-04-27,57OjX_s8bBw,AI Camp AI meetup (Seattle) Building production-ready multi-agent systems,"Mar 10, 2026",2292,0
2023-04-28,57OjX_s8bBw,AI Camp AI meetup (Seattle) Building production-ready multi-agent systems,"Mar 10, 2026",2292,0
2023-04-29,57OjX_s8bBw,AI Camp AI meetup (Seattle) Building production-ready multi-agent systems,"Mar 10, 2026",2292,0
2023-04-30,57OjX_s8bBw,AI Camp AI meetup (Seattle) Building production-ready multi-agent systems,"Mar 10, 2026",2292,0
2023-05-01,57OjX_s8bBw,AI Camp AI meetup (Seattle) Building production-ready multi-agent systems,"Mar 10, 2026",2292,0
2023-05-02,57OjX_s8bBw,AI Camp AI meetup (Seattle) Building production-ready multi-agent systems,"Mar 10, 2026",2292,0
2023-05-03,57OjX_s8bBw,AI Camp AI meetup (Seattle) Building production-ready multi-agent systems,"Mar 10, 2026",2292,0
2023-05-04,57OjX_s8bBw,AI Camp AI meetup (Seattle) Building production-ready multi-agent systems,"Mar 10, 2026",2292,0
2023-05-05,57OjX_s8bBw,AI Camp AI meetup (Seattle) Building production-ready multi-agent systems,"Mar 10, 2026",2292,0
2023-05-06,57OjX_s8bBw,AI Camp AI meetup (Seattle) Building production-ready multi-agent systems,"Mar 10, 2026",2292,0
2023-05-07,57OjX_s8bBw,AI Camp AI meetup (Seattle) Building production-ready multi-agent systems,"Mar 10, 2026",2292,0
2023-05-08,57OjX_s8bBw,AI Camp AI meetup (Seattle) Building production-ready multi-agent systems,"Mar 10, 2026",2292,0
2023-05-09,57OjX_s8bBw,AI Camp AI meetup (Seattle) Building production-ready multi-agent systems,"Mar 10, 2026",2292,0
2023-05-10,57OjX_s8bBw,AI Camp AI meetup (Seattle) Building production-ready multi-agent systems,"Mar 10, 2026",2292,0
2023-05-11,57OjX_s8bBw,AI Camp AI meetup (Seattle) Building production-ready multi-agent systems,"Mar 10, 2026",2292,0
2023-05-12,57OjX_s8bBw,AI Camp AI meetup (Seattle) Building production-ready multi-agent systems,"Mar 10, 2026",2292,0
2023-05-13,57OjX_s8bBw,AI Camp AI meetup (Seattle) Building production-ready multi-agent systems,"Mar 10, 2026",2292,0
2023-05-14,57OjX_s8bBw,AI Camp AI meetup (Seattle) Building production-ready multi-agent systems,"Mar 10, 2026",2292,0
2023-05-15,57OjX_s8bBw,AI Camp AI meetup (Seattle) Building production-ready multi-agent systems,"Mar 10, 2026",2292,0
2023-05-16,57OjX_s8bBw,AI Camp AI meetup (Seattle) Building production-ready multi-agent systems,"Mar 10, 2026",2292,0
2023-05-17,57OjX_s8bBw,AI Camp AI meetup (Seattle) Building production-ready multi-agent systems,"Mar 10, 2026",2292,0
2023-05-18,57OjX_s8bBw,AI Camp AI meetup (Seattle) Building production-ready multi-agent systems,"Mar 10, 2026",2292,0
2023-05-19,57OjX_s8bBw,AI Camp AI meetup (Seattle) Building production-ready multi-agent systems,"Mar 10, 2026",2292,0
2023-05-20,57OjX_s8bBw,AI Camp AI meetup (Seattle) Building production-ready multi-agent systems,"Mar 10, 2026",2292,0
2023-05-21,57OjX_s8bBw,AI Camp AI meetup (Seattle) Building production-ready multi-agent systems,"Mar 10, 2026",2292,0
2023-05-22,57OjX_s8bBw,AI Camp AI meetup (Seattle) Building production-ready multi-agent systems,"Mar 10, 2026",2292,0
2023-05-23,57OjX_s8bBw,AI Camp AI meetup (Seattle) Building production-ready multi-agent systems,"Mar 10, 2026",2292,0
2023-05-24,57OjX_s8bBw,AI Camp AI meetup (Seattle) Building production-ready multi-agent systems,"Mar 10, 2026",2292,0
2023-05-25,57OjX_s8bBw,AI Camp AI meetup (Seattle) Building production-ready multi-agent systems,"Mar 10, 2026",2292,0
2023-05-26,57OjX_s8bBw,AI Camp AI meetup (Seattle) Building production-ready multi-agent systems,"Mar 10, 2026",2292,0
2023-05-27,57OjX_s8bBw,AI Camp AI meetup (Seattle) Building production-ready multi-agent systems,"Mar 10, 2026",2292,0
2023-05-28,57OjX_s8bBw,AI Camp AI meetup (Seattle) Building production-ready multi-agent systems,"Mar 10, 2026",2292,0
2023-05-29,57OjX_s8bBw,AI Camp AI meetup (Seattle) Building production-ready multi-agent systems,"Mar 10, 2026",2292,0
2023-05-30,57OjX_s8bBw,AI Camp AI meetup (Seattle) Building production-ready multi-agent systems,"Mar 10, 2026",2292,0
2023-05-31,57OjX_s8bBw,AI Camp AI meetup (Seattle) Building production-ready multi-agent systems,"Mar 10, 2026",2292,0
2023-06-01,57OjX_s8bBw,AI Camp AI meetup (Seattle) Building production-ready multi-agent systems,"Mar 10, 2026",2292,0
2023-06-02,57OjX_s8bBw,AI Camp AI meetup (Seattle) Building production-ready multi-agent systems,"Mar 10, 2026",2292,0
2023-06-03,57OjX_s8bBw,AI Camp AI meetup (Seattle) Building production-ready multi-agent systems,"Mar 10, 2026",2292,0
2023-06-04,57OjX_s8bBw,AI Camp AI meetup (Seattle) Building production-ready multi-agent systems,"Mar 10, 2026",2292,0
2023-06-05,57OjX_s8bBw,AI Camp AI meetup (Seattle) Building production-ready multi-agent systems,"Mar 10, 2026",2292,0
2023-06-06,57OjX_s8bBw,AI Camp AI meetup (Seattle) Building production-ready multi-agent systems,"Mar 10, 2026",2292,0
2023-06-07,57OjX_s8bBw,AI Camp AI meetup (Seattle) Building production-ready multi-agent systems,"Mar 10, 2026",2292,0
2023-06-08,57OjX_s8bBw,AI Camp AI meetup (Seattle) Building production-ready multi-agent systems,"Mar 10, 2026",2292,0
2023-06-09,57OjX_s8bBw,AI Camp AI meetup (Seattle) Building production-ready multi-agent systems,"Mar 10, 2026",2292,0
2023-06-10,57OjX_s8bBw,AI Camp AI meetup (Seattle) Building production-ready multi-agent systems,"Mar 10, 2026",2292,0
2023-06-11,57OjX_s8bBw,AI Camp AI meetup (Seattle) Building production-ready multi-agent systems,"Mar 10, 2026",2292,0
2023-06-12,57OjX_s8bBw,AI Camp AI meetup (Seattle) Building production-ready multi-agent systems,"Mar 10, 2026",2292,0
2023-06-13,57OjX_s8bBw,AI Camp AI meetup (Seattle) Building production-ready multi-agent systems,"Mar 10, 2026",2292,0
2023-06-14,57OjX_s8bBw,AI Camp AI meetup (Seattle) Building production-ready multi-agent systems,"Mar 10, 2026",2292,0
2023-06-15,57OjX_s8bBw,AI Camp AI meetup (Seattle) Building production-ready multi-agent systems,"Mar 10, 2026",2292,0
2023-06-16,57OjX_s8bBw,AI Camp AI meetup (Seattle) Building production-ready multi-agent systems,"Mar 10, 2026",2292,0
2023-06-17,57OjX_s8bBw,AI Camp AI meetup (Seattle) Building production-ready multi-agent systems,"Mar 10, 2026",2292,0
2023-06-18,57OjX_s8bBw,AI Camp AI meetup (Seattle) Building production-ready multi-agent systems,"Mar 10, 2026",2292,0
2023-06-19,57OjX_s8bBw,AI Camp AI meetup (Seattle) Building production-ready multi-agent systems,"Mar 10, 2026",2292,0
2023-06-20,57OjX_s8bBw,AI Camp AI meetup (Seattle) Building production-ready multi-agent systems,"Mar 10, 2026",2292,0
2023-06-21,57OjX_s8bBw,AI Camp AI meetup (Seattle) Building production-ready multi-agent systems,"Mar 10, 2026",2292,0
2023-06-22,57OjX_s8bBw,AI Camp AI meetup (Seattle) Building production-ready multi-agent systems,"Mar 10, 2026",2292,0
2023-06-23,57OjX_s8bBw,AI Camp AI meetup (Seattle) Building production-ready multi-agent systems,"Mar 10, 2026",2292,0
2023-06-24,57OjX_s8bBw,AI Camp AI meetup (Seattle) Building production-ready multi-agent systems,"Mar 10, 2026",2292,0
2023-06-25,57OjX_s8bBw,AI Camp AI meetup (Seattle) Building production-ready multi-agent systems,"Mar 10, 2026",2292,0
2023-06-26,57OjX_s8bBw,AI Camp AI meetup (Seattle) Building production-ready multi-agent systems,"Mar 10, 2026",2292,0
2023-06-27,57OjX_s8bBw,AI Camp AI meetup (Seattle) Building production-ready multi-agent systems,"Mar 10, 2026",2292,0
2023-06-28,57OjX_s8bBw,AI Camp AI meetup (Seattle) Building production-ready multi-agent systems,"Mar 10, 2026",2292,0
2023-06-29,57OjX_s8bBw,AI Camp AI meetup (Seattle) Building production-ready multi-agent systems,"Mar 10, 2026",2292,0
2023-06-30,57OjX_s8bBw,AI Camp AI meetup (Seattle) Building production-ready multi-agent systems,"Mar 10, 2026",2292,0
2023-07-01,57OjX_s8bBw,AI Camp AI meetup (Seattle) Building production-ready multi-agent systems,"Mar 10, 2026",2292,0
2023-07-02,57OjX_s8bBw,AI Camp AI meetup (Seattle) Building production-ready multi-agent systems,"Mar 10, 2026",2292,0
2023-07-03,57OjX_s8bBw,AI Camp AI meetup (Seattle) Building production-ready multi-agent systems,"Mar 10, 2026",2292,0
2023-07-04,57OjX_s8bBw,AI Camp AI meetup (Seattle) Building production-ready multi-agent systems,"Mar 10, 2026",2292,0
2023-07-05,57OjX_s8bBw,AI Camp AI meetup (Seattle) Building production-ready multi-agent systems,"Mar 10, 2026",2292,0
2023-07-06,57OjX_s8bBw,AI Camp AI meetup (Seattle) Building production-ready multi-agent systems,"Mar 10, 2026",2292,0
2023-07-07,57OjX_s8bBw,AI Camp AI meetup (Seattle) Building production-ready multi-agent systems,"Mar 10, 2026",2292,0
2023-07-08,57OjX_s8bBw,AI Camp AI meetup (Seattle) Building production-ready multi-agent systems,"Mar 10, 2026",2292,0
2023-07-09,57OjX_s8bBw,AI Camp AI meetup (Seattle) Building production-ready multi-agent systems,"Mar 10, 2026",2292,0
2023-07-10,57OjX_s8bBw,AI Camp AI meetup (Seattle) Building production-ready multi-agent systems,"Mar 10, 2026",2292,0
2023-07-11,57OjX_s8bBw,AI Camp AI meetup (Seattle) Building production-ready multi-agent systems,"Mar 10, 2026",2292,0
2023-07-12,57OjX_s8bBw,AI Camp AI meetup (Seattle) Building production-ready multi-agent systems,"Mar 10, 2026",2292,0
2023-07-13,57OjX_s8bBw,AI Camp AI meetup (Seattle) Building production-ready multi-agent systems,"Mar 10, 2026",2292,0
2023-07-14,57OjX_s8bBw,AI Camp AI meetup (Seattle) Building production-ready multi-agent systems,"Mar 10, 2026",2292,0
2023-07-15,57OjX_s8bBw,AI Camp AI meetup (Seattle) Building production-ready multi-agent systems,"Mar 10, 2026",2292,0
2023-07-16,57OjX_s8bBw,AI Camp AI meetup (Seattle) Building production-ready multi-agent systems,"Mar 10, 2026",2292,0
2023-07-17,57OjX_s8bBw,AI Camp AI meetup (Seattle) Building production-ready multi-agent systems,"Mar 10, 2026",2292,0
2023-07-18,57OjX_s8bBw,AI Camp AI meetup (Seattle) Building production-ready multi-agent systems,"Mar 10, 2026",2292,0
2023-07-19,57OjX_s8bBw,AI Camp AI meetup (Seattle) Building production-ready multi-agent systems,"Mar 10, 2026",2292,0
2023-07-20,57OjX_s8bBw,AI Camp AI meetup (Seattle) Building production-ready multi-agent systems,"Mar 10, 2026",2292,0
2023-07-21,57OjX_s8bBw,AI Camp AI meetup (Seattle) Building production-ready multi-agent systems,"Mar 10, 2026",2292,0
2023-07-22,57OjX_s8bBw,AI Camp AI meetup (Seattle) Building production-ready multi-agent systems,"Mar 10, 2026",2292,0
2023-07-23,57OjX_s8bBw,AI Camp AI meetup (Seattle) Building production-ready multi-agent systems,"Mar 10, 2026",2292,0
2023-07-24,57OjX_s8bBw,AI Camp AI meetup (Seattle) Building production-ready multi-agent systems,"Mar 10, 2026",2292,0
2023-07-25,57OjX_s8bBw,AI Camp AI meetup (Seattle) Building production-ready multi-agent systems,"Mar 10, 2026",2292,0
2023-07-26,57OjX_s8bBw,AI Camp AI meetup (Seattle) Building production-ready multi-agent systems,"Mar 10, 2026",2292,0
2023-07-27,57OjX_s8bBw,AI Camp AI meetup (Seattle) Building production-ready multi-agent systems,"Mar 10, 2026",2292,0
2023-07-28,57OjX_s8bBw,AI Camp AI meetup (Seattle) Building production-ready multi-agent systems,"Mar 10, 2026",2292,0
2023-07-29,57OjX_s8bBw,AI Camp AI meetup (Seattle) Building production-ready multi-agent systems,"Mar 10, 2026",2292,0
2023-07-30,57OjX_s8bBw,AI Camp AI meetup (Seattle) Building production-ready multi-agent systems,"Mar 10, 2026",2292,0
2023-07-31,57OjX_s8bBw,AI Camp AI meetup (Seattle) Building production-ready multi-agent systems,"Mar 10, 2026",2292,0
2023-08-01,57OjX_s8bBw,AI Camp AI meetup (Seattle) Building production-ready multi-agent systems,"Mar 10, 2026",2292,0
2023-08-02,57OjX_s8bBw,AI Camp AI meetup (Seattle) Building production-ready multi-agent systems,"Mar 10, 2026",2292,0
2023-08-03,57OjX_s8bBw,AI Camp AI meetup (Seattle) Building production-ready multi-agent systems,"Mar 10, 2026",2292,0
2023-08-04,57OjX_s8bBw,AI Camp AI meetup (Seattle) Building production-ready multi-agent systems,"Mar 10, 2026",2292,0
2023-08-05,57OjX_s8bBw,AI Camp AI meetup (Seattle) Building production-ready multi-agent systems,"Mar 10, 2026",2292,0
2023-08-06,57OjX_s8bBw,AI Camp AI meetup (Seattle) Building production-ready multi-agent systems,"Mar 10, 2026",2292,0
2023-08-07,57OjX_s8bBw,AI Camp AI meetup (Seattle) Building production-ready multi-agent systems,"Mar 10, 2026",2292,0
2023-08-08,57OjX_s8bBw,AI Camp AI meetup (Seattle) Building production-ready multi-agent systems,"Mar 10, 2026",2292,0
2023-08-09,57OjX_s8bBw,AI Camp AI meetup (Seattle) Building production-ready multi-agent systems,"Mar 10, 2026",2292,0
2023-08-10,57OjX_s8bBw,AI Camp AI meetup (Seattle) Building production-ready multi-agent systems,"Mar 10, 2026",2292,0
2023-08-11,57OjX_s8bBw,AI Camp AI meetup (Seattle) Building production-ready multi-agent systems,"Mar 10, 2026",2292,0
2023-08-12,57OjX_s8bBw,AI Camp AI meetup (Seattle) Building production-ready multi-agent systems,"Mar 10, 2026",2292,0
2023-08-13,57OjX_s8bBw,AI Camp AI meetup (Seattle) Building production-ready multi-agent systems,"Mar 10, 2026",2292,0
2023-08-14,57OjX_s8bBw,AI Camp AI meetup (Seattle) Building production-ready multi-agent systems,"Mar 10, 2026",2292,0
2023-08-15,57OjX_s8bBw,AI Camp AI meetup (Seattle) Building production-ready multi-agent systems,"Mar 10, 2026",2292,0
2023-08-16,57OjX_s8bBw,AI Camp AI meetup (Seattle) Building production-ready multi-agent systems,"Mar 10, 2026",2292,0
2023-08-17,57OjX_s8bBw,AI Camp AI meetup (Seattle) Building production-ready multi-agent systems,"Mar 10, 2026",2292,0
2023-08-18,57OjX_s8bBw,AI Camp AI meetup (Seattle) Building production-ready multi-agent systems,"Mar 10, 2026",2292,0
2023-08-19,57OjX_s8bBw,AI Camp AI meetup (Seattle) Building production-ready multi-agent systems,"Mar 10, 2026",2292,0
2023-08-20,57OjX_s8bBw,AI Camp AI meetup (Seattle) Building production-ready multi-agent systems,"Mar 10, 2026",2292,0
2023-08-21,57OjX_s8bBw,AI Camp AI meetup (Seattle) Building production-ready multi-agent systems,"Mar 10, 2026",2292,0
2023-08-22,57OjX_s8bBw,AI Camp AI meetup (Seattle) Building production-ready multi-agent systems,"Mar 10, 2026",2292,0
2023-08-23,57OjX_s8bBw,AI Camp AI meetup (Seattle) Building production-ready multi-agent systems,"Mar 10, 2026",2292,0
2023-08-24,57OjX_s8bBw,AI Camp AI meetup (Seattle) Building production-ready multi-agent systems,"Mar 10, 2026",2292,0
2023-08-25,57OjX_s8bBw,AI Camp AI meetup (Seattle) Building production-ready multi-agent systems,"Mar 10, 2026",2292,0
2023-08-26,57OjX_s8bBw,AI Camp AI meetup (Seattle) Building production-ready multi-agent systems,"Mar 10, 2026",2292,0
2023-08-27,57OjX_s8bBw,AI Camp AI meetup (Seattle) Building production-ready multi-agent systems,"Mar 10, 2026",2292,0
2023-08-28,57OjX_s8bBw,AI Camp AI meetup (Seattle) Building production-ready multi-agent systems,"Mar 10, 2026",2292,0
2023-08-29,57OjX_s8bBw,AI Camp AI meetup (Seattle) Building production-ready multi-agent systems,"Mar 10, 2026",2292,0
2023-08-30,57OjX_s8bBw,AI Camp AI meetup (Seattle) Building production-ready multi-agent systems,"Mar 10, 2026",2292,0
2023-08-31,57OjX_s8bBw,AI Camp AI meetup (Seattle) Building production-ready multi-agent systems,"Mar 10, 2026",2292,0
2023-09-01,57OjX_s8bBw,AI Camp AI meetup (Seattle) Building production-ready multi-agent systems,"Mar 10, 2026",2292,0
2023-09-02,57OjX_s8bBw,AI Camp AI meetup (Seattle) Building production-ready multi-agent systems,"Mar 10, 2026",2292,0
2023-09-03,57OjX_s8bBw,AI Camp AI meetup (Seattle) Building production-ready multi-agent systems,"Mar 10, 2026",2292,0
2023-09-04,57OjX_s8bBw,AI Camp AI meetup (Seattle) Building production-ready multi-agent systems,"Mar 10, 2026",2292,0
2023-09-05,57OjX_s8bBw,AI Camp AI meetup (Seattle) Building production-ready multi-agent systems,"Mar 10, 2026",2292,0
2023-09-06,57OjX_s8bBw,AI Camp AI meetup (Seattle) Building production-ready multi-agent systems,"Mar 10, 2026",2292,0
2023-09-07,57OjX_s8bBw,AI Camp AI meetup (Seattle) Building production-ready multi-agent systems,"Mar 10, 2026",2292,0
2023-09-08,57OjX_s8bBw,AI Camp AI meetup (Seattle) Building production-ready multi-agent systems,"Mar 10, 2026",2292,0
2023-09-09,57OjX_s8bBw,AI Camp AI meetup (Seattle) Building production-ready multi-agent systems,"Mar 10, 2026",2292,0
2023-09-10,57OjX_s8bBw,AI Camp AI meetup (Seattle) Building production-ready multi-agent systems,"Mar 10, 2026",2292,0
2023-09-11,57OjX_s8bBw,AI Camp AI meetup (Seattle) Building production-ready multi-agent systems,"Mar 10, 2026",2292,0
2023-09-12,57OjX_s8bBw,AI Camp AI meetup (Seattle) Building production-ready multi-agent systems,"Mar 10, 2026",2292,0
2023-09-13,57OjX_s8bBw,AI Camp AI meetup (Seattle) Building production-ready multi-agent systems,"Mar 10, 2026",2292,0
2023-09-14,57OjX_s8bBw,AI Camp AI meetup (Seattle) Building production-ready multi-agent systems,"Mar 10, 2026",2292,0
2023-09-15,57OjX_s8bBw,AI Camp AI meetup (Seattle) Building production-ready multi-agent systems,"Mar 10, 2026",2292,0
2023-09-16,57OjX_s8bBw,AI Camp AI meetup (Seattle) Building production-ready multi-agent systems,"Mar 10, 2026",2292,0
2023-09-17,57OjX_s8bBw,AI Camp AI meetup (Seattle) Building production-ready multi-agent systems,"Mar 10, 2026",2292,0
2023-09-18,57OjX_s8bBw,AI Camp AI meetup (Seattle) Building production-ready multi-agent systems,"Mar 10, 2026",2292,0
2023-09-19,57OjX_s8bBw,AI Camp AI meetup (Seattle) Building production-ready multi-agent systems,"Mar 10, 2026",2292,0
2023-09-20,57OjX_s8bBw,AI Camp AI meetup (Seattle) Building production-ready multi-agent systems,"Mar 10, 2026",2292,0
2023-09-21,57OjX_s8bBw,AI Camp AI meetup (Seattle) Building production-ready multi-agent systems,"Mar 10, 2026",2292,0
2023-09-22,57OjX_s8bBw,AI Camp AI meetup (Seattle) Building production-ready multi-agent systems,"Mar 10, 2026",2292,0
2023-09-23,57OjX_s8bBw,AI Camp AI meetup (Seattle) Building production-ready multi-agent systems,"Mar 10, 2026",2292,0
2023-09-24,57OjX_s8bBw,AI Camp AI meetup (Seattle) Building production-ready multi-agent systems,"Mar 10, 2026",2292,0
2023-09-25,57OjX_s8bBw,AI Camp AI meetup (Seattle) Building production-ready multi-agent systems,"Mar 10, 2026",2292,0
2023-09-26,57OjX_s8bBw,AI Camp AI meetup (Seattle) Building production-ready multi-agent systems,"Mar 10, 2026",2292,0
2023-09-27,57OjX_s8bBw,AI Camp AI meetup (Seattle) Building production-ready multi-agent systems,"Mar 10, 2026",2292,0
2023-09-28,57OjX_s8bBw,AI Camp AI meetup (Seattle) Building production-ready multi-agent systems,"Mar 10, 2026",2292,0
2023-09-29,57OjX_s8bBw,AI Camp AI meetup (Seattle) Building production-ready multi-agent systems,"Mar 10, 2026",2292,0
2023-09-30,57OjX_s8bBw,AI Camp AI meetup (Seattle) Building production-ready multi-agent systems,"Mar 10, 2026",2292,0
2023-10-01,57OjX_s8bBw,AI Camp AI meetup (Seattle) Building production-ready multi-agent systems,"Mar 10, 2026",2292,0
2023-10-02,57OjX_s8bBw,AI Camp AI meetup (Seattle) Building production-ready multi-agent systems,"Mar 10, 2026",2292,0
2023-10-03,57OjX_s8bBw,AI Camp AI meetup (Seattle) Building production-ready multi-agent systems,"Mar 10, 2026",2292,0
2023-10-04,57OjX_s8bBw,AI Camp AI meetup (Seattle) Building production-ready multi-agent systems,"Mar 10, 2026",2292,0
2023-10-05,57OjX_s8bBw,AI Camp AI meetup (Seattle) Building production-ready multi-agent systems,"Mar 10, 2026",2292,0
2023-10-06,57OjX_s8bBw,AI Camp AI meetup (Seattle) Building production-ready multi-agent systems,"Mar 10, 2026",2292,0
2023-10-07,57OjX_s8bBw,AI Camp AI meetup (Seattle) Building production-ready multi-agent systems,"Mar 10, 2026",2292,0
2023-10-08,57OjX_s8bBw,AI Camp AI meetup (Seattle) Building production-ready multi-agent systems,"Mar 10, 2026",2292,0
2023-10-09,57OjX_s8bBw,AI Camp AI meetup (Seattle) Building production-ready multi-agent systems,"Mar 10, 2026",2292,0
2023-10-10,57OjX_s8bBw,AI Camp AI meetup (Seattle) Building production-ready multi-agent systems,"Mar 10, 2026",2292,0
2023-10-11,57OjX_s8bBw,AI Camp AI meetup (Seattle) Building production-ready multi-agent systems,"Mar 10, 2026",2292,0
2023-10-12,57OjX_s8bBw,AI Camp AI meetup (Seattle) Building production-ready multi-agent systems,"Mar 10, 2026",2292,0
2023-10-13,57OjX_s8bBw,AI Camp AI meetup (Seattle) Building production-ready multi-agent systems,"Mar 10, 2026",2292,0
2023-10-14,57OjX_s8bBw,AI Camp AI meetup (Seattle) Building production-ready multi-agent systems,"Mar 10, 2026",2292,0
2023-10-15,57OjX_s8bBw,AI Camp AI meetup (Seattle) Building production-ready multi-agent systems,"Mar 10, 2026",2292,0
2023-10-16,57OjX_s8bBw,AI Camp AI meetup (Seattle) Building production-ready multi-agent systems,"Mar 10, 2026",2292,0
2023-10-17,57OjX_s8bBw,AI Camp AI meetup (Seattle) Building production-ready multi-agent systems,"Mar 10, 2026",2292,0
2023-10-18,57OjX_s8bBw,AI Camp AI meetup (Seattle) Building production-ready multi-agent systems,"Mar 10, 2026",2292,0
2023-10-19,57OjX_s8bBw,AI Camp AI meetup (Seattle) Building production-ready multi-agent systems,"Mar 10, 2026",2292,0
2023-10-20,57OjX_s8bBw,AI Camp AI meetup (Seattle) Building production-ready multi-agent systems,"Mar 10, 2026",2292,0
2023-10-21,57OjX_s8bBw,AI Camp AI meetup (Seattle) Building production-ready multi-agent systems,"Mar 10, 2026",2292,0
2023-10-22,57OjX_s8bBw,AI Camp AI meetup (Seattle) Building production-ready multi-agent systems,"Mar 10, 2026",2292,0
2023-10-23,57OjX_s8bBw,AI Camp AI meetup (Seattle) Building production-ready multi-agent systems,"Mar 10, 2026",2292,0
2023-10-24,57OjX_s8bBw,AI Camp AI meetup (Seattle) Building production-ready multi-agent systems,"Mar 10, 2026",2292,0
2023-10-25,57OjX_s8bBw,AI Camp AI meetup (Seattle) Building production-ready multi-agent systems,"Mar 10, 2026",2292,0
2023-10-26,57OjX_s8bBw,AI Camp AI meetup (Seattle) Building production-ready multi-agent systems,"Mar 10, 2026",2292,0
2023-10-27,57OjX_s8bBw,AI Camp AI meetup (Seattle) Building production-ready multi-agent systems,"Mar 10, 2026",2292,0
2023-10-28,57OjX_s8bBw,AI Camp AI meetup (Seattle) Building production-ready multi-agent systems,"Mar 10, 2026",2292,0
2023-10-29,57OjX_s8bBw,AI Camp AI meetup (Seattle) Building production-ready multi-agent systems,"Mar 10, 2026",2292,0
2023-10-30,57OjX_s8bBw,AI Camp AI meetup (Seattle) Building production-ready multi-agent systems,"Mar 10, 2026",2292,0
2023-10-31,57OjX_s8bBw,AI Camp AI meetup (Seattle) Building production-ready multi-agent systems,"Mar 10, 2026",2292,0
2023-11-01,57OjX_s8bBw,AI Camp AI meetup (Seattle) Building production-ready multi-agent systems,"Mar 10, 2026",2292,0
2023-11-02,57OjX_s8bBw,AI Camp AI meetup (Seattle) Building production-ready multi-agent systems,"Mar 10, 2026",2292,0
2023-11-03,57OjX_s8bBw,AI Camp AI meetup (Seattle) Building production-ready multi-agent systems,"Mar 10, 2026",2292,0
2023-11-04,57OjX_s8bBw,AI Camp AI meetup (Seattle) Building production-ready multi-agent systems,"Mar 10, 2026",2292,0
2023-11-05,57OjX_s8bBw,AI Camp AI meetup (Seattle) Building production-ready multi-agent systems,"Mar 10, 2026",2292,0
2023-11-06,57OjX_s8bBw,AI Camp AI meetup (Seattle) Building production-ready multi-agent systems,"Mar 10, 2026",2292,0
2023-11-07,57OjX_s8bBw,AI Camp AI meetup (Seattle) Building production-ready multi-agent systems,"Mar 10, 2026",2292,0
2023-11-08,57OjX_s8bBw,AI Camp AI meetup (Seattle) Building production-ready multi-agent systems,"Mar 10, 2026",2292,0
2023-11-09,57OjX_s8bBw,AI Camp AI meetup (Seattle) Building production-ready multi-agent systems,"Mar 10, 2026",2292,0
2023-11-10,57OjX_s8bBw,AI Camp AI meetup (Seattle) Building production-ready multi-agent systems,"Mar 10, 2026",2292,0
2023-11-11,57OjX_s8bBw,AI Camp AI meetup (Seattle) Building production-ready multi-agent systems,"Mar 10, 2026",2292,0
2023-11-12,57OjX_s8bBw,AI Camp AI meetup (Seattle) Building production-ready multi-agent systems,"Mar 10, 2026",2292,0
2023-11-13,57OjX_s8bBw,AI Camp AI meetup (Seattle) Building production-ready multi-agent systems,"Mar 10, 2026",2292,0
2023-11-14,57OjX_s8bBw,AI Camp AI meetup (Seattle) Building production-ready multi-agent systems,"Mar 10, 2026",2292,0
2023-11-15,57OjX_s8bBw,AI Camp AI meetup (Seattle) Building production-ready multi-agent systems,"Mar 10, 2026",2292,0
2023-11-16,57OjX_s8bBw,AI Camp AI meetup (Seattle) Building production-ready multi-agent systems,"Mar 10, 2026",2292,0
2023-11-17,57OjX_s8bBw,AI Camp AI meetup (Seattle) Building production-ready multi-agent systems,"Mar 10, 2026",2292,0
2023-11-18,57OjX_s8bBw,AI Camp AI meetup (Seattle) Building production-ready multi-agent systems,"Mar 10, 2026",2292,0
2023-11-19,57OjX_s8bBw,AI Camp AI meetup (Seattle) Building production-ready multi-agent systems,"Mar 10, 2026",2292,0
2023-11-20,57OjX_s8bBw,AI Camp AI meetup (Seattle) Building production-ready multi-agent systems,"Mar 10, 2026",2292,0
2023-11-21,57OjX_s8bBw,AI Camp AI meetup (Seattle) Building production-ready multi-agent systems,"Mar 10, 2026",2292,0
2023-11-22,57OjX_s8bBw,AI Camp AI meetup (Seattle) Building production-ready multi-agent systems,"Mar 10, 2026",2292,0
2023-11-23,57OjX_s8bBw,AI Camp AI meetup (Seattle) Building production-ready multi-agent systems,"Mar 10, 2026",2292,0
2023-11-24,57OjX_s8bBw,AI Camp AI meetup (Seattle) Building production-ready multi-agent systems,"Mar 10, 2026",2292,0
2023-11-25,57OjX_s8bBw,AI Camp AI meetup (Seattle) Building production-ready multi-agent systems,"Mar 10, 2026",2292,0
2023-11-26,57OjX_s8bBw,AI Camp AI meetup (Seattle) Building production-ready multi-agent systems,"Mar 10, 2026",2292,0
2023-11-27,57OjX_s8bBw,AI Camp AI meetup (Seattle) Building production-ready multi-agent systems,"Mar 10, 2026",2292,0
2023-11-28,57OjX_s8bBw,AI Camp AI meetup (Seattle) Building production-ready multi-agent systems,"Mar 10, 2026",2292,0
2023-11-29,57OjX_s8bBw,AI Camp AI meetup (Seattle) Building production-ready multi-agent systems,"Mar 10, 2026",2292,0
2023-11-30,57OjX_s8bBw,AI Camp AI meetup (Seattle) Building production-ready multi-agent systems,"Mar 10, 2026",2292,0
2023-12-01,57OjX_s8bBw,AI Camp AI meetup (Seattle) Building production-ready multi-agent systems,"Mar 10, 2026",2292,0
2023-12-02,57OjX_s8bBw,AI Camp AI meetup (Seattle) Building production-ready multi-agent systems,"Mar 10, 2026",2292,0
2023-12-03,57OjX_s8bBw,AI Camp AI meetup (Seattle) Building production-ready multi-agent systems,"Mar 10, 2026",2292,0
2023-12-04,57OjX_s8bBw,AI Camp AI meetup (Seattle) Building production-ready multi-agent systems,"Mar 10, 2026",2292,0
2023-12-05,57OjX_s8bBw,AI Camp AI meetup (Seattle) Building production-ready multi-agent systems,"Mar 10, 2026",2292,0
2023-12-06,57OjX_s8bBw,AI Camp AI meetup (Seattle) Building production-ready multi-agent systems,"Mar 10, 2026",2292,0
2023-12-07,57OjX_s8bBw,AI Camp AI meetup (Seattle) Building production-ready multi-agent systems,"Mar 10, 2026",2292,0
2023-12-08,57OjX_s8bBw,AI Camp AI meetup (Seattle) Building production-ready multi-agent systems,"Mar 10, 2026",2292,0
2023-12-09,57OjX_s8bBw,AI Camp AI meetup (Seattle) Building production-ready multi-agent systems,"Mar 10, 2026",2292,0
2023-12-10,57OjX_s8bBw,AI Camp AI meetup (Seattle) Building production-ready multi-agent systems,"Mar 10, 2026",2292,0
2023-12-11,57OjX_s8bBw,AI Camp AI meetup (Seattle) Building production-ready multi-agent systems,"Mar 10, 2026",2292,0
2023-12-12,57OjX_s8bBw,AI Camp AI meetup (Seattle) Building production-ready multi-agent systems,"Mar 10, 2026",2292,0
2023-12-13,57OjX_s8bBw,AI Camp AI meetup (Seattle) Building production-ready multi-agent systems,"Mar 10, 2026",2292,0
2023-12-14,57OjX_s8bBw,AI Camp AI meetup (Seattle) Building production-ready multi-agent systems,"Mar 10, 2026",2292,0
2023-12-15,57OjX_s8bBw,AI Camp AI meetup (Seattle) Building production-ready multi-agent systems,"Mar 10, 2026",2292,0
2023-12-16,57OjX_s8bBw,AI Camp AI meetup (Seattle) Building production-ready multi-agent systems,"Mar 10, 2026",2292,0
2023-12-17,57OjX_s8bBw,AI Camp AI meetup (Seattle) Building production-ready multi-agent systems,"Mar 10, 2026",2292,0
2023-12-18,57OjX_s8bBw,AI Camp AI meetup (Seattle) Building production-ready multi-agent systems,"Mar 10, 2026",2292,0
2023-12-19,57OjX_s8bBw,AI Camp AI meetup (Seattle) Building production-ready multi-agent systems,"Mar 10, 2026",2292,0
2023-12-20,57OjX_s8bBw,AI Camp AI meetup (Seattle) Building production-ready multi-agent systems,"Mar 10, 2026",2292,0
2023-12-21,57OjX_s8bBw,AI Camp AI meetup (Seattle) Building production-ready multi-agent systems,"Mar 10, 2026",2292,0
2023-12-22,57OjX_s8bBw,AI Camp AI meetup (Seattle) Building production-ready multi-agent systems,"Mar 10, 2026",2292,0
2023-12-23,57OjX_s8bBw,AI Camp AI meetup (Seattle) Building production-ready multi-agent systems,"Mar 10, 2026",2292,0
2023-12-24,57OjX_s8bBw,AI Camp AI meetup (Seattle) Building production-ready multi-agent systems,"Mar 10, 2026",2292,0
2023-12-25,57OjX_s8bBw,AI Camp AI meetup (Seattle) Building production-ready multi-agent systems,"Mar 10, 2026",2292,0
2023-12-26,57OjX_s8bBw,AI Camp AI meetup (Seattle) Building production-ready multi-agent systems,"Mar 10, 2026",2292,0
2023-12-27,57OjX_s8bBw,AI Camp AI meetup (Seattle) Building production-ready multi-agent systems,"Mar 10, 2026",2292,0
2023-12-28,57OjX_s8bBw,AI Camp AI meetup (Seattle) Building production-ready multi-agent systems,"Mar 10, 2026",2292,0
2023-12-29,57OjX_s8bBw,AI Camp AI meetup (Seattle) Building production-ready multi-agent systems,"Mar 10, 2026",2292,0
2023-12-30,57OjX_s8bBw,AI Camp AI meetup (Seattle) Building production-ready multi-agent systems,"Mar 10, 2026",2292,0
2023-12-31,57OjX_s8bBw,AI Camp AI meetup (Seattle) Building production-ready multi-agent systems,"Mar 10, 2026",2292,0
2024-01-01,57OjX_s8bBw,AI Camp AI meetup (Seattle) Building production-ready multi-agent systems,"Mar 10, 2026",2292,0
2024-01-02,57OjX_s8bBw,AI Camp AI meetup (Seattle) Building production-ready multi-agent systems,"Mar 10, 2026",2292,0
2024-01-03,57OjX_s8bBw,AI Camp AI meetup (Seattle) Building production-ready multi-agent systems,"Mar 10, 2026",2292,0
2024-01-04,57OjX_s8bBw,AI Camp AI meetup (Seattle) Building production-ready multi-agent systems,"Mar 10, 2026",2292,0
2024-01-05,57OjX_s8bBw,AI Camp AI meetup (Seattle) Building production-ready multi-agent systems,"Mar 10, 2026",2292,0
2024-01-06,57OjX_s8bBw,AI Camp AI meetup (Seattle) Building production-ready multi-agent systems,"Mar 10, 2026",2292,0
2024-01-07,57OjX_s8bBw,AI Camp AI meetup (Seattle) Building production-ready multi-agent systems,"Mar 10, 2026",2292,0
2024-01-08,57OjX_s8bBw,AI Camp AI meetup (Seattle) Building production-ready multi-agent systems,"Mar 10, 2026",2292,0
2024-01-09,57OjX_s8bBw,AI Camp AI meetup (Seattle) Building production-ready multi-agent systems,"Mar 10, 2026",2292,0
2024-01-10,57OjX_s8bBw,AI Camp AI meetup (Seattle) Building production-ready multi-agent systems,"Mar 10, 2026",2292,0
2024-01-11,57OjX_s8bBw,AI Camp AI meetup (Seattle) Building production-ready multi-agent systems,"Mar 10, 2026",2292,0
2024-01-12,57OjX_s8bBw,AI Camp AI meetup (Seattle) Building production-ready multi-agent systems,"Mar 10, 2026",2292,0
2024-01-13,57OjX_s8bBw,AI Camp AI meetup (Seattle) Building production-ready multi-agent systems,"Mar 10, 2026",2292,0
2024-01-14,57OjX_s8bBw,AI Camp AI meetup (Seattle) Building production-ready multi-agent systems,"Mar 10, 2026",2292,0
2024-01-15,57OjX_s8bBw,AI Camp AI meetup (Seattle) Building production-ready multi-agent systems,"Mar 10, 2026",2292,0
2024-01-16,57OjX_s8bBw,AI Camp AI meetup (Seattle) Building production-ready multi-agent systems,"Mar 10, 2026",2292,0
2024-01-17,57OjX_s8bBw,AI Camp AI meetup (Seattle) Building production-ready multi-agent systems,"Mar 10, 2026",2292,0
2024-01-18,57OjX_s8bBw,AI Camp AI meetup (Seattle) Building production-ready multi-agent systems,"Mar 10, 2026",2292,0
2024-01-19,57OjX_s8bBw,AI Camp AI meetup (Seattle) Building production-ready multi-agent systems,"Mar 10, 2026",2292,0
2024-01-20,57OjX_s8bBw,AI Camp AI meetup (Seattle) Building production-ready multi-agent systems,"Mar 10, 2026",2292,0
2024-01-21,57OjX_s8bBw,AI Camp AI meetup (Seattle) Building production-ready multi-agent systems,"Mar 10, 2026",2292,0
2024-01-22,57OjX_s8bBw,AI Camp AI meetup (Seattle) Building production-ready multi-agent systems,"Mar 10, 2026",2292,0
2024-01-23,57OjX_s8bBw,AI Camp AI meetup (Seattle) Building production-ready multi-agent systems,"Mar 10, 2026",2292,0
2024-01-24,57OjX_s8bBw,AI Camp AI meetup (Seattle) Building production-ready multi-agent systems,"Mar 10, 2026",2292,0
2024-01-25,57OjX_s8bBw,AI Camp AI meetup (Seattle) Building production-ready multi-agent systems,"Mar 10, 2026",2292,0
2024-01-26,57OjX_s8bBw,AI Camp AI meetup (Seattle) Building production-ready multi-agent systems,"Mar 10, 2026",2292,0
2024-01-27,57OjX_s8bBw,AI Camp AI meetup (Seattle) Building production-ready multi-agent systems,"Mar 10, 2026",2292,0
2024-01-28,57OjX_s8bBw,AI Camp AI meetup (Seattle) Building production-ready multi-agent systems,"Mar 10, 2026",2292,0
2024-01-29,57OjX_s8bBw,AI Camp AI meetup (Seattle) Building production-ready multi-agent systems,"Mar 10, 2026",2292,0
2024-01-30,57OjX_s8bBw,AI Camp AI meetup (Seattle) Building production-ready multi-agent systems,"Mar 10, 2026",2292,0
2024-01-31,57OjX_s8bBw,AI Camp AI meetup (Seattle) Building production-ready multi-agent systems,"Mar 10, 2026",2292,0
2024-02-01,57OjX_s8bBw,AI Camp AI meetup (Seattle) Building production-ready multi-agent systems,"Mar 10, 2026",2292,0
2024-02-02,57OjX_s8bBw,AI Camp AI meetup (Seattle) Building production-ready multi-agent systems,"Mar 10, 2026",2292,0
2024-02-03,57OjX_s8bBw,AI Camp AI meetup (Seattle) Building production-ready multi-agent systems,"Mar 10, 2026",2292,0
2024-02-04,57OjX_s8bBw,AI Camp AI meetup (Seattle) Building production-ready multi-agent systems,"Mar 10, 2026",2292,0
2024-02-05,57OjX_s8bBw,AI Camp AI meetup (Seattle) Building production-ready multi-agent systems,"Mar 10, 2026",2292,0
2024-02-06,57OjX_s8bBw,AI Camp AI meetup (Seattle) Building production-ready multi-agent systems,"Mar 10, 2026",2292,0
2024-02-07,57OjX_s8bBw,AI Camp AI meetup (Seattle) Building production-ready multi-agent systems,"Mar 10, 2026",2292,0
2024-02-08,57OjX_s8bBw,AI Camp AI meetup (Seattle) Building production-ready multi-agent systems,"Mar 10, 2026",2292,0
2024-02-09,57OjX_s8bBw,AI Camp AI meetup (Seattle) Building production-ready multi-agent systems,"Mar 10, 2026",2292,0
2024-02-10,57OjX_s8bBw,AI Camp AI meetup (Seattle) Building production-ready multi-agent systems,"Mar 10, 2026",2292,0
2024-02-11,57OjX_s8bBw,AI Camp AI meetup (Seattle) Building production-ready multi-agent systems,"Mar 10, 2026",2292,0
2024-02-12,57OjX_s8bBw,AI Camp AI meetup (Seattle) Building production-ready multi-agent systems,"Mar 10, 2026",2292,0
2024-02-13,57OjX_s8bBw,AI Camp AI meetup (Seattle) Building production-ready multi-agent systems,"Mar 10, 2026",2292,0
2024-02-14,57OjX_s8bBw,AI Camp AI meetup (Seattle) Building production-ready multi-agent systems,"Mar 10, 2026",2292,0
2024-02-15,57OjX_s8bBw,AI Camp AI meetup (Seattle) Building production-ready multi-agent systems,"Mar 10, 2026",2292,0
2024-02-16,57OjX_s8bBw,AI Camp AI meetup (Seattle) Building production-ready multi-agent systems,"Mar 10, 2026",2292,0
2024-02-17,57OjX_s8bBw,AI Camp AI meetup (Seattle) Building production-ready multi-agent systems,"Mar 10, 2026",2292,0
2024-02-18,57OjX_s8bBw,AI Camp AI meetup (Seattle) Building production-ready multi-agent systems,"Mar 10, 2026",2292,0
2024-02-19,57OjX_s8bBw,AI Camp AI meetup (Seattle) Building production-ready multi-agent systems,"Mar 10, 2026",2292,0
2024-02-20,57OjX_s8bBw,AI Camp AI meetup (Seattle) Building production-ready multi-agent systems,"Mar 10, 2026",2292,0
2024-02-21,57OjX_s8bBw,AI Camp AI meetup (Seattle) Building production-ready multi-agent systems,"Mar 10, 2026",2292,0
2024-02-22,57OjX_s8bBw,AI Camp AI meetup (Seattle) Building production-ready multi-agent systems,"Mar 10, 2026",2292,0
2024-02-23,57OjX_s8bBw,AI Camp AI meetup (Seattle) Building production-ready multi-agent systems,"Mar 10, 2026",2292,0
2024-02-24,57OjX_s8bBw,AI Camp AI meetup (Seattle) Building production-ready multi-agent systems,"Mar 10, 2026",2292,0
2024-02-25,57OjX_s8bBw,AI Camp AI meetup (Seattle) Building production-ready multi-agent systems,"Mar 10, 2026",2292,0
2024-02-26,57OjX_s8bBw,AI Camp AI meetup (Seattle) Building production-ready multi-agent systems,"Mar 10, 2026",2292,0
2024-02-27,57OjX_s8bBw,AI Camp AI meetup (Seattle) Building production-ready multi-agent systems,"Mar 10, 2026",2292,0
2024-02-28,57OjX_s8bBw,AI Camp AI meetup (Seattle) Building production-ready multi-agent systems,"Mar 10, 2026",2292,0
2024-02-29,57OjX_s8bBw,AI Camp AI meetup (Seattle) Building production-ready multi-agent systems,"Mar 10, 2026",2292,0
2024-03-01,57OjX_s8bBw,AI Camp AI meetup (Seattle) Building production-ready multi-agent systems,"Mar 10, 2026",2292,0
2024-03-02,57OjX_s8bBw,AI Camp AI meetup (Seattle) Building production-ready multi-agent systems,"Mar 10, 2026",2292,0
2024-03-03,57OjX_s8bBw,AI Camp AI meetup (Seattle) Building production-ready multi-agent systems,"Mar 10, 2026",2292,0
2024-03-04,57OjX_s8bBw,AI Camp AI meetup (Seattle) Building production-ready multi-agent systems,"Mar 10, 2026",2292,0
2024-03-05,57OjX_s8bBw,AI Camp AI meetup (Seattle) Building production-ready multi-agent systems,"Mar 10, 2026",2292,0
2024-03-06,57OjX_s8bBw,AI Camp AI meetup (Seattle) Building production-ready multi-agent systems,"Mar 10, 2026",2292,0
2024-03-07,57OjX_s8bBw,AI Camp AI meetup (Seattle) Building production-ready multi-agent systems,"Mar 10, 2026",2292,0
2024-03-08,57OjX_s8bBw,AI Camp AI meetup (Seattle) Building production-ready multi-agent systems,"Mar 10, 2026",2292,0
2024-03-09,57OjX_s8bBw,AI Camp AI meetup (Seattle) Building production-ready multi-agent systems,"Mar 10, 2026",2292,0
2024-03-10,57OjX_s8bBw,AI Camp AI meetup (Seattle) Building production-ready multi-agent systems,"Mar 10, 2026",2292,0
2024-03-11,57OjX_s8bBw,AI Camp AI meetup (Seattle) Building production-ready multi-agent systems,"Mar 10, 2026",2292,0
2024-03-12,57OjX_s8bBw,AI Camp AI meetup (Seattle) Building production-ready multi-agent systems,"Mar 10, 2026",2292,0
2024-03-13,57OjX_s8bBw,AI Camp AI meetup (Seattle) Building production-ready multi-agent systems,"Mar 10, 2026",2292,0
2024-03-14,57OjX_s8bBw,AI Camp AI meetup (Seattle) Building production-ready multi-agent systems,"Mar 10, 2026",2292,0
2024-03-15,57OjX_s8bBw,AI Camp AI meetup (Seattle) Building production-ready multi-agent systems,"Mar 10, 2026",2292,0
2024-03-16,57OjX_s8bBw,AI Camp AI meetup (Seattle) Building production-ready multi-agent systems,"Mar 10, 2026",2292,0
2024-03-17,57OjX_s8bBw,AI Camp AI meetup (Seattle) Building production-ready multi-agent systems,"Mar 10, 2026",2292,0
2024-03-18,57OjX_s8bBw,AI Camp AI meetup (Seattle) Building production-ready multi-agent systems,"Mar 10, 2026",2292,0
2024-03-19,57OjX_s8bBw,AI Camp AI meetup (Seattle) Building production-ready multi-agent systems,"Mar 10, 2026",2292,0
2024-03-20,57OjX_s8bBw,AI Camp AI meetup (Seattle) Building production-ready multi-agent systems,"Mar 10, 2026",2292,0
2024-03-21,57OjX_s8bBw,AI Camp AI meetup (Seattle) Building production-ready multi-agent systems,"Mar 10, 2026",2292,0
2024-03-22,57OjX_s8bBw,AI Camp AI meetup (Seattle) Building production-ready multi-agent systems,"Mar 10, 2026",2292,0
2024-03-23,57OjX_s8bBw,AI Camp AI meetup (Seattle) Building production-ready multi-agent systems,"Mar 10, 2026",2292,0
2024-03-24,57OjX_s8bBw,AI Camp AI meetup (Seattle) Building production-ready multi-agent systems,"Mar 10, 2026",2292,0
2024-03-25,57OjX_s8bBw,AI Camp AI meetup (Seattle) Building production-ready multi-agent systems,"Mar 10, 2026",2292,0
2024-03-26,57OjX_s8bBw,AI Camp AI meetup (Seattle) Building production-ready multi-agent systems,"Mar 10, 2026",2292,0
2024-03-27,57OjX_s8bBw,AI Camp AI meetup (Seattle) Building production-ready multi-agent systems,"Mar 10, 2026",2292,0
2024-03-28,57OjX_s8bBw,AI Camp AI meetup (Seattle) Building production-ready multi-agent systems,"Mar 10, 2026",2292,0
2024-03-29,57OjX_s8bBw,AI Camp AI meetup (Seattle) Building production-ready multi-agent systems,"Mar 10, 2026",2292,0
2024-03-30,57OjX_s8bBw,AI Camp AI meetup (Seattle) Building production-ready multi-agent systems,"Mar 10, 2026",2292,0
2024-03-31,57OjX_s8bBw,AI Camp AI meetup (Seattle) Building production-ready multi-agent systems,"Mar 10, 2026",2292,0
2024-04-01,57OjX_s8bBw,AI Camp AI meetup (Seattle) Building production-ready multi-agent systems,"Mar 10, 2026",2292,0
2024-04-02,57OjX_s8bBw,AI Camp AI meetup (Seattle) Building production-ready multi-agent systems,"Mar 10, 2026",2292,0
2024-04-03,57OjX_s8bBw,AI Camp AI meetup (Seattle) Building production-ready multi-agent systems,"Mar 10, 2026",2292,0
2024-04-04,57OjX_s8bBw,AI Camp AI meetup (Seattle) Building production-ready multi-agent systems,"Mar 10, 2026",2292,0
2024-04-05,57OjX_s8bBw,AI Camp AI meetup (Seattle) Building production-ready multi-agent systems,"Mar 10, 2026",2292,0
2024-04-06,57OjX_s8bBw,AI Camp AI meetup (Seattle) Building production-ready multi-agent systems,"Mar 10, 2026",2292,0
2024-04-07,57OjX_s8bBw,AI Camp AI meetup (Seattle) Building production-ready multi-agent systems,"Mar 10, 2026",2292,0
2024-04-08,57OjX_s8bBw,AI Camp AI meetup (Seattle) Building production-ready multi-agent systems,"Mar 10, 2026",2292,0
2024-04-09,57OjX_s8bBw,AI Camp AI meetup (Seattle) Building production-ready multi-agent systems,"Mar 10, 2026",2292,0
2024-04-10,57OjX_s8bBw,AI Camp AI meetup (Seattle) Building production-ready multi-agent systems,"Mar 10, 2026",2292,0
2024-04-11,57OjX_s8bBw,AI Camp AI meetup (Seattle) Building production-ready multi-agent systems,"Mar 10, 2026",2292,0
2024-04-12,57OjX_s8bBw,AI Camp AI meetup (Seattle) Building production-ready multi-agent systems,"Mar 10, 2026",2292,0
2024-04-13,57OjX_s8bBw,AI Camp AI meetup (Seattle) Building production-ready multi-agent systems,"Mar 10, 2026",2292,0
2024-04-14,57OjX_s8bBw,AI Camp AI meetup (Seattle) Building production-ready multi-agent systems,"Mar 10, 2026",2292,0
2024-04-15,57OjX_s8bBw,AI Camp AI meetup (Seattle) Building production-ready multi-agent systems,"Mar 10, 2026",2292,0
2024-04-16,57OjX_s8bBw,AI Camp AI meetup (Seattle) Building production-ready multi-agent systems,"Mar 10, 2026",2292,0
2024-04-17,57OjX_s8bBw,AI Camp AI meetup (Seattle) Building production-ready multi-agent systems,"Mar 10, 2026",2292,0
2024-04-18,57OjX_s8bBw,AI Camp AI meetup (Seattle) Building production-ready multi-agent systems,"Mar 10, 2026",2292,0
2024-04-19,57OjX_s8bBw,AI Camp AI meetup (Seattle) Building production-ready multi-agent systems,"Mar 10, 2026",2292,0
2024-04-20,57OjX_s8bBw,AI Camp AI meetup (Seattle) Building production-ready multi-agent systems,"Mar 10, 2026",2292,0
2024-04-21,57OjX_s8bBw,AI Camp AI meetup (Seattle) Building production-ready multi-agent systems,"Mar 10, 2026",2292,0
2024-04-22,57OjX_s8bBw,AI Camp AI meetup (Seattle) Building production-ready multi-agent systems,"Mar 10, 2026",2292,0
2024-04-23,57OjX_s8bBw,AI Camp AI meetup (Seattle) Building production-ready multi-agent systems,"Mar 10, 2026",2292,0
2024-04-24,57OjX_s8bBw,AI Camp AI meetup (Seattle) Building production-ready multi-agent systems,"Mar 10, 2026",2292,0
2024-04-25,57OjX_s8bBw,AI Camp AI meetup (Seattle) Building production-ready multi-agent systems,"Mar 10, 2026",2292,0
2024-04-26,57OjX_s8bBw,AI Camp AI meetup (Seattle) Building production-ready multi-agent systems,"Mar 10, 2026",2292,0
2024-04-27,57OjX_s8bBw,AI Camp AI meetup (Seattle) Building production-ready multi-agent systems,"Mar 10, 2026",2292,0
2024-04-28,57OjX_s8bBw,AI Camp AI meetup (Seattle) Building production-ready multi-agent systems,"Mar 10, 2026",2292,0
2024-04-29,57OjX_s8bBw,AI Camp AI meetup (Seattle) Building production-ready multi-agent systems,"Mar 10, 2026",2292,0
2024-04-30,57OjX_s8bBw,AI Camp AI meetup (Seattle) Building production-ready multi-agent systems,"Mar 10, 2026",2292,0
2024-05-01,57OjX_s8bBw,AI Camp AI meetup (Seattle) Building production-ready multi-agent systems,"Mar 10, 2026",2292,0
2024-05-02,57OjX_s8bBw,AI Camp AI meetup (Seattle) Building production-ready multi-agent systems,"Mar 10, 2026",2292,0
2024-05-03,57OjX_s8bBw,AI Camp AI meetup (Seattle) Building production-ready multi-agent systems,"Mar 10, 2026",2292,0
2024-05-04,57OjX_s8bBw,AI Camp AI meetup (Seattle) Building production-ready multi-agent systems,"Mar 10, 2026",2292,0
2024-05-05,57OjX_s8bBw,AI Camp AI meetup (Seattle) Building production-ready multi-agent systems,"Mar 10, 2026",2292,0
2024-05-06,57OjX_s8bBw,AI Camp AI meetup (Seattle) Building production-ready multi-agent systems,"Mar 10, 2026",2292,0
2024-05-07,57OjX_s8bBw,AI Camp AI meetup (Seattle) Building production-ready multi-agent systems,"Mar 10, 2026",2292,0
2024-05-08,57OjX_s8bBw,AI Camp AI meetup (Seattle) Building production-ready multi-agent systems,"Mar 10, 2026",2292,0
2024-05-09,57OjX_s8bBw,AI Camp AI meetup (Seattle) Building production-ready multi-agent systems,"Mar 10, 2026",2292,0
2024-05-10,57OjX_s8bBw,AI Camp AI meetup (Seattle) Building production-ready multi-agent systems,"Mar 10, 2026",2292,0
2024-05-11,57OjX_s8bBw,AI Camp AI meetup (Seattle) Building production-ready multi-agent systems,"Mar 10, 2026",2292,0
2024-05-12,57OjX_s8bBw,AI Camp AI meetup (Seattle) Building production-ready multi-agent systems,"Mar 10, 2026",2292,0
2024-05-13,57OjX_s8bBw,AI Camp AI meetup (Seattle) Building production-ready multi-agent systems,"Mar 10, 2026",2292,0
2024-05-14,57OjX_s8bBw,AI Camp AI meetup (Seattle) Building production-ready multi-agent systems,"Mar 10, 2026",2292,0
2024-05-15,57OjX_s8bBw,AI Camp AI meetup (Seattle) Building production-ready multi-agent systems,"Mar 10, 2026",2292,0
2024-05-16,57OjX_s8bBw,AI Camp AI meetup (Seattle) Building production-ready multi-agent systems,"Mar 10, 2026",2292,0
2024-05-17,57OjX_s8bBw,AI Camp AI meetup (Seattle) Building production-ready multi-agent systems,"Mar 10, 2026",2292,0
2024-05-18,57OjX_s8bBw,AI Camp AI meetup (Seattle) Building production-ready multi-agent systems,"Mar 10, 2026",2292,0
2024-05-19,57OjX_s8bBw,AI Camp AI meetup (Seattle) Building production-ready multi-agent systems,"Mar 10, 2026",2292,0
2024-05-20,57OjX_s8bBw,AI Camp AI meetup (Seattle) Building production-ready multi-agent systems,"Mar 10, 2026",2292,0
2024-05-21,57OjX_s8bBw,AI Camp AI meetup (Seattle) Building production-ready multi-agent systems,"Mar 10, 2026",2292,0
2024-05-22,57OjX_s8bBw,AI Camp AI meetup (Seattle) Building production-ready multi-agent systems,"Mar 10, 2026",2292,0
2024-05-23,57OjX_s8bBw,AI Camp AI meetup (Seattle) Building production-ready multi-agent systems,"Mar 10, 2026",2292,0
2024-05-24,57OjX_s8bBw,AI Camp AI meetup (Seattle) Building production-ready multi-agent systems,"Mar 10, 2026",2292,0
2024-05-25,57OjX_s8bBw,AI Camp AI meetup (Seattle) Building production-ready multi-agent systems,"Mar 10, 2026",2292,0
2024-05-26,57OjX_s8bBw,AI Camp AI meetup (Seattle) Building production-ready multi-agent systems,"Mar 10, 2026",2292,0
2024-05-27,57OjX_s8bBw,AI Camp AI meetup (Seattle) Building production-ready multi-agent systems,"Mar 10, 2026",2292,0
2024-05-28,57OjX_s8bBw,AI Camp AI meetup (Seattle) Building production-ready multi-agent systems,"Mar 10, 2026",2292,0
2024-05-29,57OjX_s8bBw,AI Camp AI meetup (Seattle) Building production-ready multi-agent systems,"Mar 10, 2026",2292,0
2024-05-30,57OjX_s8bBw,AI Camp AI meetup (Seattle) Building production-ready multi-agent systems,"Mar 10, 2026",2292,0
2024-05-31,57OjX_s8bBw,AI Camp AI meetup (Seattle) Building production-ready multi-agent systems,"Mar 10, 2026",2292,0
2024-06-01,57OjX_s8bBw,AI Camp AI meetup (Seattle) Building production-ready multi-agent systems,"Mar 10, 2026",2292,0
2024-06-02,57OjX_s8bBw,AI Camp AI meetup (Seattle) Building production-ready multi-agent systems,"Mar 10, 2026",2292,0
2024-06-03,57OjX_s8bBw,AI Camp AI meetup (Seattle) Building production-ready multi-agent systems,"Mar 10, 2026",2292,0
2024-06-04,57OjX_s8bBw,AI Camp AI meetup (Seattle) Building production-ready multi-agent systems,"Mar 10, 2026",2292,0
2024-06-05,57OjX_s8bBw,AI Camp AI meetup (Seattle) Building production-ready multi-agent systems,"Mar 10, 2026",2292,0
2024-06-06,57OjX_s8bBw,AI Camp AI meetup (Seattle) Building production-ready multi-agent systems,"Mar 10, 2026",2292,0
2024-06-07,57OjX_s8bBw,AI Camp AI meetup (Seattle) Building production-ready multi-agent systems,"Mar 10, 2026",2292,0
2024-06-08,57OjX_s8bBw,AI Camp AI meetup (Seattle) Building production-ready multi-agent systems,"Mar 10, 2026",2292,0
2024-06-09,57OjX_s8bBw,AI Camp AI meetup (Seattle) Building production-ready multi-agent systems,"Mar 10, 2026",2292,0
2024-06-10,57OjX_s8bBw,AI Camp AI meetup (Seattle) Building production-ready multi-agent systems,"Mar 10, 2026",2292,0
2024-06-11,57OjX_s8bBw,AI Camp AI meetup (Seattle) Building production-ready multi-agent systems,"Mar 10, 2026",2292,0
2024-06-12,57OjX_s8bBw,AI Camp AI meetup (Seattle) Building production-ready multi-agent systems,"Mar 10, 2026",2292,0
2024-06-13,57OjX_s8bBw,AI Camp AI meetup (Seattle) Building production-ready multi-agent systems,"Mar 10, 2026",2292,0
2024-06-14,57OjX_s8bBw,AI Camp AI meetup (Seattle) Building production-ready multi-agent systems,"Mar 10, 2026",2292,0
2024-06-15,57OjX_s8bBw,AI Camp AI meetup (Seattle) Building production-ready multi-agent systems,"Mar 10, 2026",2292,0
2024-06-16,57OjX_s8bBw,AI Camp AI meetup (Seattle) Building production-ready multi-agent systems,"Mar 10, 2026",2292,0
2024-06-17,57OjX_s8bBw,AI Camp AI meetup (Seattle) Building production-ready multi-agent systems,"Mar 10, 2026",2292,0
2024-06-18,57OjX_s8bBw,AI Camp AI meetup (Seattle) Building production-ready multi-agent systems,"Mar 10, 2026",2292,0
2024-06-19,57OjX_s8bBw,AI Camp AI meetup (Seattle) Building production-ready multi-agent systems,"Mar 10, 2026",2292,0
2024-06-20,57OjX_s8bBw,AI Camp AI meetup (Seattle) Building production-ready multi-agent systems,"Mar 10, 2026",2292,0
2024-06-21,57OjX_s8bBw,AI Camp AI meetup (Seattle) Building production-ready multi-agent systems,"Mar 10, 2026",2292,0
2024-06-22,57OjX_s8bBw,AI Camp AI meetup (Seattle) Building production-ready multi-agent systems,"Mar 10, 2026",2292,0
2024-06-23,57OjX_s8bBw,AI Camp AI meetup (Seattle) Building production-ready multi-agent systems,"Mar 10, 2026",2292,0
2024-06-24,57OjX_s8bBw,AI Camp AI meetup (Seattle) Building production-ready multi-agent systems,"Mar 10, 2026",2292,0
2024-06-25,57OjX_s8bBw,AI Camp AI meetup (Seattle) Building production-ready multi-agent systems,"Mar 10, 2026",2292,0
2024-06-26,57OjX_s8bBw,AI Camp AI meetup (Seattle) Building production-ready multi-agent systems,"Mar 10, 2026",2292,0
2024-06-27,57OjX_s8bBw,AI Camp AI meetup (Seattle) Building production-ready multi-agent systems,"Mar 10, 2026",2292,0
2024-06-28,57OjX_s8bBw,AI Camp AI meetup (Seattle) Building production-ready multi-agent systems,"Mar 10, 2026",2292,0
2024-06-29,57OjX_s8bBw,AI Camp AI meetup (Seattle) Building production-ready multi-agent systems,"Mar 10, 2026",2292,0
2024-06-30,57OjX_s8bBw,AI Camp AI meetup (Seattle) Building production-ready multi-agent systems,"Mar 10, 2026",2292,0
2024-07-01,57OjX_s8bBw,AI Camp AI meetup (Seattle) Building production-ready multi-agent systems,"Mar 10, 2026",2292,0
2024-07-02,57OjX_s8bBw,AI Camp AI meetup (Seattle) Building production-ready multi-agent systems,"Mar 10, 2026",2292,0
2024-07-03,57OjX_s8bBw,AI Camp AI meetup (Seattle) Building production-ready multi-agent systems,"Mar 10, 2026",2292,0
2024-07-04,57OjX_s8bBw,AI Camp AI meetup (Seattle) Building production-ready multi-agent systems,"Mar 10, 2026",2292,0
2024-07-05,57OjX_s8bBw,AI Camp AI meetup (Seattle) Building production-ready multi-agent systems,"Mar 10, 2026",2292,0
2024-07-06,57OjX_s8bBw,AI Camp AI meetup (Seattle) Building production-ready multi-agent systems,"Mar 10, 2026",2292,0
2024-07-07,57OjX_s8bBw,AI Camp AI meetup (Seattle) Building production-ready multi-agent systems,"Mar 10, 2026",2292,0
2024-07-08,57OjX_s8bBw,AI Camp AI meetup (Seattle) Building production-ready multi-agent systems,"Mar 10, 2026",2292,0
2024-07-09,57OjX_s8bBw,AI Camp AI meetup (Seattle) Building production-ready multi-agent systems,"Mar 10, 2026",2292,0
2024-07-10,57OjX_s8bBw,AI Camp AI meetup (Seattle) Building production-ready multi-agent systems,"Mar 10, 2026",2292,0
2024-07-11,57OjX_s8bBw,AI Camp AI meetup (Seattle) Building production-ready multi-agent systems,"Mar 10, 2026",2292,0
2024-07-12,57OjX_s8bBw,AI Camp AI meetup (Seattle) Building production-ready multi-agent systems,"Mar 10, 2026",2292,0
2024-07-13,57OjX_s8bBw,AI Camp AI meetup (Seattle) Building production-ready multi-agent systems,"Mar 10, 2026",2292,0
2024-07-14,57OjX_s8bBw,AI Camp AI meetup (Seattle) Building production-ready multi-agent systems,"Mar 10, 2026",2292,0
2024-07-15,57OjX_s8bBw,AI Camp AI meetup (Seattle) Building production-ready multi-agent systems,"Mar 10, 2026",2292,0
2024-07-16,57OjX_s8bBw,AI Camp AI meetup (Seattle) Building production-ready multi-agent systems,"Mar 10, 2026",2292,0
2024-07-17,57OjX_s8bBw,AI Camp AI meetup (Seattle) Building production-ready multi-agent systems,"Mar 10, 2026",2292,0
2024-07-18,57OjX_s8bBw,AI Camp AI meetup (Seattle) Building production-ready multi-agent systems,"Mar 10, 2026",2292,0
2024-07-19,57OjX_s8bBw,AI Camp AI meetup (Seattle) Building production-ready multi-agent systems,"Mar 10, 2026",2292,0
2024-07-20,57OjX_s8bBw,AI Camp AI meetup (Seattle) Building production-ready multi-agent systems,"Mar 10, 2026",2292,0
2024-07-21,57OjX_s8bBw,AI Camp AI meetup (Seattle) Building production-ready multi-agent systems,"Mar 10, 2026",2292,0
2024-07-22,57OjX_s8bBw,AI Camp AI meetup (Seattle) Building production-ready multi-agent systems,"Mar 10, 2026",2292,0
2024-07-23,57OjX_s8bBw,AI Camp AI meetup (Seattle) Building production-ready multi-agent systems,"Mar 10, 2026",2292,0
2024-07-24,57OjX_s8bBw,AI Camp AI meetup (Seattle) Building production-ready multi-agent systems,"Mar 10, 2026",2292,0
2024-07-25,57OjX_s8bBw,AI Camp AI meetup (Seattle) Building production-ready multi-agent systems,"Mar 10, 2026",2292,0
2024-07-26,57OjX_s8bBw,AI Camp AI meetup (Seattle) Building production-ready multi-agent systems,"Mar 10, 2026",2292,0
2024-07-27,57OjX_s8bBw,AI Camp AI meetup (Seattle) Building production-ready multi-agent systems,"Mar 10, 2026",2292,0
2024-07-28,57OjX_s8bBw,AI Camp AI meetup (Seattle) Building production-ready multi-agent systems,"Mar 10, 2026",2292,0
2024-07-29,57OjX_s8bBw,AI Camp AI meetup (Seattle) Building production-ready multi-agent systems,"Mar 10, 2026",2292,0
2024-07-30,57OjX_s8bBw,AI Camp AI meetup (Seattle) Building production-ready multi-agent systems,"Mar 10, 2026",2292,0
2024-07-31,57OjX_s8bBw,AI Camp AI meetup (Seattle) Building production-ready multi-agent systems,"Mar 10, 2026",2292,0
2024-08-01,57OjX_s8bBw,AI Camp AI meetup (Seattle) Building production-ready multi-agent systems,"Mar 10, 2026",2292,0
2024-08-02,57OjX_s8bBw,AI Camp AI meetup (Seattle) Building production-ready multi-agent systems,"Mar 10, 2026",2292,0
2024-08-03,57OjX_s8bBw,AI Camp AI meetup (Seattle) Building production-ready multi-agent systems,"Mar 10, 2026",2292,0
2024-08-04,57OjX_s8bBw,AI Camp AI meetup (Seattle) Building production-ready multi-agent systems,"Mar 10, 2026",2292,0
2024-08-05,57OjX_s8bBw,AI Camp AI meetup (Seattle) Building production-ready multi-agent systems,"Mar 10, 2026",2292,0
2024-08-06,57OjX_s8bBw,AI Camp AI meetup (Seattle) Building production-ready multi-agent systems,"Mar 10, 2026",2292,0
2024-08-07,57OjX_s8bBw,AI Camp AI meetup (Seattle) Building production-ready multi-agent systems,"Mar 10, 2026",2292,0
2024-08-08,57OjX_s8bBw,AI Camp AI meetup (Seattle) Building production-ready multi-agent systems,"Mar 10, 2026",2292,0
2024-08-09,57OjX_s8bBw,AI Camp AI meetup (Seattle) Building production-ready multi-agent systems,"Mar 10, 2026",2292,0
2024-08-10,57OjX_s8bBw,AI Camp AI meetup (Seattle) Building production-ready multi-agent systems,"Mar 10, 2026",2292,0
2024-08-11,57OjX_s8bBw,AI Camp AI meetup (Seattle) Building production-ready multi-agent systems,"Mar 10, 2026",2292,0
2024-08-12,57OjX_s8bBw,AI Camp AI meetup (Seattle) Building production-ready multi-agent systems,"Mar 10, 2026",2292,0
2024-08-13,57OjX_s8bBw,AI Camp AI meetup (Seattle) Building production-ready multi-agent systems,"Mar 10, 2026",2292,0
2024-08-14,57OjX_s8bBw,AI Camp AI meetup (Seattle) Building production-ready multi-agent systems,"Mar 10, 2026",2292,0
2024-08-15,57OjX_s8bBw,AI Camp AI meetup (Seattle) Building production-ready multi-agent systems,"Mar 10, 2026",2292,0
2024-08-16,57OjX_s8bBw,AI Camp AI meetup (Seattle) Building production-ready multi-agent systems,"Mar 10, 2026",2292,0
2024-08-17,57OjX_s8bBw,AI Camp AI meetup (Seattle) Building production-ready multi-agent systems,"Mar 10, 2026",2292,0
2024-08-18,57OjX_s8bBw,AI Camp AI meetup (Seattle) Building production-ready multi-agent systems,"Mar 10, 2026",2292,0
2024-08-19,57OjX_s8bBw,AI Camp AI meetup (Seattle) Building production-ready multi-agent systems,"Mar 10, 2026",2292,0
2024-08-20,57OjX_s8bBw,AI Camp AI meetup (Seattle) Building production-ready multi-agent systems,"Mar 10, 2026",2292,0
2024-08-21,57OjX_s8bBw,AI Camp AI meetup (Seattle) Building production-ready multi-agent systems,"Mar 10, 2026",2292,0
2024-08-22,57OjX_s8bBw,AI Camp AI meetup (Seattle) Building production-ready multi-agent systems,"Mar 10, 2026",2292,0
2024-08-23,57OjX_s8bBw,AI Camp AI meetup (Seattle) Building production-ready multi-agent systems,"Mar 10, 2026",2292,0
2024-08-24,57OjX_s8bBw,AI Camp AI meetup (Seattle) Building production-ready multi-agent systems,"Mar 10, 2026",2292,0
2024-08-25,57OjX_s8bBw,AI Camp AI meetup (Seattle) Building production-ready multi-agent systems,"Mar 10, 2026",2292,0
2024-08-26,57OjX_s8bBw,AI Camp AI meetup (Seattle) Building production-ready multi-agent systems,"Mar 10, 2026",2292,0
2024-08-27,57OjX_s8bBw,AI Camp AI meetup (Seattle) Building production-ready multi-agent systems,"Mar 10, 2026",2292,0
2024-08-28,57OjX_s8bBw,AI Camp AI meetup (Seattle) Building production-ready multi-agent systems,"Mar 10, 2026",2292,0
2024-08-29,57OjX_s8bBw,AI Camp AI meetup (Seattle) Building production-ready multi-agent systems,"Mar 10, 2026",2292,0
2024-08-30,57OjX_s8bBw,AI Camp AI meetup (Seattle) Building production-ready multi-agent systems,"Mar 10, 2026",2292,0
2024-08-31,57OjX_s8bBw,AI Camp AI meetup (Seattle) Building production-ready multi-agent systems,"Mar 10, 2026",2292,0
2024-09-01,57OjX_s8bBw,AI Camp AI meetup (Seattle) Building production-ready multi-agent systems,"Mar 10, 2026",2292,0
2024-09-02,57OjX_s8bBw,AI Camp AI meetup (Seattle) Building production-ready multi-agent systems,"Mar 10, 2026",2292,0
2024-09-03,57OjX_s8bBw,AI Camp AI meetup (Seattle) Building production-ready multi-agent systems,"Mar 10, 2026",2292,0
2024-09-04,57OjX_s8bBw,AI Camp AI meetup (Seattle) Building production-ready multi-agent systems,"Mar 10, 2026",2292,0
2024-09-05,57OjX_s8bBw,AI Camp AI meetup (Seattle) Building production-ready multi-agent systems,"Mar 10, 2026",2292,0
2024-09-06,57OjX_s8bBw,AI Camp AI meetup (Seattle) Building production-ready multi-agent systems,"Mar 10, 2026",2292,0
2024-09-07,57OjX_s8bBw,AI Camp AI meetup (Seattle) Building production-ready multi-agent systems,"Mar 10, 2026",2292,0
2024-09-08,57OjX_s8bBw,AI Camp AI meetup (Seattle) Building production-ready multi-agent systems,"Mar 10, 2026",2292,0
2024-09-09,57OjX_s8bBw,AI Camp AI meetup (Seattle) Building production-ready multi-agent systems,"Mar 10, 2026",2292,0
2024-09-10,57OjX_s8bBw,AI Camp AI meetup (Seattle) Building production-ready multi-agent systems,"Mar 10, 2026",2292,0
2024-09-11,57OjX_s8bBw,AI Camp AI meetup (Seattle) Building production-ready multi-agent systems,"Mar 10, 2026",2292,0
2024-09-12,57OjX_s8bBw,AI Camp AI meetup (Seattle) Building production-ready multi-agent systems,"Mar 10, 2026",2292,0
2024-09-13,57OjX_s8bBw,AI Camp AI meetup (Seattle) Building production-ready multi-agent systems,"Mar 10, 2026",2292,0
2024-09-14,57OjX_s8bBw,AI Camp AI meetup (Seattle) Building production-ready multi-agent systems,"Mar 10, 2026",2292,0
2024-09-15,57OjX_s8bBw,AI Camp AI meetup (Seattle) Building production-ready multi-agent systems,"Mar 10, 2026",2292,0
2024-09-16,57OjX_s8bBw,AI Camp AI meetup (Seattle) Building production-ready multi-agent systems,"Mar 10, 2026",2292,0
2024-09-17,57OjX_s8bBw,AI Camp AI meetup (Seattle) Building production-ready multi-agent systems,"Mar 10, 2026",2292,0
2024-09-18,57OjX_s8bBw,AI Camp AI meetup (Seattle) Building production-ready multi-agent systems,"Mar 10, 2026",2292,0
2024-09-19,57OjX_s8bBw,AI Camp AI meetup (Seattle) Building production-ready multi-agent systems,"Mar 10, 2026",2292,0
2024-09-20,57OjX_s8bBw,AI Camp AI meetup (Seattle) Building production-ready multi-agent systems,"Mar 10, 2026",2292,0
2024-09-21,57OjX_s8bBw,AI Camp AI meetup (Seattle) Building production-ready multi-agent systems,"Mar 10, 2026",2292,0
2024-09-22,57OjX_s8bBw,AI Camp AI meetup (Seattle) Building production-ready multi-agent systems,"Mar 10, 2026",2292,0
2024-09-23,57OjX_s8bBw,AI Camp AI meetup (Seattle) Building production-ready multi-agent systems,"Mar 10, 2026",2292,0
2024-09-24,57OjX_s8bBw,AI Camp AI meetup (Seattle) Building production-ready multi-agent systems,"Mar 10, 2026",2292,0
2024-09-25,57OjX_s8bBw,AI Camp AI meetup (Seattle) Building production-ready multi-agent systems,"Mar 10, 2026",2292,0
2024-09-26,57OjX_s8bBw,AI Camp AI meetup (Seattle) Building production-ready multi-agent systems,"Mar 10, 2026",2292,0
2024-09-27,57OjX_s8bBw,AI Camp AI meetup (Seattle) Building production-ready multi-agent systems,"Mar 10, 2026",2292,0
2024-09-28,57OjX_s8bBw,AI Camp AI meetup (Seattle) Building production-ready multi-agent systems,"Mar 10, 2026",2292,0
2024-09-29,57OjX_s8bBw,AI Camp AI meetup (Seattle) Building production-ready multi-agent systems,"Mar 10, 2026",2292,0
2024-09-30,57OjX_s8bBw,AI Camp AI meetup (Seattle) Building production-ready multi-agent systems,"Mar 10, 2026",2292,0
2024-10-01,57OjX_s8bBw,AI Camp AI meetup (Seattle) Building production-ready multi-agent systems,"Mar 10, 2026",2292,0
2024-10-02,57OjX_s8bBw,AI Camp AI meetup (Seattle) Building production-ready multi-agent systems,"Mar 10, 2026",2292,0
2024-10-03,57OjX_s8bBw,AI Camp AI meetup (Seattle) Building production-ready multi-agent systems,"Mar 10, 2026",2292,0
2024-10-04,57OjX_s8bBw,AI Camp AI meetup (Seattle) Building production-ready multi-agent systems,"Mar 10, 2026",2292,0
2024-10-05,57OjX_s8bBw,AI Camp AI meetup (Seattle) Building production-ready multi-agent systems,"Mar 10, 2026",2292,0
2024-10-06,57OjX_s8bBw,AI Camp AI meetup (Seattle) Building production-ready multi-agent systems,"Mar 10, 2026",2292,0
2024-10-07,57OjX_s8bBw,AI Camp AI meetup (Seattle) Building production-ready multi-agent systems,"Mar 10, 2026",2292,0
2024-10-08,57OjX_s8bBw,AI Camp AI meetup (Seattle) Building production-ready multi-agent systems,"Mar 10, 2026",2292,0
2024-10-09,57OjX_s8bBw,AI Camp AI meetup (Seattle) Building production-ready multi-agent systems,"Mar 10, 2026",2292,0
2024-10-10,57OjX_s8bBw,AI Camp AI meetup (Seattle) Building production-ready multi-agent systems,"Mar 10, 2026",2292,0
2024-10-11,57OjX_s8bBw,AI Camp AI meetup (Seattle) Building production-ready multi-agent systems,"Mar 10, 2026",2292,0
2024-10-12,57OjX_s8bBw,AI Camp AI meetup (Seattle) Building production-ready multi-agent systems,"Mar 10, 2026",2292,0
2024-10-13,57OjX_s8bBw,AI Camp AI meetup (Seattle) Building production-ready multi-agent systems,"Mar 10, 2026",2292,0
2024-10-14,57OjX_s8bBw,AI Camp AI meetup (Seattle) Building production-ready multi-agent systems,"Mar 10, 2026",2292,0
2024-10-15,57OjX_s8bBw,AI Camp AI meetup (Seattle) Building production-ready multi-agent systems,"Mar 10, 2026",2292,0
2024-10-16,57OjX_s8bBw,AI Camp AI meetup (Seattle) Building production-ready multi-agent systems,"Mar 10, 2026",2292,0
2024-10-17,57OjX_s8bBw,AI Camp AI meetup (Seattle) Building production-ready multi-agent systems,"Mar 10, 2026",2292,0
2024-10-18,57OjX_s8bBw,AI Camp AI meetup (Seattle) Building production-ready multi-agent systems,"Mar 10, 2026",2292,0
2024-10-19,57OjX_s8bBw,AI Camp AI meetup (Seattle) Building production-ready multi-agent systems,"Mar 10, 2026",2292,0
2024-10-20,57OjX_s8bBw,AI Camp AI meetup (Seattle) Building production-ready multi-agent systems,"Mar 10, 2026",2292,0
2024-10-21,57OjX_s8bBw,AI Camp AI meetup (Seattle) Building production-ready multi-agent systems,"Mar 10, 2026",2292,0
2024-10-22,57OjX_s8bBw,AI Camp AI meetup (Seattle) Building production-ready multi-agent systems,"Mar 10, 2026",2292,0
2024-10-23,57OjX_s8bBw,AI Camp AI meetup (Seattle) Building production-ready multi-agent systems,"Mar 10, 2026",2292,0
2024-10-24,57OjX_s8bBw,AI Camp AI meetup (Seattle) Building production-ready multi-agent systems,"Mar 10, 2026",2292,0
2024-10-25,57OjX_s8bBw,AI Camp AI meetup (Seattle) Building production-ready multi-agent systems,"Mar 10, 2026",2292,0
2024-10-26,57OjX_s8bBw,AI Camp AI meetup (Seattle) Building production-ready multi-agent systems,"Mar 10, 2026",2292,0
2024-10-27,57OjX_s8bBw,AI Camp AI meetup (Seattle) Building production-ready multi-agent systems,"Mar 10, 2026",2292,0
2024-10-28,57OjX_s8bBw,AI Camp AI meetup (Seattle) Building production-ready multi-agent systems,"Mar 10, 2026",2292,0
2024-10-29,57OjX_s8bBw,AI Camp AI meetup (Seattle) Building production-ready multi-agent systems,"Mar 10, 2026",2292,0
2024-10-30,57OjX_s8bBw,AI Camp AI meetup (Seattle) Building production-ready multi-agent systems,"Mar 10, 2026",2292,0
2024-10-31,57OjX_s8bBw,AI Camp AI meetup (Seattle) Building production-ready multi-agent systems,"Mar 10, 2026",2292,0
2024-11-01,57OjX_s8bBw,AI Camp AI meetup (Seattle) Building production-ready multi-agent systems,"Mar 10, 2026",2292,0
2024-11-02,57OjX_s8bBw,AI Camp AI meetup (Seattle) Building production-ready multi-agent systems,"Mar 10, 2026",2292,0
2024-11-03,57OjX_s8bBw,AI Camp AI meetup (Seattle) Building production-ready multi-agent systems,"Mar 10, 2026",2292,0
2024-11-04,57OjX_s8bBw,AI Camp AI meetup (Seattle) Building production-ready multi-agent systems,"Mar 10, 2026",2292,0
2024-11-05,57OjX_s8bBw,AI Camp AI meetup (Seattle) Building production-ready multi-agent systems,"Mar 10, 2026",2292,0
2024-11-06,57OjX_s8bBw,AI Camp AI meetup (Seattle) Building production-ready multi-agent systems,"Mar 10, 2026",2292,0
2024-11-07,57OjX_s8bBw,AI Camp AI meetup (Seattle) Building production-ready multi-agent systems,"Mar 10, 2026",2292,0
2024-11-08,57OjX_s8bBw,AI Camp AI meetup (Seattle) Building production-ready multi-agent systems,"Mar 10, 2026",2292,0
2024-11-09,57OjX_s8bBw,AI Camp AI meetup (Seattle) Building production-ready multi-agent systems,"Mar 10, 2026",2292,0
2024-11-10,57OjX_s8bBw,AI Camp AI meetup (Seattle) Building production-ready multi-agent systems,"Mar 10, 2026",2292,0
2024-11-11,57OjX_s8bBw,AI Camp AI meetup (Seattle) Building production-ready multi-agent systems,"Mar 10, 2026",2292,0
2024-11-12,57OjX_s8bBw,AI Camp AI meetup (Seattle) Building production-ready multi-agent systems,"Mar 10, 2026",2292,0
2024-11-13,57OjX_s8bBw,AI Camp AI meetup (Seattle) Building production-ready multi-agent systems,"Mar 10, 2026",2292,0
2024-11-14,57OjX_s8bBw,AI Camp AI meetup (Seattle) Building production-ready multi-agent systems,"Mar 10, 2026",2292,0
2024-11-15,57OjX_s8bBw,AI Camp AI meetup (Seattle) Building production-ready multi-agent systems,"Mar 10, 2026",2292,0
2024-11-16,57OjX_s8bBw,AI Camp AI meetup (Seattle) Building production-ready multi-agent systems,"Mar 10, 2026",2292,0
2024-11-17,57OjX_s8bBw,AI Camp AI meetup (Seattle) Building production-ready multi-agent systems,"Mar 10, 2026",2292,0
2024-11-18,57OjX_s8bBw,AI Camp AI meetup (Seattle) Building production-ready multi-agent systems,"Mar 10, 2026",2292,0
2024-11-19,57OjX_s8bBw,AI Camp AI meetup (Seattle) Building production-ready multi-agent systems,"Mar 10, 2026",2292,0
2024-11-20,57OjX_s8bBw,AI Camp AI meetup (Seattle) Building production-ready multi-agent systems,"Mar 10, 2026",2292,0
2024-11-21,57OjX_s8bBw,AI Camp AI meetup (Seattle) Building production-ready multi-agent systems,"Mar 10, 2026",2292,0
2024-11-22,57OjX_s8bBw,AI Camp AI meetup (Seattle) Building production-ready multi-agent systems,"Mar 10, 2026",2292,0
2024-11-23,57OjX_s8bBw,AI Camp AI meetup (Seattle) Building production-ready multi-agent systems,"Mar 10, 2026",2292,0
2024-11-24,57OjX_s8bBw,AI Camp AI meetup (Seattle) Building production-ready multi-agent systems,"Mar 10, 2026",2292,0
2024-11-25,57OjX_s8bBw,AI Camp AI meetup (Seattle) Building production-ready multi-agent systems,"Mar 10, 2026",2292,0
2024-11-26,57OjX_s8bBw,AI Camp AI meetup (Seattle) Building production-ready multi-agent systems,"Mar 10, 2026",2292,0
2024-11-27,57OjX_s8bBw,AI Camp AI meetup (Seattle) Building production-ready multi-agent systems,"Mar 10, 2026",2292,0
2024-11-28,57OjX_s8bBw,AI Camp AI meetup (Seattle) Building production-ready multi-agent systems,"Mar 10, 2026",2292,0
2024-11-29,57OjX_s8bBw,AI Camp AI meetup (Seattle) Building production-ready multi-agent systems,"Mar 10, 2026",2292,0
2024-11-30,57OjX_s8bBw,AI Camp AI meetup (Seattle) Building production-ready multi-agent systems,"Mar 10, 2026",2292,0
2024-12-01,57OjX_s8bBw,AI Camp AI meetup (Seattle) Building production-ready multi-agent systems,"Mar 10, 2026",2292,0
2024-12-02,57OjX_s8bBw,AI Camp AI meetup (Seattle) Building production-ready multi-agent systems,"Mar 10, 2026",2292,0
2024-12-03,57OjX_s8bBw,AI Camp AI meetup (Seattle) Building production-ready multi-agent systems,"Mar 10, 2026",2292,0
2024-12-04,57OjX_s8bBw,AI Camp AI meetup (Seattle) Building production-ready multi-agent systems,"Mar 10, 2026",2292,0
2024-12-05,57OjX_s8bBw,AI Camp AI meetup (Seattle) Building production-ready multi-agent systems,"Mar 10, 2026",2292,0
2024-12-06,57OjX_s8bBw,AI Camp AI meetup (Seattle) Building production-ready multi-agent systems,"Mar 10, 2026",2292,0
2024-12-07,57OjX_s8bBw,AI Camp AI meetup (Seattle) Building production-ready multi-agent systems,"Mar 10, 2026",2292,0
2024-12-08,57OjX_s8bBw,AI Camp AI meetup (Seattle) Building production-ready multi-agent systems,"Mar 10, 2026",2292,0
2024-12-09,57OjX_s8bBw,AI Camp AI meetup (Seattle) Building production-ready multi-agent systems,"Mar 10, 2026",2292,0
2024-12-10,57OjX_s8bBw,AI Camp AI meetup (Seattle) Building production-ready multi-agent systems,"Mar 10, 2026",2292,0
2024-12-11,57OjX_s8bBw,AI Camp AI meetup (Seattle) Building production-ready multi-agent systems,"Mar 10, 2026",2292,0
2024-12-12,57OjX_s8bBw,AI Camp AI meetup (Seattle) Building production-ready multi-agent systems,"Mar 10, 2026",2292,0
2024-12-13,57OjX_s8bBw,AI Camp AI meetup (Seattle) Building production-ready multi-agent systems,"Mar 10, 2026",2292,0
2024-12-14,57OjX_s8bBw,AI Camp AI meetup (Seattle) Building production-ready multi-agent systems,"Mar 10, 2026",2292,0
2024-12-15,57OjX_s8bBw,AI Camp AI meetup (Seattle) Building production-ready multi-agent systems,"Mar 10, 2026",2292,0
2024-12-16,57OjX_s8bBw,AI Camp AI meetup (Seattle) Building production-ready multi-agent systems,"Mar 10, 2026",2292,0
2024-12-17,57OjX_s8bBw,AI Camp AI meetup (Seattle) Building production-ready multi-agent systems,"Mar 10, 2026",2292,0
2024-12-18,57OjX_s8bBw,AI Camp AI meetup (Seattle) Building production-ready multi-agent systems,"Mar 10, 2026",2292,0
2024-12-19,57OjX_s8bBw,AI Camp AI meetup (Seattle) Building production-ready multi-agent systems,"Mar 10, 2026",2292,0
2024-12-20,57OjX_s8bBw,AI Camp AI meetup (Seattle) Building production-ready multi-agent systems,"Mar 10, 2026",2292,0
2024-12-21,57OjX_s8bBw,AI Camp AI meetup (Seattle) Building production-ready multi-agent systems,"Mar 10, 2026",2292,0
2024-12-22,57OjX_s8bBw,AI Camp AI meetup (Seattle) Building production-ready multi-agent systems,"Mar 10, 2026",2292,0
2024-12-23,57OjX_s8bBw,AI Camp AI meetup (Seattle) Building production-ready multi-agent systems,"Mar 10, 2026",2292,0
2024-12-24,57OjX_s8bBw,AI Camp AI meetup (Seattle) Building production-ready multi-agent systems,"Mar 10, 2026",2292,0
2024-12-25,57OjX_s8bBw,AI Camp AI meetup (Seattle) Building production-ready multi-agent systems,"Mar 10, 2026",2292,0
2024-12-26,57OjX_s8bBw,AI Camp AI meetup (Seattle) Building production-ready multi-agent systems,"Mar 10, 2026",2292,0
2024-12-27,57OjX_s8bBw,AI Camp AI meetup (Seattle) Building production-ready multi-agent systems,"Mar 10, 2026",2292,0
2024-12-28,57OjX_s8bBw,AI Camp AI meetup (Seattle) Building production-ready multi-agent systems,"Mar 10, 2026",2292,0
2024-12-29,57OjX_s8bBw,AI Camp AI meetup (Seattle) Building production-ready multi-agent systems,"Mar 10, 2026",2292,0
2024-12-30,57OjX_s8bBw,AI Camp AI meetup (Seattle) Building production-ready multi-agent systems,"Mar 10, 2026",2292,0
2024-12-31,57OjX_s8bBw,AI Camp AI meetup (Seattle) Building production-ready multi-agent systems,"Mar 10, 2026",2292,0
2025-01-01,57OjX_s8bBw,AI Camp AI meetup (Seattle) Building production-ready multi-agent systems,"Mar 10, 2026",2292,0
2025-01-02,57OjX_s8bBw,AI Camp AI meetup (Seattle) Building production-ready multi-agent systems,"Mar 10, 2026",2292,0
2025-01-03,57OjX_s8bBw,AI Camp AI meetup (Seattle) Building production-ready multi-agent systems,"Mar 10, 2026",2292,0
2025-01-04,57OjX_s8bBw,AI Camp AI meetup (Seattle) Building production-ready multi-agent systems,"Mar 10, 2026",2292,0
2025-01-05,57OjX_s8bBw,AI Camp AI meetup (Seattle) Building production-ready multi-agent systems,"Mar 10, 2026",2292,0
2025-01-06,57OjX_s8bBw,AI Camp AI meetup (Seattle) Building production-ready multi-agent systems,"Mar 10, 2026",2292,0
2025-01-07,57OjX_s8bBw,AI Camp AI meetup (Seattle) Building production-ready multi-agent systems,"Mar 10, 2026",2292,0
2025-01-08,57OjX_s8bBw,AI Camp AI meetup (Seattle) Building production-ready multi-agent systems,"Mar 10, 2026",2292,0
2025-01-09,57OjX_s8bBw,AI Camp AI meetup (Seattle) Building production-ready multi-agent systems,"Mar 10, 2026",2292,0
2025-01-10,57OjX_s8bBw,AI Camp AI meetup (Seattle) Building production-ready multi-agent systems,"Mar 10, 2026",2292,0
2025-01-11,57OjX_s8bBw,AI Camp AI meetup (Seattle) Building production-ready multi-agent systems,"Mar 10, 2026",2292,0
2025-01-12,57OjX_s8bBw,AI Camp AI meetup (Seattle) Building production-ready multi-agent systems,"Mar 10, 2026",2292,0
2025-01-13,57OjX_s8bBw,AI Camp AI meetup (Seattle) Building production-ready multi-agent systems,"Mar 10, 2026",2292,0
2025-01-14,57OjX_s8bBw,AI Camp AI meetup (Seattle) Building production-ready multi-agent systems,"Mar 10, 2026",2292,0
2025-01-15,57OjX_s8bBw,AI Camp AI meetup (Seattle) Building production-ready multi-agent systems,"Mar 10, 2026",2292,0
2025-01-16,57OjX_s8bBw,AI Camp AI meetup (Seattle) Building production-ready multi-agent systems,"Mar 10, 2026",2292,0
2025-01-17,57OjX_s8bBw,AI Camp AI meetup (Seattle) Building production-ready multi-agent systems,"Mar 10, 2026",2292,0
2025-01-18,57OjX_s8bBw,AI Camp AI meetup (Seattle) Building production-ready multi-agent systems,"Mar 10, 2026",2292,0
2025-01-19,57OjX_s8bBw,AI Camp AI meetup (Seattle) Building production-ready multi-agent systems,"Mar 10, 2026",2292,0
2025-01-20,57OjX_s8bBw,AI Camp AI meetup (Seattle) Building production-ready multi-agent systems,"Mar 10, 2026",2292,0
2025-01-21,57OjX_s8bBw,AI Camp AI meetup (Seattle) Building production-ready multi-agent systems,"Mar 10, 2026",2292,0
2025-01-22,57OjX_s8bBw,AI Camp AI meetup (Seattle) Building production-ready multi-agent systems,"Mar 10, 2026",2292,0
2025-01-23,57OjX_s8bBw,AI Camp AI meetup (Seattle) Building production-ready multi-agent systems,"Mar 10, 2026",2292,0
2025-01-24,57OjX_s8bBw,AI Camp AI meetup (Seattle) Building production-ready multi-agent systems,"Mar 10, 2026",2292,0
2025-01-25,57OjX_s8bBw,AI Camp AI meetup (Seattle) Building production-ready multi-agent systems,"Mar 10, 2026",2292,0
2025-01-26,57OjX_s8bBw,AI Camp AI meetup (Seattle) Building production-ready multi-agent systems,"Mar 10, 2026",2292,0
2025-01-27,57OjX_s8bBw,AI Camp AI meetup (Seattle) Building production-ready multi-agent systems,"Mar 10, 2026",2292,0
2025-01-28,57OjX_s8bBw,AI Camp AI meetup (Seattle) Building production-ready multi-agent systems,"Mar 10, 2026",2292,0
2025-01-29,57OjX_s8bBw,AI Camp AI meetup (Seattle) Building production-ready multi-agent systems,"Mar 10, 2026",2292,0
2025-01-30,57OjX_s8bBw,AI Camp AI meetup (Seattle) Building production-ready multi-agent systems,"Mar 10, 2026",2292,0
2025-01-31,57OjX_s8bBw,AI Camp AI meetup (Seattle) Building production-ready multi-agent systems,"Mar 10, 2026",2292,0
2025-02-01,57OjX_s8bBw,AI Camp AI meetup (Seattle) Building production-ready multi-agent systems,"Mar 10, 2026",2292,0
2025-02-02,57OjX_s8bBw,AI Camp AI meetup (Seattle) Building production-ready multi-agent systems,"Mar 10, 2026",2292,0
2025-02-03,57OjX_s8bBw,AI Camp AI meetup (Seattle) Building production-ready multi-agent systems,"Mar 10, 2026",2292,0
2025-02-04,57OjX_s8bBw,AI Camp AI meetup (Seattle) Building production-ready multi-agent systems,"Mar 10, 2026",2292,0
2025-02-05,57OjX_s8bBw,AI Camp AI meetup (Seattle) Building production-ready multi-agent systems,"Mar 10, 2026",2292,0
2025-02-06,57OjX_s8bBw,AI Camp AI meetup (Seattle) Building production-ready multi-agent systems,"Mar 10, 2026",2292,0
2025-02-07,57OjX_s8bBw,AI Camp AI meetup (Seattle) Building production-ready multi-agent systems,"Mar 10, 2026",2292,0
2025-02-08,57OjX_s8bBw,AI Camp AI meetup (Seattle) Building production-ready multi-agent systems,"Mar 10, 2026",2292,0
2025-02-09,57OjX_s8bBw,AI Camp AI meetup (Seattle) Building production-ready multi-agent systems,"Mar 10, 2026",2292,0
2025-02-10,57OjX_s8bBw,AI Camp AI meetup (Seattle) Building production-ready multi-agent systems,"Mar 10, 2026",2292,0
2025-02-11,57OjX_s8bBw,AI Camp AI meetup (Seattle) Building production-ready multi-agent systems,"Mar 10, 2026",2292,0
2025-02-12,57OjX_s8bBw,AI Camp AI meetup (Seattle) Building production-ready multi-agent systems,"Mar 10, 2026",2292,0
2025-02-13,57OjX_s8bBw,AI Camp AI meetup (Seattle) Building production-ready multi-agent systems,"Mar 10, 2026",2292,0
2025-02-14,57OjX_s8bBw,AI Camp AI meetup (Seattle) Building production-ready multi-agent systems,"Mar 10, 2026",2292,0
2025-02-15,57OjX_s8bBw,AI Camp AI meetup (Seattle) Building production-ready multi-agent systems,"Mar 10, 2026",2292,0
2025-02-16,57OjX_s8bBw,AI Camp AI meetup (Seattle) Building production-ready multi-agent systems,"Mar 10, 2026",2292,0
2025-02-17,57OjX_s8bBw,AI Camp AI meetup (Seattle) Building production-ready multi-agent systems,"Mar 10, 2026",2292,0
2025-02-18,57OjX_s8bBw,AI Camp AI meetup (Seattle) Building production-ready multi-agent systems,"Mar 10, 2026",2292,0
2025-02-19,57OjX_s8bBw,AI Camp AI meetup (Seattle) Building production-ready multi-agent systems,"Mar 10, 2026",2292,0
2025-02-20,57OjX_s8bBw,AI Camp AI meetup (Seattle) Building production-ready multi-agent systems,"Mar 10, 2026",2292,0
2025-02-21,57OjX_s8bBw,AI Camp AI meetup (Seattle) Building production-ready multi-agent systems,"Mar 10, 2026",2292,0
2025-02-22,57OjX_s8bBw,AI Camp AI meetup (Seattle) Building production-ready multi-agent systems,"Mar 10, 2026",2292,0
2025-02-23,57OjX_s8bBw,AI Camp AI meetup (Seattle) Building production-ready multi-agent systems,"Mar 10, 2026",2292,0
2025-02-24,57OjX_s8bBw,AI Camp AI meetup (Seattle) Building production-ready multi-agent systems,"Mar 10, 2026",2292,0
2025-02-25,57OjX_s8bBw,AI Camp AI meetup (Seattle) Building production-ready multi-agent systems,"Mar 10, 2026",2292,0
2025-02-26,57OjX_s8bBw,AI Camp AI meetup (Seattle) Building production-ready multi-agent systems,"Mar 10, 2026",2292,0
2025-02-27,57OjX_s8bBw,AI Camp AI meetup (Seattle) Building production-ready multi-agent systems,"Mar 10, 2026",2292,0
2025-02-28,57OjX_s8bBw,AI Camp AI meetup (Seattle) Building production-ready multi-agent systems,"Mar 10, 2026",2292,0
2025-03-01,57OjX_s8bBw,AI Camp AI meetup (Seattle) Building production-ready multi-agent systems,"Mar 10, 2026",2292,0
2025-03-02,57OjX_s8bBw,AI Camp AI meetup (Seattle) Building production-ready multi-agent systems,"Mar 10, 2026",2292,0
2025-03-03,57OjX_s8bBw,AI Camp AI meetup (Seattle) Building production-ready multi-agent systems,"Mar 10, 2026",2292,0
2025-03-04,57OjX_s8bBw,AI Camp AI meetup (Seattle) Building production-ready multi-agent systems,"Mar 10, 2026",2292,0
2025-03-05,57OjX_s8bBw,AI Camp AI meetup (Seattle) Building production-ready multi-agent systems,"Mar 10, 2026",2292,0
2025-03-06,57OjX_s8bBw,AI Camp AI meetup (Seattle) Building production-ready multi-agent systems,"Mar 10, 2026",2292,0
2025-03-07,57OjX_s8bBw,AI Camp AI meetup (Seattle) Building production-ready multi-agent systems,"Mar 10, 2026",2292,0
2025-03-08,57OjX_s8bBw,AI Camp AI meetup (Seattle) Building production-ready multi-agent systems,"Mar 10, 2026",2292,0
2025-03-09,57OjX_s8bBw,AI Camp AI meetup (Seattle) Building production-ready multi-agent systems,"Mar 10, 2026",2292,0
2025-03-10,57OjX_s8bBw,AI Camp AI meetup (Seattle) Building production-ready multi-agent systems,"Mar 10, 2026",2292,0
2025-03-11,57OjX_s8bBw,AI Camp AI meetup (Seattle) Building production-ready multi-agent systems,"Mar 10, 2026",2292,0
2025-03-12,57OjX_s8bBw,AI Camp AI meetup (Seattle) Building production-ready multi-agent systems,"Mar 10, 2026",2292,0
2025-03-13,57OjX_s8bBw,AI Camp AI meetup (Seattle) Building production-ready multi-agent systems,"Mar 10, 2026",2292,0
2025-03-14,57OjX_s8bBw,AI Camp AI meetup (Seattle) Building production-ready multi-agent systems,"Mar 10, 2026",2292,0
2025-03-15,57OjX_s8bBw,AI Camp AI meetup (Seattle) Building production-ready multi-agent systems,"Mar 10, 2026",2292,0
2025-03-16,57OjX_s8bBw,AI Camp AI meetup (Seattle) Building production-ready multi-agent systems,"Mar 10, 2026",2292,0
2025-03-17,57OjX_s8bBw,AI Camp AI meetup (Seattle) Building production-ready multi-agent systems,"Mar 10, 2026",2292,0
2025-03-18,57OjX_s8bBw,AI Camp AI meetup (Seattle) Building production-ready multi-agent systems,"Mar 10, 2026",2292,0
2025-03-19,57OjX_s8bBw,AI Camp AI meetup (Seattle) Building production-ready multi-agent systems,"Mar 10, 2026",2292,0
2025-03-20,57OjX_s8bBw,AI Camp AI meetup (Seattle) Building production-ready multi-agent systems,"Mar 10, 2026",2292,0
2025-03-21,57OjX_s8bBw,AI Camp AI meetup (Seattle) Building production-ready multi-agent systems,"Mar 10, 2026",2292,0
2025-03-22,57OjX_s8bBw,AI Camp AI meetup (Seattle) Building production-ready multi-agent systems,"Mar 10, 2026",2292,0
2025-03-23,57OjX_s8bBw,AI Camp AI meetup (Seattle) Building production-ready multi-agent systems,"Mar 10, 2026",2292,0
2025-03-24,57OjX_s8bBw,AI Camp AI meetup (Seattle) Building production-ready multi-agent systems,"Mar 10, 2026",2292,0
2025-03-25,57OjX_s8bBw,AI Camp AI meetup (Seattle) Building production-ready multi-agent systems,"Mar 10, 2026",2292,0
2025-03-26,57OjX_s8bBw,AI Camp AI meetup (Seattle) Building production-ready multi-agent systems,"Mar 10, 2026",2292,0
2025-03-27,57OjX_s8bBw,AI Camp AI meetup (Seattle) Building production-ready multi-agent systems,"Mar 10, 2026",2292,0
2025-03-28,57OjX_s8bBw,AI Camp AI meetup (Seattle) Building production-ready multi-agent systems,"Mar 10, 2026",2292,0
2025-03-29,57OjX_s8bBw,AI Camp AI meetup (Seattle) Building production-ready multi-agent systems,"Mar 10, 2026",2292,0
2025-03-30,57OjX_s8bBw,AI Camp AI meetup (Seattle) Building production-ready multi-agent systems,"Mar 10, 2026",2292,0
2025-03-31,57OjX_s8bBw,AI Camp AI meetup (Seattle) Building production-ready multi-agent systems,"Mar 10, 2026",2292,0
2025-04-01,57OjX_s8bBw,AI Camp AI meetup (Seattle) Building production-ready multi-agent systems,"Mar 10, 2026",2292,0
2025-04-02,57OjX_s8bBw,AI Camp AI meetup (Seattle) Building production-ready multi-agent systems,"Mar 10, 2026",2292,0
2025-04-03,57OjX_s8bBw,AI Camp AI meetup (Seattle) Building production-ready multi-agent systems,"Mar 10, 2026",2292,0
2025-04-04,57OjX_s8bBw,AI Camp AI meetup (Seattle) Building production-ready multi-agent systems,"Mar 10, 2026",2292,0
2025-04-05,57OjX_s8bBw,AI Camp AI meetup (Seattle) Building production-ready multi-agent systems,"Mar 10, 2026",2292,0
2025-04-06,57OjX_s8bBw,AI Camp AI meetup (Seattle) Building production-ready multi-agent systems,"Mar 10, 2026",2292,0
2025-04-07,57OjX_s8bBw,AI Camp AI meetup (Seattle) Building production-ready multi-agent systems,"Mar 10, 2026",2292,0
2025-04-08,57OjX_s8bBw,AI Camp AI meetup (Seattle) Building production-ready multi-agent systems,"Mar 10, 2026",2292,0
2025-04-09,57OjX_s8bBw,AI Camp AI meetup (Seattle) Building production-ready multi-agent systems,"Mar 10, 2026",2292,0
2025-04-10,57OjX_s8bBw,AI Camp AI meetup (Seattle) Building production-ready multi-agent systems,"Mar 10, 2026",2292,0
2025-04-11,57OjX_s8bBw,AI Camp AI meetup (Seattle) Building production-ready multi-agent systems,"Mar 10, 2026",2292,0
2025-04-12,57OjX_s8bBw,AI Camp AI meetup (Seattle) Building production-ready multi-agent systems,"Mar 10, 2026",2292,0
2025-04-13,57OjX_s8bBw,AI Camp AI meetup (Seattle) Building production-ready multi-agent systems,"Mar 10, 2026",2292,0
2025-04-14,57OjX_s8bBw,AI Camp AI meetup (Seattle) Building production-ready multi-agent systems,"Mar 10, 2026",2292,0
2025-04-15,57OjX_s8bBw,AI Camp AI meetup (Seattle) Building production-ready multi-agent systems,"Mar 10, 2026",2292,0
2025-04-16,57OjX_s8bBw,AI Camp AI meetup (Seattle) Building production-ready multi-agent systems,"Mar 10, 2026",2292,0
2025-04-17,57OjX_s8bBw,AI Camp AI meetup (Seattle) Building production-ready multi-agent systems,"Mar 10, 2026",2292,0
2025-04-18,57OjX_s8bBw,AI Camp AI meetup (Seattle) Building production-ready multi-agent systems,"Mar 10, 2026",2292,0
2025-04-19,57OjX_s8bBw,AI Camp AI meetup (Seattle) Building production-ready multi-agent systems,"Mar 10, 2026",2292,0
2025-04-20,57OjX_s8bBw,AI Camp AI meetup (Seattle) Building production-ready multi-agent systems,"Mar 10, 2026",2292,0
2025-04-21,57OjX_s8bBw,AI Camp AI meetup (Seattle) Building production-ready multi-agent systems,"Mar 10, 2026",2292,0
2025-04-22,57OjX_s8bBw,AI Camp AI meetup (Seattle) Building production-ready multi-agent systems,"Mar 10, 2026",2292,0
2025-04-23,57OjX_s8bBw,AI Camp AI meetup (Seattle) Building production-ready multi-agent systems,"Mar 10, 2026",2292,0
2025-04-24,57OjX_s8bBw,AI Camp AI meetup (Seattle) Building production-ready multi-agent systems,"Mar 10, 2026",2292,0
2025-04-25,57OjX_s8bBw,AI Camp AI meetup (Seattle) Building production-ready multi-agent systems,"Mar 10, 2026",2292,0
2025-04-26,57OjX_s8bBw,AI Camp AI meetup (Seattle) Building production-ready multi-agent systems,"Mar 10, 2026",2292,0
2025-04-27,57OjX_s8bBw,AI Camp AI meetup (Seattle) Building production-ready multi-agent systems,"Mar 10, 2026",2292,0
2025-04-28,57OjX_s8bBw,AI Camp AI meetup (Seattle) Building production-ready multi-agent systems,"Mar 10, 2026",2292,0
2025-04-29,57OjX_s8bBw,AI Camp AI meetup (Seattle) Building production-ready multi-agent systems,"Mar 10, 2026",2292,0
2025-04-30,57OjX_s8bBw,AI Camp AI meetup (Seattle) Building production-ready multi-agent systems,"Mar 10, 2026",2292,0
2025-05-01,57OjX_s8bBw,AI Camp AI meetup (Seattle) Building production-ready multi-agent systems,"Mar 10, 2026",2292,0
2025-05-02,57OjX_s8bBw,AI Camp AI meetup (Seattle) Building production-ready multi-agent systems,"Mar 10, 2026",2292,0
2025-05-03,57OjX_s8bBw,AI Camp AI meetup (Seattle) Building production-ready multi-agent systems,"Mar 10, 2026",2292,0
2025-05-04,57OjX_s8bBw,AI Camp AI meetup (Seattle) Building production-ready multi-agent systems,"Mar 10, 2026",2292,0
2025-05-05,57OjX_s8bBw,AI Camp AI meetup (Seattle) Building production-ready multi-agent systems,"Mar 10, 2026",2292,0
2025-05-06,57OjX_s8bBw,AI Camp AI meetup (Seattle) Building production-ready multi-agent systems,"Mar 10, 2026",2292,0
2025-05-07,57OjX_s8bBw,AI Camp AI meetup (Seattle) Building production-ready multi-agent systems,"Mar 10, 2026",2292,0
2025-05-08,57OjX_s8bBw,AI Camp AI meetup (Seattle) Building production-ready multi-agent systems,"Mar 10, 2026",2292,0
2025-05-09,57OjX_s8bBw,AI Camp AI meetup (Seattle) Building production-ready multi-agent systems,"Mar 10, 2026",2292,0
2025-05-10,57OjX_s8bBw,AI Camp AI meetup (Seattle) Building production-ready multi-agent systems,"Mar 10, 2026",2292,0
2025-05-11,57OjX_s8bBw,AI Camp AI meetup (Seattle) Building production-ready multi-agent systems,"Mar 10, 2026",2292,0
2025-05-12,57OjX_s8bBw,AI Camp AI meetup (Seattle) Building production-ready multi-agent systems,"Mar 10, 2026",2292,0
2025-05-13,57OjX_s8bBw,AI Camp AI meetup (Seattle) Building production-ready multi-agent systems,"Mar 10, 2026",2292,0
2025-05-14,57OjX_s8bBw,AI Camp AI meetup (Seattle) Building production-ready multi-agent systems,"Mar 10, 2026",2292,0
2025-05-15,57OjX_s8bBw,AI Camp AI meetup (Seattle) Building production-ready multi-agent systems,"Mar 10, 2026",2292,0
2025-05-16,57OjX_s8bBw,AI Camp AI meetup (Seattle) Building production-ready multi-agent systems,"Mar 10, 2026",2292,0
2025-05-17,57OjX_s8bBw,AI Camp AI meetup (Seattle) Building production-ready multi-agent systems,"Mar 10, 2026",2292,0
2025-05-18,57OjX_s8bBw,AI Camp AI meetup (Seattle) Building production-ready multi-agent systems,"Mar 10, 2026",2292,0
2025-05-19,57OjX_s8bBw,AI Camp AI meetup (Seattle) Building production-ready multi-agent systems,"Mar 10, 2026",2292,0
2025-05-20,57OjX_s8bBw,AI Camp AI meetup (Seattle) Building production-ready multi-agent systems,"Mar 10, 2026",2292,0
2025-05-21,57OjX_s8bBw,AI Camp AI meetup (Seattle) Building production-ready multi-agent systems,"Mar 10, 2026",2292,0
2025-05-22,57OjX_s8bBw,AI Camp AI meetup (Seattle) Building production-ready multi-agent systems,"Mar 10, 2026",2292,0
2025-05-23,57OjX_s8bBw,AI Camp AI meetup (Seattle) Building production-ready multi-agent systems,"Mar 10, 2026",2292,0
2025-05-24,57OjX_s8bBw,AI Camp AI meetup (Seattle) Building production-ready multi-agent systems,"Mar 10, 2026",2292,0
2025-05-25,57OjX_s8bBw,AI Camp AI meetup (Seattle) Building production-ready multi-agent systems,"Mar 10, 2026",2292,0
2025-05-26,57OjX_s8bBw,AI Camp AI meetup (Seattle) Building production-ready multi-agent systems,"Mar 10, 2026",2292,0
2025-05-27,57OjX_s8bBw,AI Camp AI meetup (Seattle) Building production-ready multi-agent systems,"Mar 10, 2026",2292,0
2025-05-28,57OjX_s8bBw,AI Camp AI meetup (Seattle) Building production-ready multi-agent systems,"Mar 10, 2026",2292,0
2025-05-29,57OjX_s8bBw,AI Camp AI meetup (Seattle) Building production-ready multi-agent systems,"Mar 10, 2026",2292,0
2025-05-30,57OjX_s8bBw,AI Camp AI meetup (Seattle) Building production-ready multi-agent systems,"Mar 10, 2026",2292,0
2025-05-31,57OjX_s8bBw,AI Camp AI meetup (Seattle) Building production-ready multi-agent systems,"Mar 10, 2026",2292,0
2025-06-01,57OjX_s8bBw,AI Camp AI meetup (Seattle) Building production-ready multi-agent systems,"Mar 10, 2026",2292,0
2025-06-02,57OjX_s8bBw,AI Camp AI meetup (Seattle) Building production-ready multi-agent systems,"Mar 10, 2026",2292,0
2025-06-03,57OjX_s8bBw,AI Camp AI meetup (Seattle) Building production-ready multi-agent systems,"Mar 10, 2026",2292,0
2025-06-04,57OjX_s8bBw,AI Camp AI meetup (Seattle) Building production-ready multi-agent systems,"Mar 10, 2026",2292,0
2025-06-05,57OjX_s8bBw,AI Camp AI meetup (Seattle) Building production-ready multi-agent systems,"Mar 10, 2026",2292,0
2025-06-06,57OjX_s8bBw,AI Camp AI meetup (Seattle) Building production-ready multi-agent systems,"Mar 10, 2026",2292,0
2025-06-07,57OjX_s8bBw,AI Camp AI meetup (Seattle) Building production-ready multi-agent systems,"Mar 10, 2026",2292,0
2025-06-08,57OjX_s8bBw,AI Camp AI meetup (Seattle) Building production-ready multi-agent systems,"Mar 10, 2026",2292,0
2025-06-09,57OjX_s8bBw,AI Camp AI meetup (Seattle) Building production-ready multi-agent systems,"Mar 10, 2026",2292,0
2025-06-10,57OjX_s8bBw,AI Camp AI meetup (Seattle) Building production-ready multi-agent systems,"Mar 10, 2026",2292,0
2025-06-11,57OjX_s8bBw,AI Camp AI meetup (Seattle) Building production-ready multi-agent systems,"Mar 10, 2026",2292,0
2025-06-12,57OjX_s8bBw,AI Camp AI meetup (Seattle) Building production-ready multi-agent systems,"Mar 10, 2026",2292,0
2025-06-13,57OjX_s8bBw,AI Camp AI meetup (Seattle) Building production-ready multi-agent systems,"Mar 10, 2026",2292,0
2025-06-14,57OjX_s8bBw,AI Camp AI meetup (Seattle) Building production-ready multi-agent systems,"Mar 10, 2026",2292,0
2025-06-15,57OjX_s8bBw,AI Camp AI meetup (Seattle) Building production-ready multi-agent systems,"Mar 10, 2026",2292,0
2025-06-16,57OjX_s8bBw,AI Camp AI meetup (Seattle) Building production-ready multi-agent systems,"Mar 10, 2026",2292,0
2025-06-17,57OjX_s8bBw,AI Camp AI meetup (Seattle) Building production-ready multi-agent systems,"Mar 10, 2026",2292,0
2025-06-18,57OjX_s8bBw,AI Camp AI meetup (Seattle) Building production-ready multi-agent systems,"Mar 10, 2026",2292,0
2025-06-19,57OjX_s8bBw,AI Camp AI meetup (Seattle) Building production-ready multi-agent systems,"Mar 10, 2026",2292,0
2025-06-20,57OjX_s8bBw,AI Camp AI meetup (Seattle) Building production-ready multi-agent systems,"Mar 10, 2026",2292,0
2025-06-21,57OjX_s8bBw,AI Camp AI meetup (Seattle) Building production-ready multi-agent systems,"Mar 10, 2026",2292,0
2025-06-22,57OjX_s8bBw,AI Camp AI meetup (Seattle) Building production-ready multi-agent systems,"Mar 10, 2026",2292,0
2025-06-23,57OjX_s8bBw,AI Camp AI meetup (Seattle) Building production-ready multi-agent systems,"Mar 10, 2026",2292,0
2025-06-24,57OjX_s8bBw,AI Camp AI meetup (Seattle) Building production-ready multi-agent systems,"Mar 10, 2026",2292,0
2025-06-25,57OjX_s8bBw,AI Camp AI meetup (Seattle) Building production-ready multi-agent systems,"Mar 10, 2026",2292,0
2025-06-26,57OjX_s8bBw,AI Camp AI meetup (Seattle) Building production-ready multi-agent systems,"Mar 10, 2026",2292,0
2025-06-27,57OjX_s8bBw,AI Camp AI meetup (Seattle) Building production-ready multi-agent systems,"Mar 10, 2026",2292,0
2025-06-28,57OjX_s8bBw,AI Camp AI meetup (Seattle) Building production-ready multi-agent systems,"Mar 10, 2026",2292,0
2025-06-29,57OjX_s8bBw,AI Camp AI meetup (Seattle) Building production-ready multi-agent systems,"Mar 10, 2026",2292,0
2025-06-30,57OjX_s8bBw,AI Camp AI meetup (Seattle) Building production-ready multi-agent systems,"Mar 10, 2026",2292,0
2025-07-01,57OjX_s8bBw,AI Camp AI meetup (Seattle) Building production-ready multi-agent systems,"Mar 10, 2026",2292,0
2025-07-02,57OjX_s8bBw,AI Camp AI meetup (Seattle) Building production-ready multi-agent systems,"Mar 10, 2026",2292,0
2025-07-03,57OjX_s8bBw,AI Camp AI meetup (Seattle) Building production-ready multi-agent systems,"Mar 10, 2026",2292,0
2025-07-04,57OjX_s8bBw,AI Camp AI meetup (Seattle) Building production-ready multi-agent systems,"Mar 10, 2026",2292,0
2025-07-05,57OjX_s8bBw,AI Camp AI meetup (Seattle) Building production-ready multi-agent systems,"Mar 10, 2026",2292,0
2025-07-06,57OjX_s8bBw,AI Camp AI meetup (Seattle) Building production-ready multi-agent systems,"Mar 10, 2026",2292,0
2025-07-07,57OjX_s8bBw,AI Camp AI meetup (Seattle) Building production-ready multi-agent systems,"Mar 10, 2026",2292,0
2025-07-08,57OjX_s8bBw,AI Camp AI meetup (Seattle) Building production-ready multi-agent systems,"Mar 10, 2026",2292,0
2025-07-09,57OjX_s8bBw,AI Camp AI meetup (Seattle) Building production-ready multi-agent systems,"Mar 10, 2026",2292,0
2025-07-10,57OjX_s8bBw,AI Camp AI meetup (Seattle) Building production-ready multi-agent systems,"Mar 10, 2026",2292,0
2025-07-11,57OjX_s8bBw,AI Camp AI meetup (Seattle) Building production-ready multi-agent systems,"Mar 10, 2026",2292,0
2025-07-12,57OjX_s8bBw,AI Camp AI meetup (Seattle) Building production-ready multi-agent systems,"Mar 10, 2026",2292,0.92
2025-07-13,57OjX_s8bBw,AI Camp AI meetup (Seattle) Building production-ready multi-agent systems,"Mar 10, 2026",2292,0
2025-07-14,57OjX_s8bBw,AI Camp AI meetup (Seattle) Building production-ready multi-agent systems,"Mar 10, 2026",2292,0
2025-07-15,57OjX_s8bBw,AI Camp AI meetup (Seattle) Building production-ready multi-agent systems,"Mar 10, 2026",2292,0
2025-07-16,57OjX_s8bBw,AI Camp AI meetup (Seattle) Building production-ready multi-agent systems,"Mar 10, 2026",2292,0
2025-07-17,57OjX_s8bBw,AI Camp AI meetup (Seattle) Building production-ready multi-agent systems,"Mar 10, 2026",2292,0
2025-07-18,57OjX_s8bBw,AI Camp AI meetup (Seattle) Building production-ready multi-agent systems,"Mar 10, 2026",2292,0
2025-07-19,57OjX_s8bBw,AI Camp AI meetup (Seattle) Building production-ready multi-agent systems,"Mar 10, 2026",2292,0
2025-07-20,57OjX_s8bBw,AI Camp AI meetup (Seattle) Building production-ready multi-agent systems,"Mar 10, 2026",2292,0
2025-07-21,57OjX_s8bBw,AI Camp AI meetup (Seattle) Building production-ready multi-agent systems,"Mar 10, 2026",2292,0
2025-07-22,57OjX_s8bBw,AI Camp AI meetup (Seattle) Building production-ready multi-agent systems,"Mar 10, 2026",2292,0
2025-07-23,57OjX_s8bBw,AI Camp AI meetup (Seattle) Building production-ready multi-agent systems,"Mar 10, 2026",2292,0
2025-07-24,57OjX_s8bBw,AI Camp AI meetup (Seattle) Building production-ready multi-agent systems,"Mar 10, 2026",2292,0
2025-07-25,57OjX_s8bBw,AI Camp AI meetup (Seattle) Building production-ready multi-agent systems,"Mar 10, 2026",2292,0
2025-07-26,57OjX_s8bBw,AI Camp AI meetup (Seattle) Building production-ready multi-agent systems,"Mar 10, 2026",2292,0
2025-07-27,57OjX_s8bBw,AI Camp AI meetup (Seattle) Building production-ready multi-agent systems,"Mar 10, 2026",2292,0
2025-07-28,57OjX_s8bBw,AI Camp AI meetup (Seattle) Building production-ready multi-agent systems,"Mar 10, 2026",2292,0
2025-07-29,57OjX_s8bBw,AI Camp AI meetup (Seattle) Building production-ready multi-agent systems,"Mar 10, 2026",2292,0
2025-07-30,57OjX_s8bBw,AI Camp AI meetup (Seattle) Building production-ready multi-agent systems,"Mar 10, 2026",2292,0
2025-07-31,57OjX_s8bBw,AI Camp AI meetup (Seattle) Building production-ready multi-agent systems,"Mar 10, 2026",2292,0
2025-08-01,57OjX_s8bBw,AI Camp AI meetup (Seattle) Building production-ready multi-agent systems,"Mar 10, 2026",2292,0
2025-08-02,57OjX_s8bBw,AI Camp AI meetup (Seattle) Building production-ready multi-agent systems,"Mar 10, 2026",2292,0
2025-08-03,57OjX_s8bBw,AI Camp AI meetup (Seattle) Building production-ready multi-agent systems,"Mar 10, 2026",2292,0
2025-08-04,57OjX_s8bBw,AI Camp AI meetup (Seattle) Building production-ready multi-agent systems,"Mar 10, 2026",2292,0
2025-08-05,57OjX_s8bBw,AI Camp AI meetup (Seattle) Building production-ready multi-agent systems,"Mar 10, 2026",2292,0
2025-08-06,57OjX_s8bBw,AI Camp AI meetup (Seattle) Building production-ready multi-agent systems,"Mar 10, 2026",2292,0
2025-08-07,57OjX_s8bBw,AI Camp AI meetup (Seattle) Building production-ready multi-agent systems,"Mar 10, 2026",2292,0
2025-08-08,57OjX_s8bBw,AI Camp AI meetup (Seattle) Building production-ready multi-agent systems,"Mar 10, 2026",2292,0
2025-08-09,57OjX_s8bBw,AI Camp AI meetup (Seattle) Building production-ready multi-agent systems,"Mar 10, 2026",2292,0
2025-08-10,57OjX_s8bBw,AI Camp AI meetup (Seattle) Building production-ready multi-agent systems,"Mar 10, 2026",2292,0
2025-08-11,57OjX_s8bBw,AI Camp AI meetup (Seattle) Building production-ready multi-agent systems,"Mar 10, 2026",2292,0
2025-08-12,57OjX_s8bBw,AI Camp AI meetup (Seattle) Building production-ready multi-agent systems,"Mar 10, 2026",2292,0.914
2025-08-13,57OjX_s8bBw,AI Camp AI meetup (Seattle) Building production-ready multi-agent systems,"Mar 10, 2026",2292,0
2025-08-14,57OjX_s8bBw,AI Camp AI meetup (Seattle) Building production-ready multi-agent systems,"Mar 10, 2026",2292,0
2025-08-15,57OjX_s8bBw,AI Camp AI meetup (Seattle) Building production-ready multi-agent systems,"Mar 10, 2026",2292,0
2025-08-16,57OjX_s8bBw,AI Camp AI meetup (Seattle) Building production-ready multi-agent systems,"Mar 10, 2026",2292,0
2025-08-17,57OjX_s8bBw,AI Camp AI meetup (Seattle) Building production-ready multi-agent systems,"Mar 10, 2026",2292,0
2025-08-18,57OjX_s8bBw,AI Camp AI meetup (Seattle) Building production-ready multi-agent systems,"Mar 10, 2026",2292,0
2025-08-19,57OjX_s8bBw,AI Camp AI meetup (Seattle) Building production-ready multi-agent systems,"Mar 10, 2026",2292,0
2025-08-20,57OjX_s8bBw,AI Camp AI meetup (Seattle) Building production-ready multi-agent systems,"Mar 10, 2026",2292,0
2025-08-21,57OjX_s8bBw,AI Camp AI meetup (Seattle) Building production-ready multi-agent systems,"Mar 10, 2026",2292,0
2025-08-22,57OjX_s8bBw,AI Camp AI meetup (Seattle) Building production-ready multi-agent systems,"Mar 10, 2026",2292,0
2025-08-23,57OjX_s8bBw,AI Camp AI meetup (Seattle) Building production-ready multi-agent systems,"Mar 10, 2026",2292,0
2025-08-24,57OjX_s8bBw,AI Camp AI meetup (Seattle) Building production-ready multi-agent systems,"Mar 10, 2026",2292,0
2025-08-25,57OjX_s8bBw,AI Camp AI meetup (Seattle) Building production-ready multi-agent systems,"Mar 10, 2026",2292,0
2025-08-26,57OjX_s8bBw,AI Camp AI meetup (Seattle) Building production-ready multi-agent systems,"Mar 10, 2026",2292,0
2025-08-27,57OjX_s8bBw,AI Camp AI meetup (Seattle) Building production-ready multi-agent systems,"Mar 10, 2026",2292,0
2025-08-28,57OjX_s8bBw,AI Camp AI meetup (Seattle) Building production-ready multi-agent systems,"Mar 10, 2026",2292,0
2025-08-29,57OjX_s8bBw,AI Camp AI meetup (Seattle) Building production-ready multi-agent systems,"Mar 10, 2026",2292,0
2025-08-30,57OjX_s8bBw,AI Camp AI meetup (Seattle) Building production-ready multi-agent systems,"Mar 10, 2026",2292,0
2025-08-31,57OjX_s8bBw,AI Camp AI meetup (Seattle) Building production-ready multi-agent systems,"Mar 10, 2026",2292,0
2025-09-01,57OjX_s8bBw,AI Camp AI meetup (Seattle) Building production-ready multi-agent systems,"Mar 10, 2026",2292,0
2025-09-02,57OjX_s8bBw,AI Camp AI meetup (Seattle) Building production-ready multi-agent systems,"Mar 10, 2026",2292,0
2025-09-03,57OjX_s8bBw,AI Camp AI meetup (Seattle) Building production-ready multi-agent systems,"Mar 10, 2026",2292,0
2025-09-04,57OjX_s8bBw,AI Camp AI meetup (Seattle) Building production-ready multi-agent systems,"Mar 10, 2026",2292,0
2025-09-05,57OjX_s8bBw,AI Camp AI meetup (Seattle) Building production-ready multi-agent systems,"Mar 10, 2026",2292,0
2025-09-06,57OjX_s8bBw,AI Camp AI meetup (Seattle) Building production-ready multi-agent systems,"Mar 10, 2026",2292,0
2025-09-07,57OjX_s8bBw,AI Camp AI meetup (Seattle) Building production-ready multi-agent systems,"Mar 10, 2026",2292,0
2025-09-08,57OjX_s8bBw,AI Camp AI meetup (Seattle) Building production-ready multi-agent systems,"Mar 10, 2026",2292,0
2025-09-09,57OjX_s8bBw,AI Camp AI meetup (Seattle) Building production-ready multi-agent systems,"Mar 10, 2026",2292,0
2025-09-10,57OjX_s8bBw,AI Camp AI meetup (Seattle) Building production-ready multi-agent systems,"Mar 10, 2026",2292,0
2025-09-11,57OjX_s8bBw,AI Camp AI meetup (Seattle) Building production-ready multi-agent systems,"Mar 10, 2026",2292,0
2025-09-12,57OjX_s8bBw,AI Camp AI meetup (Seattle) Building production-ready multi-agent systems,"Mar 10, 2026",2292,0.91
2025-09-13,57OjX_s8bBw,AI Camp AI meetup (Seattle) Building production-ready multi-agent systems,"Mar 10, 2026",2292,0
2025-09-14,57OjX_s8bBw,AI Camp AI meetup (Seattle) Building production-ready multi-agent systems,"Mar 10, 2026",2292,0
2025-09-15,57OjX_s8bBw,AI Camp AI meetup (Seattle) Building production-ready multi-agent systems,"Mar 10, 2026",2292,0
2025-09-16,57OjX_s8bBw,AI Camp AI meetup (Seattle) Building production-ready multi-agent systems,"Mar 10, 2026",2292,0
2025-09-17,57OjX_s8bBw,AI Camp AI meetup (Seattle) Building production-ready multi-agent systems,"Mar 10, 2026",2292,0
2025-09-18,57OjX_s8bBw,AI Camp AI meetup (Seattle) Building production-ready multi-agent systems,"Mar 10, 2026",2292,0
2025-09-19,57OjX_s8bBw,AI Camp AI meetup (Seattle) Building production-ready multi-agent systems,"Mar 10, 2026",2292,0
2025-09-20,57OjX_s8bBw,AI Camp AI meetup (Seattle) Building production-ready multi-agent systems,"Mar 10, 2026",2292,0
2025-09-21,57OjX_s8bBw,AI Camp AI meetup (Seattle) Building production-ready multi-agent systems,"Mar 10, 2026",2292,0
2025-09-22,57OjX_s8bBw,AI Camp AI meetup (Seattle) Building production-ready multi-agent systems,"Mar 10, 2026",2292,0
2025-09-23,57OjX_s8bBw,AI Camp AI meetup (Seattle) Building production-ready multi-agent systems,"Mar 10, 2026",2292,0
2025-09-24,57OjX_s8bBw,AI Camp AI meetup (Seattle) Building production-ready multi-agent systems,"Mar 10, 2026",2292,0
2025-09-25,57OjX_s8bBw,AI Camp AI meetup (Seattle) Building production-ready multi-agent systems,"Mar 10, 2026",2292,0
2025-09-26,57OjX_s8bBw,AI Camp AI meetup (Seattle) Building production-ready multi-agent systems,"Mar 10, 2026",2292,0
2025-09-27,57OjX_s8bBw,AI Camp AI meetup (Seattle) Building production-ready multi-agent systems,"Mar 10, 2026",2292,0
2025-09-28,57OjX_s8bBw,AI Camp AI meetup (Seattle) Building production-ready multi-agent systems,"Mar 10, 2026",2292,0
2025-09-29,57OjX_s8bBw,AI Camp AI meetup (Seattle) Building production-ready multi-agent systems,"Mar 10, 2026",2292,0
2025-09-30,57OjX_s8bBw,AI Camp AI meetup (Seattle) Building production-ready multi-agent systems,"Mar 10, 2026",2292,0
2025-10-01,57OjX_s8bBw,AI Camp AI meetup (Seattle) Building production-ready multi-agent systems,"Mar 10, 2026",2292,0
2025-10-02,57OjX_s8bBw,AI Camp AI meetup (Seattle) Building production-ready multi-agent systems,"Mar 10, 2026",2292,0
2025-10-03,57OjX_s8bBw,AI Camp AI meetup (Seattle) Building production-ready multi-agent systems,"Mar 10, 2026",2292,0
2025-10-04,57OjX_s8bBw,AI Camp AI meetup (Seattle) Building production-ready multi-agent systems,"Mar 10, 2026",2292,0
2025-10-05,57OjX_s8bBw,AI Camp AI meetup (Seattle) Building production-ready multi-agent systems,"Mar 10, 2026",2292,0
2025-10-06,57OjX_s8bBw,AI Camp AI meetup (Seattle) Building production-ready multi-agent systems,"Mar 10, 2026",2292,0
2025-10-07,57OjX_s8bBw,AI Camp AI meetup (Seattle) Building production-ready multi-agent systems,"Mar 10, 2026",2292,0
2025-10-08,57OjX_s8bBw,AI Camp AI meetup (Seattle) Building production-ready multi-agent systems,"Mar 10, 2026",2292,0
2025-10-09,57OjX_s8bBw,AI Camp AI meetup (Seattle) Building production-ready multi-agent systems,"Mar 10, 2026",2292,0
2025-10-10,57OjX_s8bBw,AI Camp AI meetup (Seattle) Building production-ready multi-agent systems,"Mar 10, 2026",2292,0
2025-10-11,57OjX_s8bBw,AI Camp AI meetup (Seattle) Building production-ready multi-agent systems,"Mar 10, 2026",2292,0
2025-10-12,57OjX_s8bBw,AI Camp AI meetup (Seattle) Building production-ready multi-agent systems,"Mar 10, 2026",2292,0.887
2025-10-13,57OjX_s8bBw,AI Camp AI meetup (Seattle) Building production-ready multi-agent systems,"Mar 10, 2026",2292,0
2025-10-14,57OjX_s8bBw,AI Camp AI meetup (Seattle) Building production-ready multi-agent systems,"Mar 10, 2026",2292,0
2025-10-15,57OjX_s8bBw,AI Camp AI meetup (Seattle) Building production-ready multi-agent systems,"Mar 10, 2026",2292,0
2025-10-16,57OjX_s8bBw,AI Camp AI meetup (Seattle) Building production-ready multi-agent systems,"Mar 10, 2026",2292,0
2025-10-17,57OjX_s8bBw,AI Camp AI meetup (Seattle) Building production-ready multi-agent systems,"Mar 10, 2026",2292,0
2025-10-18,57OjX_s8bBw,AI Camp AI meetup (Seattle) Building production-ready multi-agent systems,"Mar 10, 2026",2292,0
2025-10-19,57OjX_s8bBw,AI Camp AI meetup (Seattle) Building production-ready multi-agent systems,"Mar 10, 2026",2292,0
2025-10-20,57OjX_s8bBw,AI Camp AI meetup (Seattle) Building production-ready multi-agent systems,"Mar 10, 2026",2292,0
2025-10-21,57OjX_s8bBw,AI Camp AI meetup (Seattle) Building production-ready multi-agent systems,"Mar 10, 2026",2292,0
2025-10-22,57OjX_s8bBw,AI Camp AI meetup (Seattle) Building production-ready multi-agent systems,"Mar 10, 2026",2292,0
2025-10-23,57OjX_s8bBw,AI Camp AI meetup (Seattle) Building production-ready multi-agent systems,"Mar 10, 2026",2292,0
2025-10-24,57OjX_s8bBw,AI Camp AI meetup (Seattle) Building production-ready multi-agent systems,"Mar 10, 2026",2292,0
2025-10-25,57OjX_s8bBw,AI Camp AI meetup (Seattle) Building production-ready multi-agent systems,"Mar 10, 2026",2292,0
2025-10-26,57OjX_s8bBw,AI Camp AI meetup (Seattle) Building production-ready multi-agent systems,"Mar 10, 2026",2292,0
2025-10-27,57OjX_s8bBw,AI Camp AI meetup (Seattle) Building production-ready multi-agent systems,"Mar 10, 2026",2292,0
2025-10-28,57OjX_s8bBw,AI Camp AI meetup (Seattle) Building production-ready multi-agent systems,"Mar 10, 2026",2292,0
2025-10-29,57OjX_s8bBw,AI Camp AI meetup (Seattle) Building production-ready multi-agent systems,"Mar 10, 2026",2292,0
2025-10-30,57OjX_s8bBw,AI Camp AI meetup (Seattle) Building production-ready multi-agent systems,"Mar 10, 2026",2292,0
2025-10-31,57OjX_s8bBw,AI Camp AI meetup (Seattle) Building production-ready multi-agent systems,"Mar 10, 2026",2292,0
2025-11-01,57OjX_s8bBw,AI Camp AI meetup (Seattle) Building production-ready multi-agent systems,"Mar 10, 2026",2292,0
2025-11-02,57OjX_s8bBw,AI Camp AI meetup (Seattle) Building production-ready multi-agent systems,"Mar 10, 2026",2292,0
2025-11-03,57OjX_s8bBw,AI Camp AI meetup (Seattle) Building production-ready multi-agent systems,"Mar 10, 2026",2292,0
2025-11-04,57OjX_s8bBw,AI Camp AI meetup (Seattle) Building production-ready multi-agent systems,"Mar 10, 2026",2292,0
2025-11-05,57OjX_s8bBw,AI Camp AI meetup (Seattle) Building production-ready multi-agent systems,"Mar 10, 2026",2292,0
2025-11-06,57OjX_s8bBw,AI Camp AI meetup (Seattle) Building production-ready multi-agent systems,"Mar 10, 2026",2292,0
2025-11-07,57OjX_s8bBw,AI Camp AI meetup (Seattle) Building production-ready multi-agent systems,"Mar 10, 2026",2292,0
2025-11-08,57OjX_s8bBw,AI Camp AI meetup (Seattle) Building production-ready multi-agent systems,"Mar 10, 2026",2292,0
2025-11-09,57OjX_s8bBw,AI Camp AI meetup (Seattle) Building production-ready multi-agent systems,"Mar 10, 2026",2292,0
2025-11-10,57OjX_s8bBw,AI Camp AI meetup (Seattle) Building production-ready multi-agent systems,"Mar 10, 2026",2292,0
2025-11-11,57OjX_s8bBw,AI Camp AI meetup (Seattle) Building production-ready multi-agent systems,"Mar 10, 2026",2292,0
2025-11-12,57OjX_s8bBw,AI Camp AI meetup (Seattle) Building production-ready multi-agent systems,"Mar 10, 2026",2292,0.863
2025-11-13,57OjX_s8bBw,AI Camp AI meetup (Seattle) Building production-ready multi-agent systems,"Mar 10, 2026",2292,0
2025-11-14,57OjX_s8bBw,AI Camp AI meetup (Seattle) Building production-ready multi-agent systems,"Mar 10, 2026",2292,0
2025-11-15,57OjX_s8bBw,AI Camp AI meetup (Seattle) Building production-ready multi-agent systems,"Mar 10, 2026",2292,0
2025-11-16,57OjX_s8bBw,AI Camp AI meetup (Seattle) Building production-ready multi-agent systems,"Mar 10, 2026",2292,0
2025-11-17,57OjX_s8bBw,AI Camp AI meetup (Seattle) Building production-ready multi-agent systems,"Mar 10, 2026",2292,0
2025-11-18,57OjX_s8bBw,AI Camp AI meetup (Seattle) Building production-ready multi-agent systems,"Mar 10, 2026",2292,0
2025-11-19,57OjX_s8bBw,AI Camp AI meetup (Seattle) Building production-ready multi-agent systems,"Mar 10, 2026",2292,0
2025-11-20,57OjX_s8bBw,AI Camp AI meetup (Seattle) Building production-ready multi-agent systems,"Mar 10, 2026",2292,0
2025-11-21,57OjX_s8bBw,AI Camp AI meetup (Seattle) Building production-ready multi-agent systems,"Mar 10, 2026",2292,0
2025-11-22,57OjX_s8bBw,AI Camp AI meetup (Seattle) Building production-ready multi-agent systems,"Mar 10, 2026",2292,0
2025-11-23,57OjX_s8bBw,AI Camp AI meetup (Seattle) Building production-ready multi-agent systems,"Mar 10, 2026",2292,0
2025-11-24,57OjX_s8bBw,AI Camp AI meetup (Seattle) Building production-ready multi-agent systems,"Mar 10, 2026",2292,0
2025-11-25,57OjX_s8bBw,AI Camp AI meetup (Seattle) Building production-ready multi-agent systems,"Mar 10, 2026",2292,0
2025-11-26,57OjX_s8bBw,AI Camp AI meetup (Seattle) Building production-ready multi-agent systems,"Mar 10, 2026",2292,0
2025-11-27,57OjX_s8bBw,AI Camp AI meetup (Seattle) Building production-ready multi-agent systems,"Mar 10, 2026",2292,0
2025-11-28,57OjX_s8bBw,AI Camp AI meetup (Seattle) Building production-ready multi-agent systems,"Mar 10, 2026",2292,0
2025-11-29,57OjX_s8bBw,AI Camp AI meetup (Seattle) Building production-ready multi-agent systems,"Mar 10, 2026",2292,0
2025-11-30,57OjX_s8bBw,AI Camp AI meetup (Seattle) Building production-ready multi-agent systems,"Mar 10, 2026",2292,0
2025-12-01,57OjX_s8bBw,AI Camp AI meetup (Seattle) Building production-ready multi-agent systems,"Mar 10, 2026",2292,0
2025-12-02,57OjX_s8bBw,AI Camp AI meetup (Seattle) Building production-ready multi-agent systems,"Mar 10, 2026",2292,0
2025-12-03,57OjX_s8bBw,AI Camp AI meetup (Seattle) Building production-ready multi-agent systems,"Mar 10, 2026",2292,0
2025-12-04,57OjX_s8bBw,AI Camp AI meetup (Seattle) Building production-ready multi-agent systems,"Mar 10, 2026",2292,0
2025-12-05,57OjX_s8bBw,AI Camp AI meetup (Seattle) Building production-ready multi-agent systems,"Mar 10, 2026",2292,0
2025-12-06,57OjX_s8bBw,AI Camp AI meetup (Seattle) Building production-ready multi-agent systems,"Mar 10, 2026",2292,0
2025-12-07,57OjX_s8bBw,AI Camp AI meetup (Seattle) Building production-ready multi-agent systems,"Mar 10, 2026",2292,0
2025-12-08,57OjX_s8bBw,AI Camp AI meetup (Seattle) Building production-ready multi-agent systems,"Mar 10, 2026",2292,0
2025-12-09,57OjX_s8bBw,AI Camp AI meetup (Seattle) Building production-ready multi-agent systems,"Mar 10, 2026",2292,0
2025-12-10,57OjX_s8bBw,AI Camp AI meetup (Seattle) Building production-ready multi-agent systems,"Mar 10, 2026",2292,0
2025-12-11,57OjX_s8bBw,AI Camp AI meetup (Seattle) Building production-ready multi-agent systems,"Mar 10, 2026",2292,0
2025-12-12,57OjX_s8bBw,AI Camp AI meetup (Seattle) Building production-ready multi-agent systems,"Mar 10, 2026",2292,0.856
2025-12-13,57OjX_s8bBw,AI Camp AI meetup (Seattle) Building production-ready multi-agent systems,"Mar 10, 2026",2292,0
2025-12-14,57OjX_s8bBw,AI Camp AI meetup (Seattle) Building production-ready multi-agent systems,"Mar 10, 2026",2292,0
2025-12-15,57OjX_s8bBw,AI Camp AI meetup (Seattle) Building production-ready multi-agent systems,"Mar 10, 2026",2292,0
2025-12-16,57OjX_s8bBw,AI Camp AI meetup (Seattle) Building production-ready multi-agent systems,"Mar 10, 2026",2292,0
2025-12-17,57OjX_s8bBw,AI Camp AI meetup (Seattle) Building production-ready multi-agent systems,"Mar 10, 2026",2292,0
2025-12-18,57OjX_s8bBw,AI Camp AI meetup (Seattle) Building production-ready multi-agent systems,"Mar 10, 2026",2292,0
2025-12-19,57OjX_s8bBw,AI Camp AI meetup (Seattle) Building production-ready multi-agent systems,"Mar 10, 2026",2292,0
2025-12-20,57OjX_s8bBw,AI Camp AI meetup (Seattle) Building production-ready multi-agent systems,"Mar 10, 2026",2292,0
2025-12-21,57OjX_s8bBw,AI Camp AI meetup (Seattle) Building production-ready multi-agent systems,"Mar 10, 2026",2292,0
2025-12-22,57OjX_s8bBw,AI Camp AI meetup (Seattle) Building production-ready multi-agent systems,"Mar 10, 2026",2292,0
2025-12-23,57OjX_s8bBw,AI Camp AI meetup (Seattle) Building production-ready multi-agent systems,"Mar 10, 2026",2292,0
2025-12-24,57OjX_s8bBw,AI Camp AI meetup (Seattle) Building production-ready multi-agent systems,"Mar 10, 2026",2292,0
2025-12-25,57OjX_s8bBw,AI Camp AI meetup (Seattle) Building production-ready multi-agent systems,"Mar 10, 2026",2292,0
2025-12-26,57OjX_s8bBw,AI Camp AI meetup (Seattle) Building production-ready multi-agent systems,"Mar 10, 2026",2292,0
2025-12-27,57OjX_s8bBw,AI Camp AI meetup (Seattle) Building production-ready multi-agent systems,"Mar 10, 2026",2292,0
2025-12-28,57OjX_s8bBw,AI Camp AI meetup (Seattle) Building production-ready multi-agent systems,"Mar 10, 2026",2292,0
2025-12-29,57OjX_s8bBw,AI Camp AI meetup (Seattle) Building production-ready multi-agent systems,"Mar 10, 2026",2292,0
2025-12-30,57OjX_s8bBw,AI Camp AI meetup (Seattle) Building production-ready multi-agent systems,"Mar 10, 2026",2292,0
2025-12-31,57OjX_s8bBw,AI Camp AI meetup (Seattle) Building production-ready multi-agent systems,"Mar 10, 2026",2292,0
2026-01-01,57OjX_s8bBw,AI Camp AI meetup (Seattle) Building production-ready multi-agent systems,"Mar 10, 2026",2292,0
2026-01-02,57OjX_s8bBw,AI Camp AI meetup (Seattle) Building production-ready multi-agent systems,"Mar 10, 2026",2292,0
2026-01-03,57OjX_s8bBw,AI Camp AI meetup (Seattle) Building production-ready multi-agent systems,"Mar 10, 2026",2292,0
2026-01-04,57OjX_s8bBw,AI Camp AI meetup (Seattle) Building production-ready multi-agent systems,"Mar 10, 2026",2292,0
2026-01-05,57OjX_s8bBw,AI Camp AI meetup (Seattle) Building production-ready multi-agent systems,"Mar 10, 2026",2292,0
2026-01-06,57OjX_s8bBw,AI Camp AI meetup (Seattle) Building production-ready multi-agent systems,"Mar 10, 2026",2292,0
2026-01-07,57OjX_s8bBw,AI Camp AI meetup (Seattle) Building production-ready multi-agent systems,"Mar 10, 2026",2292,0
2026-01-08,57OjX_s8bBw,AI Camp AI meetup (Seattle) Building production-ready multi-agent systems,"Mar 10, 2026",2292,0
2026-01-09,57OjX_s8bBw,AI Camp AI meetup (Seattle) Building production-ready multi-agent systems,"Mar 10, 2026",2292,0
2026-01-10,57OjX_s8bBw,AI Camp AI meetup (Seattle) Building production-ready multi-agent systems,"Mar 10, 2026",2292,0
2026-01-11,57OjX_s8bBw,AI Camp AI meetup (Seattle) Building production-ready multi-agent systems,"Mar 10, 2026",2292,0
2026-01-12,57OjX_s8bBw,AI Camp AI meetup (Seattle) Building production-ready multi-agent systems,"Mar 10, 2026",2292,0.862
2026-01-13,57OjX_s8bBw,AI Camp AI meetup (Seattle) Building production-ready multi-agent systems,"Mar 10, 2026",2292,0
2026-01-14,57OjX_s8bBw,AI Camp AI meetup (Seattle) Building production-ready multi-agent systems,"Mar 10, 2026",2292,0
2026-01-15,57OjX_s8bBw,AI Camp AI meetup (Seattle) Building production-ready multi-agent systems,"Mar 10, 2026",2292,0
2026-01-16,57OjX_s8bBw,AI Camp AI meetup (Seattle) Building production-ready multi-agent systems,"Mar 10, 2026",2292,0
2026-01-17,57OjX_s8bBw,AI Camp AI meetup (Seattle) Building production-ready multi-agent systems,"Mar 10, 2026",2292,0
2026-01-18,57OjX_s8bBw,AI Camp AI meetup (Seattle) Building production-ready multi-agent systems,"Mar 10, 2026",2292,0
2026-01-19,57OjX_s8bBw,AI Camp AI meetup (Seattle) Building production-ready multi-agent systems,"Mar 10, 2026",2292,0
2026-01-20,57OjX_s8bBw,AI Camp AI meetup (Seattle) Building production-ready multi-agent systems,"Mar 10, 2026",2292,0
2026-01-21,57OjX_s8bBw,AI Camp AI meetup (Seattle) Building production-ready multi-agent systems,"Mar 10, 2026",2292,0
2026-01-22,57OjX_s8bBw,AI Camp AI meetup (Seattle) Building production-ready multi-agent systems,"Mar 10, 2026",2292,0
2026-01-23,57OjX_s8bBw,AI Camp AI meetup (Seattle) Building production-ready multi-agent systems,"Mar 10, 2026",2292,0
2026-01-24,57OjX_s8bBw,AI Camp AI meetup (Seattle) Building production-ready multi-agent systems,"Mar 10, 2026",2292,0
2026-01-25,57OjX_s8bBw,AI Camp AI meetup (Seattle) Building production-ready multi-agent systems,"Mar 10, 2026",2292,0
2026-01-26,57OjX_s8bBw,AI Camp AI meetup (Seattle) Building production-ready multi-agent systems,"Mar 10, 2026",2292,0
2026-01-27,57OjX_s8bBw,AI Camp AI meetup (Seattle) Building production-ready multi-agent systems,"Mar 10, 2026",2292,0
2026-01-28,57OjX_s8bBw,AI Camp AI meetup (Seattle) Building production-ready multi-agent systems,"Mar 10, 2026",2292,0
2026-01-29,57OjX_s8bBw,AI Camp AI meetup (Seattle) Building production-ready multi-agent systems,"Mar 10, 2026",2292,0
2026-01-30,57OjX_s8bBw,AI Camp AI meetup (Seattle) Building production-ready multi-agent systems,"Mar 10, 2026",2292,0
2026-01-31,57OjX_s8bBw,AI Camp AI meetup (Seattle) Building production-ready multi-agent systems,"Mar 10, 2026",2292,0
2026-02-01,57OjX_s8bBw,AI Camp AI meetup (Seattle) Building production-ready multi-agent systems,"Mar 10, 2026",2292,0
2026-02-02,57OjX_s8bBw,AI Camp AI meetup (Seattle) Building production-ready multi-agent systems,"Mar 10, 2026",2292,0
2026-02-03,57OjX_s8bBw,AI Camp AI meetup (Seattle) Building production-ready multi-agent systems,"Mar 10, 2026",2292,0
2026-02-04,57OjX_s8bBw,AI Camp AI meetup (Seattle) Building production-ready multi-agent systems,"Mar 10, 2026",2292,0
2026-02-05,57OjX_s8bBw,AI Camp AI meetup (Seattle) Building production-ready multi-agent systems,"Mar 10, 2026",2292,0
2026-02-06,57OjX_s8bBw,AI Camp AI meetup (Seattle) Building production-ready multi-agent systems,"Mar 10, 2026",2292,0
2026-02-07,57OjX_s8bBw,AI Camp AI meetup (Seattle) Building production-ready multi-agent systems,"Mar 10, 2026",2292,0
2026-02-08,57OjX_s8bBw,AI Camp AI meetup (Seattle) Building production-ready multi-agent systems,"Mar 10, 2026",2292,0
2026-02-09,57OjX_s8bBw,AI Camp AI meetup (Seattle) Building production-ready multi-agent systems,"Mar 10, 2026",2292,0
2026-02-10,57OjX_s8bBw,AI Camp AI meetup (Seattle) Building production-ready multi-agent systems,"Mar 10, 2026",2292,0
2026-02-11,57OjX_s8bBw,AI Camp AI meetup (Seattle) Building production-ready multi-agent systems,"Mar 10, 2026",2292,0
2026-02-12,57OjX_s8bBw,AI Camp AI meetup (Seattle) Building production-ready multi-agent systems,"Mar 10, 2026",2292,0.879
2026-02-13,57OjX_s8bBw,AI Camp AI meetup (Seattle) Building production-ready multi-agent systems,"Mar 10, 2026",2292,0
2026-02-14,57OjX_s8bBw,AI Camp AI meetup (Seattle) Building production-ready multi-agent systems,"Mar 10, 2026",2292,0
2026-02-15,57OjX_s8bBw,AI Camp AI meetup (Seattle) Building production-ready multi-agent systems,"Mar 10, 2026",2292,0
2026-02-16,57OjX_s8bBw,AI Camp AI meetup (Seattle) Building production-ready multi-agent systems,"Mar 10, 2026",2292,0
2026-02-17,57OjX_s8bBw,AI Camp AI meetup (Seattle) Building production-ready multi-agent systems,"Mar 10, 2026",2292,0
2026-02-18,57OjX_s8bBw,AI Camp AI meetup (Seattle) Building production-ready multi-agent systems,"Mar 10, 2026",2292,0
2026-02-19,57OjX_s8bBw,AI Camp AI meetup (Seattle) Building production-ready multi-agent systems,"Mar 10, 2026",2292,0
2026-02-20,57OjX_s8bBw,AI Camp AI meetup (Seattle) Building production-ready multi-agent systems,"Mar 10, 2026",2292,0
2026-02-21,57OjX_s8bBw,AI Camp AI meetup (Seattle) Building production-ready multi-agent systems,"Mar 10, 2026",2292,0
2026-02-22,57OjX_s8bBw,AI Camp AI meetup (Seattle) Building production-ready multi-agent systems,"Mar 10, 2026",2292,0
2026-02-23,57OjX_s8bBw,AI Camp AI meetup (Seattle) Building production-ready multi-agent systems,"Mar 10, 2026",2292,0
2026-02-24,57OjX_s8bBw,AI Camp AI meetup (Seattle) Building production-ready multi-agent systems,"Mar 10, 2026",2292,0
2026-02-25,57OjX_s8bBw,AI Camp AI meetup (Seattle) Building production-ready multi-agent systems,"Mar 10, 2026",2292,0
2026-02-26,57OjX_s8bBw,AI Camp AI meetup (Seattle) Building production-ready multi-agent systems,"Mar 10, 2026",2292,0
2026-02-27,57OjX_s8bBw,AI Camp AI meetup (Seattle) Building production-ready multi-agent systems,"Mar 10, 2026",2292,0
2026-02-28,57OjX_s8bBw,AI Camp AI meetup (Seattle) Building production-ready multi-agent systems,"Mar 10, 2026",2292,0
2026-03-01,57OjX_s8bBw,AI Camp AI meetup (Seattle) Building production-ready multi-agent systems,"Mar 10, 2026",2292,0
2026-03-02,57OjX_s8bBw,AI Camp AI meetup (Seattle) Building production-ready multi-agent systems,"Mar 10, 2026",2292,0
2026-03-03,57OjX_s8bBw,AI Camp AI meetup (Seattle) Building production-ready multi-agent systems,"Mar 10, 2026",2292,0
2026-03-04,57OjX_s8bBw,AI Camp AI meetup (Seattle) Building production-ready multi-agent systems,"Mar 10, 2026",2292,0
2026-03-05,57OjX_s8bBw,AI Camp AI meetup (Seattle) Building production-ready multi-agent systems,"Mar 10, 2026",2292,0
2026-03-06,57OjX_s8bBw,AI Camp AI meetup (Seattle) Building production-ready multi-agent systems,"Mar 10, 2026",2292,0
2026-03-07,57OjX_s8bBw,AI Camp AI meetup (Seattle) Building production-ready multi-agent systems,"Mar 10, 2026",2292,0
2026-03-08,57OjX_s8bBw,AI Camp AI meetup (Seattle) Building production-ready multi-agent systems,"Mar 10, 2026",2292,0
2026-03-09,57OjX_s8bBw,AI Camp AI meetup (Seattle) Building production-ready multi-agent systems,"Mar 10, 2026",2292,0
2026-03-10,57OjX_s8bBw,AI Camp AI meetup (Seattle) Building production-ready multi-agent systems,"Mar 10, 2026",2292,0.059
2026-03-11,57OjX_s8bBw,AI Camp AI meetup (Seattle) Building production-ready multi-agent systems,"Mar 10, 2026",2292,0
2026-03-12,57OjX_s8bBw,AI Camp AI meetup (Seattle) Building production-ready multi-agent systems,"Mar 10, 2026",2292,0.874
2026-03-13,57OjX_s8bBw,AI Camp AI meetup (Seattle) Building production-ready multi-agent systems,"Mar 10, 2026",2292,0
2026-03-14,57OjX_s8bBw,AI Camp AI meetup (Seattle) Building production-ready multi-agent systems,"Mar 10, 2026",2292,0
2026-03-15,57OjX_s8bBw,AI Camp AI meetup (Seattle) Building production-ready multi-agent systems,"Mar 10, 2026",2292,0.02
2026-03-16,57OjX_s8bBw,AI Camp AI meetup (Seattle) Building production-ready multi-agent systems,"Mar 10, 2026",2292,0.003
2026-03-17,57OjX_s8bBw,AI Camp AI meetup (Seattle) Building production-ready multi-agent systems,"Mar 10, 2026",2292,0.08
2026-03-18,57OjX_s8bBw,AI Camp AI meetup (Seattle) Building production-ready multi-agent systems,"Mar 10, 2026",2292,0
2026-03-19,57OjX_s8bBw,AI Camp AI meetup (Seattle) Building production-ready multi-agent systems,"Mar 10, 2026",2292,0
2026-03-20,57OjX_s8bBw,AI Camp AI meetup (Seattle) Building production-ready multi-agent systems,"Mar 10, 2026",2292,0
2026-03-21,57OjX_s8bBw,AI Camp AI meetup (Seattle) Building production-ready multi-agent systems,"Mar 10, 2026",2292,0
2026-03-22,57OjX_s8bBw,AI Camp AI meetup (Seattle) Building production-ready multi-agent systems,"Mar 10, 2026",2292,0
2026-03-23,57OjX_s8bBw,AI Camp AI meetup (Seattle) Building production-ready multi-agent systems,"Mar 10, 2026",2292,0
2026-03-24,57OjX_s8bBw,AI Camp AI meetup (Seattle) Building production-ready multi-agent systems,"Mar 10, 2026",2292,0
2026-03-25,57OjX_s8bBw,AI Camp AI meetup (Seattle) Building production-ready multi-agent systems,"Mar 10, 2026",2292,0
2026-03-26,57OjX_s8bBw,AI Camp AI meetup (Seattle) Building production-ready multi-agent systems,"Mar 10, 2026",2292,0
2026-03-27,57OjX_s8bBw,AI Camp AI meetup (Seattle) Building production-ready multi-agent systems,"Mar 10, 2026",2292,0
2026-03-28,57OjX_s8bBw,AI Camp AI meetup (Seattle) Building production-ready multi-agent systems,"Mar 10, 2026",2292,0
2026-03-29,57OjX_s8bBw,AI Camp AI meetup (Seattle) Building production-ready multi-agent systems,"Mar 10, 2026",2292,0
2026-03-30,57OjX_s8bBw,AI Camp AI meetup (Seattle) Building production-ready multi-agent systems,"Mar 10, 2026",2292,0
2026-03-31,57OjX_s8bBw,AI Camp AI meetup (Seattle) Building production-ready multi-agent systems,"Mar 10, 2026",2292,0
2026-04-01,57OjX_s8bBw,AI Camp AI meetup (Seattle) Building production-ready multi-agent systems,"Mar 10, 2026",2292,0
2026-04-02,57OjX_s8bBw,AI Camp AI meetup (Seattle) Building production-ready multi-agent systems,"Mar 10, 2026",2292,0
2026-04-03,57OjX_s8bBw,AI Camp AI meetup (Seattle) Building production-ready multi-agent systems,"Mar 10, 2026",2292,0
2026-04-04,57OjX_s8bBw,AI Camp AI meetup (Seattle) Building production-ready multi-agent systems,"Mar 10, 2026",2292,0
2026-04-05,57OjX_s8bBw,AI Camp AI meetup (Seattle) Building production-ready multi-agent systems,"Mar 10, 2026",2292,0
2026-04-06,57OjX_s8bBw,AI Camp AI meetup (Seattle) Building production-ready multi-agent systems,"Mar 10, 2026",2292,0
2026-04-07,57OjX_s8bBw,AI Camp AI meetup (Seattle) Building production-ready multi-agent systems,"Mar 10, 2026",2292,0
2026-04-08,57OjX_s8bBw,AI Camp AI meetup (Seattle) Building production-ready multi-agent systems,"Mar 10, 2026",2292,0
2026-04-09,57OjX_s8bBw,AI Camp AI meetup (Seattle) Building production-ready multi-agent systems,"Mar 10, 2026",2292,0
2026-04-10,57OjX_s8bBw,AI Camp AI meetup (Seattle) Building production-ready multi-agent systems,"Mar 10, 2026",2292,0
2026-04-11,57OjX_s8bBw,AI Camp AI meetup (Seattle) Building production-ready multi-agent systems,"Mar 10, 2026",2292,0
2026-04-12,57OjX_s8bBw,AI Camp AI meetup (Seattle) Building production-ready multi-agent systems,"Mar 10, 2026",2292,0.853
2026-04-13,57OjX_s8bBw,AI Camp AI meetup (Seattle) Building production-ready multi-agent systems,"Mar 10, 2026",2292,0
2026-04-14,57OjX_s8bBw,AI Camp AI meetup (Seattle) Building production-ready multi-agent systems,"Mar 10, 2026",2292,0
2026-04-15,57OjX_s8bBw,AI Camp AI meetup (Seattle) Building production-ready multi-agent systems,"Mar 10, 2026",2292,0
2026-04-16,57OjX_s8bBw,AI Camp AI meetup (Seattle) Building production-ready multi-agent systems,"Mar 10, 2026",2292,0
2026-04-17,57OjX_s8bBw,AI Camp AI meetup (Seattle) Building production-ready multi-agent systems,"Mar 10, 2026",2292,0
2026-04-18,57OjX_s8bBw,AI Camp AI meetup (Seattle) Building production-ready multi-agent systems,"Mar 10, 2026",2292,0
2026-04-19,57OjX_s8bBw,AI Camp AI meetup (Seattle) Building production-ready multi-agent systems,"Mar 10, 2026",2292,0
2026-04-20,57OjX_s8bBw,AI Camp AI meetup (Seattle) Building production-ready multi-agent systems,"Mar 10, 2026",2292,0
2026-04-21,57OjX_s8bBw,AI Camp AI meetup (Seattle) Building production-ready multi-agent systems,"Mar 10, 2026",2292,0
2026-04-22,57OjX_s8bBw,AI Camp AI meetup (Seattle) Building production-ready multi-agent systems,"Mar 10, 2026",2292,0
2026-04-23,57OjX_s8bBw,AI Camp AI meetup (Seattle) Building production-ready multi-agent systems,"Mar 10, 2026",2292,0
2026-04-24,57OjX_s8bBw,AI Camp AI meetup (Seattle) Building production-ready multi-agent systems,"Mar 10, 2026",2292,0
2026-04-25,57OjX_s8bBw,AI Camp AI meetup (Seattle) Building production-ready multi-agent systems,"Mar 10, 2026",2292,0
2026-04-26,57OjX_s8bBw,AI Camp AI meetup (Seattle) Building production-ready multi-agent systems,"Mar 10, 2026",2292,0
2026-04-27,57OjX_s8bBw,AI Camp AI meetup (Seattle) Building production-ready multi-agent systems,"Mar 10, 2026",2292,0
2026-04-28,57OjX_s8bBw,AI Camp AI meetup (Seattle) Building production-ready multi-agent systems,"Mar 10, 2026",2292,0
2026-04-29,57OjX_s8bBw,AI Camp AI meetup (Seattle) Building production-ready multi-agent systems,"Mar 10, 2026",2292,0
2026-04-30,57OjX_s8bBw,AI Camp AI meetup (Seattle) Building production-ready multi-agent systems,"Mar 10, 2026",2292,0
2026-05-01,57OjX_s8bBw,AI Camp AI meetup (Seattle) Building production-ready multi-agent systems,"Mar 10, 2026",2292,0
2026-05-02,57OjX_s8bBw,AI Camp AI meetup (Seattle) Building production-ready multi-agent systems,"Mar 10, 2026",2292,0
2026-05-03,57OjX_s8bBw,AI Camp AI meetup (Seattle) Building production-ready multi-agent systems,"Mar 10, 2026",2292,0
2026-05-04,57OjX_s8bBw,AI Camp AI meetup (Seattle) Building production-ready multi-agent systems,"Mar 10, 2026",2292,0
2026-05-05,57OjX_s8bBw,AI Camp AI meetup (Seattle) Building production-ready multi-agent systems,"Mar 10, 2026",2292,0
2026-05-06,57OjX_s8bBw,AI Camp AI meetup (Seattle) Building production-ready multi-agent systems,"Mar 10, 2026",2292,0
2026-05-07,57OjX_s8bBw,AI Camp AI meetup (Seattle) Building production-ready multi-agent systems,"Mar 10, 2026",2292,0
2026-05-08,57OjX_s8bBw,AI Camp AI meetup (Seattle) Building production-ready multi-agent systems,"Mar 10, 2026",2292,0
2026-05-09,57OjX_s8bBw,AI Camp AI meetup (Seattle) Building production-ready multi-agent systems,"Mar 10, 2026",2292,0
2026-05-10,57OjX_s8bBw,AI Camp AI meetup (Seattle) Building production-ready multi-agent systems,"Mar 10, 2026",2292,0
2026-05-11,57OjX_s8bBw,AI Camp AI meetup (Seattle) Building production-ready multi-agent systems,"Mar 10, 2026",2292,0
2026-05-12,57OjX_s8bBw,AI Camp AI meetup (Seattle) Building production-ready multi-agent systems,"Mar 10, 2026",2292,0.849
2026-05-13,57OjX_s8bBw,AI Camp AI meetup (Seattle) Building production-ready multi-agent systems,"Mar 10, 2026",2292,0
2026-05-14,57OjX_s8bBw,AI Camp AI meetup (Seattle) Building production-ready multi-agent systems,"Mar 10, 2026",2292,0
2026-05-15,57OjX_s8bBw,AI Camp AI meetup (Seattle) Building production-ready multi-agent systems,"Mar 10, 2026",2292,0
2026-05-16,57OjX_s8bBw,AI Camp AI meetup (Seattle) Building production-ready multi-agent systems,"Mar 10, 2026",2292,0
2026-05-17,57OjX_s8bBw,AI Camp AI meetup (Seattle) Building production-ready multi-agent systems,"Mar 10, 2026",2292,0
2026-05-18,57OjX_s8bBw,AI Camp AI meetup (Seattle) Building production-ready multi-agent systems,"Mar 10, 2026",2292,0
2026-05-19,57OjX_s8bBw,AI Camp AI meetup (Seattle) Building production-ready multi-agent systems,"Mar 10, 2026",2292,0
2026-05-20,57OjX_s8bBw,AI Camp AI meetup (Seattle) Building production-ready multi-agent systems,"Mar 10, 2026",2292,0
2026-05-21,57OjX_s8bBw,AI Camp AI meetup (Seattle) Building production-ready multi-agent systems,"Mar 10, 2026",2292,0
2026-05-22,57OjX_s8bBw,AI Camp AI meetup (Seattle) Building production-ready multi-agent systems,"Mar 10, 2026",2292,0
2026-05-23,57OjX_s8bBw,AI Camp AI meetup (Seattle) Building production-ready multi-agent systems,"Mar 10, 2026",2292,0
2026-05-24,57OjX_s8bBw,AI Camp AI meetup (Seattle) Building production-ready multi-agent systems,"Mar 10, 2026",2292,0
2026-05-25,57OjX_s8bBw,AI Camp AI meetup (Seattle) Building production-ready multi-agent systems,"Mar 10, 2026",2292,0
2026-05-26,57OjX_s8bBw,AI Camp AI meetup (Seattle) Building production-ready multi-agent systems,"Mar 10, 2026",2292,0
2026-05-27,57OjX_s8bBw,AI Camp AI meetup (Seattle) Building production-ready multi-agent systems,"Mar 10, 2026",2292,0
2026-05-28,57OjX_s8bBw,AI Camp AI meetup (Seattle) Building production-ready multi-agent systems,"Mar 10, 2026",2292,0.03
2026-05-29,57OjX_s8bBw,AI Camp AI meetup (Seattle) Building production-ready multi-agent systems,"Mar 10, 2026",2292,0.033
2026-05-30,57OjX_s8bBw,AI Camp AI meetup (Seattle) Building production-ready multi-agent systems,"Mar 10, 2026",2292,0
2026-05-31,57OjX_s8bBw,AI Camp AI meetup (Seattle) Building production-ready multi-agent systems,"Mar 10, 2026",2292,0
2026-06-01,57OjX_s8bBw,AI Camp AI meetup (Seattle) Building production-ready multi-agent systems,"Mar 10, 2026",2292,0
2026-06-02,57OjX_s8bBw,AI Camp AI meetup (Seattle) Building production-ready multi-agent systems,"Mar 10, 2026",2292,0
2026-06-03,57OjX_s8bBw,AI Camp AI meetup (Seattle) Building production-ready multi-agent systems,"Mar 10, 2026",2292,0
2026-06-04,57OjX_s8bBw,AI Camp AI meetup (Seattle) Building production-ready multi-agent systems,"Mar 10, 2026",2292,0
2026-06-05,57OjX_s8bBw,AI Camp AI meetup (Seattle) Building production-ready multi-agent systems,"Mar 10, 2026",2292,0
2026-06-06,57OjX_s8bBw,AI Camp AI meetup (Seattle) Building production-ready multi-agent systems,"Mar 10, 2026",2292,0
2026-06-07,57OjX_s8bBw,AI Camp AI meetup (Seattle) Building production-ready multi-agent systems,"Mar 10, 2026",2292,0
2026-06-08,57OjX_s8bBw,AI Camp AI meetup (Seattle) Building production-ready multi-agent systems,"Mar 10, 2026",2292,0
2026-06-09,57OjX_s8bBw,AI Camp AI meetup (Seattle) Building production-ready multi-agent systems,"Mar 10, 2026",2292,0
2026-06-10,57OjX_s8bBw,AI Camp AI meetup (Seattle) Building production-ready multi-agent systems,"Mar 10, 2026",2292,0
2026-06-11,57OjX_s8bBw,AI Camp AI meetup (Seattle) Building production-ready multi-agent systems,"Mar 10, 2026",2292,0
2026-06-12,57OjX_s8bBw,AI Camp AI meetup (Seattle) Building production-ready multi-agent systems,"Mar 10, 2026",2292,0.834
2026-06-13,57OjX_s8bBw,AI Camp AI meetup (Seattle) Building production-ready multi-agent systems,"Mar 10, 2026",2292,0
2026-06-14,57OjX_s8bBw,AI Camp AI meetup (Seattle) Building production-ready multi-agent systems,"Mar 10, 2026",2292,0
2026-06-15,57OjX_s8bBw,AI Camp AI meetup (Seattle) Building production-ready multi-agent systems,"Mar 10, 2026",2292,0
2026-06-16,57OjX_s8bBw,AI Camp AI meetup (Seattle) Building production-ready multi-agent systems,"Mar 10, 2026",2292,0
2026-06-17,57OjX_s8bBw,AI Camp AI meetup (Seattle) Building production-ready multi-agent systems,"Mar 10, 2026",2292,0
2026-06-18,57OjX_s8bBw,AI Camp AI meetup (Seattle) Building production-ready multi-agent systems,"Mar 10, 2026",2292,0
2026-06-19,57OjX_s8bBw,AI Camp AI meetup (Seattle) Building production-ready multi-agent systems,"Mar 10, 2026",2292,0
2026-06-20,57OjX_s8bBw,AI Camp AI meetup (Seattle) Building production-ready multi-agent systems,"Mar 10, 2026",2292,0
2026-06-21,57OjX_s8bBw,AI Camp AI meetup (Seattle) Building production-ready multi-agent systems,"Mar 10, 2026",2292,0
2026-06-22,57OjX_s8bBw,AI Camp AI meetup (Seattle) Building production-ready multi-agent systems,"Mar 10, 2026",2292,0
2026-06-23,57OjX_s8bBw,AI Camp AI meetup (Seattle) Building production-ready multi-agent systems,"Mar 10, 2026",2292,0
2023-03-15,8b3sTizy7N8,"재미로 하는 Vibe Coding - 🚀 Development에서 Production 까지 필요한 세팅들은 어떤것들이 있을까요? - CloudFront, CI/CD etc.","Aug 4, 2025",10671,0
2023-03-16,8b3sTizy7N8,"재미로 하는 Vibe Coding - 🚀 Development에서 Production 까지 필요한 세팅들은 어떤것들이 있을까요? - CloudFront, CI/CD etc.","Aug 4, 2025",10671,0
2023-03-17,8b3sTizy7N8,"재미로 하는 Vibe Coding - 🚀 Development에서 Production 까지 필요한 세팅들은 어떤것들이 있을까요? - CloudFront, CI/CD etc.","Aug 4, 2025",10671,0
2023-03-18,8b3sTizy7N8,"재미로 하는 Vibe Coding - 🚀 Development에서 Production 까지 필요한 세팅들은 어떤것들이 있을까요? - CloudFront, CI/CD etc.","Aug 4, 2025",10671,0
2023-03-19,8b3sTizy7N8,"재미로 하는 Vibe Coding - 🚀 Development에서 Production 까지 필요한 세팅들은 어떤것들이 있을까요? - CloudFront, CI/CD etc.","Aug 4, 2025",10671,0
2023-03-20,8b3sTizy7N8,"재미로 하는 Vibe Coding - 🚀 Development에서 Production 까지 필요한 세팅들은 어떤것들이 있을까요? - CloudFront, CI/CD etc.","Aug 4, 2025",10671,0
2023-03-21,8b3sTizy7N8,"재미로 하는 Vibe Coding - 🚀 Development에서 Production 까지 필요한 세팅들은 어떤것들이 있을까요? - CloudFront, CI/CD etc.","Aug 4, 2025",10671,0
2023-03-22,8b3sTizy7N8,"재미로 하는 Vibe Coding - 🚀 Development에서 Production 까지 필요한 세팅들은 어떤것들이 있을까요? - CloudFront, CI/CD etc.","Aug 4, 2025",10671,0
2023-03-23,8b3sTizy7N8,"재미로 하는 Vibe Coding - 🚀 Development에서 Production 까지 필요한 세팅들은 어떤것들이 있을까요? - CloudFront, CI/CD etc.","Aug 4, 2025",10671,0
2023-03-24,8b3sTizy7N8,"재미로 하는 Vibe Coding - 🚀 Development에서 Production 까지 필요한 세팅들은 어떤것들이 있을까요? - CloudFront, CI/CD etc.","Aug 4, 2025",10671,0
2023-03-25,8b3sTizy7N8,"재미로 하는 Vibe Coding - 🚀 Development에서 Production 까지 필요한 세팅들은 어떤것들이 있을까요? - CloudFront, CI/CD etc.","Aug 4, 2025",10671,0
2023-03-26,8b3sTizy7N8,"재미로 하는 Vibe Coding - 🚀 Development에서 Production 까지 필요한 세팅들은 어떤것들이 있을까요? - CloudFront, CI/CD etc.","Aug 4, 2025",10671,0
2023-03-27,8b3sTizy7N8,"재미로 하는 Vibe Coding - 🚀 Development에서 Production 까지 필요한 세팅들은 어떤것들이 있을까요? - CloudFront, CI/CD etc.","Aug 4, 2025",10671,0
2023-03-28,8b3sTizy7N8,"재미로 하는 Vibe Coding - 🚀 Development에서 Production 까지 필요한 세팅들은 어떤것들이 있을까요? - CloudFront, CI/CD etc.","Aug 4, 2025",10671,0
2023-03-29,8b3sTizy7N8,"재미로 하는 Vibe Coding - 🚀 Development에서 Production 까지 필요한 세팅들은 어떤것들이 있을까요? - CloudFront, CI/CD etc.","Aug 4, 2025",10671,0
2023-03-30,8b3sTizy7N8,"재미로 하는 Vibe Coding - 🚀 Development에서 Production 까지 필요한 세팅들은 어떤것들이 있을까요? - CloudFront, CI/CD etc.","Aug 4, 2025",10671,0
2023-03-31,8b3sTizy7N8,"재미로 하는 Vibe Coding - 🚀 Development에서 Production 까지 필요한 세팅들은 어떤것들이 있을까요? - CloudFront, CI/CD etc.","Aug 4, 2025",10671,0
2023-04-01,8b3sTizy7N8,"재미로 하는 Vibe Coding - 🚀 Development에서 Production 까지 필요한 세팅들은 어떤것들이 있을까요? - CloudFront, CI/CD etc.","Aug 4, 2025",10671,0
2023-04-02,8b3sTizy7N8,"재미로 하는 Vibe Coding - 🚀 Development에서 Production 까지 필요한 세팅들은 어떤것들이 있을까요? - CloudFront, CI/CD etc.","Aug 4, 2025",10671,0
2023-04-03,8b3sTizy7N8,"재미로 하는 Vibe Coding - 🚀 Development에서 Production 까지 필요한 세팅들은 어떤것들이 있을까요? - CloudFront, CI/CD etc.","Aug 4, 2025",10671,0
2023-04-04,8b3sTizy7N8,"재미로 하는 Vibe Coding - 🚀 Development에서 Production 까지 필요한 세팅들은 어떤것들이 있을까요? - CloudFront, CI/CD etc.","Aug 4, 2025",10671,0
2023-04-05,8b3sTizy7N8,"재미로 하는 Vibe Coding - 🚀 Development에서 Production 까지 필요한 세팅들은 어떤것들이 있을까요? - CloudFront, CI/CD etc.","Aug 4, 2025",10671,0
2023-04-06,8b3sTizy7N8,"재미로 하는 Vibe Coding - 🚀 Development에서 Production 까지 필요한 세팅들은 어떤것들이 있을까요? - CloudFront, CI/CD etc.","Aug 4, 2025",10671,0
2023-04-07,8b3sTizy7N8,"재미로 하는 Vibe Coding - 🚀 Development에서 Production 까지 필요한 세팅들은 어떤것들이 있을까요? - CloudFront, CI/CD etc.","Aug 4, 2025",10671,0
2023-04-08,8b3sTizy7N8,"재미로 하는 Vibe Coding - 🚀 Development에서 Production 까지 필요한 세팅들은 어떤것들이 있을까요? - CloudFront, CI/CD etc.","Aug 4, 2025",10671,0
2023-04-09,8b3sTizy7N8,"재미로 하는 Vibe Coding - 🚀 Development에서 Production 까지 필요한 세팅들은 어떤것들이 있을까요? - CloudFront, CI/CD etc.","Aug 4, 2025",10671,0
2023-04-10,8b3sTizy7N8,"재미로 하는 Vibe Coding - 🚀 Development에서 Production 까지 필요한 세팅들은 어떤것들이 있을까요? - CloudFront, CI/CD etc.","Aug 4, 2025",10671,0
2023-04-11,8b3sTizy7N8,"재미로 하는 Vibe Coding - 🚀 Development에서 Production 까지 필요한 세팅들은 어떤것들이 있을까요? - CloudFront, CI/CD etc.","Aug 4, 2025",10671,0
2023-04-12,8b3sTizy7N8,"재미로 하는 Vibe Coding - 🚀 Development에서 Production 까지 필요한 세팅들은 어떤것들이 있을까요? - CloudFront, CI/CD etc.","Aug 4, 2025",10671,0
2023-04-13,8b3sTizy7N8,"재미로 하는 Vibe Coding - 🚀 Development에서 Production 까지 필요한 세팅들은 어떤것들이 있을까요? - CloudFront, CI/CD etc.","Aug 4, 2025",10671,0
2023-04-14,8b3sTizy7N8,"재미로 하는 Vibe Coding - 🚀 Development에서 Production 까지 필요한 세팅들은 어떤것들이 있을까요? - CloudFront, CI/CD etc.","Aug 4, 2025",10671,0
2023-04-15,8b3sTizy7N8,"재미로 하는 Vibe Coding - 🚀 Development에서 Production 까지 필요한 세팅들은 어떤것들이 있을까요? - CloudFront, CI/CD etc.","Aug 4, 2025",10671,0
2023-04-16,8b3sTizy7N8,"재미로 하는 Vibe Coding - 🚀 Development에서 Production 까지 필요한 세팅들은 어떤것들이 있을까요? - CloudFront, CI/CD etc.","Aug 4, 2025",10671,0
2023-04-17,8b3sTizy7N8,"재미로 하는 Vibe Coding - 🚀 Development에서 Production 까지 필요한 세팅들은 어떤것들이 있을까요? - CloudFront, CI/CD etc.","Aug 4, 2025",10671,0
2023-04-18,8b3sTizy7N8,"재미로 하는 Vibe Coding - 🚀 Development에서 Production 까지 필요한 세팅들은 어떤것들이 있을까요? - CloudFront, CI/CD etc.","Aug 4, 2025",10671,0
2023-04-19,8b3sTizy7N8,"재미로 하는 Vibe Coding - 🚀 Development에서 Production 까지 필요한 세팅들은 어떤것들이 있을까요? - CloudFront, CI/CD etc.","Aug 4, 2025",10671,0
2023-04-20,8b3sTizy7N8,"재미로 하는 Vibe Coding - 🚀 Development에서 Production 까지 필요한 세팅들은 어떤것들이 있을까요? - CloudFront, CI/CD etc.","Aug 4, 2025",10671,0
2023-04-21,8b3sTizy7N8,"재미로 하는 Vibe Coding - 🚀 Development에서 Production 까지 필요한 세팅들은 어떤것들이 있을까요? - CloudFront, CI/CD etc.","Aug 4, 2025",10671,0
2023-04-22,8b3sTizy7N8,"재미로 하는 Vibe Coding - 🚀 Development에서 Production 까지 필요한 세팅들은 어떤것들이 있을까요? - CloudFront, CI/CD etc.","Aug 4, 2025",10671,0
2023-04-23,8b3sTizy7N8,"재미로 하는 Vibe Coding - 🚀 Development에서 Production 까지 필요한 세팅들은 어떤것들이 있을까요? - CloudFront, CI/CD etc.","Aug 4, 2025",10671,0
2023-04-24,8b3sTizy7N8,"재미로 하는 Vibe Coding - 🚀 Development에서 Production 까지 필요한 세팅들은 어떤것들이 있을까요? - CloudFront, CI/CD etc.","Aug 4, 2025",10671,0
2023-04-25,8b3sTizy7N8,"재미로 하는 Vibe Coding - 🚀 Development에서 Production 까지 필요한 세팅들은 어떤것들이 있을까요? - CloudFront, CI/CD etc.","Aug 4, 2025",10671,0
2023-04-26,8b3sTizy7N8,"재미로 하는 Vibe Coding - 🚀 Development에서 Production 까지 필요한 세팅들은 어떤것들이 있을까요? - CloudFront, CI/CD etc.","Aug 4, 2025",10671,0
2023-04-27,8b3sTizy7N8,"재미로 하는 Vibe Coding - 🚀 Development에서 Production 까지 필요한 세팅들은 어떤것들이 있을까요? - CloudFront, CI/CD etc.","Aug 4, 2025",10671,0
2023-04-28,8b3sTizy7N8,"재미로 하는 Vibe Coding - 🚀 Development에서 Production 까지 필요한 세팅들은 어떤것들이 있을까요? - CloudFront, CI/CD etc.","Aug 4, 2025",10671,0
2023-04-29,8b3sTizy7N8,"재미로 하는 Vibe Coding - 🚀 Development에서 Production 까지 필요한 세팅들은 어떤것들이 있을까요? - CloudFront, CI/CD etc.","Aug 4, 2025",10671,0
2023-04-30,8b3sTizy7N8,"재미로 하는 Vibe Coding - 🚀 Development에서 Production 까지 필요한 세팅들은 어떤것들이 있을까요? - CloudFront, CI/CD etc.","Aug 4, 2025",10671,0
2023-05-01,8b3sTizy7N8,"재미로 하는 Vibe Coding - 🚀 Development에서 Production 까지 필요한 세팅들은 어떤것들이 있을까요? - CloudFront, CI/CD etc.","Aug 4, 2025",10671,0
2023-05-02,8b3sTizy7N8,"재미로 하는 Vibe Coding - 🚀 Development에서 Production 까지 필요한 세팅들은 어떤것들이 있을까요? - CloudFront, CI/CD etc.","Aug 4, 2025",10671,0
2023-05-03,8b3sTizy7N8,"재미로 하는 Vibe Coding - 🚀 Development에서 Production 까지 필요한 세팅들은 어떤것들이 있을까요? - CloudFront, CI/CD etc.","Aug 4, 2025",10671,0
2023-05-04,8b3sTizy7N8,"재미로 하는 Vibe Coding - 🚀 Development에서 Production 까지 필요한 세팅들은 어떤것들이 있을까요? - CloudFront, CI/CD etc.","Aug 4, 2025",10671,0
2023-05-05,8b3sTizy7N8,"재미로 하는 Vibe Coding - 🚀 Development에서 Production 까지 필요한 세팅들은 어떤것들이 있을까요? - CloudFront, CI/CD etc.","Aug 4, 2025",10671,0
2023-05-06,8b3sTizy7N8,"재미로 하는 Vibe Coding - 🚀 Development에서 Production 까지 필요한 세팅들은 어떤것들이 있을까요? - CloudFront, CI/CD etc.","Aug 4, 2025",10671,0
2023-05-07,8b3sTizy7N8,"재미로 하는 Vibe Coding - 🚀 Development에서 Production 까지 필요한 세팅들은 어떤것들이 있을까요? - CloudFront, CI/CD etc.","Aug 4, 2025",10671,0
2023-05-08,8b3sTizy7N8,"재미로 하는 Vibe Coding - 🚀 Development에서 Production 까지 필요한 세팅들은 어떤것들이 있을까요? - CloudFront, CI/CD etc.","Aug 4, 2025",10671,0
2023-05-09,8b3sTizy7N8,"재미로 하는 Vibe Coding - 🚀 Development에서 Production 까지 필요한 세팅들은 어떤것들이 있을까요? - CloudFront, CI/CD etc.","Aug 4, 2025",10671,0
2023-05-10,8b3sTizy7N8,"재미로 하는 Vibe Coding - 🚀 Development에서 Production 까지 필요한 세팅들은 어떤것들이 있을까요? - CloudFront, CI/CD etc.","Aug 4, 2025",10671,0
2023-05-11,8b3sTizy7N8,"재미로 하는 Vibe Coding - 🚀 Development에서 Production 까지 필요한 세팅들은 어떤것들이 있을까요? - CloudFront, CI/CD etc.","Aug 4, 2025",10671,0
2023-05-12,8b3sTizy7N8,"재미로 하는 Vibe Coding - 🚀 Development에서 Production 까지 필요한 세팅들은 어떤것들이 있을까요? - CloudFront, CI/CD etc.","Aug 4, 2025",10671,0
2023-05-13,8b3sTizy7N8,"재미로 하는 Vibe Coding - 🚀 Development에서 Production 까지 필요한 세팅들은 어떤것들이 있을까요? - CloudFront, CI/CD etc.","Aug 4, 2025",10671,0
2023-05-14,8b3sTizy7N8,"재미로 하는 Vibe Coding - 🚀 Development에서 Production 까지 필요한 세팅들은 어떤것들이 있을까요? - CloudFront, CI/CD etc.","Aug 4, 2025",10671,0
2023-05-15,8b3sTizy7N8,"재미로 하는 Vibe Coding - 🚀 Development에서 Production 까지 필요한 세팅들은 어떤것들이 있을까요? - CloudFront, CI/CD etc.","Aug 4, 2025",10671,0
2023-05-16,8b3sTizy7N8,"재미로 하는 Vibe Coding - 🚀 Development에서 Production 까지 필요한 세팅들은 어떤것들이 있을까요? - CloudFront, CI/CD etc.","Aug 4, 2025",10671,0
2023-05-17,8b3sTizy7N8,"재미로 하는 Vibe Coding - 🚀 Development에서 Production 까지 필요한 세팅들은 어떤것들이 있을까요? - CloudFront, CI/CD etc.","Aug 4, 2025",10671,0
2023-05-18,8b3sTizy7N8,"재미로 하는 Vibe Coding - 🚀 Development에서 Production 까지 필요한 세팅들은 어떤것들이 있을까요? - CloudFront, CI/CD etc.","Aug 4, 2025",10671,0
2023-05-19,8b3sTizy7N8,"재미로 하는 Vibe Coding - 🚀 Development에서 Production 까지 필요한 세팅들은 어떤것들이 있을까요? - CloudFront, CI/CD etc.","Aug 4, 2025",10671,0
2023-05-20,8b3sTizy7N8,"재미로 하는 Vibe Coding - 🚀 Development에서 Production 까지 필요한 세팅들은 어떤것들이 있을까요? - CloudFront, CI/CD etc.","Aug 4, 2025",10671,0
2023-05-21,8b3sTizy7N8,"재미로 하는 Vibe Coding - 🚀 Development에서 Production 까지 필요한 세팅들은 어떤것들이 있을까요? - CloudFront, CI/CD etc.","Aug 4, 2025",10671,0
2023-05-22,8b3sTizy7N8,"재미로 하는 Vibe Coding - 🚀 Development에서 Production 까지 필요한 세팅들은 어떤것들이 있을까요? - CloudFront, CI/CD etc.","Aug 4, 2025",10671,0
2023-05-23,8b3sTizy7N8,"재미로 하는 Vibe Coding - 🚀 Development에서 Production 까지 필요한 세팅들은 어떤것들이 있을까요? - CloudFront, CI/CD etc.","Aug 4, 2025",10671,0
2023-05-24,8b3sTizy7N8,"재미로 하는 Vibe Coding - 🚀 Development에서 Production 까지 필요한 세팅들은 어떤것들이 있을까요? - CloudFront, CI/CD etc.","Aug 4, 2025",10671,0
2023-05-25,8b3sTizy7N8,"재미로 하는 Vibe Coding - 🚀 Development에서 Production 까지 필요한 세팅들은 어떤것들이 있을까요? - CloudFront, CI/CD etc.","Aug 4, 2025",10671,0
2023-05-26,8b3sTizy7N8,"재미로 하는 Vibe Coding - 🚀 Development에서 Production 까지 필요한 세팅들은 어떤것들이 있을까요? - CloudFront, CI/CD etc.","Aug 4, 2025",10671,0
2023-05-27,8b3sTizy7N8,"재미로 하는 Vibe Coding - 🚀 Development에서 Production 까지 필요한 세팅들은 어떤것들이 있을까요? - CloudFront, CI/CD etc.","Aug 4, 2025",10671,0
2023-05-28,8b3sTizy7N8,"재미로 하는 Vibe Coding - 🚀 Development에서 Production 까지 필요한 세팅들은 어떤것들이 있을까요? - CloudFront, CI/CD etc.","Aug 4, 2025",10671,0
2023-05-29,8b3sTizy7N8,"재미로 하는 Vibe Coding - 🚀 Development에서 Production 까지 필요한 세팅들은 어떤것들이 있을까요? - CloudFront, CI/CD etc.","Aug 4, 2025",10671,0
2023-05-30,8b3sTizy7N8,"재미로 하는 Vibe Coding - 🚀 Development에서 Production 까지 필요한 세팅들은 어떤것들이 있을까요? - CloudFront, CI/CD etc.","Aug 4, 2025",10671,0
2023-05-31,8b3sTizy7N8,"재미로 하는 Vibe Coding - 🚀 Development에서 Production 까지 필요한 세팅들은 어떤것들이 있을까요? - CloudFront, CI/CD etc.","Aug 4, 2025",10671,0
2023-06-01,8b3sTizy7N8,"재미로 하는 Vibe Coding - 🚀 Development에서 Production 까지 필요한 세팅들은 어떤것들이 있을까요? - CloudFront, CI/CD etc.","Aug 4, 2025",10671,0
2023-06-02,8b3sTizy7N8,"재미로 하는 Vibe Coding - 🚀 Development에서 Production 까지 필요한 세팅들은 어떤것들이 있을까요? - CloudFront, CI/CD etc.","Aug 4, 2025",10671,0
2023-06-03,8b3sTizy7N8,"재미로 하는 Vibe Coding - 🚀 Development에서 Production 까지 필요한 세팅들은 어떤것들이 있을까요? - CloudFront, CI/CD etc.","Aug 4, 2025",10671,0
2023-06-04,8b3sTizy7N8,"재미로 하는 Vibe Coding - 🚀 Development에서 Production 까지 필요한 세팅들은 어떤것들이 있을까요? - CloudFront, CI/CD etc.","Aug 4, 2025",10671,0
2023-06-05,8b3sTizy7N8,"재미로 하는 Vibe Coding - 🚀 Development에서 Production 까지 필요한 세팅들은 어떤것들이 있을까요? - CloudFront, CI/CD etc.","Aug 4, 2025",10671,0
2023-06-06,8b3sTizy7N8,"재미로 하는 Vibe Coding - 🚀 Development에서 Production 까지 필요한 세팅들은 어떤것들이 있을까요? - CloudFront, CI/CD etc.","Aug 4, 2025",10671,0
2023-06-07,8b3sTizy7N8,"재미로 하는 Vibe Coding - 🚀 Development에서 Production 까지 필요한 세팅들은 어떤것들이 있을까요? - CloudFront, CI/CD etc.","Aug 4, 2025",10671,0
2023-06-08,8b3sTizy7N8,"재미로 하는 Vibe Coding - 🚀 Development에서 Production 까지 필요한 세팅들은 어떤것들이 있을까요? - CloudFront, CI/CD etc.","Aug 4, 2025",10671,0
2023-06-09,8b3sTizy7N8,"재미로 하는 Vibe Coding - 🚀 Development에서 Production 까지 필요한 세팅들은 어떤것들이 있을까요? - CloudFront, CI/CD etc.","Aug 4, 2025",10671,0
2023-06-10,8b3sTizy7N8,"재미로 하는 Vibe Coding - 🚀 Development에서 Production 까지 필요한 세팅들은 어떤것들이 있을까요? - CloudFront, CI/CD etc.","Aug 4, 2025",10671,0
2023-06-11,8b3sTizy7N8,"재미로 하는 Vibe Coding - 🚀 Development에서 Production 까지 필요한 세팅들은 어떤것들이 있을까요? - CloudFront, CI/CD etc.","Aug 4, 2025",10671,0
2023-06-12,8b3sTizy7N8,"재미로 하는 Vibe Coding - 🚀 Development에서 Production 까지 필요한 세팅들은 어떤것들이 있을까요? - CloudFront, CI/CD etc.","Aug 4, 2025",10671,0
2023-06-13,8b3sTizy7N8,"재미로 하는 Vibe Coding - 🚀 Development에서 Production 까지 필요한 세팅들은 어떤것들이 있을까요? - CloudFront, CI/CD etc.","Aug 4, 2025",10671,0
2023-06-14,8b3sTizy7N8,"재미로 하는 Vibe Coding - 🚀 Development에서 Production 까지 필요한 세팅들은 어떤것들이 있을까요? - CloudFront, CI/CD etc.","Aug 4, 2025",10671,0
2023-06-15,8b3sTizy7N8,"재미로 하는 Vibe Coding - 🚀 Development에서 Production 까지 필요한 세팅들은 어떤것들이 있을까요? - CloudFront, CI/CD etc.","Aug 4, 2025",10671,0
2023-06-16,8b3sTizy7N8,"재미로 하는 Vibe Coding - 🚀 Development에서 Production 까지 필요한 세팅들은 어떤것들이 있을까요? - CloudFront, CI/CD etc.","Aug 4, 2025",10671,0
2023-06-17,8b3sTizy7N8,"재미로 하는 Vibe Coding - 🚀 Development에서 Production 까지 필요한 세팅들은 어떤것들이 있을까요? - CloudFront, CI/CD etc.","Aug 4, 2025",10671,0
2023-06-18,8b3sTizy7N8,"재미로 하는 Vibe Coding - 🚀 Development에서 Production 까지 필요한 세팅들은 어떤것들이 있을까요? - CloudFront, CI/CD etc.","Aug 4, 2025",10671,0
2023-06-19,8b3sTizy7N8,"재미로 하는 Vibe Coding - 🚀 Development에서 Production 까지 필요한 세팅들은 어떤것들이 있을까요? - CloudFront, CI/CD etc.","Aug 4, 2025",10671,0
2023-06-20,8b3sTizy7N8,"재미로 하는 Vibe Coding - 🚀 Development에서 Production 까지 필요한 세팅들은 어떤것들이 있을까요? - CloudFront, CI/CD etc.","Aug 4, 2025",10671,0
2023-06-21,8b3sTizy7N8,"재미로 하는 Vibe Coding - 🚀 Development에서 Production 까지 필요한 세팅들은 어떤것들이 있을까요? - CloudFront, CI/CD etc.","Aug 4, 2025",10671,0
2023-06-22,8b3sTizy7N8,"재미로 하는 Vibe Coding - 🚀 Development에서 Production 까지 필요한 세팅들은 어떤것들이 있을까요? - CloudFront, CI/CD etc.","Aug 4, 2025",10671,0
2023-06-23,8b3sTizy7N8,"재미로 하는 Vibe Coding - 🚀 Development에서 Production 까지 필요한 세팅들은 어떤것들이 있을까요? - CloudFront, CI/CD etc.","Aug 4, 2025",10671,0
2023-06-24,8b3sTizy7N8,"재미로 하는 Vibe Coding - 🚀 Development에서 Production 까지 필요한 세팅들은 어떤것들이 있을까요? - CloudFront, CI/CD etc.","Aug 4, 2025",10671,0
2023-06-25,8b3sTizy7N8,"재미로 하는 Vibe Coding - 🚀 Development에서 Production 까지 필요한 세팅들은 어떤것들이 있을까요? - CloudFront, CI/CD etc.","Aug 4, 2025",10671,0
2023-06-26,8b3sTizy7N8,"재미로 하는 Vibe Coding - 🚀 Development에서 Production 까지 필요한 세팅들은 어떤것들이 있을까요? - CloudFront, CI/CD etc.","Aug 4, 2025",10671,0
2023-06-27,8b3sTizy7N8,"재미로 하는 Vibe Coding - 🚀 Development에서 Production 까지 필요한 세팅들은 어떤것들이 있을까요? - CloudFront, CI/CD etc.","Aug 4, 2025",10671,0
2023-06-28,8b3sTizy7N8,"재미로 하는 Vibe Coding - 🚀 Development에서 Production 까지 필요한 세팅들은 어떤것들이 있을까요? - CloudFront, CI/CD etc.","Aug 4, 2025",10671,0
2023-06-29,8b3sTizy7N8,"재미로 하는 Vibe Coding - 🚀 Development에서 Production 까지 필요한 세팅들은 어떤것들이 있을까요? - CloudFront, CI/CD etc.","Aug 4, 2025",10671,0
2023-06-30,8b3sTizy7N8,"재미로 하는 Vibe Coding - 🚀 Development에서 Production 까지 필요한 세팅들은 어떤것들이 있을까요? - CloudFront, CI/CD etc.","Aug 4, 2025",10671,0
2023-07-01,8b3sTizy7N8,"재미로 하는 Vibe Coding - 🚀 Development에서 Production 까지 필요한 세팅들은 어떤것들이 있을까요? - CloudFront, CI/CD etc.","Aug 4, 2025",10671,0
2023-07-02,8b3sTizy7N8,"재미로 하는 Vibe Coding - 🚀 Development에서 Production 까지 필요한 세팅들은 어떤것들이 있을까요? - CloudFront, CI/CD etc.","Aug 4, 2025",10671,0
2023-07-03,8b3sTizy7N8,"재미로 하는 Vibe Coding - 🚀 Development에서 Production 까지 필요한 세팅들은 어떤것들이 있을까요? - CloudFront, CI/CD etc.","Aug 4, 2025",10671,0
2023-07-04,8b3sTizy7N8,"재미로 하는 Vibe Coding - 🚀 Development에서 Production 까지 필요한 세팅들은 어떤것들이 있을까요? - CloudFront, CI/CD etc.","Aug 4, 2025",10671,0
2023-07-05,8b3sTizy7N8,"재미로 하는 Vibe Coding - 🚀 Development에서 Production 까지 필요한 세팅들은 어떤것들이 있을까요? - CloudFront, CI/CD etc.","Aug 4, 2025",10671,0
2023-07-06,8b3sTizy7N8,"재미로 하는 Vibe Coding - 🚀 Development에서 Production 까지 필요한 세팅들은 어떤것들이 있을까요? - CloudFront, CI/CD etc.","Aug 4, 2025",10671,0
2023-07-07,8b3sTizy7N8,"재미로 하는 Vibe Coding - 🚀 Development에서 Production 까지 필요한 세팅들은 어떤것들이 있을까요? - CloudFront, CI/CD etc.","Aug 4, 2025",10671,0
2023-07-08,8b3sTizy7N8,"재미로 하는 Vibe Coding - 🚀 Development에서 Production 까지 필요한 세팅들은 어떤것들이 있을까요? - CloudFront, CI/CD etc.","Aug 4, 2025",10671,0
2023-07-09,8b3sTizy7N8,"재미로 하는 Vibe Coding - 🚀 Development에서 Production 까지 필요한 세팅들은 어떤것들이 있을까요? - CloudFront, CI/CD etc.","Aug 4, 2025",10671,0
2023-07-10,8b3sTizy7N8,"재미로 하는 Vibe Coding - 🚀 Development에서 Production 까지 필요한 세팅들은 어떤것들이 있을까요? - CloudFront, CI/CD etc.","Aug 4, 2025",10671,0
2023-07-11,8b3sTizy7N8,"재미로 하는 Vibe Coding - 🚀 Development에서 Production 까지 필요한 세팅들은 어떤것들이 있을까요? - CloudFront, CI/CD etc.","Aug 4, 2025",10671,0
2023-07-12,8b3sTizy7N8,"재미로 하는 Vibe Coding - 🚀 Development에서 Production 까지 필요한 세팅들은 어떤것들이 있을까요? - CloudFront, CI/CD etc.","Aug 4, 2025",10671,0
2023-07-13,8b3sTizy7N8,"재미로 하는 Vibe Coding - 🚀 Development에서 Production 까지 필요한 세팅들은 어떤것들이 있을까요? - CloudFront, CI/CD etc.","Aug 4, 2025",10671,0
2023-07-14,8b3sTizy7N8,"재미로 하는 Vibe Coding - 🚀 Development에서 Production 까지 필요한 세팅들은 어떤것들이 있을까요? - CloudFront, CI/CD etc.","Aug 4, 2025",10671,0
2023-07-15,8b3sTizy7N8,"재미로 하는 Vibe Coding - 🚀 Development에서 Production 까지 필요한 세팅들은 어떤것들이 있을까요? - CloudFront, CI/CD etc.","Aug 4, 2025",10671,0
2023-07-16,8b3sTizy7N8,"재미로 하는 Vibe Coding - 🚀 Development에서 Production 까지 필요한 세팅들은 어떤것들이 있을까요? - CloudFront, CI/CD etc.","Aug 4, 2025",10671,0
2023-07-17,8b3sTizy7N8,"재미로 하는 Vibe Coding - 🚀 Development에서 Production 까지 필요한 세팅들은 어떤것들이 있을까요? - CloudFront, CI/CD etc.","Aug 4, 2025",10671,0
2023-07-18,8b3sTizy7N8,"재미로 하는 Vibe Coding - 🚀 Development에서 Production 까지 필요한 세팅들은 어떤것들이 있을까요? - CloudFront, CI/CD etc.","Aug 4, 2025",10671,0
2023-07-19,8b3sTizy7N8,"재미로 하는 Vibe Coding - 🚀 Development에서 Production 까지 필요한 세팅들은 어떤것들이 있을까요? - CloudFront, CI/CD etc.","Aug 4, 2025",10671,0
2023-07-20,8b3sTizy7N8,"재미로 하는 Vibe Coding - 🚀 Development에서 Production 까지 필요한 세팅들은 어떤것들이 있을까요? - CloudFront, CI/CD etc.","Aug 4, 2025",10671,0
2023-07-21,8b3sTizy7N8,"재미로 하는 Vibe Coding - 🚀 Development에서 Production 까지 필요한 세팅들은 어떤것들이 있을까요? - CloudFront, CI/CD etc.","Aug 4, 2025",10671,0
2023-07-22,8b3sTizy7N8,"재미로 하는 Vibe Coding - 🚀 Development에서 Production 까지 필요한 세팅들은 어떤것들이 있을까요? - CloudFront, CI/CD etc.","Aug 4, 2025",10671,0
2023-07-23,8b3sTizy7N8,"재미로 하는 Vibe Coding - 🚀 Development에서 Production 까지 필요한 세팅들은 어떤것들이 있을까요? - CloudFront, CI/CD etc.","Aug 4, 2025",10671,0
2023-07-24,8b3sTizy7N8,"재미로 하는 Vibe Coding - 🚀 Development에서 Production 까지 필요한 세팅들은 어떤것들이 있을까요? - CloudFront, CI/CD etc.","Aug 4, 2025",10671,0
2023-07-25,8b3sTizy7N8,"재미로 하는 Vibe Coding - 🚀 Development에서 Production 까지 필요한 세팅들은 어떤것들이 있을까요? - CloudFront, CI/CD etc.","Aug 4, 2025",10671,0
2023-07-26,8b3sTizy7N8,"재미로 하는 Vibe Coding - 🚀 Development에서 Production 까지 필요한 세팅들은 어떤것들이 있을까요? - CloudFront, CI/CD etc.","Aug 4, 2025",10671,0
2023-07-27,8b3sTizy7N8,"재미로 하는 Vibe Coding - 🚀 Development에서 Production 까지 필요한 세팅들은 어떤것들이 있을까요? - CloudFront, CI/CD etc.","Aug 4, 2025",10671,0
2023-07-28,8b3sTizy7N8,"재미로 하는 Vibe Coding - 🚀 Development에서 Production 까지 필요한 세팅들은 어떤것들이 있을까요? - CloudFront, CI/CD etc.","Aug 4, 2025",10671,0
2023-07-29,8b3sTizy7N8,"재미로 하는 Vibe Coding - 🚀 Development에서 Production 까지 필요한 세팅들은 어떤것들이 있을까요? - CloudFront, CI/CD etc.","Aug 4, 2025",10671,0
2023-07-30,8b3sTizy7N8,"재미로 하는 Vibe Coding - 🚀 Development에서 Production 까지 필요한 세팅들은 어떤것들이 있을까요? - CloudFront, CI/CD etc.","Aug 4, 2025",10671,0
2023-07-31,8b3sTizy7N8,"재미로 하는 Vibe Coding - 🚀 Development에서 Production 까지 필요한 세팅들은 어떤것들이 있을까요? - CloudFront, CI/CD etc.","Aug 4, 2025",10671,0
2023-08-01,8b3sTizy7N8,"재미로 하는 Vibe Coding - 🚀 Development에서 Production 까지 필요한 세팅들은 어떤것들이 있을까요? - CloudFront, CI/CD etc.","Aug 4, 2025",10671,0
2023-08-02,8b3sTizy7N8,"재미로 하는 Vibe Coding - 🚀 Development에서 Production 까지 필요한 세팅들은 어떤것들이 있을까요? - CloudFront, CI/CD etc.","Aug 4, 2025",10671,0
2023-08-03,8b3sTizy7N8,"재미로 하는 Vibe Coding - 🚀 Development에서 Production 까지 필요한 세팅들은 어떤것들이 있을까요? - CloudFront, CI/CD etc.","Aug 4, 2025",10671,0
2023-08-04,8b3sTizy7N8,"재미로 하는 Vibe Coding - 🚀 Development에서 Production 까지 필요한 세팅들은 어떤것들이 있을까요? - CloudFront, CI/CD etc.","Aug 4, 2025",10671,0
2023-08-05,8b3sTizy7N8,"재미로 하는 Vibe Coding - 🚀 Development에서 Production 까지 필요한 세팅들은 어떤것들이 있을까요? - CloudFront, CI/CD etc.","Aug 4, 2025",10671,0
2023-08-06,8b3sTizy7N8,"재미로 하는 Vibe Coding - 🚀 Development에서 Production 까지 필요한 세팅들은 어떤것들이 있을까요? - CloudFront, CI/CD etc.","Aug 4, 2025",10671,0
2023-08-07,8b3sTizy7N8,"재미로 하는 Vibe Coding - 🚀 Development에서 Production 까지 필요한 세팅들은 어떤것들이 있을까요? - CloudFront, CI/CD etc.","Aug 4, 2025",10671,0
2023-08-08,8b3sTizy7N8,"재미로 하는 Vibe Coding - 🚀 Development에서 Production 까지 필요한 세팅들은 어떤것들이 있을까요? - CloudFront, CI/CD etc.","Aug 4, 2025",10671,0
2023-08-09,8b3sTizy7N8,"재미로 하는 Vibe Coding - 🚀 Development에서 Production 까지 필요한 세팅들은 어떤것들이 있을까요? - CloudFront, CI/CD etc.","Aug 4, 2025",10671,0
2023-08-10,8b3sTizy7N8,"재미로 하는 Vibe Coding - 🚀 Development에서 Production 까지 필요한 세팅들은 어떤것들이 있을까요? - CloudFront, CI/CD etc.","Aug 4, 2025",10671,0
2023-08-11,8b3sTizy7N8,"재미로 하는 Vibe Coding - 🚀 Development에서 Production 까지 필요한 세팅들은 어떤것들이 있을까요? - CloudFront, CI/CD etc.","Aug 4, 2025",10671,0
2023-08-12,8b3sTizy7N8,"재미로 하는 Vibe Coding - 🚀 Development에서 Production 까지 필요한 세팅들은 어떤것들이 있을까요? - CloudFront, CI/CD etc.","Aug 4, 2025",10671,0
2023-08-13,8b3sTizy7N8,"재미로 하는 Vibe Coding - 🚀 Development에서 Production 까지 필요한 세팅들은 어떤것들이 있을까요? - CloudFront, CI/CD etc.","Aug 4, 2025",10671,0
2023-08-14,8b3sTizy7N8,"재미로 하는 Vibe Coding - 🚀 Development에서 Production 까지 필요한 세팅들은 어떤것들이 있을까요? - CloudFront, CI/CD etc.","Aug 4, 2025",10671,0
2023-08-15,8b3sTizy7N8,"재미로 하는 Vibe Coding - 🚀 Development에서 Production 까지 필요한 세팅들은 어떤것들이 있을까요? - CloudFront, CI/CD etc.","Aug 4, 2025",10671,0
2023-08-16,8b3sTizy7N8,"재미로 하는 Vibe Coding - 🚀 Development에서 Production 까지 필요한 세팅들은 어떤것들이 있을까요? - CloudFront, CI/CD etc.","Aug 4, 2025",10671,0
2023-08-17,8b3sTizy7N8,"재미로 하는 Vibe Coding - 🚀 Development에서 Production 까지 필요한 세팅들은 어떤것들이 있을까요? - CloudFront, CI/CD etc.","Aug 4, 2025",10671,0
2023-08-18,8b3sTizy7N8,"재미로 하는 Vibe Coding - 🚀 Development에서 Production 까지 필요한 세팅들은 어떤것들이 있을까요? - CloudFront, CI/CD etc.","Aug 4, 2025",10671,0
2023-08-19,8b3sTizy7N8,"재미로 하는 Vibe Coding - 🚀 Development에서 Production 까지 필요한 세팅들은 어떤것들이 있을까요? - CloudFront, CI/CD etc.","Aug 4, 2025",10671,0
2023-08-20,8b3sTizy7N8,"재미로 하는 Vibe Coding - 🚀 Development에서 Production 까지 필요한 세팅들은 어떤것들이 있을까요? - CloudFront, CI/CD etc.","Aug 4, 2025",10671,0
2023-08-21,8b3sTizy7N8,"재미로 하는 Vibe Coding - 🚀 Development에서 Production 까지 필요한 세팅들은 어떤것들이 있을까요? - CloudFront, CI/CD etc.","Aug 4, 2025",10671,0
2023-08-22,8b3sTizy7N8,"재미로 하는 Vibe Coding - 🚀 Development에서 Production 까지 필요한 세팅들은 어떤것들이 있을까요? - CloudFront, CI/CD etc.","Aug 4, 2025",10671,0
2023-08-23,8b3sTizy7N8,"재미로 하는 Vibe Coding - 🚀 Development에서 Production 까지 필요한 세팅들은 어떤것들이 있을까요? - CloudFront, CI/CD etc.","Aug 4, 2025",10671,0
2023-08-24,8b3sTizy7N8,"재미로 하는 Vibe Coding - 🚀 Development에서 Production 까지 필요한 세팅들은 어떤것들이 있을까요? - CloudFront, CI/CD etc.","Aug 4, 2025",10671,0
2023-08-25,8b3sTizy7N8,"재미로 하는 Vibe Coding - 🚀 Development에서 Production 까지 필요한 세팅들은 어떤것들이 있을까요? - CloudFront, CI/CD etc.","Aug 4, 2025",10671,0
2023-08-26,8b3sTizy7N8,"재미로 하는 Vibe Coding - 🚀 Development에서 Production 까지 필요한 세팅들은 어떤것들이 있을까요? - CloudFront, CI/CD etc.","Aug 4, 2025",10671,0
2023-08-27,8b3sTizy7N8,"재미로 하는 Vibe Coding - 🚀 Development에서 Production 까지 필요한 세팅들은 어떤것들이 있을까요? - CloudFront, CI/CD etc.","Aug 4, 2025",10671,0
2023-08-28,8b3sTizy7N8,"재미로 하는 Vibe Coding - 🚀 Development에서 Production 까지 필요한 세팅들은 어떤것들이 있을까요? - CloudFront, CI/CD etc.","Aug 4, 2025",10671,0
2023-08-29,8b3sTizy7N8,"재미로 하는 Vibe Coding - 🚀 Development에서 Production 까지 필요한 세팅들은 어떤것들이 있을까요? - CloudFront, CI/CD etc.","Aug 4, 2025",10671,0
2023-08-30,8b3sTizy7N8,"재미로 하는 Vibe Coding - 🚀 Development에서 Production 까지 필요한 세팅들은 어떤것들이 있을까요? - CloudFront, CI/CD etc.","Aug 4, 2025",10671,0
2023-08-31,8b3sTizy7N8,"재미로 하는 Vibe Coding - 🚀 Development에서 Production 까지 필요한 세팅들은 어떤것들이 있을까요? - CloudFront, CI/CD etc.","Aug 4, 2025",10671,0
2023-09-01,8b3sTizy7N8,"재미로 하는 Vibe Coding - 🚀 Development에서 Production 까지 필요한 세팅들은 어떤것들이 있을까요? - CloudFront, CI/CD etc.","Aug 4, 2025",10671,0
2023-09-02,8b3sTizy7N8,"재미로 하는 Vibe Coding - 🚀 Development에서 Production 까지 필요한 세팅들은 어떤것들이 있을까요? - CloudFront, CI/CD etc.","Aug 4, 2025",10671,0
2023-09-03,8b3sTizy7N8,"재미로 하는 Vibe Coding - 🚀 Development에서 Production 까지 필요한 세팅들은 어떤것들이 있을까요? - CloudFront, CI/CD etc.","Aug 4, 2025",10671,0
2023-09-04,8b3sTizy7N8,"재미로 하는 Vibe Coding - 🚀 Development에서 Production 까지 필요한 세팅들은 어떤것들이 있을까요? - CloudFront, CI/CD etc.","Aug 4, 2025",10671,0
2023-09-05,8b3sTizy7N8,"재미로 하는 Vibe Coding - 🚀 Development에서 Production 까지 필요한 세팅들은 어떤것들이 있을까요? - CloudFront, CI/CD etc.","Aug 4, 2025",10671,0
2023-09-06,8b3sTizy7N8,"재미로 하는 Vibe Coding - 🚀 Development에서 Production 까지 필요한 세팅들은 어떤것들이 있을까요? - CloudFront, CI/CD etc.","Aug 4, 2025",10671,0
2023-09-07,8b3sTizy7N8,"재미로 하는 Vibe Coding - 🚀 Development에서 Production 까지 필요한 세팅들은 어떤것들이 있을까요? - CloudFront, CI/CD etc.","Aug 4, 2025",10671,0
2023-09-08,8b3sTizy7N8,"재미로 하는 Vibe Coding - 🚀 Development에서 Production 까지 필요한 세팅들은 어떤것들이 있을까요? - CloudFront, CI/CD etc.","Aug 4, 2025",10671,0
2023-09-09,8b3sTizy7N8,"재미로 하는 Vibe Coding - 🚀 Development에서 Production 까지 필요한 세팅들은 어떤것들이 있을까요? - CloudFront, CI/CD etc.","Aug 4, 2025",10671,0
2023-09-10,8b3sTizy7N8,"재미로 하는 Vibe Coding - 🚀 Development에서 Production 까지 필요한 세팅들은 어떤것들이 있을까요? - CloudFront, CI/CD etc.","Aug 4, 2025",10671,0
2023-09-11,8b3sTizy7N8,"재미로 하는 Vibe Coding - 🚀 Development에서 Production 까지 필요한 세팅들은 어떤것들이 있을까요? - CloudFront, CI/CD etc.","Aug 4, 2025",10671,0
2023-09-12,8b3sTizy7N8,"재미로 하는 Vibe Coding - 🚀 Development에서 Production 까지 필요한 세팅들은 어떤것들이 있을까요? - CloudFront, CI/CD etc.","Aug 4, 2025",10671,0
2023-09-13,8b3sTizy7N8,"재미로 하는 Vibe Coding - 🚀 Development에서 Production 까지 필요한 세팅들은 어떤것들이 있을까요? - CloudFront, CI/CD etc.","Aug 4, 2025",10671,0
2023-09-14,8b3sTizy7N8,"재미로 하는 Vibe Coding - 🚀 Development에서 Production 까지 필요한 세팅들은 어떤것들이 있을까요? - CloudFront, CI/CD etc.","Aug 4, 2025",10671,0
2023-09-15,8b3sTizy7N8,"재미로 하는 Vibe Coding - 🚀 Development에서 Production 까지 필요한 세팅들은 어떤것들이 있을까요? - CloudFront, CI/CD etc.","Aug 4, 2025",10671,0
2023-09-16,8b3sTizy7N8,"재미로 하는 Vibe Coding - 🚀 Development에서 Production 까지 필요한 세팅들은 어떤것들이 있을까요? - CloudFront, CI/CD etc.","Aug 4, 2025",10671,0
2023-09-17,8b3sTizy7N8,"재미로 하는 Vibe Coding - 🚀 Development에서 Production 까지 필요한 세팅들은 어떤것들이 있을까요? - CloudFront, CI/CD etc.","Aug 4, 2025",10671,0
2023-09-18,8b3sTizy7N8,"재미로 하는 Vibe Coding - 🚀 Development에서 Production 까지 필요한 세팅들은 어떤것들이 있을까요? - CloudFront, CI/CD etc.","Aug 4, 2025",10671,0
2023-09-19,8b3sTizy7N8,"재미로 하는 Vibe Coding - 🚀 Development에서 Production 까지 필요한 세팅들은 어떤것들이 있을까요? - CloudFront, CI/CD etc.","Aug 4, 2025",10671,0
2023-09-20,8b3sTizy7N8,"재미로 하는 Vibe Coding - 🚀 Development에서 Production 까지 필요한 세팅들은 어떤것들이 있을까요? - CloudFront, CI/CD etc.","Aug 4, 2025",10671,0
2023-09-21,8b3sTizy7N8,"재미로 하는 Vibe Coding - 🚀 Development에서 Production 까지 필요한 세팅들은 어떤것들이 있을까요? - CloudFront, CI/CD etc.","Aug 4, 2025",10671,0
2023-09-22,8b3sTizy7N8,"재미로 하는 Vibe Coding - 🚀 Development에서 Production 까지 필요한 세팅들은 어떤것들이 있을까요? - CloudFront, CI/CD etc.","Aug 4, 2025",10671,0
2023-09-23,8b3sTizy7N8,"재미로 하는 Vibe Coding - 🚀 Development에서 Production 까지 필요한 세팅들은 어떤것들이 있을까요? - CloudFront, CI/CD etc.","Aug 4, 2025",10671,0
2023-09-24,8b3sTizy7N8,"재미로 하는 Vibe Coding - 🚀 Development에서 Production 까지 필요한 세팅들은 어떤것들이 있을까요? - CloudFront, CI/CD etc.","Aug 4, 2025",10671,0
2023-09-25,8b3sTizy7N8,"재미로 하는 Vibe Coding - 🚀 Development에서 Production 까지 필요한 세팅들은 어떤것들이 있을까요? - CloudFront, CI/CD etc.","Aug 4, 2025",10671,0
2023-09-26,8b3sTizy7N8,"재미로 하는 Vibe Coding - 🚀 Development에서 Production 까지 필요한 세팅들은 어떤것들이 있을까요? - CloudFront, CI/CD etc.","Aug 4, 2025",10671,0
2023-09-27,8b3sTizy7N8,"재미로 하는 Vibe Coding - 🚀 Development에서 Production 까지 필요한 세팅들은 어떤것들이 있을까요? - CloudFront, CI/CD etc.","Aug 4, 2025",10671,0
2023-09-28,8b3sTizy7N8,"재미로 하는 Vibe Coding - 🚀 Development에서 Production 까지 필요한 세팅들은 어떤것들이 있을까요? - CloudFront, CI/CD etc.","Aug 4, 2025",10671,0
2023-09-29,8b3sTizy7N8,"재미로 하는 Vibe Coding - 🚀 Development에서 Production 까지 필요한 세팅들은 어떤것들이 있을까요? - CloudFront, CI/CD etc.","Aug 4, 2025",10671,0
2023-09-30,8b3sTizy7N8,"재미로 하는 Vibe Coding - 🚀 Development에서 Production 까지 필요한 세팅들은 어떤것들이 있을까요? - CloudFront, CI/CD etc.","Aug 4, 2025",10671,0
2023-10-01,8b3sTizy7N8,"재미로 하는 Vibe Coding - 🚀 Development에서 Production 까지 필요한 세팅들은 어떤것들이 있을까요? - CloudFront, CI/CD etc.","Aug 4, 2025",10671,0
2023-10-02,8b3sTizy7N8,"재미로 하는 Vibe Coding - 🚀 Development에서 Production 까지 필요한 세팅들은 어떤것들이 있을까요? - CloudFront, CI/CD etc.","Aug 4, 2025",10671,0
2023-10-03,8b3sTizy7N8,"재미로 하는 Vibe Coding - 🚀 Development에서 Production 까지 필요한 세팅들은 어떤것들이 있을까요? - CloudFront, CI/CD etc.","Aug 4, 2025",10671,0
2023-10-04,8b3sTizy7N8,"재미로 하는 Vibe Coding - 🚀 Development에서 Production 까지 필요한 세팅들은 어떤것들이 있을까요? - CloudFront, CI/CD etc.","Aug 4, 2025",10671,0
2023-10-05,8b3sTizy7N8,"재미로 하는 Vibe Coding - 🚀 Development에서 Production 까지 필요한 세팅들은 어떤것들이 있을까요? - CloudFront, CI/CD etc.","Aug 4, 2025",10671,0
2023-10-06,8b3sTizy7N8,"재미로 하는 Vibe Coding - 🚀 Development에서 Production 까지 필요한 세팅들은 어떤것들이 있을까요? - CloudFront, CI/CD etc.","Aug 4, 2025",10671,0
2023-10-07,8b3sTizy7N8,"재미로 하는 Vibe Coding - 🚀 Development에서 Production 까지 필요한 세팅들은 어떤것들이 있을까요? - CloudFront, CI/CD etc.","Aug 4, 2025",10671,0
2023-10-08,8b3sTizy7N8,"재미로 하는 Vibe Coding - 🚀 Development에서 Production 까지 필요한 세팅들은 어떤것들이 있을까요? - CloudFront, CI/CD etc.","Aug 4, 2025",10671,0
2023-10-09,8b3sTizy7N8,"재미로 하는 Vibe Coding - 🚀 Development에서 Production 까지 필요한 세팅들은 어떤것들이 있을까요? - CloudFront, CI/CD etc.","Aug 4, 2025",10671,0
2023-10-10,8b3sTizy7N8,"재미로 하는 Vibe Coding - 🚀 Development에서 Production 까지 필요한 세팅들은 어떤것들이 있을까요? - CloudFront, CI/CD etc.","Aug 4, 2025",10671,0
2023-10-11,8b3sTizy7N8,"재미로 하는 Vibe Coding - 🚀 Development에서 Production 까지 필요한 세팅들은 어떤것들이 있을까요? - CloudFront, CI/CD etc.","Aug 4, 2025",10671,0
2023-10-12,8b3sTizy7N8,"재미로 하는 Vibe Coding - 🚀 Development에서 Production 까지 필요한 세팅들은 어떤것들이 있을까요? - CloudFront, CI/CD etc.","Aug 4, 2025",10671,0
2023-10-13,8b3sTizy7N8,"재미로 하는 Vibe Coding - 🚀 Development에서 Production 까지 필요한 세팅들은 어떤것들이 있을까요? - CloudFront, CI/CD etc.","Aug 4, 2025",10671,0
2023-10-14,8b3sTizy7N8,"재미로 하는 Vibe Coding - 🚀 Development에서 Production 까지 필요한 세팅들은 어떤것들이 있을까요? - CloudFront, CI/CD etc.","Aug 4, 2025",10671,0
2023-10-15,8b3sTizy7N8,"재미로 하는 Vibe Coding - 🚀 Development에서 Production 까지 필요한 세팅들은 어떤것들이 있을까요? - CloudFront, CI/CD etc.","Aug 4, 2025",10671,0
2023-10-16,8b3sTizy7N8,"재미로 하는 Vibe Coding - 🚀 Development에서 Production 까지 필요한 세팅들은 어떤것들이 있을까요? - CloudFront, CI/CD etc.","Aug 4, 2025",10671,0
2023-10-17,8b3sTizy7N8,"재미로 하는 Vibe Coding - 🚀 Development에서 Production 까지 필요한 세팅들은 어떤것들이 있을까요? - CloudFront, CI/CD etc.","Aug 4, 2025",10671,0
2023-10-18,8b3sTizy7N8,"재미로 하는 Vibe Coding - 🚀 Development에서 Production 까지 필요한 세팅들은 어떤것들이 있을까요? - CloudFront, CI/CD etc.","Aug 4, 2025",10671,0
2023-10-19,8b3sTizy7N8,"재미로 하는 Vibe Coding - 🚀 Development에서 Production 까지 필요한 세팅들은 어떤것들이 있을까요? - CloudFront, CI/CD etc.","Aug 4, 2025",10671,0
2023-10-20,8b3sTizy7N8,"재미로 하는 Vibe Coding - 🚀 Development에서 Production 까지 필요한 세팅들은 어떤것들이 있을까요? - CloudFront, CI/CD etc.","Aug 4, 2025",10671,0
2023-10-21,8b3sTizy7N8,"재미로 하는 Vibe Coding - 🚀 Development에서 Production 까지 필요한 세팅들은 어떤것들이 있을까요? - CloudFront, CI/CD etc.","Aug 4, 2025",10671,0
2023-10-22,8b3sTizy7N8,"재미로 하는 Vibe Coding - 🚀 Development에서 Production 까지 필요한 세팅들은 어떤것들이 있을까요? - CloudFront, CI/CD etc.","Aug 4, 2025",10671,0
2023-10-23,8b3sTizy7N8,"재미로 하는 Vibe Coding - 🚀 Development에서 Production 까지 필요한 세팅들은 어떤것들이 있을까요? - CloudFront, CI/CD etc.","Aug 4, 2025",10671,0
2023-10-24,8b3sTizy7N8,"재미로 하는 Vibe Coding - 🚀 Development에서 Production 까지 필요한 세팅들은 어떤것들이 있을까요? - CloudFront, CI/CD etc.","Aug 4, 2025",10671,0
2023-10-25,8b3sTizy7N8,"재미로 하는 Vibe Coding - 🚀 Development에서 Production 까지 필요한 세팅들은 어떤것들이 있을까요? - CloudFront, CI/CD etc.","Aug 4, 2025",10671,0
2023-10-26,8b3sTizy7N8,"재미로 하는 Vibe Coding - 🚀 Development에서 Production 까지 필요한 세팅들은 어떤것들이 있을까요? - CloudFront, CI/CD etc.","Aug 4, 2025",10671,0
2023-10-27,8b3sTizy7N8,"재미로 하는 Vibe Coding - 🚀 Development에서 Production 까지 필요한 세팅들은 어떤것들이 있을까요? - CloudFront, CI/CD etc.","Aug 4, 2025",10671,0
2023-10-28,8b3sTizy7N8,"재미로 하는 Vibe Coding - 🚀 Development에서 Production 까지 필요한 세팅들은 어떤것들이 있을까요? - CloudFront, CI/CD etc.","Aug 4, 2025",10671,0
2023-10-29,8b3sTizy7N8,"재미로 하는 Vibe Coding - 🚀 Development에서 Production 까지 필요한 세팅들은 어떤것들이 있을까요? - CloudFront, CI/CD etc.","Aug 4, 2025",10671,0
2023-10-30,8b3sTizy7N8,"재미로 하는 Vibe Coding - 🚀 Development에서 Production 까지 필요한 세팅들은 어떤것들이 있을까요? - CloudFront, CI/CD etc.","Aug 4, 2025",10671,0
2023-10-31,8b3sTizy7N8,"재미로 하는 Vibe Coding - 🚀 Development에서 Production 까지 필요한 세팅들은 어떤것들이 있을까요? - CloudFront, CI/CD etc.","Aug 4, 2025",10671,0
2023-11-01,8b3sTizy7N8,"재미로 하는 Vibe Coding - 🚀 Development에서 Production 까지 필요한 세팅들은 어떤것들이 있을까요? - CloudFront, CI/CD etc.","Aug 4, 2025",10671,0
2023-11-02,8b3sTizy7N8,"재미로 하는 Vibe Coding - 🚀 Development에서 Production 까지 필요한 세팅들은 어떤것들이 있을까요? - CloudFront, CI/CD etc.","Aug 4, 2025",10671,0
2023-11-03,8b3sTizy7N8,"재미로 하는 Vibe Coding - 🚀 Development에서 Production 까지 필요한 세팅들은 어떤것들이 있을까요? - CloudFront, CI/CD etc.","Aug 4, 2025",10671,0
2023-11-04,8b3sTizy7N8,"재미로 하는 Vibe Coding - 🚀 Development에서 Production 까지 필요한 세팅들은 어떤것들이 있을까요? - CloudFront, CI/CD etc.","Aug 4, 2025",10671,0
2023-11-05,8b3sTizy7N8,"재미로 하는 Vibe Coding - 🚀 Development에서 Production 까지 필요한 세팅들은 어떤것들이 있을까요? - CloudFront, CI/CD etc.","Aug 4, 2025",10671,0
2023-11-06,8b3sTizy7N8,"재미로 하는 Vibe Coding - 🚀 Development에서 Production 까지 필요한 세팅들은 어떤것들이 있을까요? - CloudFront, CI/CD etc.","Aug 4, 2025",10671,0
2023-11-07,8b3sTizy7N8,"재미로 하는 Vibe Coding - 🚀 Development에서 Production 까지 필요한 세팅들은 어떤것들이 있을까요? - CloudFront, CI/CD etc.","Aug 4, 2025",10671,0
2023-11-08,8b3sTizy7N8,"재미로 하는 Vibe Coding - 🚀 Development에서 Production 까지 필요한 세팅들은 어떤것들이 있을까요? - CloudFront, CI/CD etc.","Aug 4, 2025",10671,0
2023-11-09,8b3sTizy7N8,"재미로 하는 Vibe Coding - 🚀 Development에서 Production 까지 필요한 세팅들은 어떤것들이 있을까요? - CloudFront, CI/CD etc.","Aug 4, 2025",10671,0
2023-11-10,8b3sTizy7N8,"재미로 하는 Vibe Coding - 🚀 Development에서 Production 까지 필요한 세팅들은 어떤것들이 있을까요? - CloudFront, CI/CD etc.","Aug 4, 2025",10671,0
2023-11-11,8b3sTizy7N8,"재미로 하는 Vibe Coding - 🚀 Development에서 Production 까지 필요한 세팅들은 어떤것들이 있을까요? - CloudFront, CI/CD etc.","Aug 4, 2025",10671,0
2023-11-12,8b3sTizy7N8,"재미로 하는 Vibe Coding - 🚀 Development에서 Production 까지 필요한 세팅들은 어떤것들이 있을까요? - CloudFront, CI/CD etc.","Aug 4, 2025",10671,0
2023-11-13,8b3sTizy7N8,"재미로 하는 Vibe Coding - 🚀 Development에서 Production 까지 필요한 세팅들은 어떤것들이 있을까요? - CloudFront, CI/CD etc.","Aug 4, 2025",10671,0
2023-11-14,8b3sTizy7N8,"재미로 하는 Vibe Coding - 🚀 Development에서 Production 까지 필요한 세팅들은 어떤것들이 있을까요? - CloudFront, CI/CD etc.","Aug 4, 2025",10671,0
2023-11-15,8b3sTizy7N8,"재미로 하는 Vibe Coding - 🚀 Development에서 Production 까지 필요한 세팅들은 어떤것들이 있을까요? - CloudFront, CI/CD etc.","Aug 4, 2025",10671,0
2023-11-16,8b3sTizy7N8,"재미로 하는 Vibe Coding - 🚀 Development에서 Production 까지 필요한 세팅들은 어떤것들이 있을까요? - CloudFront, CI/CD etc.","Aug 4, 2025",10671,0
2023-11-17,8b3sTizy7N8,"재미로 하는 Vibe Coding - 🚀 Development에서 Production 까지 필요한 세팅들은 어떤것들이 있을까요? - CloudFront, CI/CD etc.","Aug 4, 2025",10671,0
2023-11-18,8b3sTizy7N8,"재미로 하는 Vibe Coding - 🚀 Development에서 Production 까지 필요한 세팅들은 어떤것들이 있을까요? - CloudFront, CI/CD etc.","Aug 4, 2025",10671,0
2023-11-19,8b3sTizy7N8,"재미로 하는 Vibe Coding - 🚀 Development에서 Production 까지 필요한 세팅들은 어떤것들이 있을까요? - CloudFront, CI/CD etc.","Aug 4, 2025",10671,0
2023-11-20,8b3sTizy7N8,"재미로 하는 Vibe Coding - 🚀 Development에서 Production 까지 필요한 세팅들은 어떤것들이 있을까요? - CloudFront, CI/CD etc.","Aug 4, 2025",10671,0
2023-11-21,8b3sTizy7N8,"재미로 하는 Vibe Coding - 🚀 Development에서 Production 까지 필요한 세팅들은 어떤것들이 있을까요? - CloudFront, CI/CD etc.","Aug 4, 2025",10671,0
2023-11-22,8b3sTizy7N8,"재미로 하는 Vibe Coding - 🚀 Development에서 Production 까지 필요한 세팅들은 어떤것들이 있을까요? - CloudFront, CI/CD etc.","Aug 4, 2025",10671,0
2023-11-23,8b3sTizy7N8,"재미로 하는 Vibe Coding - 🚀 Development에서 Production 까지 필요한 세팅들은 어떤것들이 있을까요? - CloudFront, CI/CD etc.","Aug 4, 2025",10671,0
2023-11-24,8b3sTizy7N8,"재미로 하는 Vibe Coding - 🚀 Development에서 Production 까지 필요한 세팅들은 어떤것들이 있을까요? - CloudFront, CI/CD etc.","Aug 4, 2025",10671,0
2023-11-25,8b3sTizy7N8,"재미로 하는 Vibe Coding - 🚀 Development에서 Production 까지 필요한 세팅들은 어떤것들이 있을까요? - CloudFront, CI/CD etc.","Aug 4, 2025",10671,0
2023-11-26,8b3sTizy7N8,"재미로 하는 Vibe Coding - 🚀 Development에서 Production 까지 필요한 세팅들은 어떤것들이 있을까요? - CloudFront, CI/CD etc.","Aug 4, 2025",10671,0
2023-11-27,8b3sTizy7N8,"재미로 하는 Vibe Coding - 🚀 Development에서 Production 까지 필요한 세팅들은 어떤것들이 있을까요? - CloudFront, CI/CD etc.","Aug 4, 2025",10671,0
2023-11-28,8b3sTizy7N8,"재미로 하는 Vibe Coding - 🚀 Development에서 Production 까지 필요한 세팅들은 어떤것들이 있을까요? - CloudFront, CI/CD etc.","Aug 4, 2025",10671,0
2023-11-29,8b3sTizy7N8,"재미로 하는 Vibe Coding - 🚀 Development에서 Production 까지 필요한 세팅들은 어떤것들이 있을까요? - CloudFront, CI/CD etc.","Aug 4, 2025",10671,0
2023-11-30,8b3sTizy7N8,"재미로 하는 Vibe Coding - 🚀 Development에서 Production 까지 필요한 세팅들은 어떤것들이 있을까요? - CloudFront, CI/CD etc.","Aug 4, 2025",10671,0
2023-12-01,8b3sTizy7N8,"재미로 하는 Vibe Coding - 🚀 Development에서 Production 까지 필요한 세팅들은 어떤것들이 있을까요? - CloudFront, CI/CD etc.","Aug 4, 2025",10671,0
2023-12-02,8b3sTizy7N8,"재미로 하는 Vibe Coding - 🚀 Development에서 Production 까지 필요한 세팅들은 어떤것들이 있을까요? - CloudFront, CI/CD etc.","Aug 4, 2025",10671,0
2023-12-03,8b3sTizy7N8,"재미로 하는 Vibe Coding - 🚀 Development에서 Production 까지 필요한 세팅들은 어떤것들이 있을까요? - CloudFront, CI/CD etc.","Aug 4, 2025",10671,0
2023-12-04,8b3sTizy7N8,"재미로 하는 Vibe Coding - 🚀 Development에서 Production 까지 필요한 세팅들은 어떤것들이 있을까요? - CloudFront, CI/CD etc.","Aug 4, 2025",10671,0
2023-12-05,8b3sTizy7N8,"재미로 하는 Vibe Coding - 🚀 Development에서 Production 까지 필요한 세팅들은 어떤것들이 있을까요? - CloudFront, CI/CD etc.","Aug 4, 2025",10671,0
2023-12-06,8b3sTizy7N8,"재미로 하는 Vibe Coding - 🚀 Development에서 Production 까지 필요한 세팅들은 어떤것들이 있을까요? - CloudFront, CI/CD etc.","Aug 4, 2025",10671,0
2023-12-07,8b3sTizy7N8,"재미로 하는 Vibe Coding - 🚀 Development에서 Production 까지 필요한 세팅들은 어떤것들이 있을까요? - CloudFront, CI/CD etc.","Aug 4, 2025",10671,0
2023-12-08,8b3sTizy7N8,"재미로 하는 Vibe Coding - 🚀 Development에서 Production 까지 필요한 세팅들은 어떤것들이 있을까요? - CloudFront, CI/CD etc.","Aug 4, 2025",10671,0
2023-12-09,8b3sTizy7N8,"재미로 하는 Vibe Coding - 🚀 Development에서 Production 까지 필요한 세팅들은 어떤것들이 있을까요? - CloudFront, CI/CD etc.","Aug 4, 2025",10671,0
2023-12-10,8b3sTizy7N8,"재미로 하는 Vibe Coding - 🚀 Development에서 Production 까지 필요한 세팅들은 어떤것들이 있을까요? - CloudFront, CI/CD etc.","Aug 4, 2025",10671,0
2023-12-11,8b3sTizy7N8,"재미로 하는 Vibe Coding - 🚀 Development에서 Production 까지 필요한 세팅들은 어떤것들이 있을까요? - CloudFront, CI/CD etc.","Aug 4, 2025",10671,0
2023-12-12,8b3sTizy7N8,"재미로 하는 Vibe Coding - 🚀 Development에서 Production 까지 필요한 세팅들은 어떤것들이 있을까요? - CloudFront, CI/CD etc.","Aug 4, 2025",10671,0
2023-12-13,8b3sTizy7N8,"재미로 하는 Vibe Coding - 🚀 Development에서 Production 까지 필요한 세팅들은 어떤것들이 있을까요? - CloudFront, CI/CD etc.","Aug 4, 2025",10671,0
2023-12-14,8b3sTizy7N8,"재미로 하는 Vibe Coding - 🚀 Development에서 Production 까지 필요한 세팅들은 어떤것들이 있을까요? - CloudFront, CI/CD etc.","Aug 4, 2025",10671,0
2023-12-15,8b3sTizy7N8,"재미로 하는 Vibe Coding - 🚀 Development에서 Production 까지 필요한 세팅들은 어떤것들이 있을까요? - CloudFront, CI/CD etc.","Aug 4, 2025",10671,0
2023-12-16,8b3sTizy7N8,"재미로 하는 Vibe Coding - 🚀 Development에서 Production 까지 필요한 세팅들은 어떤것들이 있을까요? - CloudFront, CI/CD etc.","Aug 4, 2025",10671,0
2023-12-17,8b3sTizy7N8,"재미로 하는 Vibe Coding - 🚀 Development에서 Production 까지 필요한 세팅들은 어떤것들이 있을까요? - CloudFront, CI/CD etc.","Aug 4, 2025",10671,0
2023-12-18,8b3sTizy7N8,"재미로 하는 Vibe Coding - 🚀 Development에서 Production 까지 필요한 세팅들은 어떤것들이 있을까요? - CloudFront, CI/CD etc.","Aug 4, 2025",10671,0
2023-12-19,8b3sTizy7N8,"재미로 하는 Vibe Coding - 🚀 Development에서 Production 까지 필요한 세팅들은 어떤것들이 있을까요? - CloudFront, CI/CD etc.","Aug 4, 2025",10671,0
2023-12-20,8b3sTizy7N8,"재미로 하는 Vibe Coding - 🚀 Development에서 Production 까지 필요한 세팅들은 어떤것들이 있을까요? - CloudFront, CI/CD etc.","Aug 4, 2025",10671,0
2023-12-21,8b3sTizy7N8,"재미로 하는 Vibe Coding - 🚀 Development에서 Production 까지 필요한 세팅들은 어떤것들이 있을까요? - CloudFront, CI/CD etc.","Aug 4, 2025",10671,0
2023-12-22,8b3sTizy7N8,"재미로 하는 Vibe Coding - 🚀 Development에서 Production 까지 필요한 세팅들은 어떤것들이 있을까요? - CloudFront, CI/CD etc.","Aug 4, 2025",10671,0
2023-12-23,8b3sTizy7N8,"재미로 하는 Vibe Coding - 🚀 Development에서 Production 까지 필요한 세팅들은 어떤것들이 있을까요? - CloudFront, CI/CD etc.","Aug 4, 2025",10671,0
2023-12-24,8b3sTizy7N8,"재미로 하는 Vibe Coding - 🚀 Development에서 Production 까지 필요한 세팅들은 어떤것들이 있을까요? - CloudFront, CI/CD etc.","Aug 4, 2025",10671,0
2023-12-25,8b3sTizy7N8,"재미로 하는 Vibe Coding - 🚀 Development에서 Production 까지 필요한 세팅들은 어떤것들이 있을까요? - CloudFront, CI/CD etc.","Aug 4, 2025",10671,0
2023-12-26,8b3sTizy7N8,"재미로 하는 Vibe Coding - 🚀 Development에서 Production 까지 필요한 세팅들은 어떤것들이 있을까요? - CloudFront, CI/CD etc.","Aug 4, 2025",10671,0
2023-12-27,8b3sTizy7N8,"재미로 하는 Vibe Coding - 🚀 Development에서 Production 까지 필요한 세팅들은 어떤것들이 있을까요? - CloudFront, CI/CD etc.","Aug 4, 2025",10671,0
2023-12-28,8b3sTizy7N8,"재미로 하는 Vibe Coding - 🚀 Development에서 Production 까지 필요한 세팅들은 어떤것들이 있을까요? - CloudFront, CI/CD etc.","Aug 4, 2025",10671,0
2023-12-29,8b3sTizy7N8,"재미로 하는 Vibe Coding - 🚀 Development에서 Production 까지 필요한 세팅들은 어떤것들이 있을까요? - CloudFront, CI/CD etc.","Aug 4, 2025",10671,0
2023-12-30,8b3sTizy7N8,"재미로 하는 Vibe Coding - 🚀 Development에서 Production 까지 필요한 세팅들은 어떤것들이 있을까요? - CloudFront, CI/CD etc.","Aug 4, 2025",10671,0
2023-12-31,8b3sTizy7N8,"재미로 하는 Vibe Coding - 🚀 Development에서 Production 까지 필요한 세팅들은 어떤것들이 있을까요? - CloudFront, CI/CD etc.","Aug 4, 2025",10671,0
2024-01-01,8b3sTizy7N8,"재미로 하는 Vibe Coding - 🚀 Development에서 Production 까지 필요한 세팅들은 어떤것들이 있을까요? - CloudFront, CI/CD etc.","Aug 4, 2025",10671,0
2024-01-02,8b3sTizy7N8,"재미로 하는 Vibe Coding - 🚀 Development에서 Production 까지 필요한 세팅들은 어떤것들이 있을까요? - CloudFront, CI/CD etc.","Aug 4, 2025",10671,0
2024-01-03,8b3sTizy7N8,"재미로 하는 Vibe Coding - 🚀 Development에서 Production 까지 필요한 세팅들은 어떤것들이 있을까요? - CloudFront, CI/CD etc.","Aug 4, 2025",10671,0
2024-01-04,8b3sTizy7N8,"재미로 하는 Vibe Coding - 🚀 Development에서 Production 까지 필요한 세팅들은 어떤것들이 있을까요? - CloudFront, CI/CD etc.","Aug 4, 2025",10671,0
2024-01-05,8b3sTizy7N8,"재미로 하는 Vibe Coding - 🚀 Development에서 Production 까지 필요한 세팅들은 어떤것들이 있을까요? - CloudFront, CI/CD etc.","Aug 4, 2025",10671,0
2024-01-06,8b3sTizy7N8,"재미로 하는 Vibe Coding - 🚀 Development에서 Production 까지 필요한 세팅들은 어떤것들이 있을까요? - CloudFront, CI/CD etc.","Aug 4, 2025",10671,0
2024-01-07,8b3sTizy7N8,"재미로 하는 Vibe Coding - 🚀 Development에서 Production 까지 필요한 세팅들은 어떤것들이 있을까요? - CloudFront, CI/CD etc.","Aug 4, 2025",10671,0
2024-01-08,8b3sTizy7N8,"재미로 하는 Vibe Coding - 🚀 Development에서 Production 까지 필요한 세팅들은 어떤것들이 있을까요? - CloudFront, CI/CD etc.","Aug 4, 2025",10671,0
2024-01-09,8b3sTizy7N8,"재미로 하는 Vibe Coding - 🚀 Development에서 Production 까지 필요한 세팅들은 어떤것들이 있을까요? - CloudFront, CI/CD etc.","Aug 4, 2025",10671,0
2024-01-10,8b3sTizy7N8,"재미로 하는 Vibe Coding - 🚀 Development에서 Production 까지 필요한 세팅들은 어떤것들이 있을까요? - CloudFront, CI/CD etc.","Aug 4, 2025",10671,0
2024-01-11,8b3sTizy7N8,"재미로 하는 Vibe Coding - 🚀 Development에서 Production 까지 필요한 세팅들은 어떤것들이 있을까요? - CloudFront, CI/CD etc.","Aug 4, 2025",10671,0
2024-01-12,8b3sTizy7N8,"재미로 하는 Vibe Coding - 🚀 Development에서 Production 까지 필요한 세팅들은 어떤것들이 있을까요? - CloudFront, CI/CD etc.","Aug 4, 2025",10671,0
2024-01-13,8b3sTizy7N8,"재미로 하는 Vibe Coding - 🚀 Development에서 Production 까지 필요한 세팅들은 어떤것들이 있을까요? - CloudFront, CI/CD etc.","Aug 4, 2025",10671,0
2024-01-14,8b3sTizy7N8,"재미로 하는 Vibe Coding - 🚀 Development에서 Production 까지 필요한 세팅들은 어떤것들이 있을까요? - CloudFront, CI/CD etc.","Aug 4, 2025",10671,0
2024-01-15,8b3sTizy7N8,"재미로 하는 Vibe Coding - 🚀 Development에서 Production 까지 필요한 세팅들은 어떤것들이 있을까요? - CloudFront, CI/CD etc.","Aug 4, 2025",10671,0
2024-01-16,8b3sTizy7N8,"재미로 하는 Vibe Coding - 🚀 Development에서 Production 까지 필요한 세팅들은 어떤것들이 있을까요? - CloudFront, CI/CD etc.","Aug 4, 2025",10671,0
2024-01-17,8b3sTizy7N8,"재미로 하는 Vibe Coding - 🚀 Development에서 Production 까지 필요한 세팅들은 어떤것들이 있을까요? - CloudFront, CI/CD etc.","Aug 4, 2025",10671,0
2024-01-18,8b3sTizy7N8,"재미로 하는 Vibe Coding - 🚀 Development에서 Production 까지 필요한 세팅들은 어떤것들이 있을까요? - CloudFront, CI/CD etc.","Aug 4, 2025",10671,0
2024-01-19,8b3sTizy7N8,"재미로 하는 Vibe Coding - 🚀 Development에서 Production 까지 필요한 세팅들은 어떤것들이 있을까요? - CloudFront, CI/CD etc.","Aug 4, 2025",10671,0
2024-01-20,8b3sTizy7N8,"재미로 하는 Vibe Coding - 🚀 Development에서 Production 까지 필요한 세팅들은 어떤것들이 있을까요? - CloudFront, CI/CD etc.","Aug 4, 2025",10671,0
2024-01-21,8b3sTizy7N8,"재미로 하는 Vibe Coding - 🚀 Development에서 Production 까지 필요한 세팅들은 어떤것들이 있을까요? - CloudFront, CI/CD etc.","Aug 4, 2025",10671,0
2024-01-22,8b3sTizy7N8,"재미로 하는 Vibe Coding - 🚀 Development에서 Production 까지 필요한 세팅들은 어떤것들이 있을까요? - CloudFront, CI/CD etc.","Aug 4, 2025",10671,0
2024-01-23,8b3sTizy7N8,"재미로 하는 Vibe Coding - 🚀 Development에서 Production 까지 필요한 세팅들은 어떤것들이 있을까요? - CloudFront, CI/CD etc.","Aug 4, 2025",10671,0
2024-01-24,8b3sTizy7N8,"재미로 하는 Vibe Coding - 🚀 Development에서 Production 까지 필요한 세팅들은 어떤것들이 있을까요? - CloudFront, CI/CD etc.","Aug 4, 2025",10671,0
2024-01-25,8b3sTizy7N8,"재미로 하는 Vibe Coding - 🚀 Development에서 Production 까지 필요한 세팅들은 어떤것들이 있을까요? - CloudFront, CI/CD etc.","Aug 4, 2025",10671,0
2024-01-26,8b3sTizy7N8,"재미로 하는 Vibe Coding - 🚀 Development에서 Production 까지 필요한 세팅들은 어떤것들이 있을까요? - CloudFront, CI/CD etc.","Aug 4, 2025",10671,0
2024-01-27,8b3sTizy7N8,"재미로 하는 Vibe Coding - 🚀 Development에서 Production 까지 필요한 세팅들은 어떤것들이 있을까요? - CloudFront, CI/CD etc.","Aug 4, 2025",10671,0
2024-01-28,8b3sTizy7N8,"재미로 하는 Vibe Coding - 🚀 Development에서 Production 까지 필요한 세팅들은 어떤것들이 있을까요? - CloudFront, CI/CD etc.","Aug 4, 2025",10671,0
2024-01-29,8b3sTizy7N8,"재미로 하는 Vibe Coding - 🚀 Development에서 Production 까지 필요한 세팅들은 어떤것들이 있을까요? - CloudFront, CI/CD etc.","Aug 4, 2025",10671,0
2024-01-30,8b3sTizy7N8,"재미로 하는 Vibe Coding - 🚀 Development에서 Production 까지 필요한 세팅들은 어떤것들이 있을까요? - CloudFront, CI/CD etc.","Aug 4, 2025",10671,0
2024-01-31,8b3sTizy7N8,"재미로 하는 Vibe Coding - 🚀 Development에서 Production 까지 필요한 세팅들은 어떤것들이 있을까요? - CloudFront, CI/CD etc.","Aug 4, 2025",10671,0
2024-02-01,8b3sTizy7N8,"재미로 하는 Vibe Coding - 🚀 Development에서 Production 까지 필요한 세팅들은 어떤것들이 있을까요? - CloudFront, CI/CD etc.","Aug 4, 2025",10671,0
2024-02-02,8b3sTizy7N8,"재미로 하는 Vibe Coding - 🚀 Development에서 Production 까지 필요한 세팅들은 어떤것들이 있을까요? - CloudFront, CI/CD etc.","Aug 4, 2025",10671,0
2024-02-03,8b3sTizy7N8,"재미로 하는 Vibe Coding - 🚀 Development에서 Production 까지 필요한 세팅들은 어떤것들이 있을까요? - CloudFront, CI/CD etc.","Aug 4, 2025",10671,0
2024-02-04,8b3sTizy7N8,"재미로 하는 Vibe Coding - 🚀 Development에서 Production 까지 필요한 세팅들은 어떤것들이 있을까요? - CloudFront, CI/CD etc.","Aug 4, 2025",10671,0
2024-02-05,8b3sTizy7N8,"재미로 하는 Vibe Coding - 🚀 Development에서 Production 까지 필요한 세팅들은 어떤것들이 있을까요? - CloudFront, CI/CD etc.","Aug 4, 2025",10671,0
2024-02-06,8b3sTizy7N8,"재미로 하는 Vibe Coding - 🚀 Development에서 Production 까지 필요한 세팅들은 어떤것들이 있을까요? - CloudFront, CI/CD etc.","Aug 4, 2025",10671,0
2024-02-07,8b3sTizy7N8,"재미로 하는 Vibe Coding - 🚀 Development에서 Production 까지 필요한 세팅들은 어떤것들이 있을까요? - CloudFront, CI/CD etc.","Aug 4, 2025",10671,0
2024-02-08,8b3sTizy7N8,"재미로 하는 Vibe Coding - 🚀 Development에서 Production 까지 필요한 세팅들은 어떤것들이 있을까요? - CloudFront, CI/CD etc.","Aug 4, 2025",10671,0
2024-02-09,8b3sTizy7N8,"재미로 하는 Vibe Coding - 🚀 Development에서 Production 까지 필요한 세팅들은 어떤것들이 있을까요? - CloudFront, CI/CD etc.","Aug 4, 2025",10671,0
2024-02-10,8b3sTizy7N8,"재미로 하는 Vibe Coding - 🚀 Development에서 Production 까지 필요한 세팅들은 어떤것들이 있을까요? - CloudFront, CI/CD etc.","Aug 4, 2025",10671,0
2024-02-11,8b3sTizy7N8,"재미로 하는 Vibe Coding - 🚀 Development에서 Production 까지 필요한 세팅들은 어떤것들이 있을까요? - CloudFront, CI/CD etc.","Aug 4, 2025",10671,0
2024-02-12,8b3sTizy7N8,"재미로 하는 Vibe Coding - 🚀 Development에서 Production 까지 필요한 세팅들은 어떤것들이 있을까요? - CloudFront, CI/CD etc.","Aug 4, 2025",10671,0
2024-02-13,8b3sTizy7N8,"재미로 하는 Vibe Coding - 🚀 Development에서 Production 까지 필요한 세팅들은 어떤것들이 있을까요? - CloudFront, CI/CD etc.","Aug 4, 2025",10671,0
2024-02-14,8b3sTizy7N8,"재미로 하는 Vibe Coding - 🚀 Development에서 Production 까지 필요한 세팅들은 어떤것들이 있을까요? - CloudFront, CI/CD etc.","Aug 4, 2025",10671,0
2024-02-15,8b3sTizy7N8,"재미로 하는 Vibe Coding - 🚀 Development에서 Production 까지 필요한 세팅들은 어떤것들이 있을까요? - CloudFront, CI/CD etc.","Aug 4, 2025",10671,0
2024-02-16,8b3sTizy7N8,"재미로 하는 Vibe Coding - 🚀 Development에서 Production 까지 필요한 세팅들은 어떤것들이 있을까요? - CloudFront, CI/CD etc.","Aug 4, 2025",10671,0
2024-02-17,8b3sTizy7N8,"재미로 하는 Vibe Coding - 🚀 Development에서 Production 까지 필요한 세팅들은 어떤것들이 있을까요? - CloudFront, CI/CD etc.","Aug 4, 2025",10671,0
2024-02-18,8b3sTizy7N8,"재미로 하는 Vibe Coding - 🚀 Development에서 Production 까지 필요한 세팅들은 어떤것들이 있을까요? - CloudFront, CI/CD etc.","Aug 4, 2025",10671,0
2024-02-19,8b3sTizy7N8,"재미로 하는 Vibe Coding - 🚀 Development에서 Production 까지 필요한 세팅들은 어떤것들이 있을까요? - CloudFront, CI/CD etc.","Aug 4, 2025",10671,0
2024-02-20,8b3sTizy7N8,"재미로 하는 Vibe Coding - 🚀 Development에서 Production 까지 필요한 세팅들은 어떤것들이 있을까요? - CloudFront, CI/CD etc.","Aug 4, 2025",10671,0
2024-02-21,8b3sTizy7N8,"재미로 하는 Vibe Coding - 🚀 Development에서 Production 까지 필요한 세팅들은 어떤것들이 있을까요? - CloudFront, CI/CD etc.","Aug 4, 2025",10671,0
2024-02-22,8b3sTizy7N8,"재미로 하는 Vibe Coding - 🚀 Development에서 Production 까지 필요한 세팅들은 어떤것들이 있을까요? - CloudFront, CI/CD etc.","Aug 4, 2025",10671,0
2024-02-23,8b3sTizy7N8,"재미로 하는 Vibe Coding - 🚀 Development에서 Production 까지 필요한 세팅들은 어떤것들이 있을까요? - CloudFront, CI/CD etc.","Aug 4, 2025",10671,0
2024-02-24,8b3sTizy7N8,"재미로 하는 Vibe Coding - 🚀 Development에서 Production 까지 필요한 세팅들은 어떤것들이 있을까요? - CloudFront, CI/CD etc.","Aug 4, 2025",10671,0
2024-02-25,8b3sTizy7N8,"재미로 하는 Vibe Coding - 🚀 Development에서 Production 까지 필요한 세팅들은 어떤것들이 있을까요? - CloudFront, CI/CD etc.","Aug 4, 2025",10671,0
2024-02-26,8b3sTizy7N8,"재미로 하는 Vibe Coding - 🚀 Development에서 Production 까지 필요한 세팅들은 어떤것들이 있을까요? - CloudFront, CI/CD etc.","Aug 4, 2025",10671,0
2024-02-27,8b3sTizy7N8,"재미로 하는 Vibe Coding - 🚀 Development에서 Production 까지 필요한 세팅들은 어떤것들이 있을까요? - CloudFront, CI/CD etc.","Aug 4, 2025",10671,0
2024-02-28,8b3sTizy7N8,"재미로 하는 Vibe Coding - 🚀 Development에서 Production 까지 필요한 세팅들은 어떤것들이 있을까요? - CloudFront, CI/CD etc.","Aug 4, 2025",10671,0
2024-02-29,8b3sTizy7N8,"재미로 하는 Vibe Coding - 🚀 Development에서 Production 까지 필요한 세팅들은 어떤것들이 있을까요? - CloudFront, CI/CD etc.","Aug 4, 2025",10671,0
2024-03-01,8b3sTizy7N8,"재미로 하는 Vibe Coding - 🚀 Development에서 Production 까지 필요한 세팅들은 어떤것들이 있을까요? - CloudFront, CI/CD etc.","Aug 4, 2025",10671,0
2024-03-02,8b3sTizy7N8,"재미로 하는 Vibe Coding - 🚀 Development에서 Production 까지 필요한 세팅들은 어떤것들이 있을까요? - CloudFront, CI/CD etc.","Aug 4, 2025",10671,0
2024-03-03,8b3sTizy7N8,"재미로 하는 Vibe Coding - 🚀 Development에서 Production 까지 필요한 세팅들은 어떤것들이 있을까요? - CloudFront, CI/CD etc.","Aug 4, 2025",10671,0
2024-03-04,8b3sTizy7N8,"재미로 하는 Vibe Coding - 🚀 Development에서 Production 까지 필요한 세팅들은 어떤것들이 있을까요? - CloudFront, CI/CD etc.","Aug 4, 2025",10671,0
2024-03-05,8b3sTizy7N8,"재미로 하는 Vibe Coding - 🚀 Development에서 Production 까지 필요한 세팅들은 어떤것들이 있을까요? - CloudFront, CI/CD etc.","Aug 4, 2025",10671,0
2024-03-06,8b3sTizy7N8,"재미로 하는 Vibe Coding - 🚀 Development에서 Production 까지 필요한 세팅들은 어떤것들이 있을까요? - CloudFront, CI/CD etc.","Aug 4, 2025",10671,0
2024-03-07,8b3sTizy7N8,"재미로 하는 Vibe Coding - 🚀 Development에서 Production 까지 필요한 세팅들은 어떤것들이 있을까요? - CloudFront, CI/CD etc.","Aug 4, 2025",10671,0
2024-03-08,8b3sTizy7N8,"재미로 하는 Vibe Coding - 🚀 Development에서 Production 까지 필요한 세팅들은 어떤것들이 있을까요? - CloudFront, CI/CD etc.","Aug 4, 2025",10671,0
2024-03-09,8b3sTizy7N8,"재미로 하는 Vibe Coding - 🚀 Development에서 Production 까지 필요한 세팅들은 어떤것들이 있을까요? - CloudFront, CI/CD etc.","Aug 4, 2025",10671,0
2024-03-10,8b3sTizy7N8,"재미로 하는 Vibe Coding - 🚀 Development에서 Production 까지 필요한 세팅들은 어떤것들이 있을까요? - CloudFront, CI/CD etc.","Aug 4, 2025",10671,0
2024-03-11,8b3sTizy7N8,"재미로 하는 Vibe Coding - 🚀 Development에서 Production 까지 필요한 세팅들은 어떤것들이 있을까요? - CloudFront, CI/CD etc.","Aug 4, 2025",10671,0
2024-03-12,8b3sTizy7N8,"재미로 하는 Vibe Coding - 🚀 Development에서 Production 까지 필요한 세팅들은 어떤것들이 있을까요? - CloudFront, CI/CD etc.","Aug 4, 2025",10671,0
2024-03-13,8b3sTizy7N8,"재미로 하는 Vibe Coding - 🚀 Development에서 Production 까지 필요한 세팅들은 어떤것들이 있을까요? - CloudFront, CI/CD etc.","Aug 4, 2025",10671,0
2024-03-14,8b3sTizy7N8,"재미로 하는 Vibe Coding - 🚀 Development에서 Production 까지 필요한 세팅들은 어떤것들이 있을까요? - CloudFront, CI/CD etc.","Aug 4, 2025",10671,0
2024-03-15,8b3sTizy7N8,"재미로 하는 Vibe Coding - 🚀 Development에서 Production 까지 필요한 세팅들은 어떤것들이 있을까요? - CloudFront, CI/CD etc.","Aug 4, 2025",10671,0
2024-03-16,8b3sTizy7N8,"재미로 하는 Vibe Coding - 🚀 Development에서 Production 까지 필요한 세팅들은 어떤것들이 있을까요? - CloudFront, CI/CD etc.","Aug 4, 2025",10671,0
2024-03-17,8b3sTizy7N8,"재미로 하는 Vibe Coding - 🚀 Development에서 Production 까지 필요한 세팅들은 어떤것들이 있을까요? - CloudFront, CI/CD etc.","Aug 4, 2025",10671,0
2024-03-18,8b3sTizy7N8,"재미로 하는 Vibe Coding - 🚀 Development에서 Production 까지 필요한 세팅들은 어떤것들이 있을까요? - CloudFront, CI/CD etc.","Aug 4, 2025",10671,0
2024-03-19,8b3sTizy7N8,"재미로 하는 Vibe Coding - 🚀 Development에서 Production 까지 필요한 세팅들은 어떤것들이 있을까요? - CloudFront, CI/CD etc.","Aug 4, 2025",10671,0
2024-03-20,8b3sTizy7N8,"재미로 하는 Vibe Coding - 🚀 Development에서 Production 까지 필요한 세팅들은 어떤것들이 있을까요? - CloudFront, CI/CD etc.","Aug 4, 2025",10671,0
2024-03-21,8b3sTizy7N8,"재미로 하는 Vibe Coding - 🚀 Development에서 Production 까지 필요한 세팅들은 어떤것들이 있을까요? - CloudFront, CI/CD etc.","Aug 4, 2025",10671,0
2024-03-22,8b3sTizy7N8,"재미로 하는 Vibe Coding - 🚀 Development에서 Production 까지 필요한 세팅들은 어떤것들이 있을까요? - CloudFront, CI/CD etc.","Aug 4, 2025",10671,0
2024-03-23,8b3sTizy7N8,"재미로 하는 Vibe Coding - 🚀 Development에서 Production 까지 필요한 세팅들은 어떤것들이 있을까요? - CloudFront, CI/CD etc.","Aug 4, 2025",10671,0
2024-03-24,8b3sTizy7N8,"재미로 하는 Vibe Coding - 🚀 Development에서 Production 까지 필요한 세팅들은 어떤것들이 있을까요? - CloudFront, CI/CD etc.","Aug 4, 2025",10671,0
2024-03-25,8b3sTizy7N8,"재미로 하는 Vibe Coding - 🚀 Development에서 Production 까지 필요한 세팅들은 어떤것들이 있을까요? - CloudFront, CI/CD etc.","Aug 4, 2025",10671,0
2024-03-26,8b3sTizy7N8,"재미로 하는 Vibe Coding - 🚀 Development에서 Production 까지 필요한 세팅들은 어떤것들이 있을까요? - CloudFront, CI/CD etc.","Aug 4, 2025",10671,0
2024-03-27,8b3sTizy7N8,"재미로 하는 Vibe Coding - 🚀 Development에서 Production 까지 필요한 세팅들은 어떤것들이 있을까요? - CloudFront, CI/CD etc.","Aug 4, 2025",10671,0
2024-03-28,8b3sTizy7N8,"재미로 하는 Vibe Coding - 🚀 Development에서 Production 까지 필요한 세팅들은 어떤것들이 있을까요? - CloudFront, CI/CD etc.","Aug 4, 2025",10671,0
2024-03-29,8b3sTizy7N8,"재미로 하는 Vibe Coding - 🚀 Development에서 Production 까지 필요한 세팅들은 어떤것들이 있을까요? - CloudFront, CI/CD etc.","Aug 4, 2025",10671,0
2024-03-30,8b3sTizy7N8,"재미로 하는 Vibe Coding - 🚀 Development에서 Production 까지 필요한 세팅들은 어떤것들이 있을까요? - CloudFront, CI/CD etc.","Aug 4, 2025",10671,0
2024-03-31,8b3sTizy7N8,"재미로 하는 Vibe Coding - 🚀 Development에서 Production 까지 필요한 세팅들은 어떤것들이 있을까요? - CloudFront, CI/CD etc.","Aug 4, 2025",10671,0
2024-04-01,8b3sTizy7N8,"재미로 하는 Vibe Coding - 🚀 Development에서 Production 까지 필요한 세팅들은 어떤것들이 있을까요? - CloudFront, CI/CD etc.","Aug 4, 2025",10671,0
2024-04-02,8b3sTizy7N8,"재미로 하는 Vibe Coding - 🚀 Development에서 Production 까지 필요한 세팅들은 어떤것들이 있을까요? - CloudFront, CI/CD etc.","Aug 4, 2025",10671,0
2024-04-03,8b3sTizy7N8,"재미로 하는 Vibe Coding - 🚀 Development에서 Production 까지 필요한 세팅들은 어떤것들이 있을까요? - CloudFront, CI/CD etc.","Aug 4, 2025",10671,0
2024-04-04,8b3sTizy7N8,"재미로 하는 Vibe Coding - 🚀 Development에서 Production 까지 필요한 세팅들은 어떤것들이 있을까요? - CloudFront, CI/CD etc.","Aug 4, 2025",10671,0
2024-04-05,8b3sTizy7N8,"재미로 하는 Vibe Coding - 🚀 Development에서 Production 까지 필요한 세팅들은 어떤것들이 있을까요? - CloudFront, CI/CD etc.","Aug 4, 2025",10671,0
2024-04-06,8b3sTizy7N8,"재미로 하는 Vibe Coding - 🚀 Development에서 Production 까지 필요한 세팅들은 어떤것들이 있을까요? - CloudFront, CI/CD etc.","Aug 4, 2025",10671,0
2024-04-07,8b3sTizy7N8,"재미로 하는 Vibe Coding - 🚀 Development에서 Production 까지 필요한 세팅들은 어떤것들이 있을까요? - CloudFront, CI/CD etc.","Aug 4, 2025",10671,0
2024-04-08,8b3sTizy7N8,"재미로 하는 Vibe Coding - 🚀 Development에서 Production 까지 필요한 세팅들은 어떤것들이 있을까요? - CloudFront, CI/CD etc.","Aug 4, 2025",10671,0
2024-04-09,8b3sTizy7N8,"재미로 하는 Vibe Coding - 🚀 Development에서 Production 까지 필요한 세팅들은 어떤것들이 있을까요? - CloudFront, CI/CD etc.","Aug 4, 2025",10671,0
2024-04-10,8b3sTizy7N8,"재미로 하는 Vibe Coding - 🚀 Development에서 Production 까지 필요한 세팅들은 어떤것들이 있을까요? - CloudFront, CI/CD etc.","Aug 4, 2025",10671,0
2024-04-11,8b3sTizy7N8,"재미로 하는 Vibe Coding - 🚀 Development에서 Production 까지 필요한 세팅들은 어떤것들이 있을까요? - CloudFront, CI/CD etc.","Aug 4, 2025",10671,0
2024-04-12,8b3sTizy7N8,"재미로 하는 Vibe Coding - 🚀 Development에서 Production 까지 필요한 세팅들은 어떤것들이 있을까요? - CloudFront, CI/CD etc.","Aug 4, 2025",10671,0
2024-04-13,8b3sTizy7N8,"재미로 하는 Vibe Coding - 🚀 Development에서 Production 까지 필요한 세팅들은 어떤것들이 있을까요? - CloudFront, CI/CD etc.","Aug 4, 2025",10671,0
2024-04-14,8b3sTizy7N8,"재미로 하는 Vibe Coding - 🚀 Development에서 Production 까지 필요한 세팅들은 어떤것들이 있을까요? - CloudFront, CI/CD etc.","Aug 4, 2025",10671,0
2024-04-15,8b3sTizy7N8,"재미로 하는 Vibe Coding - 🚀 Development에서 Production 까지 필요한 세팅들은 어떤것들이 있을까요? - CloudFront, CI/CD etc.","Aug 4, 2025",10671,0
2024-04-16,8b3sTizy7N8,"재미로 하는 Vibe Coding - 🚀 Development에서 Production 까지 필요한 세팅들은 어떤것들이 있을까요? - CloudFront, CI/CD etc.","Aug 4, 2025",10671,0
2024-04-17,8b3sTizy7N8,"재미로 하는 Vibe Coding - 🚀 Development에서 Production 까지 필요한 세팅들은 어떤것들이 있을까요? - CloudFront, CI/CD etc.","Aug 4, 2025",10671,0
2024-04-18,8b3sTizy7N8,"재미로 하는 Vibe Coding - 🚀 Development에서 Production 까지 필요한 세팅들은 어떤것들이 있을까요? - CloudFront, CI/CD etc.","Aug 4, 2025",10671,0
2024-04-19,8b3sTizy7N8,"재미로 하는 Vibe Coding - 🚀 Development에서 Production 까지 필요한 세팅들은 어떤것들이 있을까요? - CloudFront, CI/CD etc.","Aug 4, 2025",10671,0
2024-04-20,8b3sTizy7N8,"재미로 하는 Vibe Coding - 🚀 Development에서 Production 까지 필요한 세팅들은 어떤것들이 있을까요? - CloudFront, CI/CD etc.","Aug 4, 2025",10671,0
2024-04-21,8b3sTizy7N8,"재미로 하는 Vibe Coding - 🚀 Development에서 Production 까지 필요한 세팅들은 어떤것들이 있을까요? - CloudFront, CI/CD etc.","Aug 4, 2025",10671,0
2024-04-22,8b3sTizy7N8,"재미로 하는 Vibe Coding - 🚀 Development에서 Production 까지 필요한 세팅들은 어떤것들이 있을까요? - CloudFront, CI/CD etc.","Aug 4, 2025",10671,0
2024-04-23,8b3sTizy7N8,"재미로 하는 Vibe Coding - 🚀 Development에서 Production 까지 필요한 세팅들은 어떤것들이 있을까요? - CloudFront, CI/CD etc.","Aug 4, 2025",10671,0
2024-04-24,8b3sTizy7N8,"재미로 하는 Vibe Coding - 🚀 Development에서 Production 까지 필요한 세팅들은 어떤것들이 있을까요? - CloudFront, CI/CD etc.","Aug 4, 2025",10671,0
2024-04-25,8b3sTizy7N8,"재미로 하는 Vibe Coding - 🚀 Development에서 Production 까지 필요한 세팅들은 어떤것들이 있을까요? - CloudFront, CI/CD etc.","Aug 4, 2025",10671,0
2024-04-26,8b3sTizy7N8,"재미로 하는 Vibe Coding - 🚀 Development에서 Production 까지 필요한 세팅들은 어떤것들이 있을까요? - CloudFront, CI/CD etc.","Aug 4, 2025",10671,0
2024-04-27,8b3sTizy7N8,"재미로 하는 Vibe Coding - 🚀 Development에서 Production 까지 필요한 세팅들은 어떤것들이 있을까요? - CloudFront, CI/CD etc.","Aug 4, 2025",10671,0
2024-04-28,8b3sTizy7N8,"재미로 하는 Vibe Coding - 🚀 Development에서 Production 까지 필요한 세팅들은 어떤것들이 있을까요? - CloudFront, CI/CD etc.","Aug 4, 2025",10671,0
2024-04-29,8b3sTizy7N8,"재미로 하는 Vibe Coding - 🚀 Development에서 Production 까지 필요한 세팅들은 어떤것들이 있을까요? - CloudFront, CI/CD etc.","Aug 4, 2025",10671,0
2024-04-30,8b3sTizy7N8,"재미로 하는 Vibe Coding - 🚀 Development에서 Production 까지 필요한 세팅들은 어떤것들이 있을까요? - CloudFront, CI/CD etc.","Aug 4, 2025",10671,0
2024-05-01,8b3sTizy7N8,"재미로 하는 Vibe Coding - 🚀 Development에서 Production 까지 필요한 세팅들은 어떤것들이 있을까요? - CloudFront, CI/CD etc.","Aug 4, 2025",10671,0
2024-05-02,8b3sTizy7N8,"재미로 하는 Vibe Coding - 🚀 Development에서 Production 까지 필요한 세팅들은 어떤것들이 있을까요? - CloudFront, CI/CD etc.","Aug 4, 2025",10671,0
2024-05-03,8b3sTizy7N8,"재미로 하는 Vibe Coding - 🚀 Development에서 Production 까지 필요한 세팅들은 어떤것들이 있을까요? - CloudFront, CI/CD etc.","Aug 4, 2025",10671,0
2024-05-04,8b3sTizy7N8,"재미로 하는 Vibe Coding - 🚀 Development에서 Production 까지 필요한 세팅들은 어떤것들이 있을까요? - CloudFront, CI/CD etc.","Aug 4, 2025",10671,0
2024-05-05,8b3sTizy7N8,"재미로 하는 Vibe Coding - 🚀 Development에서 Production 까지 필요한 세팅들은 어떤것들이 있을까요? - CloudFront, CI/CD etc.","Aug 4, 2025",10671,0
2024-05-06,8b3sTizy7N8,"재미로 하는 Vibe Coding - 🚀 Development에서 Production 까지 필요한 세팅들은 어떤것들이 있을까요? - CloudFront, CI/CD etc.","Aug 4, 2025",10671,0
2024-05-07,8b3sTizy7N8,"재미로 하는 Vibe Coding - 🚀 Development에서 Production 까지 필요한 세팅들은 어떤것들이 있을까요? - CloudFront, CI/CD etc.","Aug 4, 2025",10671,0
2024-05-08,8b3sTizy7N8,"재미로 하는 Vibe Coding - 🚀 Development에서 Production 까지 필요한 세팅들은 어떤것들이 있을까요? - CloudFront, CI/CD etc.","Aug 4, 2025",10671,0
2024-05-09,8b3sTizy7N8,"재미로 하는 Vibe Coding - 🚀 Development에서 Production 까지 필요한 세팅들은 어떤것들이 있을까요? - CloudFront, CI/CD etc.","Aug 4, 2025",10671,0
2024-05-10,8b3sTizy7N8,"재미로 하는 Vibe Coding - 🚀 Development에서 Production 까지 필요한 세팅들은 어떤것들이 있을까요? - CloudFront, CI/CD etc.","Aug 4, 2025",10671,0
2024-05-11,8b3sTizy7N8,"재미로 하는 Vibe Coding - 🚀 Development에서 Production 까지 필요한 세팅들은 어떤것들이 있을까요? - CloudFront, CI/CD etc.","Aug 4, 2025",10671,0
2024-05-12,8b3sTizy7N8,"재미로 하는 Vibe Coding - 🚀 Development에서 Production 까지 필요한 세팅들은 어떤것들이 있을까요? - CloudFront, CI/CD etc.","Aug 4, 2025",10671,0
2024-05-13,8b3sTizy7N8,"재미로 하는 Vibe Coding - 🚀 Development에서 Production 까지 필요한 세팅들은 어떤것들이 있을까요? - CloudFront, CI/CD etc.","Aug 4, 2025",10671,0
2024-05-14,8b3sTizy7N8,"재미로 하는 Vibe Coding - 🚀 Development에서 Production 까지 필요한 세팅들은 어떤것들이 있을까요? - CloudFront, CI/CD etc.","Aug 4, 2025",10671,0
2024-05-15,8b3sTizy7N8,"재미로 하는 Vibe Coding - 🚀 Development에서 Production 까지 필요한 세팅들은 어떤것들이 있을까요? - CloudFront, CI/CD etc.","Aug 4, 2025",10671,0
2024-05-16,8b3sTizy7N8,"재미로 하는 Vibe Coding - 🚀 Development에서 Production 까지 필요한 세팅들은 어떤것들이 있을까요? - CloudFront, CI/CD etc.","Aug 4, 2025",10671,0
2024-05-17,8b3sTizy7N8,"재미로 하는 Vibe Coding - 🚀 Development에서 Production 까지 필요한 세팅들은 어떤것들이 있을까요? - CloudFront, CI/CD etc.","Aug 4, 2025",10671,0
2024-05-18,8b3sTizy7N8,"재미로 하는 Vibe Coding - 🚀 Development에서 Production 까지 필요한 세팅들은 어떤것들이 있을까요? - CloudFront, CI/CD etc.","Aug 4, 2025",10671,0
2024-05-19,8b3sTizy7N8,"재미로 하는 Vibe Coding - 🚀 Development에서 Production 까지 필요한 세팅들은 어떤것들이 있을까요? - CloudFront, CI/CD etc.","Aug 4, 2025",10671,0
2024-05-20,8b3sTizy7N8,"재미로 하는 Vibe Coding - 🚀 Development에서 Production 까지 필요한 세팅들은 어떤것들이 있을까요? - CloudFront, CI/CD etc.","Aug 4, 2025",10671,0
2024-05-21,8b3sTizy7N8,"재미로 하는 Vibe Coding - 🚀 Development에서 Production 까지 필요한 세팅들은 어떤것들이 있을까요? - CloudFront, CI/CD etc.","Aug 4, 2025",10671,0
2024-05-22,8b3sTizy7N8,"재미로 하는 Vibe Coding - 🚀 Development에서 Production 까지 필요한 세팅들은 어떤것들이 있을까요? - CloudFront, CI/CD etc.","Aug 4, 2025",10671,0
2024-05-23,8b3sTizy7N8,"재미로 하는 Vibe Coding - 🚀 Development에서 Production 까지 필요한 세팅들은 어떤것들이 있을까요? - CloudFront, CI/CD etc.","Aug 4, 2025",10671,0
2024-05-24,8b3sTizy7N8,"재미로 하는 Vibe Coding - 🚀 Development에서 Production 까지 필요한 세팅들은 어떤것들이 있을까요? - CloudFront, CI/CD etc.","Aug 4, 2025",10671,0
2024-05-25,8b3sTizy7N8,"재미로 하는 Vibe Coding - 🚀 Development에서 Production 까지 필요한 세팅들은 어떤것들이 있을까요? - CloudFront, CI/CD etc.","Aug 4, 2025",10671,0
2024-05-26,8b3sTizy7N8,"재미로 하는 Vibe Coding - 🚀 Development에서 Production 까지 필요한 세팅들은 어떤것들이 있을까요? - CloudFront, CI/CD etc.","Aug 4, 2025",10671,0
2024-05-27,8b3sTizy7N8,"재미로 하는 Vibe Coding - 🚀 Development에서 Production 까지 필요한 세팅들은 어떤것들이 있을까요? - CloudFront, CI/CD etc.","Aug 4, 2025",10671,0
2024-05-28,8b3sTizy7N8,"재미로 하는 Vibe Coding - 🚀 Development에서 Production 까지 필요한 세팅들은 어떤것들이 있을까요? - CloudFront, CI/CD etc.","Aug 4, 2025",10671,0
2024-05-29,8b3sTizy7N8,"재미로 하는 Vibe Coding - 🚀 Development에서 Production 까지 필요한 세팅들은 어떤것들이 있을까요? - CloudFront, CI/CD etc.","Aug 4, 2025",10671,0
2024-05-30,8b3sTizy7N8,"재미로 하는 Vibe Coding - 🚀 Development에서 Production 까지 필요한 세팅들은 어떤것들이 있을까요? - CloudFront, CI/CD etc.","Aug 4, 2025",10671,0
2024-05-31,8b3sTizy7N8,"재미로 하는 Vibe Coding - 🚀 Development에서 Production 까지 필요한 세팅들은 어떤것들이 있을까요? - CloudFront, CI/CD etc.","Aug 4, 2025",10671,0
2024-06-01,8b3sTizy7N8,"재미로 하는 Vibe Coding - 🚀 Development에서 Production 까지 필요한 세팅들은 어떤것들이 있을까요? - CloudFront, CI/CD etc.","Aug 4, 2025",10671,0
2024-06-02,8b3sTizy7N8,"재미로 하는 Vibe Coding - 🚀 Development에서 Production 까지 필요한 세팅들은 어떤것들이 있을까요? - CloudFront, CI/CD etc.","Aug 4, 2025",10671,0
2024-06-03,8b3sTizy7N8,"재미로 하는 Vibe Coding - 🚀 Development에서 Production 까지 필요한 세팅들은 어떤것들이 있을까요? - CloudFront, CI/CD etc.","Aug 4, 2025",10671,0
2024-06-04,8b3sTizy7N8,"재미로 하는 Vibe Coding - 🚀 Development에서 Production 까지 필요한 세팅들은 어떤것들이 있을까요? - CloudFront, CI/CD etc.","Aug 4, 2025",10671,0
2024-06-05,8b3sTizy7N8,"재미로 하는 Vibe Coding - 🚀 Development에서 Production 까지 필요한 세팅들은 어떤것들이 있을까요? - CloudFront, CI/CD etc.","Aug 4, 2025",10671,0
2024-06-06,8b3sTizy7N8,"재미로 하는 Vibe Coding - 🚀 Development에서 Production 까지 필요한 세팅들은 어떤것들이 있을까요? - CloudFront, CI/CD etc.","Aug 4, 2025",10671,0
2024-06-07,8b3sTizy7N8,"재미로 하는 Vibe Coding - 🚀 Development에서 Production 까지 필요한 세팅들은 어떤것들이 있을까요? - CloudFront, CI/CD etc.","Aug 4, 2025",10671,0
2024-06-08,8b3sTizy7N8,"재미로 하는 Vibe Coding - 🚀 Development에서 Production 까지 필요한 세팅들은 어떤것들이 있을까요? - CloudFront, CI/CD etc.","Aug 4, 2025",10671,0
2024-06-09,8b3sTizy7N8,"재미로 하는 Vibe Coding - 🚀 Development에서 Production 까지 필요한 세팅들은 어떤것들이 있을까요? - CloudFront, CI/CD etc.","Aug 4, 2025",10671,0
2024-06-10,8b3sTizy7N8,"재미로 하는 Vibe Coding - 🚀 Development에서 Production 까지 필요한 세팅들은 어떤것들이 있을까요? - CloudFront, CI/CD etc.","Aug 4, 2025",10671,0
2024-06-11,8b3sTizy7N8,"재미로 하는 Vibe Coding - 🚀 Development에서 Production 까지 필요한 세팅들은 어떤것들이 있을까요? - CloudFront, CI/CD etc.","Aug 4, 2025",10671,0
2024-06-12,8b3sTizy7N8,"재미로 하는 Vibe Coding - 🚀 Development에서 Production 까지 필요한 세팅들은 어떤것들이 있을까요? - CloudFront, CI/CD etc.","Aug 4, 2025",10671,0
2024-06-13,8b3sTizy7N8,"재미로 하는 Vibe Coding - 🚀 Development에서 Production 까지 필요한 세팅들은 어떤것들이 있을까요? - CloudFront, CI/CD etc.","Aug 4, 2025",10671,0
2024-06-14,8b3sTizy7N8,"재미로 하는 Vibe Coding - 🚀 Development에서 Production 까지 필요한 세팅들은 어떤것들이 있을까요? - CloudFront, CI/CD etc.","Aug 4, 2025",10671,0
2024-06-15,8b3sTizy7N8,"재미로 하는 Vibe Coding - 🚀 Development에서 Production 까지 필요한 세팅들은 어떤것들이 있을까요? - CloudFront, CI/CD etc.","Aug 4, 2025",10671,0
2024-06-16,8b3sTizy7N8,"재미로 하는 Vibe Coding - 🚀 Development에서 Production 까지 필요한 세팅들은 어떤것들이 있을까요? - CloudFront, CI/CD etc.","Aug 4, 2025",10671,0
2024-06-17,8b3sTizy7N8,"재미로 하는 Vibe Coding - 🚀 Development에서 Production 까지 필요한 세팅들은 어떤것들이 있을까요? - CloudFront, CI/CD etc.","Aug 4, 2025",10671,0
2024-06-18,8b3sTizy7N8,"재미로 하는 Vibe Coding - 🚀 Development에서 Production 까지 필요한 세팅들은 어떤것들이 있을까요? - CloudFront, CI/CD etc.","Aug 4, 2025",10671,0
2024-06-19,8b3sTizy7N8,"재미로 하는 Vibe Coding - 🚀 Development에서 Production 까지 필요한 세팅들은 어떤것들이 있을까요? - CloudFront, CI/CD etc.","Aug 4, 2025",10671,0
2024-06-20,8b3sTizy7N8,"재미로 하는 Vibe Coding - 🚀 Development에서 Production 까지 필요한 세팅들은 어떤것들이 있을까요? - CloudFront, CI/CD etc.","Aug 4, 2025",10671,0
2024-06-21,8b3sTizy7N8,"재미로 하는 Vibe Coding - 🚀 Development에서 Production 까지 필요한 세팅들은 어떤것들이 있을까요? - CloudFront, CI/CD etc.","Aug 4, 2025",10671,0
2024-06-22,8b3sTizy7N8,"재미로 하는 Vibe Coding - 🚀 Development에서 Production 까지 필요한 세팅들은 어떤것들이 있을까요? - CloudFront, CI/CD etc.","Aug 4, 2025",10671,0
2024-06-23,8b3sTizy7N8,"재미로 하는 Vibe Coding - 🚀 Development에서 Production 까지 필요한 세팅들은 어떤것들이 있을까요? - CloudFront, CI/CD etc.","Aug 4, 2025",10671,0
2024-06-24,8b3sTizy7N8,"재미로 하는 Vibe Coding - 🚀 Development에서 Production 까지 필요한 세팅들은 어떤것들이 있을까요? - CloudFront, CI/CD etc.","Aug 4, 2025",10671,0
2024-06-25,8b3sTizy7N8,"재미로 하는 Vibe Coding - 🚀 Development에서 Production 까지 필요한 세팅들은 어떤것들이 있을까요? - CloudFront, CI/CD etc.","Aug 4, 2025",10671,0
2024-06-26,8b3sTizy7N8,"재미로 하는 Vibe Coding - 🚀 Development에서 Production 까지 필요한 세팅들은 어떤것들이 있을까요? - CloudFront, CI/CD etc.","Aug 4, 2025",10671,0
2024-06-27,8b3sTizy7N8,"재미로 하는 Vibe Coding - 🚀 Development에서 Production 까지 필요한 세팅들은 어떤것들이 있을까요? - CloudFront, CI/CD etc.","Aug 4, 2025",10671,0
2024-06-28,8b3sTizy7N8,"재미로 하는 Vibe Coding - 🚀 Development에서 Production 까지 필요한 세팅들은 어떤것들이 있을까요? - CloudFront, CI/CD etc.","Aug 4, 2025",10671,0
2024-06-29,8b3sTizy7N8,"재미로 하는 Vibe Coding - 🚀 Development에서 Production 까지 필요한 세팅들은 어떤것들이 있을까요? - CloudFront, CI/CD etc.","Aug 4, 2025",10671,0
2024-06-30,8b3sTizy7N8,"재미로 하는 Vibe Coding - 🚀 Development에서 Production 까지 필요한 세팅들은 어떤것들이 있을까요? - CloudFront, CI/CD etc.","Aug 4, 2025",10671,0
2024-07-01,8b3sTizy7N8,"재미로 하는 Vibe Coding - 🚀 Development에서 Production 까지 필요한 세팅들은 어떤것들이 있을까요? - CloudFront, CI/CD etc.","Aug 4, 2025",10671,0
2024-07-02,8b3sTizy7N8,"재미로 하는 Vibe Coding - 🚀 Development에서 Production 까지 필요한 세팅들은 어떤것들이 있을까요? - CloudFront, CI/CD etc.","Aug 4, 2025",10671,0
2024-07-03,8b3sTizy7N8,"재미로 하는 Vibe Coding - 🚀 Development에서 Production 까지 필요한 세팅들은 어떤것들이 있을까요? - CloudFront, CI/CD etc.","Aug 4, 2025",10671,0
2024-07-04,8b3sTizy7N8,"재미로 하는 Vibe Coding - 🚀 Development에서 Production 까지 필요한 세팅들은 어떤것들이 있을까요? - CloudFront, CI/CD etc.","Aug 4, 2025",10671,0
2024-07-05,8b3sTizy7N8,"재미로 하는 Vibe Coding - 🚀 Development에서 Production 까지 필요한 세팅들은 어떤것들이 있을까요? - CloudFront, CI/CD etc.","Aug 4, 2025",10671,0
2024-07-06,8b3sTizy7N8,"재미로 하는 Vibe Coding - 🚀 Development에서 Production 까지 필요한 세팅들은 어떤것들이 있을까요? - CloudFront, CI/CD etc.","Aug 4, 2025",10671,0
2024-07-07,8b3sTizy7N8,"재미로 하는 Vibe Coding - 🚀 Development에서 Production 까지 필요한 세팅들은 어떤것들이 있을까요? - CloudFront, CI/CD etc.","Aug 4, 2025",10671,0
2024-07-08,8b3sTizy7N8,"재미로 하는 Vibe Coding - 🚀 Development에서 Production 까지 필요한 세팅들은 어떤것들이 있을까요? - CloudFront, CI/CD etc.","Aug 4, 2025",10671,0
2024-07-09,8b3sTizy7N8,"재미로 하는 Vibe Coding - 🚀 Development에서 Production 까지 필요한 세팅들은 어떤것들이 있을까요? - CloudFront, CI/CD etc.","Aug 4, 2025",10671,0
2024-07-10,8b3sTizy7N8,"재미로 하는 Vibe Coding - 🚀 Development에서 Production 까지 필요한 세팅들은 어떤것들이 있을까요? - CloudFront, CI/CD etc.","Aug 4, 2025",10671,0
2024-07-11,8b3sTizy7N8,"재미로 하는 Vibe Coding - 🚀 Development에서 Production 까지 필요한 세팅들은 어떤것들이 있을까요? - CloudFront, CI/CD etc.","Aug 4, 2025",10671,0
2024-07-12,8b3sTizy7N8,"재미로 하는 Vibe Coding - 🚀 Development에서 Production 까지 필요한 세팅들은 어떤것들이 있을까요? - CloudFront, CI/CD etc.","Aug 4, 2025",10671,0
2024-07-13,8b3sTizy7N8,"재미로 하는 Vibe Coding - 🚀 Development에서 Production 까지 필요한 세팅들은 어떤것들이 있을까요? - CloudFront, CI/CD etc.","Aug 4, 2025",10671,0
2024-07-14,8b3sTizy7N8,"재미로 하는 Vibe Coding - 🚀 Development에서 Production 까지 필요한 세팅들은 어떤것들이 있을까요? - CloudFront, CI/CD etc.","Aug 4, 2025",10671,0
2024-07-15,8b3sTizy7N8,"재미로 하는 Vibe Coding - 🚀 Development에서 Production 까지 필요한 세팅들은 어떤것들이 있을까요? - CloudFront, CI/CD etc.","Aug 4, 2025",10671,0
2024-07-16,8b3sTizy7N8,"재미로 하는 Vibe Coding - 🚀 Development에서 Production 까지 필요한 세팅들은 어떤것들이 있을까요? - CloudFront, CI/CD etc.","Aug 4, 2025",10671,0
2024-07-17,8b3sTizy7N8,"재미로 하는 Vibe Coding - 🚀 Development에서 Production 까지 필요한 세팅들은 어떤것들이 있을까요? - CloudFront, CI/CD etc.","Aug 4, 2025",10671,0
2024-07-18,8b3sTizy7N8,"재미로 하는 Vibe Coding - 🚀 Development에서 Production 까지 필요한 세팅들은 어떤것들이 있을까요? - CloudFront, CI/CD etc.","Aug 4, 2025",10671,0
2024-07-19,8b3sTizy7N8,"재미로 하는 Vibe Coding - 🚀 Development에서 Production 까지 필요한 세팅들은 어떤것들이 있을까요? - CloudFront, CI/CD etc.","Aug 4, 2025",10671,0
2024-07-20,8b3sTizy7N8,"재미로 하는 Vibe Coding - 🚀 Development에서 Production 까지 필요한 세팅들은 어떤것들이 있을까요? - CloudFront, CI/CD etc.","Aug 4, 2025",10671,0
2024-07-21,8b3sTizy7N8,"재미로 하는 Vibe Coding - 🚀 Development에서 Production 까지 필요한 세팅들은 어떤것들이 있을까요? - CloudFront, CI/CD etc.","Aug 4, 2025",10671,0
2024-07-22,8b3sTizy7N8,"재미로 하는 Vibe Coding - 🚀 Development에서 Production 까지 필요한 세팅들은 어떤것들이 있을까요? - CloudFront, CI/CD etc.","Aug 4, 2025",10671,0
2024-07-23,8b3sTizy7N8,"재미로 하는 Vibe Coding - 🚀 Development에서 Production 까지 필요한 세팅들은 어떤것들이 있을까요? - CloudFront, CI/CD etc.","Aug 4, 2025",10671,0
2024-07-24,8b3sTizy7N8,"재미로 하는 Vibe Coding - 🚀 Development에서 Production 까지 필요한 세팅들은 어떤것들이 있을까요? - CloudFront, CI/CD etc.","Aug 4, 2025",10671,0
2024-07-25,8b3sTizy7N8,"재미로 하는 Vibe Coding - 🚀 Development에서 Production 까지 필요한 세팅들은 어떤것들이 있을까요? - CloudFront, CI/CD etc.","Aug 4, 2025",10671,0
2024-07-26,8b3sTizy7N8,"재미로 하는 Vibe Coding - 🚀 Development에서 Production 까지 필요한 세팅들은 어떤것들이 있을까요? - CloudFront, CI/CD etc.","Aug 4, 2025",10671,0
2024-07-27,8b3sTizy7N8,"재미로 하는 Vibe Coding - 🚀 Development에서 Production 까지 필요한 세팅들은 어떤것들이 있을까요? - CloudFront, CI/CD etc.","Aug 4, 2025",10671,0
2024-07-28,8b3sTizy7N8,"재미로 하는 Vibe Coding - 🚀 Development에서 Production 까지 필요한 세팅들은 어떤것들이 있을까요? - CloudFront, CI/CD etc.","Aug 4, 2025",10671,0
2024-07-29,8b3sTizy7N8,"재미로 하는 Vibe Coding - 🚀 Development에서 Production 까지 필요한 세팅들은 어떤것들이 있을까요? - CloudFront, CI/CD etc.","Aug 4, 2025",10671,0
2024-07-30,8b3sTizy7N8,"재미로 하는 Vibe Coding - 🚀 Development에서 Production 까지 필요한 세팅들은 어떤것들이 있을까요? - CloudFront, CI/CD etc.","Aug 4, 2025",10671,0
2024-07-31,8b3sTizy7N8,"재미로 하는 Vibe Coding - 🚀 Development에서 Production 까지 필요한 세팅들은 어떤것들이 있을까요? - CloudFront, CI/CD etc.","Aug 4, 2025",10671,0
2024-08-01,8b3sTizy7N8,"재미로 하는 Vibe Coding - 🚀 Development에서 Production 까지 필요한 세팅들은 어떤것들이 있을까요? - CloudFront, CI/CD etc.","Aug 4, 2025",10671,0
2024-08-02,8b3sTizy7N8,"재미로 하는 Vibe Coding - 🚀 Development에서 Production 까지 필요한 세팅들은 어떤것들이 있을까요? - CloudFront, CI/CD etc.","Aug 4, 2025",10671,0
2024-08-03,8b3sTizy7N8,"재미로 하는 Vibe Coding - 🚀 Development에서 Production 까지 필요한 세팅들은 어떤것들이 있을까요? - CloudFront, CI/CD etc.","Aug 4, 2025",10671,0
2024-08-04,8b3sTizy7N8,"재미로 하는 Vibe Coding - 🚀 Development에서 Production 까지 필요한 세팅들은 어떤것들이 있을까요? - CloudFront, CI/CD etc.","Aug 4, 2025",10671,0
2024-08-05,8b3sTizy7N8,"재미로 하는 Vibe Coding - 🚀 Development에서 Production 까지 필요한 세팅들은 어떤것들이 있을까요? - CloudFront, CI/CD etc.","Aug 4, 2025",10671,0
2024-08-06,8b3sTizy7N8,"재미로 하는 Vibe Coding - 🚀 Development에서 Production 까지 필요한 세팅들은 어떤것들이 있을까요? - CloudFront, CI/CD etc.","Aug 4, 2025",10671,0
2024-08-07,8b3sTizy7N8,"재미로 하는 Vibe Coding - 🚀 Development에서 Production 까지 필요한 세팅들은 어떤것들이 있을까요? - CloudFront, CI/CD etc.","Aug 4, 2025",10671,0
2024-08-08,8b3sTizy7N8,"재미로 하는 Vibe Coding - 🚀 Development에서 Production 까지 필요한 세팅들은 어떤것들이 있을까요? - CloudFront, CI/CD etc.","Aug 4, 2025",10671,0
2024-08-09,8b3sTizy7N8,"재미로 하는 Vibe Coding - 🚀 Development에서 Production 까지 필요한 세팅들은 어떤것들이 있을까요? - CloudFront, CI/CD etc.","Aug 4, 2025",10671,0
2024-08-10,8b3sTizy7N8,"재미로 하는 Vibe Coding - 🚀 Development에서 Production 까지 필요한 세팅들은 어떤것들이 있을까요? - CloudFront, CI/CD etc.","Aug 4, 2025",10671,0
2024-08-11,8b3sTizy7N8,"재미로 하는 Vibe Coding - 🚀 Development에서 Production 까지 필요한 세팅들은 어떤것들이 있을까요? - CloudFront, CI/CD etc.","Aug 4, 2025",10671,0
2024-08-12,8b3sTizy7N8,"재미로 하는 Vibe Coding - 🚀 Development에서 Production 까지 필요한 세팅들은 어떤것들이 있을까요? - CloudFront, CI/CD etc.","Aug 4, 2025",10671,0
2024-08-13,8b3sTizy7N8,"재미로 하는 Vibe Coding - 🚀 Development에서 Production 까지 필요한 세팅들은 어떤것들이 있을까요? - CloudFront, CI/CD etc.","Aug 4, 2025",10671,0
2024-08-14,8b3sTizy7N8,"재미로 하는 Vibe Coding - 🚀 Development에서 Production 까지 필요한 세팅들은 어떤것들이 있을까요? - CloudFront, CI/CD etc.","Aug 4, 2025",10671,0
2024-08-15,8b3sTizy7N8,"재미로 하는 Vibe Coding - 🚀 Development에서 Production 까지 필요한 세팅들은 어떤것들이 있을까요? - CloudFront, CI/CD etc.","Aug 4, 2025",10671,0
2024-08-16,8b3sTizy7N8,"재미로 하는 Vibe Coding - 🚀 Development에서 Production 까지 필요한 세팅들은 어떤것들이 있을까요? - CloudFront, CI/CD etc.","Aug 4, 2025",10671,0
2024-08-17,8b3sTizy7N8,"재미로 하는 Vibe Coding - 🚀 Development에서 Production 까지 필요한 세팅들은 어떤것들이 있을까요? - CloudFront, CI/CD etc.","Aug 4, 2025",10671,0
2024-08-18,8b3sTizy7N8,"재미로 하는 Vibe Coding - 🚀 Development에서 Production 까지 필요한 세팅들은 어떤것들이 있을까요? - CloudFront, CI/CD etc.","Aug 4, 2025",10671,0
2024-08-19,8b3sTizy7N8,"재미로 하는 Vibe Coding - 🚀 Development에서 Production 까지 필요한 세팅들은 어떤것들이 있을까요? - CloudFront, CI/CD etc.","Aug 4, 2025",10671,0
2024-08-20,8b3sTizy7N8,"재미로 하는 Vibe Coding - 🚀 Development에서 Production 까지 필요한 세팅들은 어떤것들이 있을까요? - CloudFront, CI/CD etc.","Aug 4, 2025",10671,0
2024-08-21,8b3sTizy7N8,"재미로 하는 Vibe Coding - 🚀 Development에서 Production 까지 필요한 세팅들은 어떤것들이 있을까요? - CloudFront, CI/CD etc.","Aug 4, 2025",10671,0
2024-08-22,8b3sTizy7N8,"재미로 하는 Vibe Coding - 🚀 Development에서 Production 까지 필요한 세팅들은 어떤것들이 있을까요? - CloudFront, CI/CD etc.","Aug 4, 2025",10671,0
2024-08-23,8b3sTizy7N8,"재미로 하는 Vibe Coding - 🚀 Development에서 Production 까지 필요한 세팅들은 어떤것들이 있을까요? - CloudFront, CI/CD etc.","Aug 4, 2025",10671,0
2024-08-24,8b3sTizy7N8,"재미로 하는 Vibe Coding - 🚀 Development에서 Production 까지 필요한 세팅들은 어떤것들이 있을까요? - CloudFront, CI/CD etc.","Aug 4, 2025",10671,0
2024-08-25,8b3sTizy7N8,"재미로 하는 Vibe Coding - 🚀 Development에서 Production 까지 필요한 세팅들은 어떤것들이 있을까요? - CloudFront, CI/CD etc.","Aug 4, 2025",10671,0
2024-08-26,8b3sTizy7N8,"재미로 하는 Vibe Coding - 🚀 Development에서 Production 까지 필요한 세팅들은 어떤것들이 있을까요? - CloudFront, CI/CD etc.","Aug 4, 2025",10671,0
2024-08-27,8b3sTizy7N8,"재미로 하는 Vibe Coding - 🚀 Development에서 Production 까지 필요한 세팅들은 어떤것들이 있을까요? - CloudFront, CI/CD etc.","Aug 4, 2025",10671,0
2024-08-28,8b3sTizy7N8,"재미로 하는 Vibe Coding - 🚀 Development에서 Production 까지 필요한 세팅들은 어떤것들이 있을까요? - CloudFront, CI/CD etc.","Aug 4, 2025",10671,0
2024-08-29,8b3sTizy7N8,"재미로 하는 Vibe Coding - 🚀 Development에서 Production 까지 필요한 세팅들은 어떤것들이 있을까요? - CloudFront, CI/CD etc.","Aug 4, 2025",10671,0
2024-08-30,8b3sTizy7N8,"재미로 하는 Vibe Coding - 🚀 Development에서 Production 까지 필요한 세팅들은 어떤것들이 있을까요? - CloudFront, CI/CD etc.","Aug 4, 2025",10671,0
2024-08-31,8b3sTizy7N8,"재미로 하는 Vibe Coding - 🚀 Development에서 Production 까지 필요한 세팅들은 어떤것들이 있을까요? - CloudFront, CI/CD etc.","Aug 4, 2025",10671,0
2024-09-01,8b3sTizy7N8,"재미로 하는 Vibe Coding - 🚀 Development에서 Production 까지 필요한 세팅들은 어떤것들이 있을까요? - CloudFront, CI/CD etc.","Aug 4, 2025",10671,0
2024-09-02,8b3sTizy7N8,"재미로 하는 Vibe Coding - 🚀 Development에서 Production 까지 필요한 세팅들은 어떤것들이 있을까요? - CloudFront, CI/CD etc.","Aug 4, 2025",10671,0
2024-09-03,8b3sTizy7N8,"재미로 하는 Vibe Coding - 🚀 Development에서 Production 까지 필요한 세팅들은 어떤것들이 있을까요? - CloudFront, CI/CD etc.","Aug 4, 2025",10671,0
2024-09-04,8b3sTizy7N8,"재미로 하는 Vibe Coding - 🚀 Development에서 Production 까지 필요한 세팅들은 어떤것들이 있을까요? - CloudFront, CI/CD etc.","Aug 4, 2025",10671,0
2024-09-05,8b3sTizy7N8,"재미로 하는 Vibe Coding - 🚀 Development에서 Production 까지 필요한 세팅들은 어떤것들이 있을까요? - CloudFront, CI/CD etc.","Aug 4, 2025",10671,0
2024-09-06,8b3sTizy7N8,"재미로 하는 Vibe Coding - 🚀 Development에서 Production 까지 필요한 세팅들은 어떤것들이 있을까요? - CloudFront, CI/CD etc.","Aug 4, 2025",10671,0
2024-09-07,8b3sTizy7N8,"재미로 하는 Vibe Coding - 🚀 Development에서 Production 까지 필요한 세팅들은 어떤것들이 있을까요? - CloudFront, CI/CD etc.","Aug 4, 2025",10671,0
2024-09-08,8b3sTizy7N8,"재미로 하는 Vibe Coding - 🚀 Development에서 Production 까지 필요한 세팅들은 어떤것들이 있을까요? - CloudFront, CI/CD etc.","Aug 4, 2025",10671,0
2024-09-09,8b3sTizy7N8,"재미로 하는 Vibe Coding - 🚀 Development에서 Production 까지 필요한 세팅들은 어떤것들이 있을까요? - CloudFront, CI/CD etc.","Aug 4, 2025",10671,0
2024-09-10,8b3sTizy7N8,"재미로 하는 Vibe Coding - 🚀 Development에서 Production 까지 필요한 세팅들은 어떤것들이 있을까요? - CloudFront, CI/CD etc.","Aug 4, 2025",10671,0
2024-09-11,8b3sTizy7N8,"재미로 하는 Vibe Coding - 🚀 Development에서 Production 까지 필요한 세팅들은 어떤것들이 있을까요? - CloudFront, CI/CD etc.","Aug 4, 2025",10671,0
2024-09-12,8b3sTizy7N8,"재미로 하는 Vibe Coding - 🚀 Development에서 Production 까지 필요한 세팅들은 어떤것들이 있을까요? - CloudFront, CI/CD etc.","Aug 4, 2025",10671,0
2024-09-13,8b3sTizy7N8,"재미로 하는 Vibe Coding - 🚀 Development에서 Production 까지 필요한 세팅들은 어떤것들이 있을까요? - CloudFront, CI/CD etc.","Aug 4, 2025",10671,0
2024-09-14,8b3sTizy7N8,"재미로 하는 Vibe Coding - 🚀 Development에서 Production 까지 필요한 세팅들은 어떤것들이 있을까요? - CloudFront, CI/CD etc.","Aug 4, 2025",10671,0
2024-09-15,8b3sTizy7N8,"재미로 하는 Vibe Coding - 🚀 Development에서 Production 까지 필요한 세팅들은 어떤것들이 있을까요? - CloudFront, CI/CD etc.","Aug 4, 2025",10671,0
2024-09-16,8b3sTizy7N8,"재미로 하는 Vibe Coding - 🚀 Development에서 Production 까지 필요한 세팅들은 어떤것들이 있을까요? - CloudFront, CI/CD etc.","Aug 4, 2025",10671,0
2024-09-17,8b3sTizy7N8,"재미로 하는 Vibe Coding - 🚀 Development에서 Production 까지 필요한 세팅들은 어떤것들이 있을까요? - CloudFront, CI/CD etc.","Aug 4, 2025",10671,0
2024-09-18,8b3sTizy7N8,"재미로 하는 Vibe Coding - 🚀 Development에서 Production 까지 필요한 세팅들은 어떤것들이 있을까요? - CloudFront, CI/CD etc.","Aug 4, 2025",10671,0
2024-09-19,8b3sTizy7N8,"재미로 하는 Vibe Coding - 🚀 Development에서 Production 까지 필요한 세팅들은 어떤것들이 있을까요? - CloudFront, CI/CD etc.","Aug 4, 2025",10671,0
2024-09-20,8b3sTizy7N8,"재미로 하는 Vibe Coding - 🚀 Development에서 Production 까지 필요한 세팅들은 어떤것들이 있을까요? - CloudFront, CI/CD etc.","Aug 4, 2025",10671,0
2024-09-21,8b3sTizy7N8,"재미로 하는 Vibe Coding - 🚀 Development에서 Production 까지 필요한 세팅들은 어떤것들이 있을까요? - CloudFront, CI/CD etc.","Aug 4, 2025",10671,0
2024-09-22,8b3sTizy7N8,"재미로 하는 Vibe Coding - 🚀 Development에서 Production 까지 필요한 세팅들은 어떤것들이 있을까요? - CloudFront, CI/CD etc.","Aug 4, 2025",10671,0
2024-09-23,8b3sTizy7N8,"재미로 하는 Vibe Coding - 🚀 Development에서 Production 까지 필요한 세팅들은 어떤것들이 있을까요? - CloudFront, CI/CD etc.","Aug 4, 2025",10671,0
2024-09-24,8b3sTizy7N8,"재미로 하는 Vibe Coding - 🚀 Development에서 Production 까지 필요한 세팅들은 어떤것들이 있을까요? - CloudFront, CI/CD etc.","Aug 4, 2025",10671,0
2024-09-25,8b3sTizy7N8,"재미로 하는 Vibe Coding - 🚀 Development에서 Production 까지 필요한 세팅들은 어떤것들이 있을까요? - CloudFront, CI/CD etc.","Aug 4, 2025",10671,0
2024-09-26,8b3sTizy7N8,"재미로 하는 Vibe Coding - 🚀 Development에서 Production 까지 필요한 세팅들은 어떤것들이 있을까요? - CloudFront, CI/CD etc.","Aug 4, 2025",10671,0
2024-09-27,8b3sTizy7N8,"재미로 하는 Vibe Coding - 🚀 Development에서 Production 까지 필요한 세팅들은 어떤것들이 있을까요? - CloudFront, CI/CD etc.","Aug 4, 2025",10671,0
2024-09-28,8b3sTizy7N8,"재미로 하는 Vibe Coding - 🚀 Development에서 Production 까지 필요한 세팅들은 어떤것들이 있을까요? - CloudFront, CI/CD etc.","Aug 4, 2025",10671,0
2024-09-29,8b3sTizy7N8,"재미로 하는 Vibe Coding - 🚀 Development에서 Production 까지 필요한 세팅들은 어떤것들이 있을까요? - CloudFront, CI/CD etc.","Aug 4, 2025",10671,0
2024-09-30,8b3sTizy7N8,"재미로 하는 Vibe Coding - 🚀 Development에서 Production 까지 필요한 세팅들은 어떤것들이 있을까요? - CloudFront, CI/CD etc.","Aug 4, 2025",10671,0
2024-10-01,8b3sTizy7N8,"재미로 하는 Vibe Coding - 🚀 Development에서 Production 까지 필요한 세팅들은 어떤것들이 있을까요? - CloudFront, CI/CD etc.","Aug 4, 2025",10671,0
2024-10-02,8b3sTizy7N8,"재미로 하는 Vibe Coding - 🚀 Development에서 Production 까지 필요한 세팅들은 어떤것들이 있을까요? - CloudFront, CI/CD etc.","Aug 4, 2025",10671,0
2024-10-03,8b3sTizy7N8,"재미로 하는 Vibe Coding - 🚀 Development에서 Production 까지 필요한 세팅들은 어떤것들이 있을까요? - CloudFront, CI/CD etc.","Aug 4, 2025",10671,0
2024-10-04,8b3sTizy7N8,"재미로 하는 Vibe Coding - 🚀 Development에서 Production 까지 필요한 세팅들은 어떤것들이 있을까요? - CloudFront, CI/CD etc.","Aug 4, 2025",10671,0
2024-10-05,8b3sTizy7N8,"재미로 하는 Vibe Coding - 🚀 Development에서 Production 까지 필요한 세팅들은 어떤것들이 있을까요? - CloudFront, CI/CD etc.","Aug 4, 2025",10671,0
2024-10-06,8b3sTizy7N8,"재미로 하는 Vibe Coding - 🚀 Development에서 Production 까지 필요한 세팅들은 어떤것들이 있을까요? - CloudFront, CI/CD etc.","Aug 4, 2025",10671,0
2024-10-07,8b3sTizy7N8,"재미로 하는 Vibe Coding - 🚀 Development에서 Production 까지 필요한 세팅들은 어떤것들이 있을까요? - CloudFront, CI/CD etc.","Aug 4, 2025",10671,0
2024-10-08,8b3sTizy7N8,"재미로 하는 Vibe Coding - 🚀 Development에서 Production 까지 필요한 세팅들은 어떤것들이 있을까요? - CloudFront, CI/CD etc.","Aug 4, 2025",10671,0
2024-10-09,8b3sTizy7N8,"재미로 하는 Vibe Coding - 🚀 Development에서 Production 까지 필요한 세팅들은 어떤것들이 있을까요? - CloudFront, CI/CD etc.","Aug 4, 2025",10671,0
2024-10-10,8b3sTizy7N8,"재미로 하는 Vibe Coding - 🚀 Development에서 Production 까지 필요한 세팅들은 어떤것들이 있을까요? - CloudFront, CI/CD etc.","Aug 4, 2025",10671,0
2024-10-11,8b3sTizy7N8,"재미로 하는 Vibe Coding - 🚀 Development에서 Production 까지 필요한 세팅들은 어떤것들이 있을까요? - CloudFront, CI/CD etc.","Aug 4, 2025",10671,0
2024-10-12,8b3sTizy7N8,"재미로 하는 Vibe Coding - 🚀 Development에서 Production 까지 필요한 세팅들은 어떤것들이 있을까요? - CloudFront, CI/CD etc.","Aug 4, 2025",10671,0
2024-10-13,8b3sTizy7N8,"재미로 하는 Vibe Coding - 🚀 Development에서 Production 까지 필요한 세팅들은 어떤것들이 있을까요? - CloudFront, CI/CD etc.","Aug 4, 2025",10671,0
2024-10-14,8b3sTizy7N8,"재미로 하는 Vibe Coding - 🚀 Development에서 Production 까지 필요한 세팅들은 어떤것들이 있을까요? - CloudFront, CI/CD etc.","Aug 4, 2025",10671,0
2024-10-15,8b3sTizy7N8,"재미로 하는 Vibe Coding - 🚀 Development에서 Production 까지 필요한 세팅들은 어떤것들이 있을까요? - CloudFront, CI/CD etc.","Aug 4, 2025",10671,0
2024-10-16,8b3sTizy7N8,"재미로 하는 Vibe Coding - 🚀 Development에서 Production 까지 필요한 세팅들은 어떤것들이 있을까요? - CloudFront, CI/CD etc.","Aug 4, 2025",10671,0
2024-10-17,8b3sTizy7N8,"재미로 하는 Vibe Coding - 🚀 Development에서 Production 까지 필요한 세팅들은 어떤것들이 있을까요? - CloudFront, CI/CD etc.","Aug 4, 2025",10671,0
2024-10-18,8b3sTizy7N8,"재미로 하는 Vibe Coding - 🚀 Development에서 Production 까지 필요한 세팅들은 어떤것들이 있을까요? - CloudFront, CI/CD etc.","Aug 4, 2025",10671,0
2024-10-19,8b3sTizy7N8,"재미로 하는 Vibe Coding - 🚀 Development에서 Production 까지 필요한 세팅들은 어떤것들이 있을까요? - CloudFront, CI/CD etc.","Aug 4, 2025",10671,0
2024-10-20,8b3sTizy7N8,"재미로 하는 Vibe Coding - 🚀 Development에서 Production 까지 필요한 세팅들은 어떤것들이 있을까요? - CloudFront, CI/CD etc.","Aug 4, 2025",10671,0
2024-10-21,8b3sTizy7N8,"재미로 하는 Vibe Coding - 🚀 Development에서 Production 까지 필요한 세팅들은 어떤것들이 있을까요? - CloudFront, CI/CD etc.","Aug 4, 2025",10671,0
2024-10-22,8b3sTizy7N8,"재미로 하는 Vibe Coding - 🚀 Development에서 Production 까지 필요한 세팅들은 어떤것들이 있을까요? - CloudFront, CI/CD etc.","Aug 4, 2025",10671,0
2024-10-23,8b3sTizy7N8,"재미로 하는 Vibe Coding - 🚀 Development에서 Production 까지 필요한 세팅들은 어떤것들이 있을까요? - CloudFront, CI/CD etc.","Aug 4, 2025",10671,0
2024-10-24,8b3sTizy7N8,"재미로 하는 Vibe Coding - 🚀 Development에서 Production 까지 필요한 세팅들은 어떤것들이 있을까요? - CloudFront, CI/CD etc.","Aug 4, 2025",10671,0
2024-10-25,8b3sTizy7N8,"재미로 하는 Vibe Coding - 🚀 Development에서 Production 까지 필요한 세팅들은 어떤것들이 있을까요? - CloudFront, CI/CD etc.","Aug 4, 2025",10671,0
2024-10-26,8b3sTizy7N8,"재미로 하는 Vibe Coding - 🚀 Development에서 Production 까지 필요한 세팅들은 어떤것들이 있을까요? - CloudFront, CI/CD etc.","Aug 4, 2025",10671,0
2024-10-27,8b3sTizy7N8,"재미로 하는 Vibe Coding - 🚀 Development에서 Production 까지 필요한 세팅들은 어떤것들이 있을까요? - CloudFront, CI/CD etc.","Aug 4, 2025",10671,0
2024-10-28,8b3sTizy7N8,"재미로 하는 Vibe Coding - 🚀 Development에서 Production 까지 필요한 세팅들은 어떤것들이 있을까요? - CloudFront, CI/CD etc.","Aug 4, 2025",10671,0
2024-10-29,8b3sTizy7N8,"재미로 하는 Vibe Coding - 🚀 Development에서 Production 까지 필요한 세팅들은 어떤것들이 있을까요? - CloudFront, CI/CD etc.","Aug 4, 2025",10671,0
2024-10-30,8b3sTizy7N8,"재미로 하는 Vibe Coding - 🚀 Development에서 Production 까지 필요한 세팅들은 어떤것들이 있을까요? - CloudFront, CI/CD etc.","Aug 4, 2025",10671,0
2024-10-31,8b3sTizy7N8,"재미로 하는 Vibe Coding - 🚀 Development에서 Production 까지 필요한 세팅들은 어떤것들이 있을까요? - CloudFront, CI/CD etc.","Aug 4, 2025",10671,0
2024-11-01,8b3sTizy7N8,"재미로 하는 Vibe Coding - 🚀 Development에서 Production 까지 필요한 세팅들은 어떤것들이 있을까요? - CloudFront, CI/CD etc.","Aug 4, 2025",10671,0
2024-11-02,8b3sTizy7N8,"재미로 하는 Vibe Coding - 🚀 Development에서 Production 까지 필요한 세팅들은 어떤것들이 있을까요? - CloudFront, CI/CD etc.","Aug 4, 2025",10671,0
2024-11-03,8b3sTizy7N8,"재미로 하는 Vibe Coding - 🚀 Development에서 Production 까지 필요한 세팅들은 어떤것들이 있을까요? - CloudFront, CI/CD etc.","Aug 4, 2025",10671,0
2024-11-04,8b3sTizy7N8,"재미로 하는 Vibe Coding - 🚀 Development에서 Production 까지 필요한 세팅들은 어떤것들이 있을까요? - CloudFront, CI/CD etc.","Aug 4, 2025",10671,0
2024-11-05,8b3sTizy7N8,"재미로 하는 Vibe Coding - 🚀 Development에서 Production 까지 필요한 세팅들은 어떤것들이 있을까요? - CloudFront, CI/CD etc.","Aug 4, 2025",10671,0
2024-11-06,8b3sTizy7N8,"재미로 하는 Vibe Coding - 🚀 Development에서 Production 까지 필요한 세팅들은 어떤것들이 있을까요? - CloudFront, CI/CD etc.","Aug 4, 2025",10671,0
2024-11-07,8b3sTizy7N8,"재미로 하는 Vibe Coding - 🚀 Development에서 Production 까지 필요한 세팅들은 어떤것들이 있을까요? - CloudFront, CI/CD etc.","Aug 4, 2025",10671,0
2024-11-08,8b3sTizy7N8,"재미로 하는 Vibe Coding - 🚀 Development에서 Production 까지 필요한 세팅들은 어떤것들이 있을까요? - CloudFront, CI/CD etc.","Aug 4, 2025",10671,0
2024-11-09,8b3sTizy7N8,"재미로 하는 Vibe Coding - 🚀 Development에서 Production 까지 필요한 세팅들은 어떤것들이 있을까요? - CloudFront, CI/CD etc.","Aug 4, 2025",10671,0
2024-11-10,8b3sTizy7N8,"재미로 하는 Vibe Coding - 🚀 Development에서 Production 까지 필요한 세팅들은 어떤것들이 있을까요? - CloudFront, CI/CD etc.","Aug 4, 2025",10671,0
2024-11-11,8b3sTizy7N8,"재미로 하는 Vibe Coding - 🚀 Development에서 Production 까지 필요한 세팅들은 어떤것들이 있을까요? - CloudFront, CI/CD etc.","Aug 4, 2025",10671,0
2024-11-12,8b3sTizy7N8,"재미로 하는 Vibe Coding - 🚀 Development에서 Production 까지 필요한 세팅들은 어떤것들이 있을까요? - CloudFront, CI/CD etc.","Aug 4, 2025",10671,0
2024-11-13,8b3sTizy7N8,"재미로 하는 Vibe Coding - 🚀 Development에서 Production 까지 필요한 세팅들은 어떤것들이 있을까요? - CloudFront, CI/CD etc.","Aug 4, 2025",10671,0
2024-11-14,8b3sTizy7N8,"재미로 하는 Vibe Coding - 🚀 Development에서 Production 까지 필요한 세팅들은 어떤것들이 있을까요? - CloudFront, CI/CD etc.","Aug 4, 2025",10671,0
2024-11-15,8b3sTizy7N8,"재미로 하는 Vibe Coding - 🚀 Development에서 Production 까지 필요한 세팅들은 어떤것들이 있을까요? - CloudFront, CI/CD etc.","Aug 4, 2025",10671,0
2024-11-16,8b3sTizy7N8,"재미로 하는 Vibe Coding - 🚀 Development에서 Production 까지 필요한 세팅들은 어떤것들이 있을까요? - CloudFront, CI/CD etc.","Aug 4, 2025",10671,0
2024-11-17,8b3sTizy7N8,"재미로 하는 Vibe Coding - 🚀 Development에서 Production 까지 필요한 세팅들은 어떤것들이 있을까요? - CloudFront, CI/CD etc.","Aug 4, 2025",10671,0
2024-11-18,8b3sTizy7N8,"재미로 하는 Vibe Coding - 🚀 Development에서 Production 까지 필요한 세팅들은 어떤것들이 있을까요? - CloudFront, CI/CD etc.","Aug 4, 2025",10671,0
2024-11-19,8b3sTizy7N8,"재미로 하는 Vibe Coding - 🚀 Development에서 Production 까지 필요한 세팅들은 어떤것들이 있을까요? - CloudFront, CI/CD etc.","Aug 4, 2025",10671,0
2024-11-20,8b3sTizy7N8,"재미로 하는 Vibe Coding - 🚀 Development에서 Production 까지 필요한 세팅들은 어떤것들이 있을까요? - CloudFront, CI/CD etc.","Aug 4, 2025",10671,0
2024-11-21,8b3sTizy7N8,"재미로 하는 Vibe Coding - 🚀 Development에서 Production 까지 필요한 세팅들은 어떤것들이 있을까요? - CloudFront, CI/CD etc.","Aug 4, 2025",10671,0
2024-11-22,8b3sTizy7N8,"재미로 하는 Vibe Coding - 🚀 Development에서 Production 까지 필요한 세팅들은 어떤것들이 있을까요? - CloudFront, CI/CD etc.","Aug 4, 2025",10671,0
2024-11-23,8b3sTizy7N8,"재미로 하는 Vibe Coding - 🚀 Development에서 Production 까지 필요한 세팅들은 어떤것들이 있을까요? - CloudFront, CI/CD etc.","Aug 4, 2025",10671,0
2024-11-24,8b3sTizy7N8,"재미로 하는 Vibe Coding - 🚀 Development에서 Production 까지 필요한 세팅들은 어떤것들이 있을까요? - CloudFront, CI/CD etc.","Aug 4, 2025",10671,0
2024-11-25,8b3sTizy7N8,"재미로 하는 Vibe Coding - 🚀 Development에서 Production 까지 필요한 세팅들은 어떤것들이 있을까요? - CloudFront, CI/CD etc.","Aug 4, 2025",10671,0
2024-11-26,8b3sTizy7N8,"재미로 하는 Vibe Coding - 🚀 Development에서 Production 까지 필요한 세팅들은 어떤것들이 있을까요? - CloudFront, CI/CD etc.","Aug 4, 2025",10671,0
2024-11-27,8b3sTizy7N8,"재미로 하는 Vibe Coding - 🚀 Development에서 Production 까지 필요한 세팅들은 어떤것들이 있을까요? - CloudFront, CI/CD etc.","Aug 4, 2025",10671,0
2024-11-28,8b3sTizy7N8,"재미로 하는 Vibe Coding - 🚀 Development에서 Production 까지 필요한 세팅들은 어떤것들이 있을까요? - CloudFront, CI/CD etc.","Aug 4, 2025",10671,0
2024-11-29,8b3sTizy7N8,"재미로 하는 Vibe Coding - 🚀 Development에서 Production 까지 필요한 세팅들은 어떤것들이 있을까요? - CloudFront, CI/CD etc.","Aug 4, 2025",10671,0
2024-11-30,8b3sTizy7N8,"재미로 하는 Vibe Coding - 🚀 Development에서 Production 까지 필요한 세팅들은 어떤것들이 있을까요? - CloudFront, CI/CD etc.","Aug 4, 2025",10671,0
2024-12-01,8b3sTizy7N8,"재미로 하는 Vibe Coding - 🚀 Development에서 Production 까지 필요한 세팅들은 어떤것들이 있을까요? - CloudFront, CI/CD etc.","Aug 4, 2025",10671,0
2024-12-02,8b3sTizy7N8,"재미로 하는 Vibe Coding - 🚀 Development에서 Production 까지 필요한 세팅들은 어떤것들이 있을까요? - CloudFront, CI/CD etc.","Aug 4, 2025",10671,0
2024-12-03,8b3sTizy7N8,"재미로 하는 Vibe Coding - 🚀 Development에서 Production 까지 필요한 세팅들은 어떤것들이 있을까요? - CloudFront, CI/CD etc.","Aug 4, 2025",10671,0
2024-12-04,8b3sTizy7N8,"재미로 하는 Vibe Coding - 🚀 Development에서 Production 까지 필요한 세팅들은 어떤것들이 있을까요? - CloudFront, CI/CD etc.","Aug 4, 2025",10671,0
2024-12-05,8b3sTizy7N8,"재미로 하는 Vibe Coding - 🚀 Development에서 Production 까지 필요한 세팅들은 어떤것들이 있을까요? - CloudFront, CI/CD etc.","Aug 4, 2025",10671,0
2024-12-06,8b3sTizy7N8,"재미로 하는 Vibe Coding - 🚀 Development에서 Production 까지 필요한 세팅들은 어떤것들이 있을까요? - CloudFront, CI/CD etc.","Aug 4, 2025",10671,0
2024-12-07,8b3sTizy7N8,"재미로 하는 Vibe Coding - 🚀 Development에서 Production 까지 필요한 세팅들은 어떤것들이 있을까요? - CloudFront, CI/CD etc.","Aug 4, 2025",10671,0
2024-12-08,8b3sTizy7N8,"재미로 하는 Vibe Coding - 🚀 Development에서 Production 까지 필요한 세팅들은 어떤것들이 있을까요? - CloudFront, CI/CD etc.","Aug 4, 2025",10671,0
2024-12-09,8b3sTizy7N8,"재미로 하는 Vibe Coding - 🚀 Development에서 Production 까지 필요한 세팅들은 어떤것들이 있을까요? - CloudFront, CI/CD etc.","Aug 4, 2025",10671,0
2024-12-10,8b3sTizy7N8,"재미로 하는 Vibe Coding - 🚀 Development에서 Production 까지 필요한 세팅들은 어떤것들이 있을까요? - CloudFront, CI/CD etc.","Aug 4, 2025",10671,0
2024-12-11,8b3sTizy7N8,"재미로 하는 Vibe Coding - 🚀 Development에서 Production 까지 필요한 세팅들은 어떤것들이 있을까요? - CloudFront, CI/CD etc.","Aug 4, 2025",10671,0
2024-12-12,8b3sTizy7N8,"재미로 하는 Vibe Coding - 🚀 Development에서 Production 까지 필요한 세팅들은 어떤것들이 있을까요? - CloudFront, CI/CD etc.","Aug 4, 2025",10671,0
2024-12-13,8b3sTizy7N8,"재미로 하는 Vibe Coding - 🚀 Development에서 Production 까지 필요한 세팅들은 어떤것들이 있을까요? - CloudFront, CI/CD etc.","Aug 4, 2025",10671,0
2024-12-14,8b3sTizy7N8,"재미로 하는 Vibe Coding - 🚀 Development에서 Production 까지 필요한 세팅들은 어떤것들이 있을까요? - CloudFront, CI/CD etc.","Aug 4, 2025",10671,0
2024-12-15,8b3sTizy7N8,"재미로 하는 Vibe Coding - 🚀 Development에서 Production 까지 필요한 세팅들은 어떤것들이 있을까요? - CloudFront, CI/CD etc.","Aug 4, 2025",10671,0
2024-12-16,8b3sTizy7N8,"재미로 하는 Vibe Coding - 🚀 Development에서 Production 까지 필요한 세팅들은 어떤것들이 있을까요? - CloudFront, CI/CD etc.","Aug 4, 2025",10671,0
2024-12-17,8b3sTizy7N8,"재미로 하는 Vibe Coding - 🚀 Development에서 Production 까지 필요한 세팅들은 어떤것들이 있을까요? - CloudFront, CI/CD etc.","Aug 4, 2025",10671,0
2024-12-18,8b3sTizy7N8,"재미로 하는 Vibe Coding - 🚀 Development에서 Production 까지 필요한 세팅들은 어떤것들이 있을까요? - CloudFront, CI/CD etc.","Aug 4, 2025",10671,0
2024-12-19,8b3sTizy7N8,"재미로 하는 Vibe Coding - 🚀 Development에서 Production 까지 필요한 세팅들은 어떤것들이 있을까요? - CloudFront, CI/CD etc.","Aug 4, 2025",10671,0
2024-12-20,8b3sTizy7N8,"재미로 하는 Vibe Coding - 🚀 Development에서 Production 까지 필요한 세팅들은 어떤것들이 있을까요? - CloudFront, CI/CD etc.","Aug 4, 2025",10671,0
2024-12-21,8b3sTizy7N8,"재미로 하는 Vibe Coding - 🚀 Development에서 Production 까지 필요한 세팅들은 어떤것들이 있을까요? - CloudFront, CI/CD etc.","Aug 4, 2025",10671,0
2024-12-22,8b3sTizy7N8,"재미로 하는 Vibe Coding - 🚀 Development에서 Production 까지 필요한 세팅들은 어떤것들이 있을까요? - CloudFront, CI/CD etc.","Aug 4, 2025",10671,0
2024-12-23,8b3sTizy7N8,"재미로 하는 Vibe Coding - 🚀 Development에서 Production 까지 필요한 세팅들은 어떤것들이 있을까요? - CloudFront, CI/CD etc.","Aug 4, 2025",10671,0
2024-12-24,8b3sTizy7N8,"재미로 하는 Vibe Coding - 🚀 Development에서 Production 까지 필요한 세팅들은 어떤것들이 있을까요? - CloudFront, CI/CD etc.","Aug 4, 2025",10671,0
2024-12-25,8b3sTizy7N8,"재미로 하는 Vibe Coding - 🚀 Development에서 Production 까지 필요한 세팅들은 어떤것들이 있을까요? - CloudFront, CI/CD etc.","Aug 4, 2025",10671,0
2024-12-26,8b3sTizy7N8,"재미로 하는 Vibe Coding - 🚀 Development에서 Production 까지 필요한 세팅들은 어떤것들이 있을까요? - CloudFront, CI/CD etc.","Aug 4, 2025",10671,0
2024-12-27,8b3sTizy7N8,"재미로 하는 Vibe Coding - 🚀 Development에서 Production 까지 필요한 세팅들은 어떤것들이 있을까요? - CloudFront, CI/CD etc.","Aug 4, 2025",10671,0
2024-12-28,8b3sTizy7N8,"재미로 하는 Vibe Coding - 🚀 Development에서 Production 까지 필요한 세팅들은 어떤것들이 있을까요? - CloudFront, CI/CD etc.","Aug 4, 2025",10671,0
2024-12-29,8b3sTizy7N8,"재미로 하는 Vibe Coding - 🚀 Development에서 Production 까지 필요한 세팅들은 어떤것들이 있을까요? - CloudFront, CI/CD etc.","Aug 4, 2025",10671,0
2024-12-30,8b3sTizy7N8,"재미로 하는 Vibe Coding - 🚀 Development에서 Production 까지 필요한 세팅들은 어떤것들이 있을까요? - CloudFront, CI/CD etc.","Aug 4, 2025",10671,0
2024-12-31,8b3sTizy7N8,"재미로 하는 Vibe Coding - 🚀 Development에서 Production 까지 필요한 세팅들은 어떤것들이 있을까요? - CloudFront, CI/CD etc.","Aug 4, 2025",10671,0
2025-01-01,8b3sTizy7N8,"재미로 하는 Vibe Coding - 🚀 Development에서 Production 까지 필요한 세팅들은 어떤것들이 있을까요? - CloudFront, CI/CD etc.","Aug 4, 2025",10671,0
2025-01-02,8b3sTizy7N8,"재미로 하는 Vibe Coding - 🚀 Development에서 Production 까지 필요한 세팅들은 어떤것들이 있을까요? - CloudFront, CI/CD etc.","Aug 4, 2025",10671,0
2025-01-03,8b3sTizy7N8,"재미로 하는 Vibe Coding - 🚀 Development에서 Production 까지 필요한 세팅들은 어떤것들이 있을까요? - CloudFront, CI/CD etc.","Aug 4, 2025",10671,0
2025-01-04,8b3sTizy7N8,"재미로 하는 Vibe Coding - 🚀 Development에서 Production 까지 필요한 세팅들은 어떤것들이 있을까요? - CloudFront, CI/CD etc.","Aug 4, 2025",10671,0
2025-01-05,8b3sTizy7N8,"재미로 하는 Vibe Coding - 🚀 Development에서 Production 까지 필요한 세팅들은 어떤것들이 있을까요? - CloudFront, CI/CD etc.","Aug 4, 2025",10671,0
2025-01-06,8b3sTizy7N8,"재미로 하는 Vibe Coding - 🚀 Development에서 Production 까지 필요한 세팅들은 어떤것들이 있을까요? - CloudFront, CI/CD etc.","Aug 4, 2025",10671,0
2025-01-07,8b3sTizy7N8,"재미로 하는 Vibe Coding - 🚀 Development에서 Production 까지 필요한 세팅들은 어떤것들이 있을까요? - CloudFront, CI/CD etc.","Aug 4, 2025",10671,0
2025-01-08,8b3sTizy7N8,"재미로 하는 Vibe Coding - 🚀 Development에서 Production 까지 필요한 세팅들은 어떤것들이 있을까요? - CloudFront, CI/CD etc.","Aug 4, 2025",10671,0
2025-01-09,8b3sTizy7N8,"재미로 하는 Vibe Coding - 🚀 Development에서 Production 까지 필요한 세팅들은 어떤것들이 있을까요? - CloudFront, CI/CD etc.","Aug 4, 2025",10671,0
2025-01-10,8b3sTizy7N8,"재미로 하는 Vibe Coding - 🚀 Development에서 Production 까지 필요한 세팅들은 어떤것들이 있을까요? - CloudFront, CI/CD etc.","Aug 4, 2025",10671,0
2025-01-11,8b3sTizy7N8,"재미로 하는 Vibe Coding - 🚀 Development에서 Production 까지 필요한 세팅들은 어떤것들이 있을까요? - CloudFront, CI/CD etc.","Aug 4, 2025",10671,0
2025-01-12,8b3sTizy7N8,"재미로 하는 Vibe Coding - 🚀 Development에서 Production 까지 필요한 세팅들은 어떤것들이 있을까요? - CloudFront, CI/CD etc.","Aug 4, 2025",10671,0
2025-01-13,8b3sTizy7N8,"재미로 하는 Vibe Coding - 🚀 Development에서 Production 까지 필요한 세팅들은 어떤것들이 있을까요? - CloudFront, CI/CD etc.","Aug 4, 2025",10671,0
2025-01-14,8b3sTizy7N8,"재미로 하는 Vibe Coding - 🚀 Development에서 Production 까지 필요한 세팅들은 어떤것들이 있을까요? - CloudFront, CI/CD etc.","Aug 4, 2025",10671,0
2025-01-15,8b3sTizy7N8,"재미로 하는 Vibe Coding - 🚀 Development에서 Production 까지 필요한 세팅들은 어떤것들이 있을까요? - CloudFront, CI/CD etc.","Aug 4, 2025",10671,0
2025-01-16,8b3sTizy7N8,"재미로 하는 Vibe Coding - 🚀 Development에서 Production 까지 필요한 세팅들은 어떤것들이 있을까요? - CloudFront, CI/CD etc.","Aug 4, 2025",10671,0
2025-01-17,8b3sTizy7N8,"재미로 하는 Vibe Coding - 🚀 Development에서 Production 까지 필요한 세팅들은 어떤것들이 있을까요? - CloudFront, CI/CD etc.","Aug 4, 2025",10671,0
2025-01-18,8b3sTizy7N8,"재미로 하는 Vibe Coding - 🚀 Development에서 Production 까지 필요한 세팅들은 어떤것들이 있을까요? - CloudFront, CI/CD etc.","Aug 4, 2025",10671,0
2025-01-19,8b3sTizy7N8,"재미로 하는 Vibe Coding - 🚀 Development에서 Production 까지 필요한 세팅들은 어떤것들이 있을까요? - CloudFront, CI/CD etc.","Aug 4, 2025",10671,0
2025-01-20,8b3sTizy7N8,"재미로 하는 Vibe Coding - 🚀 Development에서 Production 까지 필요한 세팅들은 어떤것들이 있을까요? - CloudFront, CI/CD etc.","Aug 4, 2025",10671,0
2025-01-21,8b3sTizy7N8,"재미로 하는 Vibe Coding - 🚀 Development에서 Production 까지 필요한 세팅들은 어떤것들이 있을까요? - CloudFront, CI/CD etc.","Aug 4, 2025",10671,0
2025-01-22,8b3sTizy7N8,"재미로 하는 Vibe Coding - 🚀 Development에서 Production 까지 필요한 세팅들은 어떤것들이 있을까요? - CloudFront, CI/CD etc.","Aug 4, 2025",10671,0
2025-01-23,8b3sTizy7N8,"재미로 하는 Vibe Coding - 🚀 Development에서 Production 까지 필요한 세팅들은 어떤것들이 있을까요? - CloudFront, CI/CD etc.","Aug 4, 2025",10671,0
2025-01-24,8b3sTizy7N8,"재미로 하는 Vibe Coding - 🚀 Development에서 Production 까지 필요한 세팅들은 어떤것들이 있을까요? - CloudFront, CI/CD etc.","Aug 4, 2025",10671,0
2025-01-25,8b3sTizy7N8,"재미로 하는 Vibe Coding - 🚀 Development에서 Production 까지 필요한 세팅들은 어떤것들이 있을까요? - CloudFront, CI/CD etc.","Aug 4, 2025",10671,0
2025-01-26,8b3sTizy7N8,"재미로 하는 Vibe Coding - 🚀 Development에서 Production 까지 필요한 세팅들은 어떤것들이 있을까요? - CloudFront, CI/CD etc.","Aug 4, 2025",10671,0
2025-01-27,8b3sTizy7N8,"재미로 하는 Vibe Coding - 🚀 Development에서 Production 까지 필요한 세팅들은 어떤것들이 있을까요? - CloudFront, CI/CD etc.","Aug 4, 2025",10671,0
2025-01-28,8b3sTizy7N8,"재미로 하는 Vibe Coding - 🚀 Development에서 Production 까지 필요한 세팅들은 어떤것들이 있을까요? - CloudFront, CI/CD etc.","Aug 4, 2025",10671,0
2025-01-29,8b3sTizy7N8,"재미로 하는 Vibe Coding - 🚀 Development에서 Production 까지 필요한 세팅들은 어떤것들이 있을까요? - CloudFront, CI/CD etc.","Aug 4, 2025",10671,0
2025-01-30,8b3sTizy7N8,"재미로 하는 Vibe Coding - 🚀 Development에서 Production 까지 필요한 세팅들은 어떤것들이 있을까요? - CloudFront, CI/CD etc.","Aug 4, 2025",10671,0
2025-01-31,8b3sTizy7N8,"재미로 하는 Vibe Coding - 🚀 Development에서 Production 까지 필요한 세팅들은 어떤것들이 있을까요? - CloudFront, CI/CD etc.","Aug 4, 2025",10671,0
2025-02-01,8b3sTizy7N8,"재미로 하는 Vibe Coding - 🚀 Development에서 Production 까지 필요한 세팅들은 어떤것들이 있을까요? - CloudFront, CI/CD etc.","Aug 4, 2025",10671,0
2025-02-02,8b3sTizy7N8,"재미로 하는 Vibe Coding - 🚀 Development에서 Production 까지 필요한 세팅들은 어떤것들이 있을까요? - CloudFront, CI/CD etc.","Aug 4, 2025",10671,0
2025-02-03,8b3sTizy7N8,"재미로 하는 Vibe Coding - 🚀 Development에서 Production 까지 필요한 세팅들은 어떤것들이 있을까요? - CloudFront, CI/CD etc.","Aug 4, 2025",10671,0
2025-02-04,8b3sTizy7N8,"재미로 하는 Vibe Coding - 🚀 Development에서 Production 까지 필요한 세팅들은 어떤것들이 있을까요? - CloudFront, CI/CD etc.","Aug 4, 2025",10671,0
2025-02-05,8b3sTizy7N8,"재미로 하는 Vibe Coding - 🚀 Development에서 Production 까지 필요한 세팅들은 어떤것들이 있을까요? - CloudFront, CI/CD etc.","Aug 4, 2025",10671,0
2025-02-06,8b3sTizy7N8,"재미로 하는 Vibe Coding - 🚀 Development에서 Production 까지 필요한 세팅들은 어떤것들이 있을까요? - CloudFront, CI/CD etc.","Aug 4, 2025",10671,0
2025-02-07,8b3sTizy7N8,"재미로 하는 Vibe Coding - 🚀 Development에서 Production 까지 필요한 세팅들은 어떤것들이 있을까요? - CloudFront, CI/CD etc.","Aug 4, 2025",10671,0
2025-02-08,8b3sTizy7N8,"재미로 하는 Vibe Coding - 🚀 Development에서 Production 까지 필요한 세팅들은 어떤것들이 있을까요? - CloudFront, CI/CD etc.","Aug 4, 2025",10671,0
2025-02-09,8b3sTizy7N8,"재미로 하는 Vibe Coding - 🚀 Development에서 Production 까지 필요한 세팅들은 어떤것들이 있을까요? - CloudFront, CI/CD etc.","Aug 4, 2025",10671,0
2025-02-10,8b3sTizy7N8,"재미로 하는 Vibe Coding - 🚀 Development에서 Production 까지 필요한 세팅들은 어떤것들이 있을까요? - CloudFront, CI/CD etc.","Aug 4, 2025",10671,0
2025-02-11,8b3sTizy7N8,"재미로 하는 Vibe Coding - 🚀 Development에서 Production 까지 필요한 세팅들은 어떤것들이 있을까요? - CloudFront, CI/CD etc.","Aug 4, 2025",10671,0
2025-02-12,8b3sTizy7N8,"재미로 하는 Vibe Coding - 🚀 Development에서 Production 까지 필요한 세팅들은 어떤것들이 있을까요? - CloudFront, CI/CD etc.","Aug 4, 2025",10671,0
2025-02-13,8b3sTizy7N8,"재미로 하는 Vibe Coding - 🚀 Development에서 Production 까지 필요한 세팅들은 어떤것들이 있을까요? - CloudFront, CI/CD etc.","Aug 4, 2025",10671,0
2025-02-14,8b3sTizy7N8,"재미로 하는 Vibe Coding - 🚀 Development에서 Production 까지 필요한 세팅들은 어떤것들이 있을까요? - CloudFront, CI/CD etc.","Aug 4, 2025",10671,0
2025-02-15,8b3sTizy7N8,"재미로 하는 Vibe Coding - 🚀 Development에서 Production 까지 필요한 세팅들은 어떤것들이 있을까요? - CloudFront, CI/CD etc.","Aug 4, 2025",10671,0
2025-02-16,8b3sTizy7N8,"재미로 하는 Vibe Coding - 🚀 Development에서 Production 까지 필요한 세팅들은 어떤것들이 있을까요? - CloudFront, CI/CD etc.","Aug 4, 2025",10671,0
2025-02-17,8b3sTizy7N8,"재미로 하는 Vibe Coding - 🚀 Development에서 Production 까지 필요한 세팅들은 어떤것들이 있을까요? - CloudFront, CI/CD etc.","Aug 4, 2025",10671,0
2025-02-18,8b3sTizy7N8,"재미로 하는 Vibe Coding - 🚀 Development에서 Production 까지 필요한 세팅들은 어떤것들이 있을까요? - CloudFront, CI/CD etc.","Aug 4, 2025",10671,0
2025-02-19,8b3sTizy7N8,"재미로 하는 Vibe Coding - 🚀 Development에서 Production 까지 필요한 세팅들은 어떤것들이 있을까요? - CloudFront, CI/CD etc.","Aug 4, 2025",10671,0
2025-02-20,8b3sTizy7N8,"재미로 하는 Vibe Coding - 🚀 Development에서 Production 까지 필요한 세팅들은 어떤것들이 있을까요? - CloudFront, CI/CD etc.","Aug 4, 2025",10671,0
2025-02-21,8b3sTizy7N8,"재미로 하는 Vibe Coding - 🚀 Development에서 Production 까지 필요한 세팅들은 어떤것들이 있을까요? - CloudFront, CI/CD etc.","Aug 4, 2025",10671,0
2025-02-22,8b3sTizy7N8,"재미로 하는 Vibe Coding - 🚀 Development에서 Production 까지 필요한 세팅들은 어떤것들이 있을까요? - CloudFront, CI/CD etc.","Aug 4, 2025",10671,0
2025-02-23,8b3sTizy7N8,"재미로 하는 Vibe Coding - 🚀 Development에서 Production 까지 필요한 세팅들은 어떤것들이 있을까요? - CloudFront, CI/CD etc.","Aug 4, 2025",10671,0
2025-02-24,8b3sTizy7N8,"재미로 하는 Vibe Coding - 🚀 Development에서 Production 까지 필요한 세팅들은 어떤것들이 있을까요? - CloudFront, CI/CD etc.","Aug 4, 2025",10671,0
2025-02-25,8b3sTizy7N8,"재미로 하는 Vibe Coding - 🚀 Development에서 Production 까지 필요한 세팅들은 어떤것들이 있을까요? - CloudFront, CI/CD etc.","Aug 4, 2025",10671,0
2025-02-26,8b3sTizy7N8,"재미로 하는 Vibe Coding - 🚀 Development에서 Production 까지 필요한 세팅들은 어떤것들이 있을까요? - CloudFront, CI/CD etc.","Aug 4, 2025",10671,0
2025-02-27,8b3sTizy7N8,"재미로 하는 Vibe Coding - 🚀 Development에서 Production 까지 필요한 세팅들은 어떤것들이 있을까요? - CloudFront, CI/CD etc.","Aug 4, 2025",10671,0
2025-02-28,8b3sTizy7N8,"재미로 하는 Vibe Coding - 🚀 Development에서 Production 까지 필요한 세팅들은 어떤것들이 있을까요? - CloudFront, CI/CD etc.","Aug 4, 2025",10671,0
2025-03-01,8b3sTizy7N8,"재미로 하는 Vibe Coding - 🚀 Development에서 Production 까지 필요한 세팅들은 어떤것들이 있을까요? - CloudFront, CI/CD etc.","Aug 4, 2025",10671,0
2025-03-02,8b3sTizy7N8,"재미로 하는 Vibe Coding - 🚀 Development에서 Production 까지 필요한 세팅들은 어떤것들이 있을까요? - CloudFront, CI/CD etc.","Aug 4, 2025",10671,0
2025-03-03,8b3sTizy7N8,"재미로 하는 Vibe Coding - 🚀 Development에서 Production 까지 필요한 세팅들은 어떤것들이 있을까요? - CloudFront, CI/CD etc.","Aug 4, 2025",10671,0
2025-03-04,8b3sTizy7N8,"재미로 하는 Vibe Coding - 🚀 Development에서 Production 까지 필요한 세팅들은 어떤것들이 있을까요? - CloudFront, CI/CD etc.","Aug 4, 2025",10671,0
2025-03-05,8b3sTizy7N8,"재미로 하는 Vibe Coding - 🚀 Development에서 Production 까지 필요한 세팅들은 어떤것들이 있을까요? - CloudFront, CI/CD etc.","Aug 4, 2025",10671,0
2025-03-06,8b3sTizy7N8,"재미로 하는 Vibe Coding - 🚀 Development에서 Production 까지 필요한 세팅들은 어떤것들이 있을까요? - CloudFront, CI/CD etc.","Aug 4, 2025",10671,0
2025-03-07,8b3sTizy7N8,"재미로 하는 Vibe Coding - 🚀 Development에서 Production 까지 필요한 세팅들은 어떤것들이 있을까요? - CloudFront, CI/CD etc.","Aug 4, 2025",10671,0
2025-03-08,8b3sTizy7N8,"재미로 하는 Vibe Coding - 🚀 Development에서 Production 까지 필요한 세팅들은 어떤것들이 있을까요? - CloudFront, CI/CD etc.","Aug 4, 2025",10671,0
2025-03-09,8b3sTizy7N8,"재미로 하는 Vibe Coding - 🚀 Development에서 Production 까지 필요한 세팅들은 어떤것들이 있을까요? - CloudFront, CI/CD etc.","Aug 4, 2025",10671,0
2025-03-10,8b3sTizy7N8,"재미로 하는 Vibe Coding - 🚀 Development에서 Production 까지 필요한 세팅들은 어떤것들이 있을까요? - CloudFront, CI/CD etc.","Aug 4, 2025",10671,0
2025-03-11,8b3sTizy7N8,"재미로 하는 Vibe Coding - 🚀 Development에서 Production 까지 필요한 세팅들은 어떤것들이 있을까요? - CloudFront, CI/CD etc.","Aug 4, 2025",10671,0
2025-03-12,8b3sTizy7N8,"재미로 하는 Vibe Coding - 🚀 Development에서 Production 까지 필요한 세팅들은 어떤것들이 있을까요? - CloudFront, CI/CD etc.","Aug 4, 2025",10671,0
2025-03-13,8b3sTizy7N8,"재미로 하는 Vibe Coding - 🚀 Development에서 Production 까지 필요한 세팅들은 어떤것들이 있을까요? - CloudFront, CI/CD etc.","Aug 4, 2025",10671,0
2025-03-14,8b3sTizy7N8,"재미로 하는 Vibe Coding - 🚀 Development에서 Production 까지 필요한 세팅들은 어떤것들이 있을까요? - CloudFront, CI/CD etc.","Aug 4, 2025",10671,0
2025-03-15,8b3sTizy7N8,"재미로 하는 Vibe Coding - 🚀 Development에서 Production 까지 필요한 세팅들은 어떤것들이 있을까요? - CloudFront, CI/CD etc.","Aug 4, 2025",10671,0
2025-03-16,8b3sTizy7N8,"재미로 하는 Vibe Coding - 🚀 Development에서 Production 까지 필요한 세팅들은 어떤것들이 있을까요? - CloudFront, CI/CD etc.","Aug 4, 2025",10671,0
2025-03-17,8b3sTizy7N8,"재미로 하는 Vibe Coding - 🚀 Development에서 Production 까지 필요한 세팅들은 어떤것들이 있을까요? - CloudFront, CI/CD etc.","Aug 4, 2025",10671,0
2025-03-18,8b3sTizy7N8,"재미로 하는 Vibe Coding - 🚀 Development에서 Production 까지 필요한 세팅들은 어떤것들이 있을까요? - CloudFront, CI/CD etc.","Aug 4, 2025",10671,0
2025-03-19,8b3sTizy7N8,"재미로 하는 Vibe Coding - 🚀 Development에서 Production 까지 필요한 세팅들은 어떤것들이 있을까요? - CloudFront, CI/CD etc.","Aug 4, 2025",10671,0
2025-03-20,8b3sTizy7N8,"재미로 하는 Vibe Coding - 🚀 Development에서 Production 까지 필요한 세팅들은 어떤것들이 있을까요? - CloudFront, CI/CD etc.","Aug 4, 2025",10671,0
2025-03-21,8b3sTizy7N8,"재미로 하는 Vibe Coding - 🚀 Development에서 Production 까지 필요한 세팅들은 어떤것들이 있을까요? - CloudFront, CI/CD etc.","Aug 4, 2025",10671,0
2025-03-22,8b3sTizy7N8,"재미로 하는 Vibe Coding - 🚀 Development에서 Production 까지 필요한 세팅들은 어떤것들이 있을까요? - CloudFront, CI/CD etc.","Aug 4, 2025",10671,0
2025-03-23,8b3sTizy7N8,"재미로 하는 Vibe Coding - 🚀 Development에서 Production 까지 필요한 세팅들은 어떤것들이 있을까요? - CloudFront, CI/CD etc.","Aug 4, 2025",10671,0
2025-03-24,8b3sTizy7N8,"재미로 하는 Vibe Coding - 🚀 Development에서 Production 까지 필요한 세팅들은 어떤것들이 있을까요? - CloudFront, CI/CD etc.","Aug 4, 2025",10671,0
2025-03-25,8b3sTizy7N8,"재미로 하는 Vibe Coding - 🚀 Development에서 Production 까지 필요한 세팅들은 어떤것들이 있을까요? - CloudFront, CI/CD etc.","Aug 4, 2025",10671,0
2025-03-26,8b3sTizy7N8,"재미로 하는 Vibe Coding - 🚀 Development에서 Production 까지 필요한 세팅들은 어떤것들이 있을까요? - CloudFront, CI/CD etc.","Aug 4, 2025",10671,0
2025-03-27,8b3sTizy7N8,"재미로 하는 Vibe Coding - 🚀 Development에서 Production 까지 필요한 세팅들은 어떤것들이 있을까요? - CloudFront, CI/CD etc.","Aug 4, 2025",10671,0
2025-03-28,8b3sTizy7N8,"재미로 하는 Vibe Coding - 🚀 Development에서 Production 까지 필요한 세팅들은 어떤것들이 있을까요? - CloudFront, CI/CD etc.","Aug 4, 2025",10671,0
2025-03-29,8b3sTizy7N8,"재미로 하는 Vibe Coding - 🚀 Development에서 Production 까지 필요한 세팅들은 어떤것들이 있을까요? - CloudFront, CI/CD etc.","Aug 4, 2025",10671,0
2025-03-30,8b3sTizy7N8,"재미로 하는 Vibe Coding - 🚀 Development에서 Production 까지 필요한 세팅들은 어떤것들이 있을까요? - CloudFront, CI/CD etc.","Aug 4, 2025",10671,0
2025-03-31,8b3sTizy7N8,"재미로 하는 Vibe Coding - 🚀 Development에서 Production 까지 필요한 세팅들은 어떤것들이 있을까요? - CloudFront, CI/CD etc.","Aug 4, 2025",10671,0
2025-04-01,8b3sTizy7N8,"재미로 하는 Vibe Coding - 🚀 Development에서 Production 까지 필요한 세팅들은 어떤것들이 있을까요? - CloudFront, CI/CD etc.","Aug 4, 2025",10671,0
2025-04-02,8b3sTizy7N8,"재미로 하는 Vibe Coding - 🚀 Development에서 Production 까지 필요한 세팅들은 어떤것들이 있을까요? - CloudFront, CI/CD etc.","Aug 4, 2025",10671,0
2025-04-03,8b3sTizy7N8,"재미로 하는 Vibe Coding - 🚀 Development에서 Production 까지 필요한 세팅들은 어떤것들이 있을까요? - CloudFront, CI/CD etc.","Aug 4, 2025",10671,0
2025-04-04,8b3sTizy7N8,"재미로 하는 Vibe Coding - 🚀 Development에서 Production 까지 필요한 세팅들은 어떤것들이 있을까요? - CloudFront, CI/CD etc.","Aug 4, 2025",10671,0
2025-04-05,8b3sTizy7N8,"재미로 하는 Vibe Coding - 🚀 Development에서 Production 까지 필요한 세팅들은 어떤것들이 있을까요? - CloudFront, CI/CD etc.","Aug 4, 2025",10671,0
2025-04-06,8b3sTizy7N8,"재미로 하는 Vibe Coding - 🚀 Development에서 Production 까지 필요한 세팅들은 어떤것들이 있을까요? - CloudFront, CI/CD etc.","Aug 4, 2025",10671,0
2025-04-07,8b3sTizy7N8,"재미로 하는 Vibe Coding - 🚀 Development에서 Production 까지 필요한 세팅들은 어떤것들이 있을까요? - CloudFront, CI/CD etc.","Aug 4, 2025",10671,0
2025-04-08,8b3sTizy7N8,"재미로 하는 Vibe Coding - 🚀 Development에서 Production 까지 필요한 세팅들은 어떤것들이 있을까요? - CloudFront, CI/CD etc.","Aug 4, 2025",10671,0
2025-04-09,8b3sTizy7N8,"재미로 하는 Vibe Coding - 🚀 Development에서 Production 까지 필요한 세팅들은 어떤것들이 있을까요? - CloudFront, CI/CD etc.","Aug 4, 2025",10671,0
2025-04-10,8b3sTizy7N8,"재미로 하는 Vibe Coding - 🚀 Development에서 Production 까지 필요한 세팅들은 어떤것들이 있을까요? - CloudFront, CI/CD etc.","Aug 4, 2025",10671,0
2025-04-11,8b3sTizy7N8,"재미로 하는 Vibe Coding - 🚀 Development에서 Production 까지 필요한 세팅들은 어떤것들이 있을까요? - CloudFront, CI/CD etc.","Aug 4, 2025",10671,0
2025-04-12,8b3sTizy7N8,"재미로 하는 Vibe Coding - 🚀 Development에서 Production 까지 필요한 세팅들은 어떤것들이 있을까요? - CloudFront, CI/CD etc.","Aug 4, 2025",10671,0
2025-04-13,8b3sTizy7N8,"재미로 하는 Vibe Coding - 🚀 Development에서 Production 까지 필요한 세팅들은 어떤것들이 있을까요? - CloudFront, CI/CD etc.","Aug 4, 2025",10671,0
2025-04-14,8b3sTizy7N8,"재미로 하는 Vibe Coding - 🚀 Development에서 Production 까지 필요한 세팅들은 어떤것들이 있을까요? - CloudFront, CI/CD etc.","Aug 4, 2025",10671,0
2025-04-15,8b3sTizy7N8,"재미로 하는 Vibe Coding - 🚀 Development에서 Production 까지 필요한 세팅들은 어떤것들이 있을까요? - CloudFront, CI/CD etc.","Aug 4, 2025",10671,0
2025-04-16,8b3sTizy7N8,"재미로 하는 Vibe Coding - 🚀 Development에서 Production 까지 필요한 세팅들은 어떤것들이 있을까요? - CloudFront, CI/CD etc.","Aug 4, 2025",10671,0
2025-04-17,8b3sTizy7N8,"재미로 하는 Vibe Coding - 🚀 Development에서 Production 까지 필요한 세팅들은 어떤것들이 있을까요? - CloudFront, CI/CD etc.","Aug 4, 2025",10671,0
2025-04-18,8b3sTizy7N8,"재미로 하는 Vibe Coding - 🚀 Development에서 Production 까지 필요한 세팅들은 어떤것들이 있을까요? - CloudFront, CI/CD etc.","Aug 4, 2025",10671,0
2025-04-19,8b3sTizy7N8,"재미로 하는 Vibe Coding - 🚀 Development에서 Production 까지 필요한 세팅들은 어떤것들이 있을까요? - CloudFront, CI/CD etc.","Aug 4, 2025",10671,0
2025-04-20,8b3sTizy7N8,"재미로 하는 Vibe Coding - 🚀 Development에서 Production 까지 필요한 세팅들은 어떤것들이 있을까요? - CloudFront, CI/CD etc.","Aug 4, 2025",10671,0
2025-04-21,8b3sTizy7N8,"재미로 하는 Vibe Coding - 🚀 Development에서 Production 까지 필요한 세팅들은 어떤것들이 있을까요? - CloudFront, CI/CD etc.","Aug 4, 2025",10671,0
2025-04-22,8b3sTizy7N8,"재미로 하는 Vibe Coding - 🚀 Development에서 Production 까지 필요한 세팅들은 어떤것들이 있을까요? - CloudFront, CI/CD etc.","Aug 4, 2025",10671,0
2025-04-23,8b3sTizy7N8,"재미로 하는 Vibe Coding - 🚀 Development에서 Production 까지 필요한 세팅들은 어떤것들이 있을까요? - CloudFront, CI/CD etc.","Aug 4, 2025",10671,0
2025-04-24,8b3sTizy7N8,"재미로 하는 Vibe Coding - 🚀 Development에서 Production 까지 필요한 세팅들은 어떤것들이 있을까요? - CloudFront, CI/CD etc.","Aug 4, 2025",10671,0
2025-04-25,8b3sTizy7N8,"재미로 하는 Vibe Coding - 🚀 Development에서 Production 까지 필요한 세팅들은 어떤것들이 있을까요? - CloudFront, CI/CD etc.","Aug 4, 2025",10671,0
2025-04-26,8b3sTizy7N8,"재미로 하는 Vibe Coding - 🚀 Development에서 Production 까지 필요한 세팅들은 어떤것들이 있을까요? - CloudFront, CI/CD etc.","Aug 4, 2025",10671,0
2025-04-27,8b3sTizy7N8,"재미로 하는 Vibe Coding - 🚀 Development에서 Production 까지 필요한 세팅들은 어떤것들이 있을까요? - CloudFront, CI/CD etc.","Aug 4, 2025",10671,0
2025-04-28,8b3sTizy7N8,"재미로 하는 Vibe Coding - 🚀 Development에서 Production 까지 필요한 세팅들은 어떤것들이 있을까요? - CloudFront, CI/CD etc.","Aug 4, 2025",10671,0
2025-04-29,8b3sTizy7N8,"재미로 하는 Vibe Coding - 🚀 Development에서 Production 까지 필요한 세팅들은 어떤것들이 있을까요? - CloudFront, CI/CD etc.","Aug 4, 2025",10671,0
2025-04-30,8b3sTizy7N8,"재미로 하는 Vibe Coding - 🚀 Development에서 Production 까지 필요한 세팅들은 어떤것들이 있을까요? - CloudFront, CI/CD etc.","Aug 4, 2025",10671,0
2025-05-01,8b3sTizy7N8,"재미로 하는 Vibe Coding - 🚀 Development에서 Production 까지 필요한 세팅들은 어떤것들이 있을까요? - CloudFront, CI/CD etc.","Aug 4, 2025",10671,0
2025-05-02,8b3sTizy7N8,"재미로 하는 Vibe Coding - 🚀 Development에서 Production 까지 필요한 세팅들은 어떤것들이 있을까요? - CloudFront, CI/CD etc.","Aug 4, 2025",10671,0
2025-05-03,8b3sTizy7N8,"재미로 하는 Vibe Coding - 🚀 Development에서 Production 까지 필요한 세팅들은 어떤것들이 있을까요? - CloudFront, CI/CD etc.","Aug 4, 2025",10671,0
2025-05-04,8b3sTizy7N8,"재미로 하는 Vibe Coding - 🚀 Development에서 Production 까지 필요한 세팅들은 어떤것들이 있을까요? - CloudFront, CI/CD etc.","Aug 4, 2025",10671,0
2025-05-05,8b3sTizy7N8,"재미로 하는 Vibe Coding - 🚀 Development에서 Production 까지 필요한 세팅들은 어떤것들이 있을까요? - CloudFront, CI/CD etc.","Aug 4, 2025",10671,0
2025-05-06,8b3sTizy7N8,"재미로 하는 Vibe Coding - 🚀 Development에서 Production 까지 필요한 세팅들은 어떤것들이 있을까요? - CloudFront, CI/CD etc.","Aug 4, 2025",10671,0
2025-05-07,8b3sTizy7N8,"재미로 하는 Vibe Coding - 🚀 Development에서 Production 까지 필요한 세팅들은 어떤것들이 있을까요? - CloudFront, CI/CD etc.","Aug 4, 2025",10671,0
2025-05-08,8b3sTizy7N8,"재미로 하는 Vibe Coding - 🚀 Development에서 Production 까지 필요한 세팅들은 어떤것들이 있을까요? - CloudFront, CI/CD etc.","Aug 4, 2025",10671,0
2025-05-09,8b3sTizy7N8,"재미로 하는 Vibe Coding - 🚀 Development에서 Production 까지 필요한 세팅들은 어떤것들이 있을까요? - CloudFront, CI/CD etc.","Aug 4, 2025",10671,0
2025-05-10,8b3sTizy7N8,"재미로 하는 Vibe Coding - 🚀 Development에서 Production 까지 필요한 세팅들은 어떤것들이 있을까요? - CloudFront, CI/CD etc.","Aug 4, 2025",10671,0
2025-05-11,8b3sTizy7N8,"재미로 하는 Vibe Coding - 🚀 Development에서 Production 까지 필요한 세팅들은 어떤것들이 있을까요? - CloudFront, CI/CD etc.","Aug 4, 2025",10671,0
2025-05-12,8b3sTizy7N8,"재미로 하는 Vibe Coding - 🚀 Development에서 Production 까지 필요한 세팅들은 어떤것들이 있을까요? - CloudFront, CI/CD etc.","Aug 4, 2025",10671,0
2025-05-13,8b3sTizy7N8,"재미로 하는 Vibe Coding - 🚀 Development에서 Production 까지 필요한 세팅들은 어떤것들이 있을까요? - CloudFront, CI/CD etc.","Aug 4, 2025",10671,0
2025-05-14,8b3sTizy7N8,"재미로 하는 Vibe Coding - 🚀 Development에서 Production 까지 필요한 세팅들은 어떤것들이 있을까요? - CloudFront, CI/CD etc.","Aug 4, 2025",10671,0
2025-05-15,8b3sTizy7N8,"재미로 하는 Vibe Coding - 🚀 Development에서 Production 까지 필요한 세팅들은 어떤것들이 있을까요? - CloudFront, CI/CD etc.","Aug 4, 2025",10671,0
2025-05-16,8b3sTizy7N8,"재미로 하는 Vibe Coding - 🚀 Development에서 Production 까지 필요한 세팅들은 어떤것들이 있을까요? - CloudFront, CI/CD etc.","Aug 4, 2025",10671,0
2025-05-17,8b3sTizy7N8,"재미로 하는 Vibe Coding - 🚀 Development에서 Production 까지 필요한 세팅들은 어떤것들이 있을까요? - CloudFront, CI/CD etc.","Aug 4, 2025",10671,0
2025-05-18,8b3sTizy7N8,"재미로 하는 Vibe Coding - 🚀 Development에서 Production 까지 필요한 세팅들은 어떤것들이 있을까요? - CloudFront, CI/CD etc.","Aug 4, 2025",10671,0
2025-05-19,8b3sTizy7N8,"재미로 하는 Vibe Coding - 🚀 Development에서 Production 까지 필요한 세팅들은 어떤것들이 있을까요? - CloudFront, CI/CD etc.","Aug 4, 2025",10671,0
2025-05-20,8b3sTizy7N8,"재미로 하는 Vibe Coding - 🚀 Development에서 Production 까지 필요한 세팅들은 어떤것들이 있을까요? - CloudFront, CI/CD etc.","Aug 4, 2025",10671,0
2025-05-21,8b3sTizy7N8,"재미로 하는 Vibe Coding - 🚀 Development에서 Production 까지 필요한 세팅들은 어떤것들이 있을까요? - CloudFront, CI/CD etc.","Aug 4, 2025",10671,0
2025-05-22,8b3sTizy7N8,"재미로 하는 Vibe Coding - 🚀 Development에서 Production 까지 필요한 세팅들은 어떤것들이 있을까요? - CloudFront, CI/CD etc.","Aug 4, 2025",10671,0
2025-05-23,8b3sTizy7N8,"재미로 하는 Vibe Coding - 🚀 Development에서 Production 까지 필요한 세팅들은 어떤것들이 있을까요? - CloudFront, CI/CD etc.","Aug 4, 2025",10671,0
2025-05-24,8b3sTizy7N8,"재미로 하는 Vibe Coding - 🚀 Development에서 Production 까지 필요한 세팅들은 어떤것들이 있을까요? - CloudFront, CI/CD etc.","Aug 4, 2025",10671,0
2025-05-25,8b3sTizy7N8,"재미로 하는 Vibe Coding - 🚀 Development에서 Production 까지 필요한 세팅들은 어떤것들이 있을까요? - CloudFront, CI/CD etc.","Aug 4, 2025",10671,0
2025-05-26,8b3sTizy7N8,"재미로 하는 Vibe Coding - 🚀 Development에서 Production 까지 필요한 세팅들은 어떤것들이 있을까요? - CloudFront, CI/CD etc.","Aug 4, 2025",10671,0
2025-05-27,8b3sTizy7N8,"재미로 하는 Vibe Coding - 🚀 Development에서 Production 까지 필요한 세팅들은 어떤것들이 있을까요? - CloudFront, CI/CD etc.","Aug 4, 2025",10671,0
2025-05-28,8b3sTizy7N8,"재미로 하는 Vibe Coding - 🚀 Development에서 Production 까지 필요한 세팅들은 어떤것들이 있을까요? - CloudFront, CI/CD etc.","Aug 4, 2025",10671,0
2025-05-29,8b3sTizy7N8,"재미로 하는 Vibe Coding - 🚀 Development에서 Production 까지 필요한 세팅들은 어떤것들이 있을까요? - CloudFront, CI/CD etc.","Aug 4, 2025",10671,0
2025-05-30,8b3sTizy7N8,"재미로 하는 Vibe Coding - 🚀 Development에서 Production 까지 필요한 세팅들은 어떤것들이 있을까요? - CloudFront, CI/CD etc.","Aug 4, 2025",10671,0
2025-05-31,8b3sTizy7N8,"재미로 하는 Vibe Coding - 🚀 Development에서 Production 까지 필요한 세팅들은 어떤것들이 있을까요? - CloudFront, CI/CD etc.","Aug 4, 2025",10671,0
2025-06-01,8b3sTizy7N8,"재미로 하는 Vibe Coding - 🚀 Development에서 Production 까지 필요한 세팅들은 어떤것들이 있을까요? - CloudFront, CI/CD etc.","Aug 4, 2025",10671,0
2025-06-02,8b3sTizy7N8,"재미로 하는 Vibe Coding - 🚀 Development에서 Production 까지 필요한 세팅들은 어떤것들이 있을까요? - CloudFront, CI/CD etc.","Aug 4, 2025",10671,0
2025-06-03,8b3sTizy7N8,"재미로 하는 Vibe Coding - 🚀 Development에서 Production 까지 필요한 세팅들은 어떤것들이 있을까요? - CloudFront, CI/CD etc.","Aug 4, 2025",10671,0
2025-06-04,8b3sTizy7N8,"재미로 하는 Vibe Coding - 🚀 Development에서 Production 까지 필요한 세팅들은 어떤것들이 있을까요? - CloudFront, CI/CD etc.","Aug 4, 2025",10671,0
2025-06-05,8b3sTizy7N8,"재미로 하는 Vibe Coding - 🚀 Development에서 Production 까지 필요한 세팅들은 어떤것들이 있을까요? - CloudFront, CI/CD etc.","Aug 4, 2025",10671,0
2025-06-06,8b3sTizy7N8,"재미로 하는 Vibe Coding - 🚀 Development에서 Production 까지 필요한 세팅들은 어떤것들이 있을까요? - CloudFront, CI/CD etc.","Aug 4, 2025",10671,0
2025-06-07,8b3sTizy7N8,"재미로 하는 Vibe Coding - 🚀 Development에서 Production 까지 필요한 세팅들은 어떤것들이 있을까요? - CloudFront, CI/CD etc.","Aug 4, 2025",10671,0
2025-06-08,8b3sTizy7N8,"재미로 하는 Vibe Coding - 🚀 Development에서 Production 까지 필요한 세팅들은 어떤것들이 있을까요? - CloudFront, CI/CD etc.","Aug 4, 2025",10671,0
2025-06-09,8b3sTizy7N8,"재미로 하는 Vibe Coding - 🚀 Development에서 Production 까지 필요한 세팅들은 어떤것들이 있을까요? - CloudFront, CI/CD etc.","Aug 4, 2025",10671,0
2025-06-10,8b3sTizy7N8,"재미로 하는 Vibe Coding - 🚀 Development에서 Production 까지 필요한 세팅들은 어떤것들이 있을까요? - CloudFront, CI/CD etc.","Aug 4, 2025",10671,0
2025-06-11,8b3sTizy7N8,"재미로 하는 Vibe Coding - 🚀 Development에서 Production 까지 필요한 세팅들은 어떤것들이 있을까요? - CloudFront, CI/CD etc.","Aug 4, 2025",10671,0
2025-06-12,8b3sTizy7N8,"재미로 하는 Vibe Coding - 🚀 Development에서 Production 까지 필요한 세팅들은 어떤것들이 있을까요? - CloudFront, CI/CD etc.","Aug 4, 2025",10671,0
2025-06-13,8b3sTizy7N8,"재미로 하는 Vibe Coding - 🚀 Development에서 Production 까지 필요한 세팅들은 어떤것들이 있을까요? - CloudFront, CI/CD etc.","Aug 4, 2025",10671,0
2025-06-14,8b3sTizy7N8,"재미로 하는 Vibe Coding - 🚀 Development에서 Production 까지 필요한 세팅들은 어떤것들이 있을까요? - CloudFront, CI/CD etc.","Aug 4, 2025",10671,0
2025-06-15,8b3sTizy7N8,"재미로 하는 Vibe Coding - 🚀 Development에서 Production 까지 필요한 세팅들은 어떤것들이 있을까요? - CloudFront, CI/CD etc.","Aug 4, 2025",10671,0
2025-06-16,8b3sTizy7N8,"재미로 하는 Vibe Coding - 🚀 Development에서 Production 까지 필요한 세팅들은 어떤것들이 있을까요? - CloudFront, CI/CD etc.","Aug 4, 2025",10671,0
2025-06-17,8b3sTizy7N8,"재미로 하는 Vibe Coding - 🚀 Development에서 Production 까지 필요한 세팅들은 어떤것들이 있을까요? - CloudFront, CI/CD etc.","Aug 4, 2025",10671,0
2025-06-18,8b3sTizy7N8,"재미로 하는 Vibe Coding - 🚀 Development에서 Production 까지 필요한 세팅들은 어떤것들이 있을까요? - CloudFront, CI/CD etc.","Aug 4, 2025",10671,0
2025-06-19,8b3sTizy7N8,"재미로 하는 Vibe Coding - 🚀 Development에서 Production 까지 필요한 세팅들은 어떤것들이 있을까요? - CloudFront, CI/CD etc.","Aug 4, 2025",10671,0
2025-06-20,8b3sTizy7N8,"재미로 하는 Vibe Coding - 🚀 Development에서 Production 까지 필요한 세팅들은 어떤것들이 있을까요? - CloudFront, CI/CD etc.","Aug 4, 2025",10671,0
2025-06-21,8b3sTizy7N8,"재미로 하는 Vibe Coding - 🚀 Development에서 Production 까지 필요한 세팅들은 어떤것들이 있을까요? - CloudFront, CI/CD etc.","Aug 4, 2025",10671,0
2025-06-22,8b3sTizy7N8,"재미로 하는 Vibe Coding - 🚀 Development에서 Production 까지 필요한 세팅들은 어떤것들이 있을까요? - CloudFront, CI/CD etc.","Aug 4, 2025",10671,0
2025-06-23,8b3sTizy7N8,"재미로 하는 Vibe Coding - 🚀 Development에서 Production 까지 필요한 세팅들은 어떤것들이 있을까요? - CloudFront, CI/CD etc.","Aug 4, 2025",10671,0
2025-06-24,8b3sTizy7N8,"재미로 하는 Vibe Coding - 🚀 Development에서 Production 까지 필요한 세팅들은 어떤것들이 있을까요? - CloudFront, CI/CD etc.","Aug 4, 2025",10671,0
2025-06-25,8b3sTizy7N8,"재미로 하는 Vibe Coding - 🚀 Development에서 Production 까지 필요한 세팅들은 어떤것들이 있을까요? - CloudFront, CI/CD etc.","Aug 4, 2025",10671,0
2025-06-26,8b3sTizy7N8,"재미로 하는 Vibe Coding - 🚀 Development에서 Production 까지 필요한 세팅들은 어떤것들이 있을까요? - CloudFront, CI/CD etc.","Aug 4, 2025",10671,0
2025-06-27,8b3sTizy7N8,"재미로 하는 Vibe Coding - 🚀 Development에서 Production 까지 필요한 세팅들은 어떤것들이 있을까요? - CloudFront, CI/CD etc.","Aug 4, 2025",10671,0
2025-06-28,8b3sTizy7N8,"재미로 하는 Vibe Coding - 🚀 Development에서 Production 까지 필요한 세팅들은 어떤것들이 있을까요? - CloudFront, CI/CD etc.","Aug 4, 2025",10671,0
2025-06-29,8b3sTizy7N8,"재미로 하는 Vibe Coding - 🚀 Development에서 Production 까지 필요한 세팅들은 어떤것들이 있을까요? - CloudFront, CI/CD etc.","Aug 4, 2025",10671,0
2025-06-30,8b3sTizy7N8,"재미로 하는 Vibe Coding - 🚀 Development에서 Production 까지 필요한 세팅들은 어떤것들이 있을까요? - CloudFront, CI/CD etc.","Aug 4, 2025",10671,0
2025-07-01,8b3sTizy7N8,"재미로 하는 Vibe Coding - 🚀 Development에서 Production 까지 필요한 세팅들은 어떤것들이 있을까요? - CloudFront, CI/CD etc.","Aug 4, 2025",10671,0
2025-07-02,8b3sTizy7N8,"재미로 하는 Vibe Coding - 🚀 Development에서 Production 까지 필요한 세팅들은 어떤것들이 있을까요? - CloudFront, CI/CD etc.","Aug 4, 2025",10671,0
2025-07-03,8b3sTizy7N8,"재미로 하는 Vibe Coding - 🚀 Development에서 Production 까지 필요한 세팅들은 어떤것들이 있을까요? - CloudFront, CI/CD etc.","Aug 4, 2025",10671,0
2025-07-04,8b3sTizy7N8,"재미로 하는 Vibe Coding - 🚀 Development에서 Production 까지 필요한 세팅들은 어떤것들이 있을까요? - CloudFront, CI/CD etc.","Aug 4, 2025",10671,0
2025-07-05,8b3sTizy7N8,"재미로 하는 Vibe Coding - 🚀 Development에서 Production 까지 필요한 세팅들은 어떤것들이 있을까요? - CloudFront, CI/CD etc.","Aug 4, 2025",10671,0
2025-07-06,8b3sTizy7N8,"재미로 하는 Vibe Coding - 🚀 Development에서 Production 까지 필요한 세팅들은 어떤것들이 있을까요? - CloudFront, CI/CD etc.","Aug 4, 2025",10671,0
2025-07-07,8b3sTizy7N8,"재미로 하는 Vibe Coding - 🚀 Development에서 Production 까지 필요한 세팅들은 어떤것들이 있을까요? - CloudFront, CI/CD etc.","Aug 4, 2025",10671,0
2025-07-08,8b3sTizy7N8,"재미로 하는 Vibe Coding - 🚀 Development에서 Production 까지 필요한 세팅들은 어떤것들이 있을까요? - CloudFront, CI/CD etc.","Aug 4, 2025",10671,0
2025-07-09,8b3sTizy7N8,"재미로 하는 Vibe Coding - 🚀 Development에서 Production 까지 필요한 세팅들은 어떤것들이 있을까요? - CloudFront, CI/CD etc.","Aug 4, 2025",10671,0
2025-07-10,8b3sTizy7N8,"재미로 하는 Vibe Coding - 🚀 Development에서 Production 까지 필요한 세팅들은 어떤것들이 있을까요? - CloudFront, CI/CD etc.","Aug 4, 2025",10671,0
2025-07-11,8b3sTizy7N8,"재미로 하는 Vibe Coding - 🚀 Development에서 Production 까지 필요한 세팅들은 어떤것들이 있을까요? - CloudFront, CI/CD etc.","Aug 4, 2025",10671,0
2025-07-12,8b3sTizy7N8,"재미로 하는 Vibe Coding - 🚀 Development에서 Production 까지 필요한 세팅들은 어떤것들이 있을까요? - CloudFront, CI/CD etc.","Aug 4, 2025",10671,0
2025-07-13,8b3sTizy7N8,"재미로 하는 Vibe Coding - 🚀 Development에서 Production 까지 필요한 세팅들은 어떤것들이 있을까요? - CloudFront, CI/CD etc.","Aug 4, 2025",10671,0
2025-07-14,8b3sTizy7N8,"재미로 하는 Vibe Coding - 🚀 Development에서 Production 까지 필요한 세팅들은 어떤것들이 있을까요? - CloudFront, CI/CD etc.","Aug 4, 2025",10671,0
2025-07-15,8b3sTizy7N8,"재미로 하는 Vibe Coding - 🚀 Development에서 Production 까지 필요한 세팅들은 어떤것들이 있을까요? - CloudFront, CI/CD etc.","Aug 4, 2025",10671,0
2025-07-16,8b3sTizy7N8,"재미로 하는 Vibe Coding - 🚀 Development에서 Production 까지 필요한 세팅들은 어떤것들이 있을까요? - CloudFront, CI/CD etc.","Aug 4, 2025",10671,0
2025-07-17,8b3sTizy7N8,"재미로 하는 Vibe Coding - 🚀 Development에서 Production 까지 필요한 세팅들은 어떤것들이 있을까요? - CloudFront, CI/CD etc.","Aug 4, 2025",10671,0
2025-07-18,8b3sTizy7N8,"재미로 하는 Vibe Coding - 🚀 Development에서 Production 까지 필요한 세팅들은 어떤것들이 있을까요? - CloudFront, CI/CD etc.","Aug 4, 2025",10671,0
2025-07-19,8b3sTizy7N8,"재미로 하는 Vibe Coding - 🚀 Development에서 Production 까지 필요한 세팅들은 어떤것들이 있을까요? - CloudFront, CI/CD etc.","Aug 4, 2025",10671,0
2025-07-20,8b3sTizy7N8,"재미로 하는 Vibe Coding - 🚀 Development에서 Production 까지 필요한 세팅들은 어떤것들이 있을까요? - CloudFront, CI/CD etc.","Aug 4, 2025",10671,0
2025-07-21,8b3sTizy7N8,"재미로 하는 Vibe Coding - 🚀 Development에서 Production 까지 필요한 세팅들은 어떤것들이 있을까요? - CloudFront, CI/CD etc.","Aug 4, 2025",10671,0
2025-07-22,8b3sTizy7N8,"재미로 하는 Vibe Coding - 🚀 Development에서 Production 까지 필요한 세팅들은 어떤것들이 있을까요? - CloudFront, CI/CD etc.","Aug 4, 2025",10671,0
2025-07-23,8b3sTizy7N8,"재미로 하는 Vibe Coding - 🚀 Development에서 Production 까지 필요한 세팅들은 어떤것들이 있을까요? - CloudFront, CI/CD etc.","Aug 4, 2025",10671,0
2025-07-24,8b3sTizy7N8,"재미로 하는 Vibe Coding - 🚀 Development에서 Production 까지 필요한 세팅들은 어떤것들이 있을까요? - CloudFront, CI/CD etc.","Aug 4, 2025",10671,0
2025-07-25,8b3sTizy7N8,"재미로 하는 Vibe Coding - 🚀 Development에서 Production 까지 필요한 세팅들은 어떤것들이 있을까요? - CloudFront, CI/CD etc.","Aug 4, 2025",10671,0
2025-07-26,8b3sTizy7N8,"재미로 하는 Vibe Coding - 🚀 Development에서 Production 까지 필요한 세팅들은 어떤것들이 있을까요? - CloudFront, CI/CD etc.","Aug 4, 2025",10671,0
2025-07-27,8b3sTizy7N8,"재미로 하는 Vibe Coding - 🚀 Development에서 Production 까지 필요한 세팅들은 어떤것들이 있을까요? - CloudFront, CI/CD etc.","Aug 4, 2025",10671,0
2025-07-28,8b3sTizy7N8,"재미로 하는 Vibe Coding - 🚀 Development에서 Production 까지 필요한 세팅들은 어떤것들이 있을까요? - CloudFront, CI/CD etc.","Aug 4, 2025",10671,0
2025-07-29,8b3sTizy7N8,"재미로 하는 Vibe Coding - 🚀 Development에서 Production 까지 필요한 세팅들은 어떤것들이 있을까요? - CloudFront, CI/CD etc.","Aug 4, 2025",10671,0
2025-07-30,8b3sTizy7N8,"재미로 하는 Vibe Coding - 🚀 Development에서 Production 까지 필요한 세팅들은 어떤것들이 있을까요? - CloudFront, CI/CD etc.","Aug 4, 2025",10671,0
2025-07-31,8b3sTizy7N8,"재미로 하는 Vibe Coding - 🚀 Development에서 Production 까지 필요한 세팅들은 어떤것들이 있을까요? - CloudFront, CI/CD etc.","Aug 4, 2025",10671,0
2025-08-01,8b3sTizy7N8,"재미로 하는 Vibe Coding - 🚀 Development에서 Production 까지 필요한 세팅들은 어떤것들이 있을까요? - CloudFront, CI/CD etc.","Aug 4, 2025",10671,0
2025-08-02,8b3sTizy7N8,"재미로 하는 Vibe Coding - 🚀 Development에서 Production 까지 필요한 세팅들은 어떤것들이 있을까요? - CloudFront, CI/CD etc.","Aug 4, 2025",10671,0.001
2025-08-03,8b3sTizy7N8,"재미로 하는 Vibe Coding - 🚀 Development에서 Production 까지 필요한 세팅들은 어떤것들이 있을까요? - CloudFront, CI/CD etc.","Aug 4, 2025",10671,0.094
2025-08-04,8b3sTizy7N8,"재미로 하는 Vibe Coding - 🚀 Development에서 Production 까지 필요한 세팅들은 어떤것들이 있을까요? - CloudFront, CI/CD etc.","Aug 4, 2025",10671,0.245
2025-08-05,8b3sTizy7N8,"재미로 하는 Vibe Coding - 🚀 Development에서 Production 까지 필요한 세팅들은 어떤것들이 있을까요? - CloudFront, CI/CD etc.","Aug 4, 2025",10671,0.161
2025-08-06,8b3sTizy7N8,"재미로 하는 Vibe Coding - 🚀 Development에서 Production 까지 필요한 세팅들은 어떤것들이 있을까요? - CloudFront, CI/CD etc.","Aug 4, 2025",10671,0.002
2025-08-07,8b3sTizy7N8,"재미로 하는 Vibe Coding - 🚀 Development에서 Production 까지 필요한 세팅들은 어떤것들이 있을까요? - CloudFront, CI/CD etc.","Aug 4, 2025",10671,0
2025-08-08,8b3sTizy7N8,"재미로 하는 Vibe Coding - 🚀 Development에서 Production 까지 필요한 세팅들은 어떤것들이 있을까요? - CloudFront, CI/CD etc.","Aug 4, 2025",10671,0.006
2025-08-09,8b3sTizy7N8,"재미로 하는 Vibe Coding - 🚀 Development에서 Production 까지 필요한 세팅들은 어떤것들이 있을까요? - CloudFront, CI/CD etc.","Aug 4, 2025",10671,1.422
2025-08-10,8b3sTizy7N8,"재미로 하는 Vibe Coding - 🚀 Development에서 Production 까지 필요한 세팅들은 어떤것들이 있을까요? - CloudFront, CI/CD etc.","Aug 4, 2025",10671,0
2025-08-11,8b3sTizy7N8,"재미로 하는 Vibe Coding - 🚀 Development에서 Production 까지 필요한 세팅들은 어떤것들이 있을까요? - CloudFront, CI/CD etc.","Aug 4, 2025",10671,0
2025-08-12,8b3sTizy7N8,"재미로 하는 Vibe Coding - 🚀 Development에서 Production 까지 필요한 세팅들은 어떤것들이 있을까요? - CloudFront, CI/CD etc.","Aug 4, 2025",10671,0.002
2025-08-13,8b3sTizy7N8,"재미로 하는 Vibe Coding - 🚀 Development에서 Production 까지 필요한 세팅들은 어떤것들이 있을까요? - CloudFront, CI/CD etc.","Aug 4, 2025",10671,0.001
2025-08-14,8b3sTizy7N8,"재미로 하는 Vibe Coding - 🚀 Development에서 Production 까지 필요한 세팅들은 어떤것들이 있을까요? - CloudFront, CI/CD etc.","Aug 4, 2025",10671,0
2025-08-15,8b3sTizy7N8,"재미로 하는 Vibe Coding - 🚀 Development에서 Production 까지 필요한 세팅들은 어떤것들이 있을까요? - CloudFront, CI/CD etc.","Aug 4, 2025",10671,0
2025-08-16,8b3sTizy7N8,"재미로 하는 Vibe Coding - 🚀 Development에서 Production 까지 필요한 세팅들은 어떤것들이 있을까요? - CloudFront, CI/CD etc.","Aug 4, 2025",10671,0.004
2025-08-17,8b3sTizy7N8,"재미로 하는 Vibe Coding - 🚀 Development에서 Production 까지 필요한 세팅들은 어떤것들이 있을까요? - CloudFront, CI/CD etc.","Aug 4, 2025",10671,0
2025-08-18,8b3sTizy7N8,"재미로 하는 Vibe Coding - 🚀 Development에서 Production 까지 필요한 세팅들은 어떤것들이 있을까요? - CloudFront, CI/CD etc.","Aug 4, 2025",10671,0
2025-08-19,8b3sTizy7N8,"재미로 하는 Vibe Coding - 🚀 Development에서 Production 까지 필요한 세팅들은 어떤것들이 있을까요? - CloudFront, CI/CD etc.","Aug 4, 2025",10671,0
2025-08-20,8b3sTizy7N8,"재미로 하는 Vibe Coding - 🚀 Development에서 Production 까지 필요한 세팅들은 어떤것들이 있을까요? - CloudFront, CI/CD etc.","Aug 4, 2025",10671,0.012
2025-08-21,8b3sTizy7N8,"재미로 하는 Vibe Coding - 🚀 Development에서 Production 까지 필요한 세팅들은 어떤것들이 있을까요? - CloudFront, CI/CD etc.","Aug 4, 2025",10671,0.003
2025-08-22,8b3sTizy7N8,"재미로 하는 Vibe Coding - 🚀 Development에서 Production 까지 필요한 세팅들은 어떤것들이 있을까요? - CloudFront, CI/CD etc.","Aug 4, 2025",10671,0
2025-08-23,8b3sTizy7N8,"재미로 하는 Vibe Coding - 🚀 Development에서 Production 까지 필요한 세팅들은 어떤것들이 있을까요? - CloudFront, CI/CD etc.","Aug 4, 2025",10671,0
2025-08-24,8b3sTizy7N8,"재미로 하는 Vibe Coding - 🚀 Development에서 Production 까지 필요한 세팅들은 어떤것들이 있을까요? - CloudFront, CI/CD etc.","Aug 4, 2025",10671,0
2025-08-25,8b3sTizy7N8,"재미로 하는 Vibe Coding - 🚀 Development에서 Production 까지 필요한 세팅들은 어떤것들이 있을까요? - CloudFront, CI/CD etc.","Aug 4, 2025",10671,0
2025-08-26,8b3sTizy7N8,"재미로 하는 Vibe Coding - 🚀 Development에서 Production 까지 필요한 세팅들은 어떤것들이 있을까요? - CloudFront, CI/CD etc.","Aug 4, 2025",10671,0
2025-08-27,8b3sTizy7N8,"재미로 하는 Vibe Coding - 🚀 Development에서 Production 까지 필요한 세팅들은 어떤것들이 있을까요? - CloudFront, CI/CD etc.","Aug 4, 2025",10671,0
2025-08-28,8b3sTizy7N8,"재미로 하는 Vibe Coding - 🚀 Development에서 Production 까지 필요한 세팅들은 어떤것들이 있을까요? - CloudFront, CI/CD etc.","Aug 4, 2025",10671,0
2025-08-29,8b3sTizy7N8,"재미로 하는 Vibe Coding - 🚀 Development에서 Production 까지 필요한 세팅들은 어떤것들이 있을까요? - CloudFront, CI/CD etc.","Aug 4, 2025",10671,0
2025-08-30,8b3sTizy7N8,"재미로 하는 Vibe Coding - 🚀 Development에서 Production 까지 필요한 세팅들은 어떤것들이 있을까요? - CloudFront, CI/CD etc.","Aug 4, 2025",10671,0
2025-08-31,8b3sTizy7N8,"재미로 하는 Vibe Coding - 🚀 Development에서 Production 까지 필요한 세팅들은 어떤것들이 있을까요? - CloudFront, CI/CD etc.","Aug 4, 2025",10671,0
2025-09-01,8b3sTizy7N8,"재미로 하는 Vibe Coding - 🚀 Development에서 Production 까지 필요한 세팅들은 어떤것들이 있을까요? - CloudFront, CI/CD etc.","Aug 4, 2025",10671,0
2025-09-02,8b3sTizy7N8,"재미로 하는 Vibe Coding - 🚀 Development에서 Production 까지 필요한 세팅들은 어떤것들이 있을까요? - CloudFront, CI/CD etc.","Aug 4, 2025",10671,0
2025-09-03,8b3sTizy7N8,"재미로 하는 Vibe Coding - 🚀 Development에서 Production 까지 필요한 세팅들은 어떤것들이 있을까요? - CloudFront, CI/CD etc.","Aug 4, 2025",10671,0
2025-09-04,8b3sTizy7N8,"재미로 하는 Vibe Coding - 🚀 Development에서 Production 까지 필요한 세팅들은 어떤것들이 있을까요? - CloudFront, CI/CD etc.","Aug 4, 2025",10671,0
2025-09-05,8b3sTizy7N8,"재미로 하는 Vibe Coding - 🚀 Development에서 Production 까지 필요한 세팅들은 어떤것들이 있을까요? - CloudFront, CI/CD etc.","Aug 4, 2025",10671,0
2025-09-06,8b3sTizy7N8,"재미로 하는 Vibe Coding - 🚀 Development에서 Production 까지 필요한 세팅들은 어떤것들이 있을까요? - CloudFront, CI/CD etc.","Aug 4, 2025",10671,0
2025-09-07,8b3sTizy7N8,"재미로 하는 Vibe Coding - 🚀 Development에서 Production 까지 필요한 세팅들은 어떤것들이 있을까요? - CloudFront, CI/CD etc.","Aug 4, 2025",10671,0
2025-09-08,8b3sTizy7N8,"재미로 하는 Vibe Coding - 🚀 Development에서 Production 까지 필요한 세팅들은 어떤것들이 있을까요? - CloudFront, CI/CD etc.","Aug 4, 2025",10671,0
2025-09-09,8b3sTizy7N8,"재미로 하는 Vibe Coding - 🚀 Development에서 Production 까지 필요한 세팅들은 어떤것들이 있을까요? - CloudFront, CI/CD etc.","Aug 4, 2025",10671,1.393
2025-09-10,8b3sTizy7N8,"재미로 하는 Vibe Coding - 🚀 Development에서 Production 까지 필요한 세팅들은 어떤것들이 있을까요? - CloudFront, CI/CD etc.","Aug 4, 2025",10671,0
2025-09-11,8b3sTizy7N8,"재미로 하는 Vibe Coding - 🚀 Development에서 Production 까지 필요한 세팅들은 어떤것들이 있을까요? - CloudFront, CI/CD etc.","Aug 4, 2025",10671,0
2025-09-12,8b3sTizy7N8,"재미로 하는 Vibe Coding - 🚀 Development에서 Production 까지 필요한 세팅들은 어떤것들이 있을까요? - CloudFront, CI/CD etc.","Aug 4, 2025",10671,0
2025-09-13,8b3sTizy7N8,"재미로 하는 Vibe Coding - 🚀 Development에서 Production 까지 필요한 세팅들은 어떤것들이 있을까요? - CloudFront, CI/CD etc.","Aug 4, 2025",10671,0
2025-09-14,8b3sTizy7N8,"재미로 하는 Vibe Coding - 🚀 Development에서 Production 까지 필요한 세팅들은 어떤것들이 있을까요? - CloudFront, CI/CD etc.","Aug 4, 2025",10671,0
2025-09-15,8b3sTizy7N8,"재미로 하는 Vibe Coding - 🚀 Development에서 Production 까지 필요한 세팅들은 어떤것들이 있을까요? - CloudFront, CI/CD etc.","Aug 4, 2025",10671,0
2025-09-16,8b3sTizy7N8,"재미로 하는 Vibe Coding - 🚀 Development에서 Production 까지 필요한 세팅들은 어떤것들이 있을까요? - CloudFront, CI/CD etc.","Aug 4, 2025",10671,0
2025-09-17,8b3sTizy7N8,"재미로 하는 Vibe Coding - 🚀 Development에서 Production 까지 필요한 세팅들은 어떤것들이 있을까요? - CloudFront, CI/CD etc.","Aug 4, 2025",10671,0
2025-09-18,8b3sTizy7N8,"재미로 하는 Vibe Coding - 🚀 Development에서 Production 까지 필요한 세팅들은 어떤것들이 있을까요? - CloudFront, CI/CD etc.","Aug 4, 2025",10671,0
2025-09-19,8b3sTizy7N8,"재미로 하는 Vibe Coding - 🚀 Development에서 Production 까지 필요한 세팅들은 어떤것들이 있을까요? - CloudFront, CI/CD etc.","Aug 4, 2025",10671,0
2025-09-20,8b3sTizy7N8,"재미로 하는 Vibe Coding - 🚀 Development에서 Production 까지 필요한 세팅들은 어떤것들이 있을까요? - CloudFront, CI/CD etc.","Aug 4, 2025",10671,0
2025-09-21,8b3sTizy7N8,"재미로 하는 Vibe Coding - 🚀 Development에서 Production 까지 필요한 세팅들은 어떤것들이 있을까요? - CloudFront, CI/CD etc.","Aug 4, 2025",10671,0
2025-09-22,8b3sTizy7N8,"재미로 하는 Vibe Coding - 🚀 Development에서 Production 까지 필요한 세팅들은 어떤것들이 있을까요? - CloudFront, CI/CD etc.","Aug 4, 2025",10671,0
2025-09-23,8b3sTizy7N8,"재미로 하는 Vibe Coding - 🚀 Development에서 Production 까지 필요한 세팅들은 어떤것들이 있을까요? - CloudFront, CI/CD etc.","Aug 4, 2025",10671,0
2025-09-24,8b3sTizy7N8,"재미로 하는 Vibe Coding - 🚀 Development에서 Production 까지 필요한 세팅들은 어떤것들이 있을까요? - CloudFront, CI/CD etc.","Aug 4, 2025",10671,0
2025-09-25,8b3sTizy7N8,"재미로 하는 Vibe Coding - 🚀 Development에서 Production 까지 필요한 세팅들은 어떤것들이 있을까요? - CloudFront, CI/CD etc.","Aug 4, 2025",10671,0
2025-09-26,8b3sTizy7N8,"재미로 하는 Vibe Coding - 🚀 Development에서 Production 까지 필요한 세팅들은 어떤것들이 있을까요? - CloudFront, CI/CD etc.","Aug 4, 2025",10671,0
2025-09-27,8b3sTizy7N8,"재미로 하는 Vibe Coding - 🚀 Development에서 Production 까지 필요한 세팅들은 어떤것들이 있을까요? - CloudFront, CI/CD etc.","Aug 4, 2025",10671,0
2025-09-28,8b3sTizy7N8,"재미로 하는 Vibe Coding - 🚀 Development에서 Production 까지 필요한 세팅들은 어떤것들이 있을까요? - CloudFront, CI/CD etc.","Aug 4, 2025",10671,0
2025-09-29,8b3sTizy7N8,"재미로 하는 Vibe Coding - 🚀 Development에서 Production 까지 필요한 세팅들은 어떤것들이 있을까요? - CloudFront, CI/CD etc.","Aug 4, 2025",10671,0
2025-09-30,8b3sTizy7N8,"재미로 하는 Vibe Coding - 🚀 Development에서 Production 까지 필요한 세팅들은 어떤것들이 있을까요? - CloudFront, CI/CD etc.","Aug 4, 2025",10671,0
2025-10-01,8b3sTizy7N8,"재미로 하는 Vibe Coding - 🚀 Development에서 Production 까지 필요한 세팅들은 어떤것들이 있을까요? - CloudFront, CI/CD etc.","Aug 4, 2025",10671,0
2025-10-02,8b3sTizy7N8,"재미로 하는 Vibe Coding - 🚀 Development에서 Production 까지 필요한 세팅들은 어떤것들이 있을까요? - CloudFront, CI/CD etc.","Aug 4, 2025",10671,0
2025-10-03,8b3sTizy7N8,"재미로 하는 Vibe Coding - 🚀 Development에서 Production 까지 필요한 세팅들은 어떤것들이 있을까요? - CloudFront, CI/CD etc.","Aug 4, 2025",10671,0
2025-10-04,8b3sTizy7N8,"재미로 하는 Vibe Coding - 🚀 Development에서 Production 까지 필요한 세팅들은 어떤것들이 있을까요? - CloudFront, CI/CD etc.","Aug 4, 2025",10671,0.002
2025-10-05,8b3sTizy7N8,"재미로 하는 Vibe Coding - 🚀 Development에서 Production 까지 필요한 세팅들은 어떤것들이 있을까요? - CloudFront, CI/CD etc.","Aug 4, 2025",10671,0
2025-10-06,8b3sTizy7N8,"재미로 하는 Vibe Coding - 🚀 Development에서 Production 까지 필요한 세팅들은 어떤것들이 있을까요? - CloudFront, CI/CD etc.","Aug 4, 2025",10671,0
2025-10-07,8b3sTizy7N8,"재미로 하는 Vibe Coding - 🚀 Development에서 Production 까지 필요한 세팅들은 어떤것들이 있을까요? - CloudFront, CI/CD etc.","Aug 4, 2025",10671,0
2025-10-08,8b3sTizy7N8,"재미로 하는 Vibe Coding - 🚀 Development에서 Production 까지 필요한 세팅들은 어떤것들이 있을까요? - CloudFront, CI/CD etc.","Aug 4, 2025",10671,0
2025-10-09,8b3sTizy7N8,"재미로 하는 Vibe Coding - 🚀 Development에서 Production 까지 필요한 세팅들은 어떤것들이 있을까요? - CloudFront, CI/CD etc.","Aug 4, 2025",10671,1.393
2025-10-10,8b3sTizy7N8,"재미로 하는 Vibe Coding - 🚀 Development에서 Production 까지 필요한 세팅들은 어떤것들이 있을까요? - CloudFront, CI/CD etc.","Aug 4, 2025",10671,0
2025-10-11,8b3sTizy7N8,"재미로 하는 Vibe Coding - 🚀 Development에서 Production 까지 필요한 세팅들은 어떤것들이 있을까요? - CloudFront, CI/CD etc.","Aug 4, 2025",10671,0
2025-10-12,8b3sTizy7N8,"재미로 하는 Vibe Coding - 🚀 Development에서 Production 까지 필요한 세팅들은 어떤것들이 있을까요? - CloudFront, CI/CD etc.","Aug 4, 2025",10671,0
2025-10-13,8b3sTizy7N8,"재미로 하는 Vibe Coding - 🚀 Development에서 Production 까지 필요한 세팅들은 어떤것들이 있을까요? - CloudFront, CI/CD etc.","Aug 4, 2025",10671,0
2025-10-14,8b3sTizy7N8,"재미로 하는 Vibe Coding - 🚀 Development에서 Production 까지 필요한 세팅들은 어떤것들이 있을까요? - CloudFront, CI/CD etc.","Aug 4, 2025",10671,0
2025-10-15,8b3sTizy7N8,"재미로 하는 Vibe Coding - 🚀 Development에서 Production 까지 필요한 세팅들은 어떤것들이 있을까요? - CloudFront, CI/CD etc.","Aug 4, 2025",10671,0
2025-10-16,8b3sTizy7N8,"재미로 하는 Vibe Coding - 🚀 Development에서 Production 까지 필요한 세팅들은 어떤것들이 있을까요? - CloudFront, CI/CD etc.","Aug 4, 2025",10671,0
2025-10-17,8b3sTizy7N8,"재미로 하는 Vibe Coding - 🚀 Development에서 Production 까지 필요한 세팅들은 어떤것들이 있을까요? - CloudFront, CI/CD etc.","Aug 4, 2025",10671,0
2025-10-18,8b3sTizy7N8,"재미로 하는 Vibe Coding - 🚀 Development에서 Production 까지 필요한 세팅들은 어떤것들이 있을까요? - CloudFront, CI/CD etc.","Aug 4, 2025",10671,0
2025-10-19,8b3sTizy7N8,"재미로 하는 Vibe Coding - 🚀 Development에서 Production 까지 필요한 세팅들은 어떤것들이 있을까요? - CloudFront, CI/CD etc.","Aug 4, 2025",10671,0
2025-10-20,8b3sTizy7N8,"재미로 하는 Vibe Coding - 🚀 Development에서 Production 까지 필요한 세팅들은 어떤것들이 있을까요? - CloudFront, CI/CD etc.","Aug 4, 2025",10671,0
2025-10-21,8b3sTizy7N8,"재미로 하는 Vibe Coding - 🚀 Development에서 Production 까지 필요한 세팅들은 어떤것들이 있을까요? - CloudFront, CI/CD etc.","Aug 4, 2025",10671,0
2025-10-22,8b3sTizy7N8,"재미로 하는 Vibe Coding - 🚀 Development에서 Production 까지 필요한 세팅들은 어떤것들이 있을까요? - CloudFront, CI/CD etc.","Aug 4, 2025",10671,0
2025-10-23,8b3sTizy7N8,"재미로 하는 Vibe Coding - 🚀 Development에서 Production 까지 필요한 세팅들은 어떤것들이 있을까요? - CloudFront, CI/CD etc.","Aug 4, 2025",10671,0
2025-10-24,8b3sTizy7N8,"재미로 하는 Vibe Coding - 🚀 Development에서 Production 까지 필요한 세팅들은 어떤것들이 있을까요? - CloudFront, CI/CD etc.","Aug 4, 2025",10671,0
2025-10-25,8b3sTizy7N8,"재미로 하는 Vibe Coding - 🚀 Development에서 Production 까지 필요한 세팅들은 어떤것들이 있을까요? - CloudFront, CI/CD etc.","Aug 4, 2025",10671,0
2025-10-26,8b3sTizy7N8,"재미로 하는 Vibe Coding - 🚀 Development에서 Production 까지 필요한 세팅들은 어떤것들이 있을까요? - CloudFront, CI/CD etc.","Aug 4, 2025",10671,0
2025-10-27,8b3sTizy7N8,"재미로 하는 Vibe Coding - 🚀 Development에서 Production 까지 필요한 세팅들은 어떤것들이 있을까요? - CloudFront, CI/CD etc.","Aug 4, 2025",10671,0
2025-10-28,8b3sTizy7N8,"재미로 하는 Vibe Coding - 🚀 Development에서 Production 까지 필요한 세팅들은 어떤것들이 있을까요? - CloudFront, CI/CD etc.","Aug 4, 2025",10671,0
2025-10-29,8b3sTizy7N8,"재미로 하는 Vibe Coding - 🚀 Development에서 Production 까지 필요한 세팅들은 어떤것들이 있을까요? - CloudFront, CI/CD etc.","Aug 4, 2025",10671,0
2025-10-30,8b3sTizy7N8,"재미로 하는 Vibe Coding - 🚀 Development에서 Production 까지 필요한 세팅들은 어떤것들이 있을까요? - CloudFront, CI/CD etc.","Aug 4, 2025",10671,0
2025-10-31,8b3sTizy7N8,"재미로 하는 Vibe Coding - 🚀 Development에서 Production 까지 필요한 세팅들은 어떤것들이 있을까요? - CloudFront, CI/CD etc.","Aug 4, 2025",10671,0
2025-11-01,8b3sTizy7N8,"재미로 하는 Vibe Coding - 🚀 Development에서 Production 까지 필요한 세팅들은 어떤것들이 있을까요? - CloudFront, CI/CD etc.","Aug 4, 2025",10671,0
2025-11-02,8b3sTizy7N8,"재미로 하는 Vibe Coding - 🚀 Development에서 Production 까지 필요한 세팅들은 어떤것들이 있을까요? - CloudFront, CI/CD etc.","Aug 4, 2025",10671,0
2025-11-03,8b3sTizy7N8,"재미로 하는 Vibe Coding - 🚀 Development에서 Production 까지 필요한 세팅들은 어떤것들이 있을까요? - CloudFront, CI/CD etc.","Aug 4, 2025",10671,0
2025-11-04,8b3sTizy7N8,"재미로 하는 Vibe Coding - 🚀 Development에서 Production 까지 필요한 세팅들은 어떤것들이 있을까요? - CloudFront, CI/CD etc.","Aug 4, 2025",10671,0
2025-11-05,8b3sTizy7N8,"재미로 하는 Vibe Coding - 🚀 Development에서 Production 까지 필요한 세팅들은 어떤것들이 있을까요? - CloudFront, CI/CD etc.","Aug 4, 2025",10671,0
2025-11-06,8b3sTizy7N8,"재미로 하는 Vibe Coding - 🚀 Development에서 Production 까지 필요한 세팅들은 어떤것들이 있을까요? - CloudFront, CI/CD etc.","Aug 4, 2025",10671,0
2025-11-07,8b3sTizy7N8,"재미로 하는 Vibe Coding - 🚀 Development에서 Production 까지 필요한 세팅들은 어떤것들이 있을까요? - CloudFront, CI/CD etc.","Aug 4, 2025",10671,0
2025-11-08,8b3sTizy7N8,"재미로 하는 Vibe Coding - 🚀 Development에서 Production 까지 필요한 세팅들은 어떤것들이 있을까요? - CloudFront, CI/CD etc.","Aug 4, 2025",10671,0
2025-11-09,8b3sTizy7N8,"재미로 하는 Vibe Coding - 🚀 Development에서 Production 까지 필요한 세팅들은 어떤것들이 있을까요? - CloudFront, CI/CD etc.","Aug 4, 2025",10671,1.393
2025-11-10,8b3sTizy7N8,"재미로 하는 Vibe Coding - 🚀 Development에서 Production 까지 필요한 세팅들은 어떤것들이 있을까요? - CloudFront, CI/CD etc.","Aug 4, 2025",10671,0
2025-11-11,8b3sTizy7N8,"재미로 하는 Vibe Coding - 🚀 Development에서 Production 까지 필요한 세팅들은 어떤것들이 있을까요? - CloudFront, CI/CD etc.","Aug 4, 2025",10671,0
2025-11-12,8b3sTizy7N8,"재미로 하는 Vibe Coding - 🚀 Development에서 Production 까지 필요한 세팅들은 어떤것들이 있을까요? - CloudFront, CI/CD etc.","Aug 4, 2025",10671,0
2025-11-13,8b3sTizy7N8,"재미로 하는 Vibe Coding - 🚀 Development에서 Production 까지 필요한 세팅들은 어떤것들이 있을까요? - CloudFront, CI/CD etc.","Aug 4, 2025",10671,0
2025-11-14,8b3sTizy7N8,"재미로 하는 Vibe Coding - 🚀 Development에서 Production 까지 필요한 세팅들은 어떤것들이 있을까요? - CloudFront, CI/CD etc.","Aug 4, 2025",10671,0
2025-11-15,8b3sTizy7N8,"재미로 하는 Vibe Coding - 🚀 Development에서 Production 까지 필요한 세팅들은 어떤것들이 있을까요? - CloudFront, CI/CD etc.","Aug 4, 2025",10671,0
2025-11-16,8b3sTizy7N8,"재미로 하는 Vibe Coding - 🚀 Development에서 Production 까지 필요한 세팅들은 어떤것들이 있을까요? - CloudFront, CI/CD etc.","Aug 4, 2025",10671,0
2025-11-17,8b3sTizy7N8,"재미로 하는 Vibe Coding - 🚀 Development에서 Production 까지 필요한 세팅들은 어떤것들이 있을까요? - CloudFront, CI/CD etc.","Aug 4, 2025",10671,0
2025-11-18,8b3sTizy7N8,"재미로 하는 Vibe Coding - 🚀 Development에서 Production 까지 필요한 세팅들은 어떤것들이 있을까요? - CloudFront, CI/CD etc.","Aug 4, 2025",10671,0
2025-11-19,8b3sTizy7N8,"재미로 하는 Vibe Coding - 🚀 Development에서 Production 까지 필요한 세팅들은 어떤것들이 있을까요? - CloudFront, CI/CD etc.","Aug 4, 2025",10671,0
2025-11-20,8b3sTizy7N8,"재미로 하는 Vibe Coding - 🚀 Development에서 Production 까지 필요한 세팅들은 어떤것들이 있을까요? - CloudFront, CI/CD etc.","Aug 4, 2025",10671,0
2025-11-21,8b3sTizy7N8,"재미로 하는 Vibe Coding - 🚀 Development에서 Production 까지 필요한 세팅들은 어떤것들이 있을까요? - CloudFront, CI/CD etc.","Aug 4, 2025",10671,0
2025-11-22,8b3sTizy7N8,"재미로 하는 Vibe Coding - 🚀 Development에서 Production 까지 필요한 세팅들은 어떤것들이 있을까요? - CloudFront, CI/CD etc.","Aug 4, 2025",10671,0
2025-11-23,8b3sTizy7N8,"재미로 하는 Vibe Coding - 🚀 Development에서 Production 까지 필요한 세팅들은 어떤것들이 있을까요? - CloudFront, CI/CD etc.","Aug 4, 2025",10671,0
2025-11-24,8b3sTizy7N8,"재미로 하는 Vibe Coding - 🚀 Development에서 Production 까지 필요한 세팅들은 어떤것들이 있을까요? - CloudFront, CI/CD etc.","Aug 4, 2025",10671,0
2025-11-25,8b3sTizy7N8,"재미로 하는 Vibe Coding - 🚀 Development에서 Production 까지 필요한 세팅들은 어떤것들이 있을까요? - CloudFront, CI/CD etc.","Aug 4, 2025",10671,0
2025-11-26,8b3sTizy7N8,"재미로 하는 Vibe Coding - 🚀 Development에서 Production 까지 필요한 세팅들은 어떤것들이 있을까요? - CloudFront, CI/CD etc.","Aug 4, 2025",10671,0
2025-11-27,8b3sTizy7N8,"재미로 하는 Vibe Coding - 🚀 Development에서 Production 까지 필요한 세팅들은 어떤것들이 있을까요? - CloudFront, CI/CD etc.","Aug 4, 2025",10671,0
2025-11-28,8b3sTizy7N8,"재미로 하는 Vibe Coding - 🚀 Development에서 Production 까지 필요한 세팅들은 어떤것들이 있을까요? - CloudFront, CI/CD etc.","Aug 4, 2025",10671,0
2025-11-29,8b3sTizy7N8,"재미로 하는 Vibe Coding - 🚀 Development에서 Production 까지 필요한 세팅들은 어떤것들이 있을까요? - CloudFront, CI/CD etc.","Aug 4, 2025",10671,0
2025-11-30,8b3sTizy7N8,"재미로 하는 Vibe Coding - 🚀 Development에서 Production 까지 필요한 세팅들은 어떤것들이 있을까요? - CloudFront, CI/CD etc.","Aug 4, 2025",10671,0
2025-12-01,8b3sTizy7N8,"재미로 하는 Vibe Coding - 🚀 Development에서 Production 까지 필요한 세팅들은 어떤것들이 있을까요? - CloudFront, CI/CD etc.","Aug 4, 2025",10671,0
2025-12-02,8b3sTizy7N8,"재미로 하는 Vibe Coding - 🚀 Development에서 Production 까지 필요한 세팅들은 어떤것들이 있을까요? - CloudFront, CI/CD etc.","Aug 4, 2025",10671,0
2025-12-03,8b3sTizy7N8,"재미로 하는 Vibe Coding - 🚀 Development에서 Production 까지 필요한 세팅들은 어떤것들이 있을까요? - CloudFront, CI/CD etc.","Aug 4, 2025",10671,0
2025-12-04,8b3sTizy7N8,"재미로 하는 Vibe Coding - 🚀 Development에서 Production 까지 필요한 세팅들은 어떤것들이 있을까요? - CloudFront, CI/CD etc.","Aug 4, 2025",10671,0
2025-12-05,8b3sTizy7N8,"재미로 하는 Vibe Coding - 🚀 Development에서 Production 까지 필요한 세팅들은 어떤것들이 있을까요? - CloudFront, CI/CD etc.","Aug 4, 2025",10671,0
2025-12-06,8b3sTizy7N8,"재미로 하는 Vibe Coding - 🚀 Development에서 Production 까지 필요한 세팅들은 어떤것들이 있을까요? - CloudFront, CI/CD etc.","Aug 4, 2025",10671,0
2025-12-07,8b3sTizy7N8,"재미로 하는 Vibe Coding - 🚀 Development에서 Production 까지 필요한 세팅들은 어떤것들이 있을까요? - CloudFront, CI/CD etc.","Aug 4, 2025",10671,0.002
2025-12-08,8b3sTizy7N8,"재미로 하는 Vibe Coding - 🚀 Development에서 Production 까지 필요한 세팅들은 어떤것들이 있을까요? - CloudFront, CI/CD etc.","Aug 4, 2025",10671,0
2025-12-09,8b3sTizy7N8,"재미로 하는 Vibe Coding - 🚀 Development에서 Production 까지 필요한 세팅들은 어떤것들이 있을까요? - CloudFront, CI/CD etc.","Aug 4, 2025",10671,1.393
2025-12-10,8b3sTizy7N8,"재미로 하는 Vibe Coding - 🚀 Development에서 Production 까지 필요한 세팅들은 어떤것들이 있을까요? - CloudFront, CI/CD etc.","Aug 4, 2025",10671,0
2025-12-11,8b3sTizy7N8,"재미로 하는 Vibe Coding - 🚀 Development에서 Production 까지 필요한 세팅들은 어떤것들이 있을까요? - CloudFront, CI/CD etc.","Aug 4, 2025",10671,0
2025-12-12,8b3sTizy7N8,"재미로 하는 Vibe Coding - 🚀 Development에서 Production 까지 필요한 세팅들은 어떤것들이 있을까요? - CloudFront, CI/CD etc.","Aug 4, 2025",10671,0
2025-12-13,8b3sTizy7N8,"재미로 하는 Vibe Coding - 🚀 Development에서 Production 까지 필요한 세팅들은 어떤것들이 있을까요? - CloudFront, CI/CD etc.","Aug 4, 2025",10671,0
2025-12-14,8b3sTizy7N8,"재미로 하는 Vibe Coding - 🚀 Development에서 Production 까지 필요한 세팅들은 어떤것들이 있을까요? - CloudFront, CI/CD etc.","Aug 4, 2025",10671,0
2025-12-15,8b3sTizy7N8,"재미로 하는 Vibe Coding - 🚀 Development에서 Production 까지 필요한 세팅들은 어떤것들이 있을까요? - CloudFront, CI/CD etc.","Aug 4, 2025",10671,0
2025-12-16,8b3sTizy7N8,"재미로 하는 Vibe Coding - 🚀 Development에서 Production 까지 필요한 세팅들은 어떤것들이 있을까요? - CloudFront, CI/CD etc.","Aug 4, 2025",10671,0
2025-12-17,8b3sTizy7N8,"재미로 하는 Vibe Coding - 🚀 Development에서 Production 까지 필요한 세팅들은 어떤것들이 있을까요? - CloudFront, CI/CD etc.","Aug 4, 2025",10671,0
2025-12-18,8b3sTizy7N8,"재미로 하는 Vibe Coding - 🚀 Development에서 Production 까지 필요한 세팅들은 어떤것들이 있을까요? - CloudFront, CI/CD etc.","Aug 4, 2025",10671,0
2025-12-19,8b3sTizy7N8,"재미로 하는 Vibe Coding - 🚀 Development에서 Production 까지 필요한 세팅들은 어떤것들이 있을까요? - CloudFront, CI/CD etc.","Aug 4, 2025",10671,0
2025-12-20,8b3sTizy7N8,"재미로 하는 Vibe Coding - 🚀 Development에서 Production 까지 필요한 세팅들은 어떤것들이 있을까요? - CloudFront, CI/CD etc.","Aug 4, 2025",10671,0
2025-12-21,8b3sTizy7N8,"재미로 하는 Vibe Coding - 🚀 Development에서 Production 까지 필요한 세팅들은 어떤것들이 있을까요? - CloudFront, CI/CD etc.","Aug 4, 2025",10671,0
2025-12-22,8b3sTizy7N8,"재미로 하는 Vibe Coding - 🚀 Development에서 Production 까지 필요한 세팅들은 어떤것들이 있을까요? - CloudFront, CI/CD etc.","Aug 4, 2025",10671,0
2025-12-23,8b3sTizy7N8,"재미로 하는 Vibe Coding - 🚀 Development에서 Production 까지 필요한 세팅들은 어떤것들이 있을까요? - CloudFront, CI/CD etc.","Aug 4, 2025",10671,0
2025-12-24,8b3sTizy7N8,"재미로 하는 Vibe Coding - 🚀 Development에서 Production 까지 필요한 세팅들은 어떤것들이 있을까요? - CloudFront, CI/CD etc.","Aug 4, 2025",10671,0
2025-12-25,8b3sTizy7N8,"재미로 하는 Vibe Coding - 🚀 Development에서 Production 까지 필요한 세팅들은 어떤것들이 있을까요? - CloudFront, CI/CD etc.","Aug 4, 2025",10671,0
2025-12-26,8b3sTizy7N8,"재미로 하는 Vibe Coding - 🚀 Development에서 Production 까지 필요한 세팅들은 어떤것들이 있을까요? - CloudFront, CI/CD etc.","Aug 4, 2025",10671,0
2025-12-27,8b3sTizy7N8,"재미로 하는 Vibe Coding - 🚀 Development에서 Production 까지 필요한 세팅들은 어떤것들이 있을까요? - CloudFront, CI/CD etc.","Aug 4, 2025",10671,0
2025-12-28,8b3sTizy7N8,"재미로 하는 Vibe Coding - 🚀 Development에서 Production 까지 필요한 세팅들은 어떤것들이 있을까요? - CloudFront, CI/CD etc.","Aug 4, 2025",10671,0
2025-12-29,8b3sTizy7N8,"재미로 하는 Vibe Coding - 🚀 Development에서 Production 까지 필요한 세팅들은 어떤것들이 있을까요? - CloudFront, CI/CD etc.","Aug 4, 2025",10671,0
2025-12-30,8b3sTizy7N8,"재미로 하는 Vibe Coding - 🚀 Development에서 Production 까지 필요한 세팅들은 어떤것들이 있을까요? - CloudFront, CI/CD etc.","Aug 4, 2025",10671,0
2025-12-31,8b3sTizy7N8,"재미로 하는 Vibe Coding - 🚀 Development에서 Production 까지 필요한 세팅들은 어떤것들이 있을까요? - CloudFront, CI/CD etc.","Aug 4, 2025",10671,0
2026-01-01,8b3sTizy7N8,"재미로 하는 Vibe Coding - 🚀 Development에서 Production 까지 필요한 세팅들은 어떤것들이 있을까요? - CloudFront, CI/CD etc.","Aug 4, 2025",10671,0
2026-01-02,8b3sTizy7N8,"재미로 하는 Vibe Coding - 🚀 Development에서 Production 까지 필요한 세팅들은 어떤것들이 있을까요? - CloudFront, CI/CD etc.","Aug 4, 2025",10671,0
2026-01-03,8b3sTizy7N8,"재미로 하는 Vibe Coding - 🚀 Development에서 Production 까지 필요한 세팅들은 어떤것들이 있을까요? - CloudFront, CI/CD etc.","Aug 4, 2025",10671,0
2026-01-04,8b3sTizy7N8,"재미로 하는 Vibe Coding - 🚀 Development에서 Production 까지 필요한 세팅들은 어떤것들이 있을까요? - CloudFront, CI/CD etc.","Aug 4, 2025",10671,0
2026-01-05,8b3sTizy7N8,"재미로 하는 Vibe Coding - 🚀 Development에서 Production 까지 필요한 세팅들은 어떤것들이 있을까요? - CloudFront, CI/CD etc.","Aug 4, 2025",10671,0
2026-01-06,8b3sTizy7N8,"재미로 하는 Vibe Coding - 🚀 Development에서 Production 까지 필요한 세팅들은 어떤것들이 있을까요? - CloudFront, CI/CD etc.","Aug 4, 2025",10671,0
2026-01-07,8b3sTizy7N8,"재미로 하는 Vibe Coding - 🚀 Development에서 Production 까지 필요한 세팅들은 어떤것들이 있을까요? - CloudFront, CI/CD etc.","Aug 4, 2025",10671,0
2026-01-08,8b3sTizy7N8,"재미로 하는 Vibe Coding - 🚀 Development에서 Production 까지 필요한 세팅들은 어떤것들이 있을까요? - CloudFront, CI/CD etc.","Aug 4, 2025",10671,0
2026-01-09,8b3sTizy7N8,"재미로 하는 Vibe Coding - 🚀 Development에서 Production 까지 필요한 세팅들은 어떤것들이 있을까요? - CloudFront, CI/CD etc.","Aug 4, 2025",10671,1.393
2026-01-10,8b3sTizy7N8,"재미로 하는 Vibe Coding - 🚀 Development에서 Production 까지 필요한 세팅들은 어떤것들이 있을까요? - CloudFront, CI/CD etc.","Aug 4, 2025",10671,0
2026-01-11,8b3sTizy7N8,"재미로 하는 Vibe Coding - 🚀 Development에서 Production 까지 필요한 세팅들은 어떤것들이 있을까요? - CloudFront, CI/CD etc.","Aug 4, 2025",10671,0
2026-01-12,8b3sTizy7N8,"재미로 하는 Vibe Coding - 🚀 Development에서 Production 까지 필요한 세팅들은 어떤것들이 있을까요? - CloudFront, CI/CD etc.","Aug 4, 2025",10671,0
2026-01-13,8b3sTizy7N8,"재미로 하는 Vibe Coding - 🚀 Development에서 Production 까지 필요한 세팅들은 어떤것들이 있을까요? - CloudFront, CI/CD etc.","Aug 4, 2025",10671,0
2026-01-14,8b3sTizy7N8,"재미로 하는 Vibe Coding - 🚀 Development에서 Production 까지 필요한 세팅들은 어떤것들이 있을까요? - CloudFront, CI/CD etc.","Aug 4, 2025",10671,0
2026-01-15,8b3sTizy7N8,"재미로 하는 Vibe Coding - 🚀 Development에서 Production 까지 필요한 세팅들은 어떤것들이 있을까요? - CloudFront, CI/CD etc.","Aug 4, 2025",10671,0
2026-01-16,8b3sTizy7N8,"재미로 하는 Vibe Coding - 🚀 Development에서 Production 까지 필요한 세팅들은 어떤것들이 있을까요? - CloudFront, CI/CD etc.","Aug 4, 2025",10671,0
2026-01-17,8b3sTizy7N8,"재미로 하는 Vibe Coding - 🚀 Development에서 Production 까지 필요한 세팅들은 어떤것들이 있을까요? - CloudFront, CI/CD etc.","Aug 4, 2025",10671,0
2026-01-18,8b3sTizy7N8,"재미로 하는 Vibe Coding - 🚀 Development에서 Production 까지 필요한 세팅들은 어떤것들이 있을까요? - CloudFront, CI/CD etc.","Aug 4, 2025",10671,0
2026-01-19,8b3sTizy7N8,"재미로 하는 Vibe Coding - 🚀 Development에서 Production 까지 필요한 세팅들은 어떤것들이 있을까요? - CloudFront, CI/CD etc.","Aug 4, 2025",10671,0
2026-01-20,8b3sTizy7N8,"재미로 하는 Vibe Coding - 🚀 Development에서 Production 까지 필요한 세팅들은 어떤것들이 있을까요? - CloudFront, CI/CD etc.","Aug 4, 2025",10671,0
2026-01-21,8b3sTizy7N8,"재미로 하는 Vibe Coding - 🚀 Development에서 Production 까지 필요한 세팅들은 어떤것들이 있을까요? - CloudFront, CI/CD etc.","Aug 4, 2025",10671,0
2026-01-22,8b3sTizy7N8,"재미로 하는 Vibe Coding - 🚀 Development에서 Production 까지 필요한 세팅들은 어떤것들이 있을까요? - CloudFront, CI/CD etc.","Aug 4, 2025",10671,0
2026-01-23,8b3sTizy7N8,"재미로 하는 Vibe Coding - 🚀 Development에서 Production 까지 필요한 세팅들은 어떤것들이 있을까요? - CloudFront, CI/CD etc.","Aug 4, 2025",10671,0
2026-01-24,8b3sTizy7N8,"재미로 하는 Vibe Coding - 🚀 Development에서 Production 까지 필요한 세팅들은 어떤것들이 있을까요? - CloudFront, CI/CD etc.","Aug 4, 2025",10671,0
2026-01-25,8b3sTizy7N8,"재미로 하는 Vibe Coding - 🚀 Development에서 Production 까지 필요한 세팅들은 어떤것들이 있을까요? - CloudFront, CI/CD etc.","Aug 4, 2025",10671,0
2026-01-26,8b3sTizy7N8,"재미로 하는 Vibe Coding - 🚀 Development에서 Production 까지 필요한 세팅들은 어떤것들이 있을까요? - CloudFront, CI/CD etc.","Aug 4, 2025",10671,0
2026-01-27,8b3sTizy7N8,"재미로 하는 Vibe Coding - 🚀 Development에서 Production 까지 필요한 세팅들은 어떤것들이 있을까요? - CloudFront, CI/CD etc.","Aug 4, 2025",10671,0
2026-01-28,8b3sTizy7N8,"재미로 하는 Vibe Coding - 🚀 Development에서 Production 까지 필요한 세팅들은 어떤것들이 있을까요? - CloudFront, CI/CD etc.","Aug 4, 2025",10671,0
2026-01-29,8b3sTizy7N8,"재미로 하는 Vibe Coding - 🚀 Development에서 Production 까지 필요한 세팅들은 어떤것들이 있을까요? - CloudFront, CI/CD etc.","Aug 4, 2025",10671,0
2026-01-30,8b3sTizy7N8,"재미로 하는 Vibe Coding - 🚀 Development에서 Production 까지 필요한 세팅들은 어떤것들이 있을까요? - CloudFront, CI/CD etc.","Aug 4, 2025",10671,0
2026-01-31,8b3sTizy7N8,"재미로 하는 Vibe Coding - 🚀 Development에서 Production 까지 필요한 세팅들은 어떤것들이 있을까요? - CloudFront, CI/CD etc.","Aug 4, 2025",10671,0
2026-02-01,8b3sTizy7N8,"재미로 하는 Vibe Coding - 🚀 Development에서 Production 까지 필요한 세팅들은 어떤것들이 있을까요? - CloudFront, CI/CD etc.","Aug 4, 2025",10671,0
2026-02-02,8b3sTizy7N8,"재미로 하는 Vibe Coding - 🚀 Development에서 Production 까지 필요한 세팅들은 어떤것들이 있을까요? - CloudFront, CI/CD etc.","Aug 4, 2025",10671,0
2026-02-03,8b3sTizy7N8,"재미로 하는 Vibe Coding - 🚀 Development에서 Production 까지 필요한 세팅들은 어떤것들이 있을까요? - CloudFront, CI/CD etc.","Aug 4, 2025",10671,0
2026-02-04,8b3sTizy7N8,"재미로 하는 Vibe Coding - 🚀 Development에서 Production 까지 필요한 세팅들은 어떤것들이 있을까요? - CloudFront, CI/CD etc.","Aug 4, 2025",10671,0
2026-02-05,8b3sTizy7N8,"재미로 하는 Vibe Coding - 🚀 Development에서 Production 까지 필요한 세팅들은 어떤것들이 있을까요? - CloudFront, CI/CD etc.","Aug 4, 2025",10671,0
2026-02-06,8b3sTizy7N8,"재미로 하는 Vibe Coding - 🚀 Development에서 Production 까지 필요한 세팅들은 어떤것들이 있을까요? - CloudFront, CI/CD etc.","Aug 4, 2025",10671,0
2026-02-07,8b3sTizy7N8,"재미로 하는 Vibe Coding - 🚀 Development에서 Production 까지 필요한 세팅들은 어떤것들이 있을까요? - CloudFront, CI/CD etc.","Aug 4, 2025",10671,0
2026-02-08,8b3sTizy7N8,"재미로 하는 Vibe Coding - 🚀 Development에서 Production 까지 필요한 세팅들은 어떤것들이 있을까요? - CloudFront, CI/CD etc.","Aug 4, 2025",10671,0
2026-02-09,8b3sTizy7N8,"재미로 하는 Vibe Coding - 🚀 Development에서 Production 까지 필요한 세팅들은 어떤것들이 있을까요? - CloudFront, CI/CD etc.","Aug 4, 2025",10671,1.393
2026-02-10,8b3sTizy7N8,"재미로 하는 Vibe Coding - 🚀 Development에서 Production 까지 필요한 세팅들은 어떤것들이 있을까요? - CloudFront, CI/CD etc.","Aug 4, 2025",10671,0
2026-02-11,8b3sTizy7N8,"재미로 하는 Vibe Coding - 🚀 Development에서 Production 까지 필요한 세팅들은 어떤것들이 있을까요? - CloudFront, CI/CD etc.","Aug 4, 2025",10671,0
2026-02-12,8b3sTizy7N8,"재미로 하는 Vibe Coding - 🚀 Development에서 Production 까지 필요한 세팅들은 어떤것들이 있을까요? - CloudFront, CI/CD etc.","Aug 4, 2025",10671,0
2026-02-13,8b3sTizy7N8,"재미로 하는 Vibe Coding - 🚀 Development에서 Production 까지 필요한 세팅들은 어떤것들이 있을까요? - CloudFront, CI/CD etc.","Aug 4, 2025",10671,0
2026-02-14,8b3sTizy7N8,"재미로 하는 Vibe Coding - 🚀 Development에서 Production 까지 필요한 세팅들은 어떤것들이 있을까요? - CloudFront, CI/CD etc.","Aug 4, 2025",10671,0
2026-02-15,8b3sTizy7N8,"재미로 하는 Vibe Coding - 🚀 Development에서 Production 까지 필요한 세팅들은 어떤것들이 있을까요? - CloudFront, CI/CD etc.","Aug 4, 2025",10671,0
2026-02-16,8b3sTizy7N8,"재미로 하는 Vibe Coding - 🚀 Development에서 Production 까지 필요한 세팅들은 어떤것들이 있을까요? - CloudFront, CI/CD etc.","Aug 4, 2025",10671,0
2026-02-17,8b3sTizy7N8,"재미로 하는 Vibe Coding - 🚀 Development에서 Production 까지 필요한 세팅들은 어떤것들이 있을까요? - CloudFront, CI/CD etc.","Aug 4, 2025",10671,0
2026-02-18,8b3sTizy7N8,"재미로 하는 Vibe Coding - 🚀 Development에서 Production 까지 필요한 세팅들은 어떤것들이 있을까요? - CloudFront, CI/CD etc.","Aug 4, 2025",10671,0
2026-02-19,8b3sTizy7N8,"재미로 하는 Vibe Coding - 🚀 Development에서 Production 까지 필요한 세팅들은 어떤것들이 있을까요? - CloudFront, CI/CD etc.","Aug 4, 2025",10671,0
2026-02-20,8b3sTizy7N8,"재미로 하는 Vibe Coding - 🚀 Development에서 Production 까지 필요한 세팅들은 어떤것들이 있을까요? - CloudFront, CI/CD etc.","Aug 4, 2025",10671,0
2026-02-21,8b3sTizy7N8,"재미로 하는 Vibe Coding - 🚀 Development에서 Production 까지 필요한 세팅들은 어떤것들이 있을까요? - CloudFront, CI/CD etc.","Aug 4, 2025",10671,0
2026-02-22,8b3sTizy7N8,"재미로 하는 Vibe Coding - 🚀 Development에서 Production 까지 필요한 세팅들은 어떤것들이 있을까요? - CloudFront, CI/CD etc.","Aug 4, 2025",10671,0
2026-02-23,8b3sTizy7N8,"재미로 하는 Vibe Coding - 🚀 Development에서 Production 까지 필요한 세팅들은 어떤것들이 있을까요? - CloudFront, CI/CD etc.","Aug 4, 2025",10671,0
2026-02-24,8b3sTizy7N8,"재미로 하는 Vibe Coding - 🚀 Development에서 Production 까지 필요한 세팅들은 어떤것들이 있을까요? - CloudFront, CI/CD etc.","Aug 4, 2025",10671,0
2026-02-25,8b3sTizy7N8,"재미로 하는 Vibe Coding - 🚀 Development에서 Production 까지 필요한 세팅들은 어떤것들이 있을까요? - CloudFront, CI/CD etc.","Aug 4, 2025",10671,0
2026-02-26,8b3sTizy7N8,"재미로 하는 Vibe Coding - 🚀 Development에서 Production 까지 필요한 세팅들은 어떤것들이 있을까요? - CloudFront, CI/CD etc.","Aug 4, 2025",10671,0
2026-02-27,8b3sTizy7N8,"재미로 하는 Vibe Coding - 🚀 Development에서 Production 까지 필요한 세팅들은 어떤것들이 있을까요? - CloudFront, CI/CD etc.","Aug 4, 2025",10671,0
2026-02-28,8b3sTizy7N8,"재미로 하는 Vibe Coding - 🚀 Development에서 Production 까지 필요한 세팅들은 어떤것들이 있을까요? - CloudFront, CI/CD etc.","Aug 4, 2025",10671,0
2026-03-01,8b3sTizy7N8,"재미로 하는 Vibe Coding - 🚀 Development에서 Production 까지 필요한 세팅들은 어떤것들이 있을까요? - CloudFront, CI/CD etc.","Aug 4, 2025",10671,0
2026-03-02,8b3sTizy7N8,"재미로 하는 Vibe Coding - 🚀 Development에서 Production 까지 필요한 세팅들은 어떤것들이 있을까요? - CloudFront, CI/CD etc.","Aug 4, 2025",10671,0
2026-03-03,8b3sTizy7N8,"재미로 하는 Vibe Coding - 🚀 Development에서 Production 까지 필요한 세팅들은 어떤것들이 있을까요? - CloudFront, CI/CD etc.","Aug 4, 2025",10671,0
2026-03-04,8b3sTizy7N8,"재미로 하는 Vibe Coding - 🚀 Development에서 Production 까지 필요한 세팅들은 어떤것들이 있을까요? - CloudFront, CI/CD etc.","Aug 4, 2025",10671,0
2026-03-05,8b3sTizy7N8,"재미로 하는 Vibe Coding - 🚀 Development에서 Production 까지 필요한 세팅들은 어떤것들이 있을까요? - CloudFront, CI/CD etc.","Aug 4, 2025",10671,0
2026-03-06,8b3sTizy7N8,"재미로 하는 Vibe Coding - 🚀 Development에서 Production 까지 필요한 세팅들은 어떤것들이 있을까요? - CloudFront, CI/CD etc.","Aug 4, 2025",10671,0
2026-03-07,8b3sTizy7N8,"재미로 하는 Vibe Coding - 🚀 Development에서 Production 까지 필요한 세팅들은 어떤것들이 있을까요? - CloudFront, CI/CD etc.","Aug 4, 2025",10671,0
2026-03-08,8b3sTizy7N8,"재미로 하는 Vibe Coding - 🚀 Development에서 Production 까지 필요한 세팅들은 어떤것들이 있을까요? - CloudFront, CI/CD etc.","Aug 4, 2025",10671,0
2026-03-09,8b3sTizy7N8,"재미로 하는 Vibe Coding - 🚀 Development에서 Production 까지 필요한 세팅들은 어떤것들이 있을까요? - CloudFront, CI/CD etc.","Aug 4, 2025",10671,1.393
2026-03-10,8b3sTizy7N8,"재미로 하는 Vibe Coding - 🚀 Development에서 Production 까지 필요한 세팅들은 어떤것들이 있을까요? - CloudFront, CI/CD etc.","Aug 4, 2025",10671,0
2026-03-11,8b3sTizy7N8,"재미로 하는 Vibe Coding - 🚀 Development에서 Production 까지 필요한 세팅들은 어떤것들이 있을까요? - CloudFront, CI/CD etc.","Aug 4, 2025",10671,0
2026-03-12,8b3sTizy7N8,"재미로 하는 Vibe Coding - 🚀 Development에서 Production 까지 필요한 세팅들은 어떤것들이 있을까요? - CloudFront, CI/CD etc.","Aug 4, 2025",10671,0
2026-03-13,8b3sTizy7N8,"재미로 하는 Vibe Coding - 🚀 Development에서 Production 까지 필요한 세팅들은 어떤것들이 있을까요? - CloudFront, CI/CD etc.","Aug 4, 2025",10671,0
2026-03-14,8b3sTizy7N8,"재미로 하는 Vibe Coding - 🚀 Development에서 Production 까지 필요한 세팅들은 어떤것들이 있을까요? - CloudFront, CI/CD etc.","Aug 4, 2025",10671,0
2026-03-15,8b3sTizy7N8,"재미로 하는 Vibe Coding - 🚀 Development에서 Production 까지 필요한 세팅들은 어떤것들이 있을까요? - CloudFront, CI/CD etc.","Aug 4, 2025",10671,0
2026-03-16,8b3sTizy7N8,"재미로 하는 Vibe Coding - 🚀 Development에서 Production 까지 필요한 세팅들은 어떤것들이 있을까요? - CloudFront, CI/CD etc.","Aug 4, 2025",10671,0
2026-03-17,8b3sTizy7N8,"재미로 하는 Vibe Coding - 🚀 Development에서 Production 까지 필요한 세팅들은 어떤것들이 있을까요? - CloudFront, CI/CD etc.","Aug 4, 2025",10671,0
2026-03-18,8b3sTizy7N8,"재미로 하는 Vibe Coding - 🚀 Development에서 Production 까지 필요한 세팅들은 어떤것들이 있을까요? - CloudFront, CI/CD etc.","Aug 4, 2025",10671,0
2026-03-19,8b3sTizy7N8,"재미로 하는 Vibe Coding - 🚀 Development에서 Production 까지 필요한 세팅들은 어떤것들이 있을까요? - CloudFront, CI/CD etc.","Aug 4, 2025",10671,0
2026-03-20,8b3sTizy7N8,"재미로 하는 Vibe Coding - 🚀 Development에서 Production 까지 필요한 세팅들은 어떤것들이 있을까요? - CloudFront, CI/CD etc.","Aug 4, 2025",10671,0
2026-03-21,8b3sTizy7N8,"재미로 하는 Vibe Coding - 🚀 Development에서 Production 까지 필요한 세팅들은 어떤것들이 있을까요? - CloudFront, CI/CD etc.","Aug 4, 2025",10671,0
2026-03-22,8b3sTizy7N8,"재미로 하는 Vibe Coding - 🚀 Development에서 Production 까지 필요한 세팅들은 어떤것들이 있을까요? - CloudFront, CI/CD etc.","Aug 4, 2025",10671,0
2026-03-23,8b3sTizy7N8,"재미로 하는 Vibe Coding - 🚀 Development에서 Production 까지 필요한 세팅들은 어떤것들이 있을까요? - CloudFront, CI/CD etc.","Aug 4, 2025",10671,0
2026-03-24,8b3sTizy7N8,"재미로 하는 Vibe Coding - 🚀 Development에서 Production 까지 필요한 세팅들은 어떤것들이 있을까요? - CloudFront, CI/CD etc.","Aug 4, 2025",10671,0
2026-03-25,8b3sTizy7N8,"재미로 하는 Vibe Coding - 🚀 Development에서 Production 까지 필요한 세팅들은 어떤것들이 있을까요? - CloudFront, CI/CD etc.","Aug 4, 2025",10671,0
2026-03-26,8b3sTizy7N8,"재미로 하는 Vibe Coding - 🚀 Development에서 Production 까지 필요한 세팅들은 어떤것들이 있을까요? - CloudFront, CI/CD etc.","Aug 4, 2025",10671,0
2026-03-27,8b3sTizy7N8,"재미로 하는 Vibe Coding - 🚀 Development에서 Production 까지 필요한 세팅들은 어떤것들이 있을까요? - CloudFront, CI/CD etc.","Aug 4, 2025",10671,0
2026-03-28,8b3sTizy7N8,"재미로 하는 Vibe Coding - 🚀 Development에서 Production 까지 필요한 세팅들은 어떤것들이 있을까요? - CloudFront, CI/CD etc.","Aug 4, 2025",10671,0
2026-03-29,8b3sTizy7N8,"재미로 하는 Vibe Coding - 🚀 Development에서 Production 까지 필요한 세팅들은 어떤것들이 있을까요? - CloudFront, CI/CD etc.","Aug 4, 2025",10671,0
2026-03-30,8b3sTizy7N8,"재미로 하는 Vibe Coding - 🚀 Development에서 Production 까지 필요한 세팅들은 어떤것들이 있을까요? - CloudFront, CI/CD etc.","Aug 4, 2025",10671,0
2026-03-31,8b3sTizy7N8,"재미로 하는 Vibe Coding - 🚀 Development에서 Production 까지 필요한 세팅들은 어떤것들이 있을까요? - CloudFront, CI/CD etc.","Aug 4, 2025",10671,0
2026-04-01,8b3sTizy7N8,"재미로 하는 Vibe Coding - 🚀 Development에서 Production 까지 필요한 세팅들은 어떤것들이 있을까요? - CloudFront, CI/CD etc.","Aug 4, 2025",10671,0
2026-04-02,8b3sTizy7N8,"재미로 하는 Vibe Coding - 🚀 Development에서 Production 까지 필요한 세팅들은 어떤것들이 있을까요? - CloudFront, CI/CD etc.","Aug 4, 2025",10671,0
2026-04-03,8b3sTizy7N8,"재미로 하는 Vibe Coding - 🚀 Development에서 Production 까지 필요한 세팅들은 어떤것들이 있을까요? - CloudFront, CI/CD etc.","Aug 4, 2025",10671,0
2026-04-04,8b3sTizy7N8,"재미로 하는 Vibe Coding - 🚀 Development에서 Production 까지 필요한 세팅들은 어떤것들이 있을까요? - CloudFront, CI/CD etc.","Aug 4, 2025",10671,0
2026-04-05,8b3sTizy7N8,"재미로 하는 Vibe Coding - 🚀 Development에서 Production 까지 필요한 세팅들은 어떤것들이 있을까요? - CloudFront, CI/CD etc.","Aug 4, 2025",10671,0
2026-04-06,8b3sTizy7N8,"재미로 하는 Vibe Coding - 🚀 Development에서 Production 까지 필요한 세팅들은 어떤것들이 있을까요? - CloudFront, CI/CD etc.","Aug 4, 2025",10671,0
2026-04-07,8b3sTizy7N8,"재미로 하는 Vibe Coding - 🚀 Development에서 Production 까지 필요한 세팅들은 어떤것들이 있을까요? - CloudFront, CI/CD etc.","Aug 4, 2025",10671,0
2026-04-08,8b3sTizy7N8,"재미로 하는 Vibe Coding - 🚀 Development에서 Production 까지 필요한 세팅들은 어떤것들이 있을까요? - CloudFront, CI/CD etc.","Aug 4, 2025",10671,0
2026-04-09,8b3sTizy7N8,"재미로 하는 Vibe Coding - 🚀 Development에서 Production 까지 필요한 세팅들은 어떤것들이 있을까요? - CloudFront, CI/CD etc.","Aug 4, 2025",10671,1.393
2026-04-10,8b3sTizy7N8,"재미로 하는 Vibe Coding - 🚀 Development에서 Production 까지 필요한 세팅들은 어떤것들이 있을까요? - CloudFront, CI/CD etc.","Aug 4, 2025",10671,0
2026-04-11,8b3sTizy7N8,"재미로 하는 Vibe Coding - 🚀 Development에서 Production 까지 필요한 세팅들은 어떤것들이 있을까요? - CloudFront, CI/CD etc.","Aug 4, 2025",10671,0
2026-04-12,8b3sTizy7N8,"재미로 하는 Vibe Coding - 🚀 Development에서 Production 까지 필요한 세팅들은 어떤것들이 있을까요? - CloudFront, CI/CD etc.","Aug 4, 2025",10671,0
2026-04-13,8b3sTizy7N8,"재미로 하는 Vibe Coding - 🚀 Development에서 Production 까지 필요한 세팅들은 어떤것들이 있을까요? - CloudFront, CI/CD etc.","Aug 4, 2025",10671,0
2026-04-14,8b3sTizy7N8,"재미로 하는 Vibe Coding - 🚀 Development에서 Production 까지 필요한 세팅들은 어떤것들이 있을까요? - CloudFront, CI/CD etc.","Aug 4, 2025",10671,0
2026-04-15,8b3sTizy7N8,"재미로 하는 Vibe Coding - 🚀 Development에서 Production 까지 필요한 세팅들은 어떤것들이 있을까요? - CloudFront, CI/CD etc.","Aug 4, 2025",10671,0
2026-04-16,8b3sTizy7N8,"재미로 하는 Vibe Coding - 🚀 Development에서 Production 까지 필요한 세팅들은 어떤것들이 있을까요? - CloudFront, CI/CD etc.","Aug 4, 2025",10671,0
2026-04-17,8b3sTizy7N8,"재미로 하는 Vibe Coding - 🚀 Development에서 Production 까지 필요한 세팅들은 어떤것들이 있을까요? - CloudFront, CI/CD etc.","Aug 4, 2025",10671,0
2026-04-18,8b3sTizy7N8,"재미로 하는 Vibe Coding - 🚀 Development에서 Production 까지 필요한 세팅들은 어떤것들이 있을까요? - CloudFront, CI/CD etc.","Aug 4, 2025",10671,0
2026-04-19,8b3sTizy7N8,"재미로 하는 Vibe Coding - 🚀 Development에서 Production 까지 필요한 세팅들은 어떤것들이 있을까요? - CloudFront, CI/CD etc.","Aug 4, 2025",10671,0
2026-04-20,8b3sTizy7N8,"재미로 하는 Vibe Coding - 🚀 Development에서 Production 까지 필요한 세팅들은 어떤것들이 있을까요? - CloudFront, CI/CD etc.","Aug 4, 2025",10671,0
2026-04-21,8b3sTizy7N8,"재미로 하는 Vibe Coding - 🚀 Development에서 Production 까지 필요한 세팅들은 어떤것들이 있을까요? - CloudFront, CI/CD etc.","Aug 4, 2025",10671,0
2026-04-22,8b3sTizy7N8,"재미로 하는 Vibe Coding - 🚀 Development에서 Production 까지 필요한 세팅들은 어떤것들이 있을까요? - CloudFront, CI/CD etc.","Aug 4, 2025",10671,0
2026-04-23,8b3sTizy7N8,"재미로 하는 Vibe Coding - 🚀 Development에서 Production 까지 필요한 세팅들은 어떤것들이 있을까요? - CloudFront, CI/CD etc.","Aug 4, 2025",10671,0
2026-04-24,8b3sTizy7N8,"재미로 하는 Vibe Coding - 🚀 Development에서 Production 까지 필요한 세팅들은 어떤것들이 있을까요? - CloudFront, CI/CD etc.","Aug 4, 2025",10671,0
2026-04-25,8b3sTizy7N8,"재미로 하는 Vibe Coding - 🚀 Development에서 Production 까지 필요한 세팅들은 어떤것들이 있을까요? - CloudFront, CI/CD etc.","Aug 4, 2025",10671,0
2026-04-26,8b3sTizy7N8,"재미로 하는 Vibe Coding - 🚀 Development에서 Production 까지 필요한 세팅들은 어떤것들이 있을까요? - CloudFront, CI/CD etc.","Aug 4, 2025",10671,0
2026-04-27,8b3sTizy7N8,"재미로 하는 Vibe Coding - 🚀 Development에서 Production 까지 필요한 세팅들은 어떤것들이 있을까요? - CloudFront, CI/CD etc.","Aug 4, 2025",10671,0
2026-04-28,8b3sTizy7N8,"재미로 하는 Vibe Coding - 🚀 Development에서 Production 까지 필요한 세팅들은 어떤것들이 있을까요? - CloudFront, CI/CD etc.","Aug 4, 2025",10671,0
2026-04-29,8b3sTizy7N8,"재미로 하는 Vibe Coding - 🚀 Development에서 Production 까지 필요한 세팅들은 어떤것들이 있을까요? - CloudFront, CI/CD etc.","Aug 4, 2025",10671,0
2026-04-30,8b3sTizy7N8,"재미로 하는 Vibe Coding - 🚀 Development에서 Production 까지 필요한 세팅들은 어떤것들이 있을까요? - CloudFront, CI/CD etc.","Aug 4, 2025",10671,0
2026-05-01,8b3sTizy7N8,"재미로 하는 Vibe Coding - 🚀 Development에서 Production 까지 필요한 세팅들은 어떤것들이 있을까요? - CloudFront, CI/CD etc.","Aug 4, 2025",10671,0
2026-05-02,8b3sTizy7N8,"재미로 하는 Vibe Coding - 🚀 Development에서 Production 까지 필요한 세팅들은 어떤것들이 있을까요? - CloudFront, CI/CD etc.","Aug 4, 2025",10671,0
2026-05-03,8b3sTizy7N8,"재미로 하는 Vibe Coding - 🚀 Development에서 Production 까지 필요한 세팅들은 어떤것들이 있을까요? - CloudFront, CI/CD etc.","Aug 4, 2025",10671,0
2026-05-04,8b3sTizy7N8,"재미로 하는 Vibe Coding - 🚀 Development에서 Production 까지 필요한 세팅들은 어떤것들이 있을까요? - CloudFront, CI/CD etc.","Aug 4, 2025",10671,0
2026-05-05,8b3sTizy7N8,"재미로 하는 Vibe Coding - 🚀 Development에서 Production 까지 필요한 세팅들은 어떤것들이 있을까요? - CloudFront, CI/CD etc.","Aug 4, 2025",10671,0
2026-05-06,8b3sTizy7N8,"재미로 하는 Vibe Coding - 🚀 Development에서 Production 까지 필요한 세팅들은 어떤것들이 있을까요? - CloudFront, CI/CD etc.","Aug 4, 2025",10671,0
2026-05-07,8b3sTizy7N8,"재미로 하는 Vibe Coding - 🚀 Development에서 Production 까지 필요한 세팅들은 어떤것들이 있을까요? - CloudFront, CI/CD etc.","Aug 4, 2025",10671,0
2026-05-08,8b3sTizy7N8,"재미로 하는 Vibe Coding - 🚀 Development에서 Production 까지 필요한 세팅들은 어떤것들이 있을까요? - CloudFront, CI/CD etc.","Aug 4, 2025",10671,0
2026-05-09,8b3sTizy7N8,"재미로 하는 Vibe Coding - 🚀 Development에서 Production 까지 필요한 세팅들은 어떤것들이 있을까요? - CloudFront, CI/CD etc.","Aug 4, 2025",10671,1.393
2026-05-10,8b3sTizy7N8,"재미로 하는 Vibe Coding - 🚀 Development에서 Production 까지 필요한 세팅들은 어떤것들이 있을까요? - CloudFront, CI/CD etc.","Aug 4, 2025",10671,0
2026-05-11,8b3sTizy7N8,"재미로 하는 Vibe Coding - 🚀 Development에서 Production 까지 필요한 세팅들은 어떤것들이 있을까요? - CloudFront, CI/CD etc.","Aug 4, 2025",10671,0
2026-05-12,8b3sTizy7N8,"재미로 하는 Vibe Coding - 🚀 Development에서 Production 까지 필요한 세팅들은 어떤것들이 있을까요? - CloudFront, CI/CD etc.","Aug 4, 2025",10671,0
2026-05-13,8b3sTizy7N8,"재미로 하는 Vibe Coding - 🚀 Development에서 Production 까지 필요한 세팅들은 어떤것들이 있을까요? - CloudFront, CI/CD etc.","Aug 4, 2025",10671,0
2026-05-14,8b3sTizy7N8,"재미로 하는 Vibe Coding - 🚀 Development에서 Production 까지 필요한 세팅들은 어떤것들이 있을까요? - CloudFront, CI/CD etc.","Aug 4, 2025",10671,0
2026-05-15,8b3sTizy7N8,"재미로 하는 Vibe Coding - 🚀 Development에서 Production 까지 필요한 세팅들은 어떤것들이 있을까요? - CloudFront, CI/CD etc.","Aug 4, 2025",10671,0
2026-05-16,8b3sTizy7N8,"재미로 하는 Vibe Coding - 🚀 Development에서 Production 까지 필요한 세팅들은 어떤것들이 있을까요? - CloudFront, CI/CD etc.","Aug 4, 2025",10671,0
2026-05-17,8b3sTizy7N8,"재미로 하는 Vibe Coding - 🚀 Development에서 Production 까지 필요한 세팅들은 어떤것들이 있을까요? - CloudFront, CI/CD etc.","Aug 4, 2025",10671,0
2026-05-18,8b3sTizy7N8,"재미로 하는 Vibe Coding - 🚀 Development에서 Production 까지 필요한 세팅들은 어떤것들이 있을까요? - CloudFront, CI/CD etc.","Aug 4, 2025",10671,0
2026-05-19,8b3sTizy7N8,"재미로 하는 Vibe Coding - 🚀 Development에서 Production 까지 필요한 세팅들은 어떤것들이 있을까요? - CloudFront, CI/CD etc.","Aug 4, 2025",10671,0
2026-05-20,8b3sTizy7N8,"재미로 하는 Vibe Coding - 🚀 Development에서 Production 까지 필요한 세팅들은 어떤것들이 있을까요? - CloudFront, CI/CD etc.","Aug 4, 2025",10671,0
2026-05-21,8b3sTizy7N8,"재미로 하는 Vibe Coding - 🚀 Development에서 Production 까지 필요한 세팅들은 어떤것들이 있을까요? - CloudFront, CI/CD etc.","Aug 4, 2025",10671,0
2026-05-22,8b3sTizy7N8,"재미로 하는 Vibe Coding - 🚀 Development에서 Production 까지 필요한 세팅들은 어떤것들이 있을까요? - CloudFront, CI/CD etc.","Aug 4, 2025",10671,0
2026-05-23,8b3sTizy7N8,"재미로 하는 Vibe Coding - 🚀 Development에서 Production 까지 필요한 세팅들은 어떤것들이 있을까요? - CloudFront, CI/CD etc.","Aug 4, 2025",10671,0
2026-05-24,8b3sTizy7N8,"재미로 하는 Vibe Coding - 🚀 Development에서 Production 까지 필요한 세팅들은 어떤것들이 있을까요? - CloudFront, CI/CD etc.","Aug 4, 2025",10671,0
2026-05-25,8b3sTizy7N8,"재미로 하는 Vibe Coding - 🚀 Development에서 Production 까지 필요한 세팅들은 어떤것들이 있을까요? - CloudFront, CI/CD etc.","Aug 4, 2025",10671,0
2026-05-26,8b3sTizy7N8,"재미로 하는 Vibe Coding - 🚀 Development에서 Production 까지 필요한 세팅들은 어떤것들이 있을까요? - CloudFront, CI/CD etc.","Aug 4, 2025",10671,0
2026-05-27,8b3sTizy7N8,"재미로 하는 Vibe Coding - 🚀 Development에서 Production 까지 필요한 세팅들은 어떤것들이 있을까요? - CloudFront, CI/CD etc.","Aug 4, 2025",10671,0
2026-05-28,8b3sTizy7N8,"재미로 하는 Vibe Coding - 🚀 Development에서 Production 까지 필요한 세팅들은 어떤것들이 있을까요? - CloudFront, CI/CD etc.","Aug 4, 2025",10671,0
2026-05-29,8b3sTizy7N8,"재미로 하는 Vibe Coding - 🚀 Development에서 Production 까지 필요한 세팅들은 어떤것들이 있을까요? - CloudFront, CI/CD etc.","Aug 4, 2025",10671,0
2026-05-30,8b3sTizy7N8,"재미로 하는 Vibe Coding - 🚀 Development에서 Production 까지 필요한 세팅들은 어떤것들이 있을까요? - CloudFront, CI/CD etc.","Aug 4, 2025",10671,0
2026-05-31,8b3sTizy7N8,"재미로 하는 Vibe Coding - 🚀 Development에서 Production 까지 필요한 세팅들은 어떤것들이 있을까요? - CloudFront, CI/CD etc.","Aug 4, 2025",10671,0
2026-06-01,8b3sTizy7N8,"재미로 하는 Vibe Coding - 🚀 Development에서 Production 까지 필요한 세팅들은 어떤것들이 있을까요? - CloudFront, CI/CD etc.","Aug 4, 2025",10671,0
2026-06-02,8b3sTizy7N8,"재미로 하는 Vibe Coding - 🚀 Development에서 Production 까지 필요한 세팅들은 어떤것들이 있을까요? - CloudFront, CI/CD etc.","Aug 4, 2025",10671,0
2026-06-03,8b3sTizy7N8,"재미로 하는 Vibe Coding - 🚀 Development에서 Production 까지 필요한 세팅들은 어떤것들이 있을까요? - CloudFront, CI/CD etc.","Aug 4, 2025",10671,0
2026-06-04,8b3sTizy7N8,"재미로 하는 Vibe Coding - 🚀 Development에서 Production 까지 필요한 세팅들은 어떤것들이 있을까요? - CloudFront, CI/CD etc.","Aug 4, 2025",10671,0
2026-06-05,8b3sTizy7N8,"재미로 하는 Vibe Coding - 🚀 Development에서 Production 까지 필요한 세팅들은 어떤것들이 있을까요? - CloudFront, CI/CD etc.","Aug 4, 2025",10671,0
2026-06-06,8b3sTizy7N8,"재미로 하는 Vibe Coding - 🚀 Development에서 Production 까지 필요한 세팅들은 어떤것들이 있을까요? - CloudFront, CI/CD etc.","Aug 4, 2025",10671,0
2026-06-07,8b3sTizy7N8,"재미로 하는 Vibe Coding - 🚀 Development에서 Production 까지 필요한 세팅들은 어떤것들이 있을까요? - CloudFront, CI/CD etc.","Aug 4, 2025",10671,0
2026-06-08,8b3sTizy7N8,"재미로 하는 Vibe Coding - 🚀 Development에서 Production 까지 필요한 세팅들은 어떤것들이 있을까요? - CloudFront, CI/CD etc.","Aug 4, 2025",10671,0
2026-06-09,8b3sTizy7N8,"재미로 하는 Vibe Coding - 🚀 Development에서 Production 까지 필요한 세팅들은 어떤것들이 있을까요? - CloudFront, CI/CD etc.","Aug 4, 2025",10671,1.393
2026-06-10,8b3sTizy7N8,"재미로 하는 Vibe Coding - 🚀 Development에서 Production 까지 필요한 세팅들은 어떤것들이 있을까요? - CloudFront, CI/CD etc.","Aug 4, 2025",10671,0
2026-06-11,8b3sTizy7N8,"재미로 하는 Vibe Coding - 🚀 Development에서 Production 까지 필요한 세팅들은 어떤것들이 있을까요? - CloudFront, CI/CD etc.","Aug 4, 2025",10671,0
2026-06-12,8b3sTizy7N8,"재미로 하는 Vibe Coding - 🚀 Development에서 Production 까지 필요한 세팅들은 어떤것들이 있을까요? - CloudFront, CI/CD etc.","Aug 4, 2025",10671,0
2026-06-13,8b3sTizy7N8,"재미로 하는 Vibe Coding - 🚀 Development에서 Production 까지 필요한 세팅들은 어떤것들이 있을까요? - CloudFront, CI/CD etc.","Aug 4, 2025",10671,0
2026-06-14,8b3sTizy7N8,"재미로 하는 Vibe Coding - 🚀 Development에서 Production 까지 필요한 세팅들은 어떤것들이 있을까요? - CloudFront, CI/CD etc.","Aug 4, 2025",10671,0
2026-06-15,8b3sTizy7N8,"재미로 하는 Vibe Coding - 🚀 Development에서 Production 까지 필요한 세팅들은 어떤것들이 있을까요? - CloudFront, CI/CD etc.","Aug 4, 2025",10671,0
2026-06-16,8b3sTizy7N8,"재미로 하는 Vibe Coding - 🚀 Development에서 Production 까지 필요한 세팅들은 어떤것들이 있을까요? - CloudFront, CI/CD etc.","Aug 4, 2025",10671,0
2026-06-17,8b3sTizy7N8,"재미로 하는 Vibe Coding - 🚀 Development에서 Production 까지 필요한 세팅들은 어떤것들이 있을까요? - CloudFront, CI/CD etc.","Aug 4, 2025",10671,0
2026-06-18,8b3sTizy7N8,"재미로 하는 Vibe Coding - 🚀 Development에서 Production 까지 필요한 세팅들은 어떤것들이 있을까요? - CloudFront, CI/CD etc.","Aug 4, 2025",10671,0
2026-06-19,8b3sTizy7N8,"재미로 하는 Vibe Coding - 🚀 Development에서 Production 까지 필요한 세팅들은 어떤것들이 있을까요? - CloudFront, CI/CD etc.","Aug 4, 2025",10671,0
2026-06-20,8b3sTizy7N8,"재미로 하는 Vibe Coding - 🚀 Development에서 Production 까지 필요한 세팅들은 어떤것들이 있을까요? - CloudFront, CI/CD etc.","Aug 4, 2025",10671,0
2026-06-21,8b3sTizy7N8,"재미로 하는 Vibe Coding - 🚀 Development에서 Production 까지 필요한 세팅들은 어떤것들이 있을까요? - CloudFront, CI/CD etc.","Aug 4, 2025",10671,0
2026-06-22,8b3sTizy7N8,"재미로 하는 Vibe Coding - 🚀 Development에서 Production 까지 필요한 세팅들은 어떤것들이 있을까요? - CloudFront, CI/CD etc.","Aug 4, 2025",10671,0
2026-06-23,8b3sTizy7N8,"재미로 하는 Vibe Coding - 🚀 Development에서 Production 까지 필요한 세팅들은 어떤것들이 있을까요? - CloudFront, CI/CD etc.","Aug 4, 2025",10671,0
2023-03-15,R-6U_wb3yRs,MoM - AI Based Personalized health Assessment System,"Jun 9, 2026",746,0
2023-03-16,R-6U_wb3yRs,MoM - AI Based Personalized health Assessment System,"Jun 9, 2026",746,0
2023-03-17,R-6U_wb3yRs,MoM - AI Based Personalized health Assessment System,"Jun 9, 2026",746,0
2023-03-18,R-6U_wb3yRs,MoM - AI Based Personalized health Assessment System,"Jun 9, 2026",746,0
2023-03-19,R-6U_wb3yRs,MoM - AI Based Personalized health Assessment System,"Jun 9, 2026",746,0
2023-03-20,R-6U_wb3yRs,MoM - AI Based Personalized health Assessment System,"Jun 9, 2026",746,0
2023-03-21,R-6U_wb3yRs,MoM - AI Based Personalized health Assessment System,"Jun 9, 2026",746,0
2023-03-22,R-6U_wb3yRs,MoM - AI Based Personalized health Assessment System,"Jun 9, 2026",746,0
2023-03-23,R-6U_wb3yRs,MoM - AI Based Personalized health Assessment System,"Jun 9, 2026",746,0
2023-03-24,R-6U_wb3yRs,MoM - AI Based Personalized health Assessment System,"Jun 9, 2026",746,0
2023-03-25,R-6U_wb3yRs,MoM - AI Based Personalized health Assessment System,"Jun 9, 2026",746,0
2023-03-26,R-6U_wb3yRs,MoM - AI Based Personalized health Assessment System,"Jun 9, 2026",746,0
2023-03-27,R-6U_wb3yRs,MoM - AI Based Personalized health Assessment System,"Jun 9, 2026",746,0
2023-03-28,R-6U_wb3yRs,MoM - AI Based Personalized health Assessment System,"Jun 9, 2026",746,0
2023-03-29,R-6U_wb3yRs,MoM - AI Based Personalized health Assessment System,"Jun 9, 2026",746,0
2023-03-30,R-6U_wb3yRs,MoM - AI Based Personalized health Assessment System,"Jun 9, 2026",746,0
2023-03-31,R-6U_wb3yRs,MoM - AI Based Personalized health Assessment System,"Jun 9, 2026",746,0
2023-04-01,R-6U_wb3yRs,MoM - AI Based Personalized health Assessment System,"Jun 9, 2026",746,0
2023-04-02,R-6U_wb3yRs,MoM - AI Based Personalized health Assessment System,"Jun 9, 2026",746,0
2023-04-03,R-6U_wb3yRs,MoM - AI Based Personalized health Assessment System,"Jun 9, 2026",746,0
2023-04-04,R-6U_wb3yRs,MoM - AI Based Personalized health Assessment System,"Jun 9, 2026",746,0
2023-04-05,R-6U_wb3yRs,MoM - AI Based Personalized health Assessment System,"Jun 9, 2026",746,0
2023-04-06,R-6U_wb3yRs,MoM - AI Based Personalized health Assessment System,"Jun 9, 2026",746,0
2023-04-07,R-6U_wb3yRs,MoM - AI Based Personalized health Assessment System,"Jun 9, 2026",746,0
2023-04-08,R-6U_wb3yRs,MoM - AI Based Personalized health Assessment System,"Jun 9, 2026",746,0
2023-04-09,R-6U_wb3yRs,MoM - AI Based Personalized health Assessment System,"Jun 9, 2026",746,0
2023-04-10,R-6U_wb3yRs,MoM - AI Based Personalized health Assessment System,"Jun 9, 2026",746,0
2023-04-11,R-6U_wb3yRs,MoM - AI Based Personalized health Assessment System,"Jun 9, 2026",746,0
2023-04-12,R-6U_wb3yRs,MoM - AI Based Personalized health Assessment System,"Jun 9, 2026",746,0
2023-04-13,R-6U_wb3yRs,MoM - AI Based Personalized health Assessment System,"Jun 9, 2026",746,0
2023-04-14,R-6U_wb3yRs,MoM - AI Based Personalized health Assessment System,"Jun 9, 2026",746,0
2023-04-15,R-6U_wb3yRs,MoM - AI Based Personalized health Assessment System,"Jun 9, 2026",746,0
2023-04-16,R-6U_wb3yRs,MoM - AI Based Personalized health Assessment System,"Jun 9, 2026",746,0
2023-04-17,R-6U_wb3yRs,MoM - AI Based Personalized health Assessment System,"Jun 9, 2026",746,0
2023-04-18,R-6U_wb3yRs,MoM - AI Based Personalized health Assessment System,"Jun 9, 2026",746,0
2023-04-19,R-6U_wb3yRs,MoM - AI Based Personalized health Assessment System,"Jun 9, 2026",746,0
2023-04-20,R-6U_wb3yRs,MoM - AI Based Personalized health Assessment System,"Jun 9, 2026",746,0
2023-04-21,R-6U_wb3yRs,MoM - AI Based Personalized health Assessment System,"Jun 9, 2026",746,0
2023-04-22,R-6U_wb3yRs,MoM - AI Based Personalized health Assessment System,"Jun 9, 2026",746,0
2023-04-23,R-6U_wb3yRs,MoM - AI Based Personalized health Assessment System,"Jun 9, 2026",746,0
2023-04-24,R-6U_wb3yRs,MoM - AI Based Personalized health Assessment System,"Jun 9, 2026",746,0
2023-04-25,R-6U_wb3yRs,MoM - AI Based Personalized health Assessment System,"Jun 9, 2026",746,0
2023-04-26,R-6U_wb3yRs,MoM - AI Based Personalized health Assessment System,"Jun 9, 2026",746,0
2023-04-27,R-6U_wb3yRs,MoM - AI Based Personalized health Assessment System,"Jun 9, 2026",746,0
2023-04-28,R-6U_wb3yRs,MoM - AI Based Personalized health Assessment System,"Jun 9, 2026",746,0
2023-04-29,R-6U_wb3yRs,MoM - AI Based Personalized health Assessment System,"Jun 9, 2026",746,0
2023-04-30,R-6U_wb3yRs,MoM - AI Based Personalized health Assessment System,"Jun 9, 2026",746,0
2023-05-01,R-6U_wb3yRs,MoM - AI Based Personalized health Assessment System,"Jun 9, 2026",746,0
2023-05-02,R-6U_wb3yRs,MoM - AI Based Personalized health Assessment System,"Jun 9, 2026",746,0
2023-05-03,R-6U_wb3yRs,MoM - AI Based Personalized health Assessment System,"Jun 9, 2026",746,0
2023-05-04,R-6U_wb3yRs,MoM - AI Based Personalized health Assessment System,"Jun 9, 2026",746,0
2023-05-05,R-6U_wb3yRs,MoM - AI Based Personalized health Assessment System,"Jun 9, 2026",746,0
2023-05-06,R-6U_wb3yRs,MoM - AI Based Personalized health Assessment System,"Jun 9, 2026",746,0
2023-05-07,R-6U_wb3yRs,MoM - AI Based Personalized health Assessment System,"Jun 9, 2026",746,0
2023-05-08,R-6U_wb3yRs,MoM - AI Based Personalized health Assessment System,"Jun 9, 2026",746,0
2023-05-09,R-6U_wb3yRs,MoM - AI Based Personalized health Assessment System,"Jun 9, 2026",746,0
2023-05-10,R-6U_wb3yRs,MoM - AI Based Personalized health Assessment System,"Jun 9, 2026",746,0
2023-05-11,R-6U_wb3yRs,MoM - AI Based Personalized health Assessment System,"Jun 9, 2026",746,0
2023-05-12,R-6U_wb3yRs,MoM - AI Based Personalized health Assessment System,"Jun 9, 2026",746,0
2023-05-13,R-6U_wb3yRs,MoM - AI Based Personalized health Assessment System,"Jun 9, 2026",746,0
2023-05-14,R-6U_wb3yRs,MoM - AI Based Personalized health Assessment System,"Jun 9, 2026",746,0
2023-05-15,R-6U_wb3yRs,MoM - AI Based Personalized health Assessment System,"Jun 9, 2026",746,0
2023-05-16,R-6U_wb3yRs,MoM - AI Based Personalized health Assessment System,"Jun 9, 2026",746,0
2023-05-17,R-6U_wb3yRs,MoM - AI Based Personalized health Assessment System,"Jun 9, 2026",746,0
2023-05-18,R-6U_wb3yRs,MoM - AI Based Personalized health Assessment System,"Jun 9, 2026",746,0
2023-05-19,R-6U_wb3yRs,MoM - AI Based Personalized health Assessment System,"Jun 9, 2026",746,0
2023-05-20,R-6U_wb3yRs,MoM - AI Based Personalized health Assessment System,"Jun 9, 2026",746,0
2023-05-21,R-6U_wb3yRs,MoM - AI Based Personalized health Assessment System,"Jun 9, 2026",746,0
2023-05-22,R-6U_wb3yRs,MoM - AI Based Personalized health Assessment System,"Jun 9, 2026",746,0
2023-05-23,R-6U_wb3yRs,MoM - AI Based Personalized health Assessment System,"Jun 9, 2026",746,0
2023-05-24,R-6U_wb3yRs,MoM - AI Based Personalized health Assessment System,"Jun 9, 2026",746,0
2023-05-25,R-6U_wb3yRs,MoM - AI Based Personalized health Assessment System,"Jun 9, 2026",746,0
2023-05-26,R-6U_wb3yRs,MoM - AI Based Personalized health Assessment System,"Jun 9, 2026",746,0
2023-05-27,R-6U_wb3yRs,MoM - AI Based Personalized health Assessment System,"Jun 9, 2026",746,0
2023-05-28,R-6U_wb3yRs,MoM - AI Based Personalized health Assessment System,"Jun 9, 2026",746,0
2023-05-29,R-6U_wb3yRs,MoM - AI Based Personalized health Assessment System,"Jun 9, 2026",746,0
2023-05-30,R-6U_wb3yRs,MoM - AI Based Personalized health Assessment System,"Jun 9, 2026",746,0
2023-05-31,R-6U_wb3yRs,MoM - AI Based Personalized health Assessment System,"Jun 9, 2026",746,0
2023-06-01,R-6U_wb3yRs,MoM - AI Based Personalized health Assessment System,"Jun 9, 2026",746,0
2023-06-02,R-6U_wb3yRs,MoM - AI Based Personalized health Assessment System,"Jun 9, 2026",746,0
2023-06-03,R-6U_wb3yRs,MoM - AI Based Personalized health Assessment System,"Jun 9, 2026",746,0
2023-06-04,R-6U_wb3yRs,MoM - AI Based Personalized health Assessment System,"Jun 9, 2026",746,0
2023-06-05,R-6U_wb3yRs,MoM - AI Based Personalized health Assessment System,"Jun 9, 2026",746,0
2023-06-06,R-6U_wb3yRs,MoM - AI Based Personalized health Assessment System,"Jun 9, 2026",746,0
2023-06-07,R-6U_wb3yRs,MoM - AI Based Personalized health Assessment System,"Jun 9, 2026",746,0
2023-06-08,R-6U_wb3yRs,MoM - AI Based Personalized health Assessment System,"Jun 9, 2026",746,0
2023-06-09,R-6U_wb3yRs,MoM - AI Based Personalized health Assessment System,"Jun 9, 2026",746,0
2023-06-10,R-6U_wb3yRs,MoM - AI Based Personalized health Assessment System,"Jun 9, 2026",746,0
2023-06-11,R-6U_wb3yRs,MoM - AI Based Personalized health Assessment System,"Jun 9, 2026",746,0
2023-06-12,R-6U_wb3yRs,MoM - AI Based Personalized health Assessment System,"Jun 9, 2026",746,0
2023-06-13,R-6U_wb3yRs,MoM - AI Based Personalized health Assessment System,"Jun 9, 2026",746,0
2023-06-14,R-6U_wb3yRs,MoM - AI Based Personalized health Assessment System,"Jun 9, 2026",746,0
2023-06-15,R-6U_wb3yRs,MoM - AI Based Personalized health Assessment System,"Jun 9, 2026",746,0
2023-06-16,R-6U_wb3yRs,MoM - AI Based Personalized health Assessment System,"Jun 9, 2026",746,0
2023-06-17,R-6U_wb3yRs,MoM - AI Based Personalized health Assessment System,"Jun 9, 2026",746,0
2023-06-18,R-6U_wb3yRs,MoM - AI Based Personalized health Assessment System,"Jun 9, 2026",746,0
2023-06-19,R-6U_wb3yRs,MoM - AI Based Personalized health Assessment System,"Jun 9, 2026",746,0
2023-06-20,R-6U_wb3yRs,MoM - AI Based Personalized health Assessment System,"Jun 9, 2026",746,0
2023-06-21,R-6U_wb3yRs,MoM - AI Based Personalized health Assessment System,"Jun 9, 2026",746,0
2023-06-22,R-6U_wb3yRs,MoM - AI Based Personalized health Assessment System,"Jun 9, 2026",746,0
2023-06-23,R-6U_wb3yRs,MoM - AI Based Personalized health Assessment System,"Jun 9, 2026",746,0
2023-06-24,R-6U_wb3yRs,MoM - AI Based Personalized health Assessment System,"Jun 9, 2026",746,0
2023-06-25,R-6U_wb3yRs,MoM - AI Based Personalized health Assessment System,"Jun 9, 2026",746,0
2023-06-26,R-6U_wb3yRs,MoM - AI Based Personalized health Assessment System,"Jun 9, 2026",746,0
2023-06-27,R-6U_wb3yRs,MoM - AI Based Personalized health Assessment System,"Jun 9, 2026",746,0
2023-06-28,R-6U_wb3yRs,MoM - AI Based Personalized health Assessment System,"Jun 9, 2026",746,0
2023-06-29,R-6U_wb3yRs,MoM - AI Based Personalized health Assessment System,"Jun 9, 2026",746,0
2023-06-30,R-6U_wb3yRs,MoM - AI Based Personalized health Assessment System,"Jun 9, 2026",746,0
2023-07-01,R-6U_wb3yRs,MoM - AI Based Personalized health Assessment System,"Jun 9, 2026",746,0
2023-07-02,R-6U_wb3yRs,MoM - AI Based Personalized health Assessment System,"Jun 9, 2026",746,0
2023-07-03,R-6U_wb3yRs,MoM - AI Based Personalized health Assessment System,"Jun 9, 2026",746,0
2023-07-04,R-6U_wb3yRs,MoM - AI Based Personalized health Assessment System,"Jun 9, 2026",746,0
2023-07-05,R-6U_wb3yRs,MoM - AI Based Personalized health Assessment System,"Jun 9, 2026",746,0
2023-07-06,R-6U_wb3yRs,MoM - AI Based Personalized health Assessment System,"Jun 9, 2026",746,0
2023-07-07,R-6U_wb3yRs,MoM - AI Based Personalized health Assessment System,"Jun 9, 2026",746,0
2023-07-08,R-6U_wb3yRs,MoM - AI Based Personalized health Assessment System,"Jun 9, 2026",746,0
2023-07-09,R-6U_wb3yRs,MoM - AI Based Personalized health Assessment System,"Jun 9, 2026",746,0
2023-07-10,R-6U_wb3yRs,MoM - AI Based Personalized health Assessment System,"Jun 9, 2026",746,0
2023-07-11,R-6U_wb3yRs,MoM - AI Based Personalized health Assessment System,"Jun 9, 2026",746,0
2023-07-12,R-6U_wb3yRs,MoM - AI Based Personalized health Assessment System,"Jun 9, 2026",746,0
2023-07-13,R-6U_wb3yRs,MoM - AI Based Personalized health Assessment System,"Jun 9, 2026",746,0
2023-07-14,R-6U_wb3yRs,MoM - AI Based Personalized health Assessment System,"Jun 9, 2026",746,0
2023-07-15,R-6U_wb3yRs,MoM - AI Based Personalized health Assessment System,"Jun 9, 2026",746,0
2023-07-16,R-6U_wb3yRs,MoM - AI Based Personalized health Assessment System,"Jun 9, 2026",746,0
2023-07-17,R-6U_wb3yRs,MoM - AI Based Personalized health Assessment System,"Jun 9, 2026",746,0
2023-07-18,R-6U_wb3yRs,MoM - AI Based Personalized health Assessment System,"Jun 9, 2026",746,0
2023-07-19,R-6U_wb3yRs,MoM - AI Based Personalized health Assessment System,"Jun 9, 2026",746,0
2023-07-20,R-6U_wb3yRs,MoM - AI Based Personalized health Assessment System,"Jun 9, 2026",746,0
2023-07-21,R-6U_wb3yRs,MoM - AI Based Personalized health Assessment System,"Jun 9, 2026",746,0
2023-07-22,R-6U_wb3yRs,MoM - AI Based Personalized health Assessment System,"Jun 9, 2026",746,0
2023-07-23,R-6U_wb3yRs,MoM - AI Based Personalized health Assessment System,"Jun 9, 2026",746,0
2023-07-24,R-6U_wb3yRs,MoM - AI Based Personalized health Assessment System,"Jun 9, 2026",746,0
2023-07-25,R-6U_wb3yRs,MoM - AI Based Personalized health Assessment System,"Jun 9, 2026",746,0
2023-07-26,R-6U_wb3yRs,MoM - AI Based Personalized health Assessment System,"Jun 9, 2026",746,0
2023-07-27,R-6U_wb3yRs,MoM - AI Based Personalized health Assessment System,"Jun 9, 2026",746,0
2023-07-28,R-6U_wb3yRs,MoM - AI Based Personalized health Assessment System,"Jun 9, 2026",746,0
2023-07-29,R-6U_wb3yRs,MoM - AI Based Personalized health Assessment System,"Jun 9, 2026",746,0
2023-07-30,R-6U_wb3yRs,MoM - AI Based Personalized health Assessment System,"Jun 9, 2026",746,0
2023-07-31,R-6U_wb3yRs,MoM - AI Based Personalized health Assessment System,"Jun 9, 2026",746,0
2023-08-01,R-6U_wb3yRs,MoM - AI Based Personalized health Assessment System,"Jun 9, 2026",746,0
2023-08-02,R-6U_wb3yRs,MoM - AI Based Personalized health Assessment System,"Jun 9, 2026",746,0
2023-08-03,R-6U_wb3yRs,MoM - AI Based Personalized health Assessment System,"Jun 9, 2026",746,0
2023-08-04,R-6U_wb3yRs,MoM - AI Based Personalized health Assessment System,"Jun 9, 2026",746,0
2023-08-05,R-6U_wb3yRs,MoM - AI Based Personalized health Assessment System,"Jun 9, 2026",746,0
2023-08-06,R-6U_wb3yRs,MoM - AI Based Personalized health Assessment System,"Jun 9, 2026",746,0
2023-08-07,R-6U_wb3yRs,MoM - AI Based Personalized health Assessment System,"Jun 9, 2026",746,0
2023-08-08,R-6U_wb3yRs,MoM - AI Based Personalized health Assessment System,"Jun 9, 2026",746,0
2023-08-09,R-6U_wb3yRs,MoM - AI Based Personalized health Assessment System,"Jun 9, 2026",746,0
2023-08-10,R-6U_wb3yRs,MoM - AI Based Personalized health Assessment System,"Jun 9, 2026",746,0
2023-08-11,R-6U_wb3yRs,MoM - AI Based Personalized health Assessment System,"Jun 9, 2026",746,0
2023-08-12,R-6U_wb3yRs,MoM - AI Based Personalized health Assessment System,"Jun 9, 2026",746,0
2023-08-13,R-6U_wb3yRs,MoM - AI Based Personalized health Assessment System,"Jun 9, 2026",746,0
2023-08-14,R-6U_wb3yRs,MoM - AI Based Personalized health Assessment System,"Jun 9, 2026",746,0
2023-08-15,R-6U_wb3yRs,MoM - AI Based Personalized health Assessment System,"Jun 9, 2026",746,0
2023-08-16,R-6U_wb3yRs,MoM - AI Based Personalized health Assessment System,"Jun 9, 2026",746,0
2023-08-17,R-6U_wb3yRs,MoM - AI Based Personalized health Assessment System,"Jun 9, 2026",746,0
2023-08-18,R-6U_wb3yRs,MoM - AI Based Personalized health Assessment System,"Jun 9, 2026",746,0
2023-08-19,R-6U_wb3yRs,MoM - AI Based Personalized health Assessment System,"Jun 9, 2026",746,0
2023-08-20,R-6U_wb3yRs,MoM - AI Based Personalized health Assessment System,"Jun 9, 2026",746,0
2023-08-21,R-6U_wb3yRs,MoM - AI Based Personalized health Assessment System,"Jun 9, 2026",746,0
2023-08-22,R-6U_wb3yRs,MoM - AI Based Personalized health Assessment System,"Jun 9, 2026",746,0
2023-08-23,R-6U_wb3yRs,MoM - AI Based Personalized health Assessment System,"Jun 9, 2026",746,0
2023-08-24,R-6U_wb3yRs,MoM - AI Based Personalized health Assessment System,"Jun 9, 2026",746,0
2023-08-25,R-6U_wb3yRs,MoM - AI Based Personalized health Assessment System,"Jun 9, 2026",746,0
2023-08-26,R-6U_wb3yRs,MoM - AI Based Personalized health Assessment System,"Jun 9, 2026",746,0
2023-08-27,R-6U_wb3yRs,MoM - AI Based Personalized health Assessment System,"Jun 9, 2026",746,0
2023-08-28,R-6U_wb3yRs,MoM - AI Based Personalized health Assessment System,"Jun 9, 2026",746,0
2023-08-29,R-6U_wb3yRs,MoM - AI Based Personalized health Assessment System,"Jun 9, 2026",746,0
2023-08-30,R-6U_wb3yRs,MoM - AI Based Personalized health Assessment System,"Jun 9, 2026",746,0
2023-08-31,R-6U_wb3yRs,MoM - AI Based Personalized health Assessment System,"Jun 9, 2026",746,0
2023-09-01,R-6U_wb3yRs,MoM - AI Based Personalized health Assessment System,"Jun 9, 2026",746,0
2023-09-02,R-6U_wb3yRs,MoM - AI Based Personalized health Assessment System,"Jun 9, 2026",746,0
2023-09-03,R-6U_wb3yRs,MoM - AI Based Personalized health Assessment System,"Jun 9, 2026",746,0
2023-09-04,R-6U_wb3yRs,MoM - AI Based Personalized health Assessment System,"Jun 9, 2026",746,0
2023-09-05,R-6U_wb3yRs,MoM - AI Based Personalized health Assessment System,"Jun 9, 2026",746,0
2023-09-06,R-6U_wb3yRs,MoM - AI Based Personalized health Assessment System,"Jun 9, 2026",746,0
2023-09-07,R-6U_wb3yRs,MoM - AI Based Personalized health Assessment System,"Jun 9, 2026",746,0
2023-09-08,R-6U_wb3yRs,MoM - AI Based Personalized health Assessment System,"Jun 9, 2026",746,0
2023-09-09,R-6U_wb3yRs,MoM - AI Based Personalized health Assessment System,"Jun 9, 2026",746,0
2023-09-10,R-6U_wb3yRs,MoM - AI Based Personalized health Assessment System,"Jun 9, 2026",746,0
2023-09-11,R-6U_wb3yRs,MoM - AI Based Personalized health Assessment System,"Jun 9, 2026",746,0
2023-09-12,R-6U_wb3yRs,MoM - AI Based Personalized health Assessment System,"Jun 9, 2026",746,0
2023-09-13,R-6U_wb3yRs,MoM - AI Based Personalized health Assessment System,"Jun 9, 2026",746,0
2023-09-14,R-6U_wb3yRs,MoM - AI Based Personalized health Assessment System,"Jun 9, 2026",746,0
2023-09-15,R-6U_wb3yRs,MoM - AI Based Personalized health Assessment System,"Jun 9, 2026",746,0
2023-09-16,R-6U_wb3yRs,MoM - AI Based Personalized health Assessment System,"Jun 9, 2026",746,0
2023-09-17,R-6U_wb3yRs,MoM - AI Based Personalized health Assessment System,"Jun 9, 2026",746,0
2023-09-18,R-6U_wb3yRs,MoM - AI Based Personalized health Assessment System,"Jun 9, 2026",746,0
2023-09-19,R-6U_wb3yRs,MoM - AI Based Personalized health Assessment System,"Jun 9, 2026",746,0
2023-09-20,R-6U_wb3yRs,MoM - AI Based Personalized health Assessment System,"Jun 9, 2026",746,0
2023-09-21,R-6U_wb3yRs,MoM - AI Based Personalized health Assessment System,"Jun 9, 2026",746,0
2023-09-22,R-6U_wb3yRs,MoM - AI Based Personalized health Assessment System,"Jun 9, 2026",746,0
2023-09-23,R-6U_wb3yRs,MoM - AI Based Personalized health Assessment System,"Jun 9, 2026",746,0
2023-09-24,R-6U_wb3yRs,MoM - AI Based Personalized health Assessment System,"Jun 9, 2026",746,0
2023-09-25,R-6U_wb3yRs,MoM - AI Based Personalized health Assessment System,"Jun 9, 2026",746,0
2023-09-26,R-6U_wb3yRs,MoM - AI Based Personalized health Assessment System,"Jun 9, 2026",746,0
2023-09-27,R-6U_wb3yRs,MoM - AI Based Personalized health Assessment System,"Jun 9, 2026",746,0
2023-09-28,R-6U_wb3yRs,MoM - AI Based Personalized health Assessment System,"Jun 9, 2026",746,0
2023-09-29,R-6U_wb3yRs,MoM - AI Based Personalized health Assessment System,"Jun 9, 2026",746,0
2023-09-30,R-6U_wb3yRs,MoM - AI Based Personalized health Assessment System,"Jun 9, 2026",746,0
2023-10-01,R-6U_wb3yRs,MoM - AI Based Personalized health Assessment System,"Jun 9, 2026",746,0
2023-10-02,R-6U_wb3yRs,MoM - AI Based Personalized health Assessment System,"Jun 9, 2026",746,0
2023-10-03,R-6U_wb3yRs,MoM - AI Based Personalized health Assessment System,"Jun 9, 2026",746,0
2023-10-04,R-6U_wb3yRs,MoM - AI Based Personalized health Assessment System,"Jun 9, 2026",746,0
2023-10-05,R-6U_wb3yRs,MoM - AI Based Personalized health Assessment System,"Jun 9, 2026",746,0
2023-10-06,R-6U_wb3yRs,MoM - AI Based Personalized health Assessment System,"Jun 9, 2026",746,0
2023-10-07,R-6U_wb3yRs,MoM - AI Based Personalized health Assessment System,"Jun 9, 2026",746,0
2023-10-08,R-6U_wb3yRs,MoM - AI Based Personalized health Assessment System,"Jun 9, 2026",746,0
2023-10-09,R-6U_wb3yRs,MoM - AI Based Personalized health Assessment System,"Jun 9, 2026",746,0
2023-10-10,R-6U_wb3yRs,MoM - AI Based Personalized health Assessment System,"Jun 9, 2026",746,0
2023-10-11,R-6U_wb3yRs,MoM - AI Based Personalized health Assessment System,"Jun 9, 2026",746,0
2023-10-12,R-6U_wb3yRs,MoM - AI Based Personalized health Assessment System,"Jun 9, 2026",746,0
2023-10-13,R-6U_wb3yRs,MoM - AI Based Personalized health Assessment System,"Jun 9, 2026",746,0
2023-10-14,R-6U_wb3yRs,MoM - AI Based Personalized health Assessment System,"Jun 9, 2026",746,0
2023-10-15,R-6U_wb3yRs,MoM - AI Based Personalized health Assessment System,"Jun 9, 2026",746,0
2023-10-16,R-6U_wb3yRs,MoM - AI Based Personalized health Assessment System,"Jun 9, 2026",746,0
2023-10-17,R-6U_wb3yRs,MoM - AI Based Personalized health Assessment System,"Jun 9, 2026",746,0
2023-10-18,R-6U_wb3yRs,MoM - AI Based Personalized health Assessment System,"Jun 9, 2026",746,0
2023-10-19,R-6U_wb3yRs,MoM - AI Based Personalized health Assessment System,"Jun 9, 2026",746,0
2023-10-20,R-6U_wb3yRs,MoM - AI Based Personalized health Assessment System,"Jun 9, 2026",746,0
2023-10-21,R-6U_wb3yRs,MoM - AI Based Personalized health Assessment System,"Jun 9, 2026",746,0
2023-10-22,R-6U_wb3yRs,MoM - AI Based Personalized health Assessment System,"Jun 9, 2026",746,0
2023-10-23,R-6U_wb3yRs,MoM - AI Based Personalized health Assessment System,"Jun 9, 2026",746,0
2023-10-24,R-6U_wb3yRs,MoM - AI Based Personalized health Assessment System,"Jun 9, 2026",746,0
2023-10-25,R-6U_wb3yRs,MoM - AI Based Personalized health Assessment System,"Jun 9, 2026",746,0
2023-10-26,R-6U_wb3yRs,MoM - AI Based Personalized health Assessment System,"Jun 9, 2026",746,0
2023-10-27,R-6U_wb3yRs,MoM - AI Based Personalized health Assessment System,"Jun 9, 2026",746,0
2023-10-28,R-6U_wb3yRs,MoM - AI Based Personalized health Assessment System,"Jun 9, 2026",746,0
2023-10-29,R-6U_wb3yRs,MoM - AI Based Personalized health Assessment System,"Jun 9, 2026",746,0
2023-10-30,R-6U_wb3yRs,MoM - AI Based Personalized health Assessment System,"Jun 9, 2026",746,0
2023-10-31,R-6U_wb3yRs,MoM - AI Based Personalized health Assessment System,"Jun 9, 2026",746,0
2023-11-01,R-6U_wb3yRs,MoM - AI Based Personalized health Assessment System,"Jun 9, 2026",746,0
2023-11-02,R-6U_wb3yRs,MoM - AI Based Personalized health Assessment System,"Jun 9, 2026",746,0
2023-11-03,R-6U_wb3yRs,MoM - AI Based Personalized health Assessment System,"Jun 9, 2026",746,0
2023-11-04,R-6U_wb3yRs,MoM - AI Based Personalized health Assessment System,"Jun 9, 2026",746,0
2023-11-05,R-6U_wb3yRs,MoM - AI Based Personalized health Assessment System,"Jun 9, 2026",746,0
2023-11-06,R-6U_wb3yRs,MoM - AI Based Personalized health Assessment System,"Jun 9, 2026",746,0
2023-11-07,R-6U_wb3yRs,MoM - AI Based Personalized health Assessment System,"Jun 9, 2026",746,0
2023-11-08,R-6U_wb3yRs,MoM - AI Based Personalized health Assessment System,"Jun 9, 2026",746,0
2023-11-09,R-6U_wb3yRs,MoM - AI Based Personalized health Assessment System,"Jun 9, 2026",746,0
2023-11-10,R-6U_wb3yRs,MoM - AI Based Personalized health Assessment System,"Jun 9, 2026",746,0
2023-11-11,R-6U_wb3yRs,MoM - AI Based Personalized health Assessment System,"Jun 9, 2026",746,0
2023-11-12,R-6U_wb3yRs,MoM - AI Based Personalized health Assessment System,"Jun 9, 2026",746,0
2023-11-13,R-6U_wb3yRs,MoM - AI Based Personalized health Assessment System,"Jun 9, 2026",746,0
2023-11-14,R-6U_wb3yRs,MoM - AI Based Personalized health Assessment System,"Jun 9, 2026",746,0
2023-11-15,R-6U_wb3yRs,MoM - AI Based Personalized health Assessment System,"Jun 9, 2026",746,0
2023-11-16,R-6U_wb3yRs,MoM - AI Based Personalized health Assessment System,"Jun 9, 2026",746,0
2023-11-17,R-6U_wb3yRs,MoM - AI Based Personalized health Assessment System,"Jun 9, 2026",746,0
2023-11-18,R-6U_wb3yRs,MoM - AI Based Personalized health Assessment System,"Jun 9, 2026",746,0
2023-11-19,R-6U_wb3yRs,MoM - AI Based Personalized health Assessment System,"Jun 9, 2026",746,0
2023-11-20,R-6U_wb3yRs,MoM - AI Based Personalized health Assessment System,"Jun 9, 2026",746,0
2023-11-21,R-6U_wb3yRs,MoM - AI Based Personalized health Assessment System,"Jun 9, 2026",746,0
2023-11-22,R-6U_wb3yRs,MoM - AI Based Personalized health Assessment System,"Jun 9, 2026",746,0
2023-11-23,R-6U_wb3yRs,MoM - AI Based Personalized health Assessment System,"Jun 9, 2026",746,0
2023-11-24,R-6U_wb3yRs,MoM - AI Based Personalized health Assessment System,"Jun 9, 2026",746,0
2023-11-25,R-6U_wb3yRs,MoM - AI Based Personalized health Assessment System,"Jun 9, 2026",746,0
2023-11-26,R-6U_wb3yRs,MoM - AI Based Personalized health Assessment System,"Jun 9, 2026",746,0
2023-11-27,R-6U_wb3yRs,MoM - AI Based Personalized health Assessment System,"Jun 9, 2026",746,0
2023-11-28,R-6U_wb3yRs,MoM - AI Based Personalized health Assessment System,"Jun 9, 2026",746,0
2023-11-29,R-6U_wb3yRs,MoM - AI Based Personalized health Assessment System,"Jun 9, 2026",746,0
2023-11-30,R-6U_wb3yRs,MoM - AI Based Personalized health Assessment System,"Jun 9, 2026",746,0
2023-12-01,R-6U_wb3yRs,MoM - AI Based Personalized health Assessment System,"Jun 9, 2026",746,0
2023-12-02,R-6U_wb3yRs,MoM - AI Based Personalized health Assessment System,"Jun 9, 2026",746,0
2023-12-03,R-6U_wb3yRs,MoM - AI Based Personalized health Assessment System,"Jun 9, 2026",746,0
2023-12-04,R-6U_wb3yRs,MoM - AI Based Personalized health Assessment System,"Jun 9, 2026",746,0
2023-12-05,R-6U_wb3yRs,MoM - AI Based Personalized health Assessment System,"Jun 9, 2026",746,0
2023-12-06,R-6U_wb3yRs,MoM - AI Based Personalized health Assessment System,"Jun 9, 2026",746,0
2023-12-07,R-6U_wb3yRs,MoM - AI Based Personalized health Assessment System,"Jun 9, 2026",746,0
2023-12-08,R-6U_wb3yRs,MoM - AI Based Personalized health Assessment System,"Jun 9, 2026",746,0
2023-12-09,R-6U_wb3yRs,MoM - AI Based Personalized health Assessment System,"Jun 9, 2026",746,0
2023-12-10,R-6U_wb3yRs,MoM - AI Based Personalized health Assessment System,"Jun 9, 2026",746,0
2023-12-11,R-6U_wb3yRs,MoM - AI Based Personalized health Assessment System,"Jun 9, 2026",746,0
2023-12-12,R-6U_wb3yRs,MoM - AI Based Personalized health Assessment System,"Jun 9, 2026",746,0
2023-12-13,R-6U_wb3yRs,MoM - AI Based Personalized health Assessment System,"Jun 9, 2026",746,0
2023-12-14,R-6U_wb3yRs,MoM - AI Based Personalized health Assessment System,"Jun 9, 2026",746,0
2023-12-15,R-6U_wb3yRs,MoM - AI Based Personalized health Assessment System,"Jun 9, 2026",746,0
2023-12-16,R-6U_wb3yRs,MoM - AI Based Personalized health Assessment System,"Jun 9, 2026",746,0
2023-12-17,R-6U_wb3yRs,MoM - AI Based Personalized health Assessment System,"Jun 9, 2026",746,0
2023-12-18,R-6U_wb3yRs,MoM - AI Based Personalized health Assessment System,"Jun 9, 2026",746,0
2023-12-19,R-6U_wb3yRs,MoM - AI Based Personalized health Assessment System,"Jun 9, 2026",746,0
2023-12-20,R-6U_wb3yRs,MoM - AI Based Personalized health Assessment System,"Jun 9, 2026",746,0
2023-12-21,R-6U_wb3yRs,MoM - AI Based Personalized health Assessment System,"Jun 9, 2026",746,0
2023-12-22,R-6U_wb3yRs,MoM - AI Based Personalized health Assessment System,"Jun 9, 2026",746,0
2023-12-23,R-6U_wb3yRs,MoM - AI Based Personalized health Assessment System,"Jun 9, 2026",746,0
2023-12-24,R-6U_wb3yRs,MoM - AI Based Personalized health Assessment System,"Jun 9, 2026",746,0
2023-12-25,R-6U_wb3yRs,MoM - AI Based Personalized health Assessment System,"Jun 9, 2026",746,0
2023-12-26,R-6U_wb3yRs,MoM - AI Based Personalized health Assessment System,"Jun 9, 2026",746,0
2023-12-27,R-6U_wb3yRs,MoM - AI Based Personalized health Assessment System,"Jun 9, 2026",746,0
2023-12-28,R-6U_wb3yRs,MoM - AI Based Personalized health Assessment System,"Jun 9, 2026",746,0
2023-12-29,R-6U_wb3yRs,MoM - AI Based Personalized health Assessment System,"Jun 9, 2026",746,0
2023-12-30,R-6U_wb3yRs,MoM - AI Based Personalized health Assessment System,"Jun 9, 2026",746,0
2023-12-31,R-6U_wb3yRs,MoM - AI Based Personalized health Assessment System,"Jun 9, 2026",746,0
2024-01-01,R-6U_wb3yRs,MoM - AI Based Personalized health Assessment System,"Jun 9, 2026",746,0
2024-01-02,R-6U_wb3yRs,MoM - AI Based Personalized health Assessment System,"Jun 9, 2026",746,0
2024-01-03,R-6U_wb3yRs,MoM - AI Based Personalized health Assessment System,"Jun 9, 2026",746,0
2024-01-04,R-6U_wb3yRs,MoM - AI Based Personalized health Assessment System,"Jun 9, 2026",746,0
2024-01-05,R-6U_wb3yRs,MoM - AI Based Personalized health Assessment System,"Jun 9, 2026",746,0
2024-01-06,R-6U_wb3yRs,MoM - AI Based Personalized health Assessment System,"Jun 9, 2026",746,0
2024-01-07,R-6U_wb3yRs,MoM - AI Based Personalized health Assessment System,"Jun 9, 2026",746,0
2024-01-08,R-6U_wb3yRs,MoM - AI Based Personalized health Assessment System,"Jun 9, 2026",746,0
2024-01-09,R-6U_wb3yRs,MoM - AI Based Personalized health Assessment System,"Jun 9, 2026",746,0
2024-01-10,R-6U_wb3yRs,MoM - AI Based Personalized health Assessment System,"Jun 9, 2026",746,0
2024-01-11,R-6U_wb3yRs,MoM - AI Based Personalized health Assessment System,"Jun 9, 2026",746,0
2024-01-12,R-6U_wb3yRs,MoM - AI Based Personalized health Assessment System,"Jun 9, 2026",746,0
2024-01-13,R-6U_wb3yRs,MoM - AI Based Personalized health Assessment System,"Jun 9, 2026",746,0
2024-01-14,R-6U_wb3yRs,MoM - AI Based Personalized health Assessment System,"Jun 9, 2026",746,0
2024-01-15,R-6U_wb3yRs,MoM - AI Based Personalized health Assessment System,"Jun 9, 2026",746,0
2024-01-16,R-6U_wb3yRs,MoM - AI Based Personalized health Assessment System,"Jun 9, 2026",746,0
2024-01-17,R-6U_wb3yRs,MoM - AI Based Personalized health Assessment System,"Jun 9, 2026",746,0
2024-01-18,R-6U_wb3yRs,MoM - AI Based Personalized health Assessment System,"Jun 9, 2026",746,0
2024-01-19,R-6U_wb3yRs,MoM - AI Based Personalized health Assessment System,"Jun 9, 2026",746,0
2024-01-20,R-6U_wb3yRs,MoM - AI Based Personalized health Assessment System,"Jun 9, 2026",746,0
2024-01-21,R-6U_wb3yRs,MoM - AI Based Personalized health Assessment System,"Jun 9, 2026",746,0
2024-01-22,R-6U_wb3yRs,MoM - AI Based Personalized health Assessment System,"Jun 9, 2026",746,0
2024-01-23,R-6U_wb3yRs,MoM - AI Based Personalized health Assessment System,"Jun 9, 2026",746,0
2024-01-24,R-6U_wb3yRs,MoM - AI Based Personalized health Assessment System,"Jun 9, 2026",746,0
2024-01-25,R-6U_wb3yRs,MoM - AI Based Personalized health Assessment System,"Jun 9, 2026",746,0
2024-01-26,R-6U_wb3yRs,MoM - AI Based Personalized health Assessment System,"Jun 9, 2026",746,0
2024-01-27,R-6U_wb3yRs,MoM - AI Based Personalized health Assessment System,"Jun 9, 2026",746,0
2024-01-28,R-6U_wb3yRs,MoM - AI Based Personalized health Assessment System,"Jun 9, 2026",746,0
2024-01-29,R-6U_wb3yRs,MoM - AI Based Personalized health Assessment System,"Jun 9, 2026",746,0
2024-01-30,R-6U_wb3yRs,MoM - AI Based Personalized health Assessment System,"Jun 9, 2026",746,0
2024-01-31,R-6U_wb3yRs,MoM - AI Based Personalized health Assessment System,"Jun 9, 2026",746,0
2024-02-01,R-6U_wb3yRs,MoM - AI Based Personalized health Assessment System,"Jun 9, 2026",746,0
2024-02-02,R-6U_wb3yRs,MoM - AI Based Personalized health Assessment System,"Jun 9, 2026",746,0
2024-02-03,R-6U_wb3yRs,MoM - AI Based Personalized health Assessment System,"Jun 9, 2026",746,0
2024-02-04,R-6U_wb3yRs,MoM - AI Based Personalized health Assessment System,"Jun 9, 2026",746,0
2024-02-05,R-6U_wb3yRs,MoM - AI Based Personalized health Assessment System,"Jun 9, 2026",746,0
2024-02-06,R-6U_wb3yRs,MoM - AI Based Personalized health Assessment System,"Jun 9, 2026",746,0
2024-02-07,R-6U_wb3yRs,MoM - AI Based Personalized health Assessment System,"Jun 9, 2026",746,0
2024-02-08,R-6U_wb3yRs,MoM - AI Based Personalized health Assessment System,"Jun 9, 2026",746,0
2024-02-09,R-6U_wb3yRs,MoM - AI Based Personalized health Assessment System,"Jun 9, 2026",746,0
2024-02-10,R-6U_wb3yRs,MoM - AI Based Personalized health Assessment System,"Jun 9, 2026",746,0
2024-02-11,R-6U_wb3yRs,MoM - AI Based Personalized health Assessment System,"Jun 9, 2026",746,0
2024-02-12,R-6U_wb3yRs,MoM - AI Based Personalized health Assessment System,"Jun 9, 2026",746,0
2024-02-13,R-6U_wb3yRs,MoM - AI Based Personalized health Assessment System,"Jun 9, 2026",746,0
2024-02-14,R-6U_wb3yRs,MoM - AI Based Personalized health Assessment System,"Jun 9, 2026",746,0
2024-02-15,R-6U_wb3yRs,MoM - AI Based Personalized health Assessment System,"Jun 9, 2026",746,0
2024-02-16,R-6U_wb3yRs,MoM - AI Based Personalized health Assessment System,"Jun 9, 2026",746,0
2024-02-17,R-6U_wb3yRs,MoM - AI Based Personalized health Assessment System,"Jun 9, 2026",746,0
2024-02-18,R-6U_wb3yRs,MoM - AI Based Personalized health Assessment System,"Jun 9, 2026",746,0
2024-02-19,R-6U_wb3yRs,MoM - AI Based Personalized health Assessment System,"Jun 9, 2026",746,0
2024-02-20,R-6U_wb3yRs,MoM - AI Based Personalized health Assessment System,"Jun 9, 2026",746,0
2024-02-21,R-6U_wb3yRs,MoM - AI Based Personalized health Assessment System,"Jun 9, 2026",746,0
2024-02-22,R-6U_wb3yRs,MoM - AI Based Personalized health Assessment System,"Jun 9, 2026",746,0
2024-02-23,R-6U_wb3yRs,MoM - AI Based Personalized health Assessment System,"Jun 9, 2026",746,0
2024-02-24,R-6U_wb3yRs,MoM - AI Based Personalized health Assessment System,"Jun 9, 2026",746,0
2024-02-25,R-6U_wb3yRs,MoM - AI Based Personalized health Assessment System,"Jun 9, 2026",746,0
2024-02-26,R-6U_wb3yRs,MoM - AI Based Personalized health Assessment System,"Jun 9, 2026",746,0
2024-02-27,R-6U_wb3yRs,MoM - AI Based Personalized health Assessment System,"Jun 9, 2026",746,0
2024-02-28,R-6U_wb3yRs,MoM - AI Based Personalized health Assessment System,"Jun 9, 2026",746,0
2024-02-29,R-6U_wb3yRs,MoM - AI Based Personalized health Assessment System,"Jun 9, 2026",746,0
2024-03-01,R-6U_wb3yRs,MoM - AI Based Personalized health Assessment System,"Jun 9, 2026",746,0
2024-03-02,R-6U_wb3yRs,MoM - AI Based Personalized health Assessment System,"Jun 9, 2026",746,0
2024-03-03,R-6U_wb3yRs,MoM - AI Based Personalized health Assessment System,"Jun 9, 2026",746,0
2024-03-04,R-6U_wb3yRs,MoM - AI Based Personalized health Assessment System,"Jun 9, 2026",746,0
2024-03-05,R-6U_wb3yRs,MoM - AI Based Personalized health Assessment System,"Jun 9, 2026",746,0
2024-03-06,R-6U_wb3yRs,MoM - AI Based Personalized health Assessment System,"Jun 9, 2026",746,0
2024-03-07,R-6U_wb3yRs,MoM - AI Based Personalized health Assessment System,"Jun 9, 2026",746,0
2024-03-08,R-6U_wb3yRs,MoM - AI Based Personalized health Assessment System,"Jun 9, 2026",746,0
2024-03-09,R-6U_wb3yRs,MoM - AI Based Personalized health Assessment System,"Jun 9, 2026",746,0
2024-03-10,R-6U_wb3yRs,MoM - AI Based Personalized health Assessment System,"Jun 9, 2026",746,0
2024-03-11,R-6U_wb3yRs,MoM - AI Based Personalized health Assessment System,"Jun 9, 2026",746,0
2024-03-12,R-6U_wb3yRs,MoM - AI Based Personalized health Assessment System,"Jun 9, 2026",746,0
2024-03-13,R-6U_wb3yRs,MoM - AI Based Personalized health Assessment System,"Jun 9, 2026",746,0
2024-03-14,R-6U_wb3yRs,MoM - AI Based Personalized health Assessment System,"Jun 9, 2026",746,0
2024-03-15,R-6U_wb3yRs,MoM - AI Based Personalized health Assessment System,"Jun 9, 2026",746,0
2024-03-16,R-6U_wb3yRs,MoM - AI Based Personalized health Assessment System,"Jun 9, 2026",746,0
2024-03-17,R-6U_wb3yRs,MoM - AI Based Personalized health Assessment System,"Jun 9, 2026",746,0
2024-03-18,R-6U_wb3yRs,MoM - AI Based Personalized health Assessment System,"Jun 9, 2026",746,0
2024-03-19,R-6U_wb3yRs,MoM - AI Based Personalized health Assessment System,"Jun 9, 2026",746,0
2024-03-20,R-6U_wb3yRs,MoM - AI Based Personalized health Assessment System,"Jun 9, 2026",746,0
2024-03-21,R-6U_wb3yRs,MoM - AI Based Personalized health Assessment System,"Jun 9, 2026",746,0
2024-03-22,R-6U_wb3yRs,MoM - AI Based Personalized health Assessment System,"Jun 9, 2026",746,0
2024-03-23,R-6U_wb3yRs,MoM - AI Based Personalized health Assessment System,"Jun 9, 2026",746,0
2024-03-24,R-6U_wb3yRs,MoM - AI Based Personalized health Assessment System,"Jun 9, 2026",746,0
2024-03-25,R-6U_wb3yRs,MoM - AI Based Personalized health Assessment System,"Jun 9, 2026",746,0
2024-03-26,R-6U_wb3yRs,MoM - AI Based Personalized health Assessment System,"Jun 9, 2026",746,0
2024-03-27,R-6U_wb3yRs,MoM - AI Based Personalized health Assessment System,"Jun 9, 2026",746,0
2024-03-28,R-6U_wb3yRs,MoM - AI Based Personalized health Assessment System,"Jun 9, 2026",746,0
2024-03-29,R-6U_wb3yRs,MoM - AI Based Personalized health Assessment System,"Jun 9, 2026",746,0
2024-03-30,R-6U_wb3yRs,MoM - AI Based Personalized health Assessment System,"Jun 9, 2026",746,0
2024-03-31,R-6U_wb3yRs,MoM - AI Based Personalized health Assessment System,"Jun 9, 2026",746,0
2024-04-01,R-6U_wb3yRs,MoM - AI Based Personalized health Assessment System,"Jun 9, 2026",746,0
2024-04-02,R-6U_wb3yRs,MoM - AI Based Personalized health Assessment System,"Jun 9, 2026",746,0
2024-04-03,R-6U_wb3yRs,MoM - AI Based Personalized health Assessment System,"Jun 9, 2026",746,0
2024-04-04,R-6U_wb3yRs,MoM - AI Based Personalized health Assessment System,"Jun 9, 2026",746,0
2024-04-05,R-6U_wb3yRs,MoM - AI Based Personalized health Assessment System,"Jun 9, 2026",746,0
2024-04-06,R-6U_wb3yRs,MoM - AI Based Personalized health Assessment System,"Jun 9, 2026",746,0
2024-04-07,R-6U_wb3yRs,MoM - AI Based Personalized health Assessment System,"Jun 9, 2026",746,0
2024-04-08,R-6U_wb3yRs,MoM - AI Based Personalized health Assessment System,"Jun 9, 2026",746,0
2024-04-09,R-6U_wb3yRs,MoM - AI Based Personalized health Assessment System,"Jun 9, 2026",746,0
2024-04-10,R-6U_wb3yRs,MoM - AI Based Personalized health Assessment System,"Jun 9, 2026",746,0
2024-04-11,R-6U_wb3yRs,MoM - AI Based Personalized health Assessment System,"Jun 9, 2026",746,0
2024-04-12,R-6U_wb3yRs,MoM - AI Based Personalized health Assessment System,"Jun 9, 2026",746,0
2024-04-13,R-6U_wb3yRs,MoM - AI Based Personalized health Assessment System,"Jun 9, 2026",746,0
2024-04-14,R-6U_wb3yRs,MoM - AI Based Personalized health Assessment System,"Jun 9, 2026",746,0
2024-04-15,R-6U_wb3yRs,MoM - AI Based Personalized health Assessment System,"Jun 9, 2026",746,0
2024-04-16,R-6U_wb3yRs,MoM - AI Based Personalized health Assessment System,"Jun 9, 2026",746,0
2024-04-17,R-6U_wb3yRs,MoM - AI Based Personalized health Assessment System,"Jun 9, 2026",746,0
2024-04-18,R-6U_wb3yRs,MoM - AI Based Personalized health Assessment System,"Jun 9, 2026",746,0
2024-04-19,R-6U_wb3yRs,MoM - AI Based Personalized health Assessment System,"Jun 9, 2026",746,0
2024-04-20,R-6U_wb3yRs,MoM - AI Based Personalized health Assessment System,"Jun 9, 2026",746,0
2024-04-21,R-6U_wb3yRs,MoM - AI Based Personalized health Assessment System,"Jun 9, 2026",746,0
2024-04-22,R-6U_wb3yRs,MoM - AI Based Personalized health Assessment System,"Jun 9, 2026",746,0
2024-04-23,R-6U_wb3yRs,MoM - AI Based Personalized health Assessment System,"Jun 9, 2026",746,0
2024-04-24,R-6U_wb3yRs,MoM - AI Based Personalized health Assessment System,"Jun 9, 2026",746,0
2024-04-25,R-6U_wb3yRs,MoM - AI Based Personalized health Assessment System,"Jun 9, 2026",746,0
2024-04-26,R-6U_wb3yRs,MoM - AI Based Personalized health Assessment System,"Jun 9, 2026",746,0
2024-04-27,R-6U_wb3yRs,MoM - AI Based Personalized health Assessment System,"Jun 9, 2026",746,0
2024-04-28,R-6U_wb3yRs,MoM - AI Based Personalized health Assessment System,"Jun 9, 2026",746,0
2024-04-29,R-6U_wb3yRs,MoM - AI Based Personalized health Assessment System,"Jun 9, 2026",746,0
2024-04-30,R-6U_wb3yRs,MoM - AI Based Personalized health Assessment System,"Jun 9, 2026",746,0
2024-05-01,R-6U_wb3yRs,MoM - AI Based Personalized health Assessment System,"Jun 9, 2026",746,0
2024-05-02,R-6U_wb3yRs,MoM - AI Based Personalized health Assessment System,"Jun 9, 2026",746,0
2024-05-03,R-6U_wb3yRs,MoM - AI Based Personalized health Assessment System,"Jun 9, 2026",746,0
2024-05-04,R-6U_wb3yRs,MoM - AI Based Personalized health Assessment System,"Jun 9, 2026",746,0
2024-05-05,R-6U_wb3yRs,MoM - AI Based Personalized health Assessment System,"Jun 9, 2026",746,0
2024-05-06,R-6U_wb3yRs,MoM - AI Based Personalized health Assessment System,"Jun 9, 2026",746,0
2024-05-07,R-6U_wb3yRs,MoM - AI Based Personalized health Assessment System,"Jun 9, 2026",746,0
2024-05-08,R-6U_wb3yRs,MoM - AI Based Personalized health Assessment System,"Jun 9, 2026",746,0
2024-05-09,R-6U_wb3yRs,MoM - AI Based Personalized health Assessment System,"Jun 9, 2026",746,0
2024-05-10,R-6U_wb3yRs,MoM - AI Based Personalized health Assessment System,"Jun 9, 2026",746,0
2024-05-11,R-6U_wb3yRs,MoM - AI Based Personalized health Assessment System,"Jun 9, 2026",746,0
2024-05-12,R-6U_wb3yRs,MoM - AI Based Personalized health Assessment System,"Jun 9, 2026",746,0
2024-05-13,R-6U_wb3yRs,MoM - AI Based Personalized health Assessment System,"Jun 9, 2026",746,0
2024-05-14,R-6U_wb3yRs,MoM - AI Based Personalized health Assessment System,"Jun 9, 2026",746,0
2024-05-15,R-6U_wb3yRs,MoM - AI Based Personalized health Assessment System,"Jun 9, 2026",746,0
2024-05-16,R-6U_wb3yRs,MoM - AI Based Personalized health Assessment System,"Jun 9, 2026",746,0
2024-05-17,R-6U_wb3yRs,MoM - AI Based Personalized health Assessment System,"Jun 9, 2026",746,0
2024-05-18,R-6U_wb3yRs,MoM - AI Based Personalized health Assessment System,"Jun 9, 2026",746,0
2024-05-19,R-6U_wb3yRs,MoM - AI Based Personalized health Assessment System,"Jun 9, 2026",746,0
2024-05-20,R-6U_wb3yRs,MoM - AI Based Personalized health Assessment System,"Jun 9, 2026",746,0
2024-05-21,R-6U_wb3yRs,MoM - AI Based Personalized health Assessment System,"Jun 9, 2026",746,0
2024-05-22,R-6U_wb3yRs,MoM - AI Based Personalized health Assessment System,"Jun 9, 2026",746,0
2024-05-23,R-6U_wb3yRs,MoM - AI Based Personalized health Assessment System,"Jun 9, 2026",746,0
2024-05-24,R-6U_wb3yRs,MoM - AI Based Personalized health Assessment System,"Jun 9, 2026",746,0
2024-05-25,R-6U_wb3yRs,MoM - AI Based Personalized health Assessment System,"Jun 9, 2026",746,0
2024-05-26,R-6U_wb3yRs,MoM - AI Based Personalized health Assessment System,"Jun 9, 2026",746,0
2024-05-27,R-6U_wb3yRs,MoM - AI Based Personalized health Assessment System,"Jun 9, 2026",746,0
2024-05-28,R-6U_wb3yRs,MoM - AI Based Personalized health Assessment System,"Jun 9, 2026",746,0
2024-05-29,R-6U_wb3yRs,MoM - AI Based Personalized health Assessment System,"Jun 9, 2026",746,0
2024-05-30,R-6U_wb3yRs,MoM - AI Based Personalized health Assessment System,"Jun 9, 2026",746,0
2024-05-31,R-6U_wb3yRs,MoM - AI Based Personalized health Assessment System,"Jun 9, 2026",746,0
2024-06-01,R-6U_wb3yRs,MoM - AI Based Personalized health Assessment System,"Jun 9, 2026",746,0
2024-06-02,R-6U_wb3yRs,MoM - AI Based Personalized health Assessment System,"Jun 9, 2026",746,0
2024-06-03,R-6U_wb3yRs,MoM - AI Based Personalized health Assessment System,"Jun 9, 2026",746,0
2024-06-04,R-6U_wb3yRs,MoM - AI Based Personalized health Assessment System,"Jun 9, 2026",746,0
2024-06-05,R-6U_wb3yRs,MoM - AI Based Personalized health Assessment System,"Jun 9, 2026",746,0
2024-06-06,R-6U_wb3yRs,MoM - AI Based Personalized health Assessment System,"Jun 9, 2026",746,0
2024-06-07,R-6U_wb3yRs,MoM - AI Based Personalized health Assessment System,"Jun 9, 2026",746,0
2024-06-08,R-6U_wb3yRs,MoM - AI Based Personalized health Assessment System,"Jun 9, 2026",746,0
2024-06-09,R-6U_wb3yRs,MoM - AI Based Personalized health Assessment System,"Jun 9, 2026",746,0
2024-06-10,R-6U_wb3yRs,MoM - AI Based Personalized health Assessment System,"Jun 9, 2026",746,0
2024-06-11,R-6U_wb3yRs,MoM - AI Based Personalized health Assessment System,"Jun 9, 2026",746,0
2024-06-12,R-6U_wb3yRs,MoM - AI Based Personalized health Assessment System,"Jun 9, 2026",746,0
2024-06-13,R-6U_wb3yRs,MoM - AI Based Personalized health Assessment System,"Jun 9, 2026",746,0
2024-06-14,R-6U_wb3yRs,MoM - AI Based Personalized health Assessment System,"Jun 9, 2026",746,0
2024-06-15,R-6U_wb3yRs,MoM - AI Based Personalized health Assessment System,"Jun 9, 2026",746,0
2024-06-16,R-6U_wb3yRs,MoM - AI Based Personalized health Assessment System,"Jun 9, 2026",746,0
2024-06-17,R-6U_wb3yRs,MoM - AI Based Personalized health Assessment System,"Jun 9, 2026",746,0
2024-06-18,R-6U_wb3yRs,MoM - AI Based Personalized health Assessment System,"Jun 9, 2026",746,0
2024-06-19,R-6U_wb3yRs,MoM - AI Based Personalized health Assessment System,"Jun 9, 2026",746,0
2024-06-20,R-6U_wb3yRs,MoM - AI Based Personalized health Assessment System,"Jun 9, 2026",746,0
2024-06-21,R-6U_wb3yRs,MoM - AI Based Personalized health Assessment System,"Jun 9, 2026",746,0
2024-06-22,R-6U_wb3yRs,MoM - AI Based Personalized health Assessment System,"Jun 9, 2026",746,0
2024-06-23,R-6U_wb3yRs,MoM - AI Based Personalized health Assessment System,"Jun 9, 2026",746,0
2024-06-24,R-6U_wb3yRs,MoM - AI Based Personalized health Assessment System,"Jun 9, 2026",746,0
2024-06-25,R-6U_wb3yRs,MoM - AI Based Personalized health Assessment System,"Jun 9, 2026",746,0
2024-06-26,R-6U_wb3yRs,MoM - AI Based Personalized health Assessment System,"Jun 9, 2026",746,0
2024-06-27,R-6U_wb3yRs,MoM - AI Based Personalized health Assessment System,"Jun 9, 2026",746,0
2024-06-28,R-6U_wb3yRs,MoM - AI Based Personalized health Assessment System,"Jun 9, 2026",746,0
2024-06-29,R-6U_wb3yRs,MoM - AI Based Personalized health Assessment System,"Jun 9, 2026",746,0
2024-06-30,R-6U_wb3yRs,MoM - AI Based Personalized health Assessment System,"Jun 9, 2026",746,0
2024-07-01,R-6U_wb3yRs,MoM - AI Based Personalized health Assessment System,"Jun 9, 2026",746,0
2024-07-02,R-6U_wb3yRs,MoM - AI Based Personalized health Assessment System,"Jun 9, 2026",746,0
2024-07-03,R-6U_wb3yRs,MoM - AI Based Personalized health Assessment System,"Jun 9, 2026",746,0
2024-07-04,R-6U_wb3yRs,MoM - AI Based Personalized health Assessment System,"Jun 9, 2026",746,0
2024-07-05,R-6U_wb3yRs,MoM - AI Based Personalized health Assessment System,"Jun 9, 2026",746,0
2024-07-06,R-6U_wb3yRs,MoM - AI Based Personalized health Assessment System,"Jun 9, 2026",746,0
2024-07-07,R-6U_wb3yRs,MoM - AI Based Personalized health Assessment System,"Jun 9, 2026",746,0
2024-07-08,R-6U_wb3yRs,MoM - AI Based Personalized health Assessment System,"Jun 9, 2026",746,0
2024-07-09,R-6U_wb3yRs,MoM - AI Based Personalized health Assessment System,"Jun 9, 2026",746,0
2024-07-10,R-6U_wb3yRs,MoM - AI Based Personalized health Assessment System,"Jun 9, 2026",746,0
2024-07-11,R-6U_wb3yRs,MoM - AI Based Personalized health Assessment System,"Jun 9, 2026",746,0
2024-07-12,R-6U_wb3yRs,MoM - AI Based Personalized health Assessment System,"Jun 9, 2026",746,0
2024-07-13,R-6U_wb3yRs,MoM - AI Based Personalized health Assessment System,"Jun 9, 2026",746,0
2024-07-14,R-6U_wb3yRs,MoM - AI Based Personalized health Assessment System,"Jun 9, 2026",746,0
2024-07-15,R-6U_wb3yRs,MoM - AI Based Personalized health Assessment System,"Jun 9, 2026",746,0
2024-07-16,R-6U_wb3yRs,MoM - AI Based Personalized health Assessment System,"Jun 9, 2026",746,0
2024-07-17,R-6U_wb3yRs,MoM - AI Based Personalized health Assessment System,"Jun 9, 2026",746,0
2024-07-18,R-6U_wb3yRs,MoM - AI Based Personalized health Assessment System,"Jun 9, 2026",746,0
2024-07-19,R-6U_wb3yRs,MoM - AI Based Personalized health Assessment System,"Jun 9, 2026",746,0
2024-07-20,R-6U_wb3yRs,MoM - AI Based Personalized health Assessment System,"Jun 9, 2026",746,0
2024-07-21,R-6U_wb3yRs,MoM - AI Based Personalized health Assessment System,"Jun 9, 2026",746,0
2024-07-22,R-6U_wb3yRs,MoM - AI Based Personalized health Assessment System,"Jun 9, 2026",746,0
2024-07-23,R-6U_wb3yRs,MoM - AI Based Personalized health Assessment System,"Jun 9, 2026",746,0
2024-07-24,R-6U_wb3yRs,MoM - AI Based Personalized health Assessment System,"Jun 9, 2026",746,0
2024-07-25,R-6U_wb3yRs,MoM - AI Based Personalized health Assessment System,"Jun 9, 2026",746,0
2024-07-26,R-6U_wb3yRs,MoM - AI Based Personalized health Assessment System,"Jun 9, 2026",746,0
2024-07-27,R-6U_wb3yRs,MoM - AI Based Personalized health Assessment System,"Jun 9, 2026",746,0
2024-07-28,R-6U_wb3yRs,MoM - AI Based Personalized health Assessment System,"Jun 9, 2026",746,0
2024-07-29,R-6U_wb3yRs,MoM - AI Based Personalized health Assessment System,"Jun 9, 2026",746,0
2024-07-30,R-6U_wb3yRs,MoM - AI Based Personalized health Assessment System,"Jun 9, 2026",746,0
2024-07-31,R-6U_wb3yRs,MoM - AI Based Personalized health Assessment System,"Jun 9, 2026",746,0
2024-08-01,R-6U_wb3yRs,MoM - AI Based Personalized health Assessment System,"Jun 9, 2026",746,0
2024-08-02,R-6U_wb3yRs,MoM - AI Based Personalized health Assessment System,"Jun 9, 2026",746,0
2024-08-03,R-6U_wb3yRs,MoM - AI Based Personalized health Assessment System,"Jun 9, 2026",746,0
2024-08-04,R-6U_wb3yRs,MoM - AI Based Personalized health Assessment System,"Jun 9, 2026",746,0
2024-08-05,R-6U_wb3yRs,MoM - AI Based Personalized health Assessment System,"Jun 9, 2026",746,0
2024-08-06,R-6U_wb3yRs,MoM - AI Based Personalized health Assessment System,"Jun 9, 2026",746,0
2024-08-07,R-6U_wb3yRs,MoM - AI Based Personalized health Assessment System,"Jun 9, 2026",746,0
2024-08-08,R-6U_wb3yRs,MoM - AI Based Personalized health Assessment System,"Jun 9, 2026",746,0
2024-08-09,R-6U_wb3yRs,MoM - AI Based Personalized health Assessment System,"Jun 9, 2026",746,0
2024-08-10,R-6U_wb3yRs,MoM - AI Based Personalized health Assessment System,"Jun 9, 2026",746,0
2024-08-11,R-6U_wb3yRs,MoM - AI Based Personalized health Assessment System,"Jun 9, 2026",746,0
2024-08-12,R-6U_wb3yRs,MoM - AI Based Personalized health Assessment System,"Jun 9, 2026",746,0
2024-08-13,R-6U_wb3yRs,MoM - AI Based Personalized health Assessment System,"Jun 9, 2026",746,0
2024-08-14,R-6U_wb3yRs,MoM - AI Based Personalized health Assessment System,"Jun 9, 2026",746,0
2024-08-15,R-6U_wb3yRs,MoM - AI Based Personalized health Assessment System,"Jun 9, 2026",746,0
2024-08-16,R-6U_wb3yRs,MoM - AI Based Personalized health Assessment System,"Jun 9, 2026",746,0
2024-08-17,R-6U_wb3yRs,MoM - AI Based Personalized health Assessment System,"Jun 9, 2026",746,0
2024-08-18,R-6U_wb3yRs,MoM - AI Based Personalized health Assessment System,"Jun 9, 2026",746,0
2024-08-19,R-6U_wb3yRs,MoM - AI Based Personalized health Assessment System,"Jun 9, 2026",746,0
2024-08-20,R-6U_wb3yRs,MoM - AI Based Personalized health Assessment System,"Jun 9, 2026",746,0
2024-08-21,R-6U_wb3yRs,MoM - AI Based Personalized health Assessment System,"Jun 9, 2026",746,0
2024-08-22,R-6U_wb3yRs,MoM - AI Based Personalized health Assessment System,"Jun 9, 2026",746,0
2024-08-23,R-6U_wb3yRs,MoM - AI Based Personalized health Assessment System,"Jun 9, 2026",746,0
2024-08-24,R-6U_wb3yRs,MoM - AI Based Personalized health Assessment System,"Jun 9, 2026",746,0
2024-08-25,R-6U_wb3yRs,MoM - AI Based Personalized health Assessment System,"Jun 9, 2026",746,0
2024-08-26,R-6U_wb3yRs,MoM - AI Based Personalized health Assessment System,"Jun 9, 2026",746,0
2024-08-27,R-6U_wb3yRs,MoM - AI Based Personalized health Assessment System,"Jun 9, 2026",746,0
2024-08-28,R-6U_wb3yRs,MoM - AI Based Personalized health Assessment System,"Jun 9, 2026",746,0
2024-08-29,R-6U_wb3yRs,MoM - AI Based Personalized health Assessment System,"Jun 9, 2026",746,0
2024-08-30,R-6U_wb3yRs,MoM - AI Based Personalized health Assessment System,"Jun 9, 2026",746,0
2024-08-31,R-6U_wb3yRs,MoM - AI Based Personalized health Assessment System,"Jun 9, 2026",746,0
2024-09-01,R-6U_wb3yRs,MoM - AI Based Personalized health Assessment System,"Jun 9, 2026",746,0
2024-09-02,R-6U_wb3yRs,MoM - AI Based Personalized health Assessment System,"Jun 9, 2026",746,0
2024-09-03,R-6U_wb3yRs,MoM - AI Based Personalized health Assessment System,"Jun 9, 2026",746,0
2024-09-04,R-6U_wb3yRs,MoM - AI Based Personalized health Assessment System,"Jun 9, 2026",746,0
2024-09-05,R-6U_wb3yRs,MoM - AI Based Personalized health Assessment System,"Jun 9, 2026",746,0
2024-09-06,R-6U_wb3yRs,MoM - AI Based Personalized health Assessment System,"Jun 9, 2026",746,0
2024-09-07,R-6U_wb3yRs,MoM - AI Based Personalized health Assessment System,"Jun 9, 2026",746,0
2024-09-08,R-6U_wb3yRs,MoM - AI Based Personalized health Assessment System,"Jun 9, 2026",746,0
2024-09-09,R-6U_wb3yRs,MoM - AI Based Personalized health Assessment System,"Jun 9, 2026",746,0
2024-09-10,R-6U_wb3yRs,MoM - AI Based Personalized health Assessment System,"Jun 9, 2026",746,0
2024-09-11,R-6U_wb3yRs,MoM - AI Based Personalized health Assessment System,"Jun 9, 2026",746,0
2024-09-12,R-6U_wb3yRs,MoM - AI Based Personalized health Assessment System,"Jun 9, 2026",746,0
2024-09-13,R-6U_wb3yRs,MoM - AI Based Personalized health Assessment System,"Jun 9, 2026",746,0
2024-09-14,R-6U_wb3yRs,MoM - AI Based Personalized health Assessment System,"Jun 9, 2026",746,0
2024-09-15,R-6U_wb3yRs,MoM - AI Based Personalized health Assessment System,"Jun 9, 2026",746,0
2024-09-16,R-6U_wb3yRs,MoM - AI Based Personalized health Assessment System,"Jun 9, 2026",746,0
2024-09-17,R-6U_wb3yRs,MoM - AI Based Personalized health Assessment System,"Jun 9, 2026",746,0
2024-09-18,R-6U_wb3yRs,MoM - AI Based Personalized health Assessment System,"Jun 9, 2026",746,0
2024-09-19,R-6U_wb3yRs,MoM - AI Based Personalized health Assessment System,"Jun 9, 2026",746,0
2024-09-20,R-6U_wb3yRs,MoM - AI Based Personalized health Assessment System,"Jun 9, 2026",746,0
2024-09-21,R-6U_wb3yRs,MoM - AI Based Personalized health Assessment System,"Jun 9, 2026",746,0
2024-09-22,R-6U_wb3yRs,MoM - AI Based Personalized health Assessment System,"Jun 9, 2026",746,0
2024-09-23,R-6U_wb3yRs,MoM - AI Based Personalized health Assessment System,"Jun 9, 2026",746,0
2024-09-24,R-6U_wb3yRs,MoM - AI Based Personalized health Assessment System,"Jun 9, 2026",746,0
2024-09-25,R-6U_wb3yRs,MoM - AI Based Personalized health Assessment System,"Jun 9, 2026",746,0
2024-09-26,R-6U_wb3yRs,MoM - AI Based Personalized health Assessment System,"Jun 9, 2026",746,0
2024-09-27,R-6U_wb3yRs,MoM - AI Based Personalized health Assessment System,"Jun 9, 2026",746,0
2024-09-28,R-6U_wb3yRs,MoM - AI Based Personalized health Assessment System,"Jun 9, 2026",746,0
2024-09-29,R-6U_wb3yRs,MoM - AI Based Personalized health Assessment System,"Jun 9, 2026",746,0
2024-09-30,R-6U_wb3yRs,MoM - AI Based Personalized health Assessment System,"Jun 9, 2026",746,0
2024-10-01,R-6U_wb3yRs,MoM - AI Based Personalized health Assessment System,"Jun 9, 2026",746,0
2024-10-02,R-6U_wb3yRs,MoM - AI Based Personalized health Assessment System,"Jun 9, 2026",746,0
2024-10-03,R-6U_wb3yRs,MoM - AI Based Personalized health Assessment System,"Jun 9, 2026",746,0
2024-10-04,R-6U_wb3yRs,MoM - AI Based Personalized health Assessment System,"Jun 9, 2026",746,0
2024-10-05,R-6U_wb3yRs,MoM - AI Based Personalized health Assessment System,"Jun 9, 2026",746,0
2024-10-06,R-6U_wb3yRs,MoM - AI Based Personalized health Assessment System,"Jun 9, 2026",746,0
2024-10-07,R-6U_wb3yRs,MoM - AI Based Personalized health Assessment System,"Jun 9, 2026",746,0
2024-10-08,R-6U_wb3yRs,MoM - AI Based Personalized health Assessment System,"Jun 9, 2026",746,0
2024-10-09,R-6U_wb3yRs,MoM - AI Based Personalized health Assessment System,"Jun 9, 2026",746,0
2024-10-10,R-6U_wb3yRs,MoM - AI Based Personalized health Assessment System,"Jun 9, 2026",746,0
2024-10-11,R-6U_wb3yRs,MoM - AI Based Personalized health Assessment System,"Jun 9, 2026",746,0
2024-10-12,R-6U_wb3yRs,MoM - AI Based Personalized health Assessment System,"Jun 9, 2026",746,0
2024-10-13,R-6U_wb3yRs,MoM - AI Based Personalized health Assessment System,"Jun 9, 2026",746,0
2024-10-14,R-6U_wb3yRs,MoM - AI Based Personalized health Assessment System,"Jun 9, 2026",746,0
2024-10-15,R-6U_wb3yRs,MoM - AI Based Personalized health Assessment System,"Jun 9, 2026",746,0
2024-10-16,R-6U_wb3yRs,MoM - AI Based Personalized health Assessment System,"Jun 9, 2026",746,0
2024-10-17,R-6U_wb3yRs,MoM - AI Based Personalized health Assessment System,"Jun 9, 2026",746,0
2024-10-18,R-6U_wb3yRs,MoM - AI Based Personalized health Assessment System,"Jun 9, 2026",746,0
2024-10-19,R-6U_wb3yRs,MoM - AI Based Personalized health Assessment System,"Jun 9, 2026",746,0
2024-10-20,R-6U_wb3yRs,MoM - AI Based Personalized health Assessment System,"Jun 9, 2026",746,0
2024-10-21,R-6U_wb3yRs,MoM - AI Based Personalized health Assessment System,"Jun 9, 2026",746,0
2024-10-22,R-6U_wb3yRs,MoM - AI Based Personalized health Assessment System,"Jun 9, 2026",746,0
2024-10-23,R-6U_wb3yRs,MoM - AI Based Personalized health Assessment System,"Jun 9, 2026",746,0
2024-10-24,R-6U_wb3yRs,MoM - AI Based Personalized health Assessment System,"Jun 9, 2026",746,0
2024-10-25,R-6U_wb3yRs,MoM - AI Based Personalized health Assessment System,"Jun 9, 2026",746,0
2024-10-26,R-6U_wb3yRs,MoM - AI Based Personalized health Assessment System,"Jun 9, 2026",746,0
2024-10-27,R-6U_wb3yRs,MoM - AI Based Personalized health Assessment System,"Jun 9, 2026",746,0
2024-10-28,R-6U_wb3yRs,MoM - AI Based Personalized health Assessment System,"Jun 9, 2026",746,0
2024-10-29,R-6U_wb3yRs,MoM - AI Based Personalized health Assessment System,"Jun 9, 2026",746,0
2024-10-30,R-6U_wb3yRs,MoM - AI Based Personalized health Assessment System,"Jun 9, 2026",746,0
2024-10-31,R-6U_wb3yRs,MoM - AI Based Personalized health Assessment System,"Jun 9, 2026",746,0
2024-11-01,R-6U_wb3yRs,MoM - AI Based Personalized health Assessment System,"Jun 9, 2026",746,0
2024-11-02,R-6U_wb3yRs,MoM - AI Based Personalized health Assessment System,"Jun 9, 2026",746,0
2024-11-03,R-6U_wb3yRs,MoM - AI Based Personalized health Assessment System,"Jun 9, 2026",746,0
2024-11-04,R-6U_wb3yRs,MoM - AI Based Personalized health Assessment System,"Jun 9, 2026",746,0
2024-11-05,R-6U_wb3yRs,MoM - AI Based Personalized health Assessment System,"Jun 9, 2026",746,0
2024-11-06,R-6U_wb3yRs,MoM - AI Based Personalized health Assessment System,"Jun 9, 2026",746,0
2024-11-07,R-6U_wb3yRs,MoM - AI Based Personalized health Assessment System,"Jun 9, 2026",746,0
2024-11-08,R-6U_wb3yRs,MoM - AI Based Personalized health Assessment System,"Jun 9, 2026",746,0
2024-11-09,R-6U_wb3yRs,MoM - AI Based Personalized health Assessment System,"Jun 9, 2026",746,0
2024-11-10,R-6U_wb3yRs,MoM - AI Based Personalized health Assessment System,"Jun 9, 2026",746,0
2024-11-11,R-6U_wb3yRs,MoM - AI Based Personalized health Assessment System,"Jun 9, 2026",746,0
2024-11-12,R-6U_wb3yRs,MoM - AI Based Personalized health Assessment System,"Jun 9, 2026",746,0
2024-11-13,R-6U_wb3yRs,MoM - AI Based Personalized health Assessment System,"Jun 9, 2026",746,0
2024-11-14,R-6U_wb3yRs,MoM - AI Based Personalized health Assessment System,"Jun 9, 2026",746,0
2024-11-15,R-6U_wb3yRs,MoM - AI Based Personalized health Assessment System,"Jun 9, 2026",746,0
2024-11-16,R-6U_wb3yRs,MoM - AI Based Personalized health Assessment System,"Jun 9, 2026",746,0
2024-11-17,R-6U_wb3yRs,MoM - AI Based Personalized health Assessment System,"Jun 9, 2026",746,0
2024-11-18,R-6U_wb3yRs,MoM - AI Based Personalized health Assessment System,"Jun 9, 2026",746,0
2024-11-19,R-6U_wb3yRs,MoM - AI Based Personalized health Assessment System,"Jun 9, 2026",746,0
2024-11-20,R-6U_wb3yRs,MoM - AI Based Personalized health Assessment System,"Jun 9, 2026",746,0
2024-11-21,R-6U_wb3yRs,MoM - AI Based Personalized health Assessment System,"Jun 9, 2026",746,0
2024-11-22,R-6U_wb3yRs,MoM - AI Based Personalized health Assessment System,"Jun 9, 2026",746,0
2024-11-23,R-6U_wb3yRs,MoM - AI Based Personalized health Assessment System,"Jun 9, 2026",746,0
2024-11-24,R-6U_wb3yRs,MoM - AI Based Personalized health Assessment System,"Jun 9, 2026",746,0
2024-11-25,R-6U_wb3yRs,MoM - AI Based Personalized health Assessment System,"Jun 9, 2026",746,0
2024-11-26,R-6U_wb3yRs,MoM - AI Based Personalized health Assessment System,"Jun 9, 2026",746,0
2024-11-27,R-6U_wb3yRs,MoM - AI Based Personalized health Assessment System,"Jun 9, 2026",746,0
2024-11-28,R-6U_wb3yRs,MoM - AI Based Personalized health Assessment System,"Jun 9, 2026",746,0
2024-11-29,R-6U_wb3yRs,MoM - AI Based Personalized health Assessment System,"Jun 9, 2026",746,0
2024-11-30,R-6U_wb3yRs,MoM - AI Based Personalized health Assessment System,"Jun 9, 2026",746,0
2024-12-01,R-6U_wb3yRs,MoM - AI Based Personalized health Assessment System,"Jun 9, 2026",746,0
2024-12-02,R-6U_wb3yRs,MoM - AI Based Personalized health Assessment System,"Jun 9, 2026",746,0
2024-12-03,R-6U_wb3yRs,MoM - AI Based Personalized health Assessment System,"Jun 9, 2026",746,0
2024-12-04,R-6U_wb3yRs,MoM - AI Based Personalized health Assessment System,"Jun 9, 2026",746,0
2024-12-05,R-6U_wb3yRs,MoM - AI Based Personalized health Assessment System,"Jun 9, 2026",746,0
2024-12-06,R-6U_wb3yRs,MoM - AI Based Personalized health Assessment System,"Jun 9, 2026",746,0
2024-12-07,R-6U_wb3yRs,MoM - AI Based Personalized health Assessment System,"Jun 9, 2026",746,0
2024-12-08,R-6U_wb3yRs,MoM - AI Based Personalized health Assessment System,"Jun 9, 2026",746,0
2024-12-09,R-6U_wb3yRs,MoM - AI Based Personalized health Assessment System,"Jun 9, 2026",746,0
2024-12-10,R-6U_wb3yRs,MoM - AI Based Personalized health Assessment System,"Jun 9, 2026",746,0
2024-12-11,R-6U_wb3yRs,MoM - AI Based Personalized health Assessment System,"Jun 9, 2026",746,0
2024-12-12,R-6U_wb3yRs,MoM - AI Based Personalized health Assessment System,"Jun 9, 2026",746,0
2024-12-13,R-6U_wb3yRs,MoM - AI Based Personalized health Assessment System,"Jun 9, 2026",746,0
2024-12-14,R-6U_wb3yRs,MoM - AI Based Personalized health Assessment System,"Jun 9, 2026",746,0
2024-12-15,R-6U_wb3yRs,MoM - AI Based Personalized health Assessment System,"Jun 9, 2026",746,0
2024-12-16,R-6U_wb3yRs,MoM - AI Based Personalized health Assessment System,"Jun 9, 2026",746,0
2024-12-17,R-6U_wb3yRs,MoM - AI Based Personalized health Assessment System,"Jun 9, 2026",746,0
2024-12-18,R-6U_wb3yRs,MoM - AI Based Personalized health Assessment System,"Jun 9, 2026",746,0
2024-12-19,R-6U_wb3yRs,MoM - AI Based Personalized health Assessment System,"Jun 9, 2026",746,0
2024-12-20,R-6U_wb3yRs,MoM - AI Based Personalized health Assessment System,"Jun 9, 2026",746,0
2024-12-21,R-6U_wb3yRs,MoM - AI Based Personalized health Assessment System,"Jun 9, 2026",746,0
2024-12-22,R-6U_wb3yRs,MoM - AI Based Personalized health Assessment System,"Jun 9, 2026",746,0
2024-12-23,R-6U_wb3yRs,MoM - AI Based Personalized health Assessment System,"Jun 9, 2026",746,0
2024-12-24,R-6U_wb3yRs,MoM - AI Based Personalized health Assessment System,"Jun 9, 2026",746,0
2024-12-25,R-6U_wb3yRs,MoM - AI Based Personalized health Assessment System,"Jun 9, 2026",746,0
2024-12-26,R-6U_wb3yRs,MoM - AI Based Personalized health Assessment System,"Jun 9, 2026",746,0
2024-12-27,R-6U_wb3yRs,MoM - AI Based Personalized health Assessment System,"Jun 9, 2026",746,0
2024-12-28,R-6U_wb3yRs,MoM - AI Based Personalized health Assessment System,"Jun 9, 2026",746,0
2024-12-29,R-6U_wb3yRs,MoM - AI Based Personalized health Assessment System,"Jun 9, 2026",746,0
2024-12-30,R-6U_wb3yRs,MoM - AI Based Personalized health Assessment System,"Jun 9, 2026",746,0
2024-12-31,R-6U_wb3yRs,MoM - AI Based Personalized health Assessment System,"Jun 9, 2026",746,0
2025-01-01,R-6U_wb3yRs,MoM - AI Based Personalized health Assessment System,"Jun 9, 2026",746,0
2025-01-02,R-6U_wb3yRs,MoM - AI Based Personalized health Assessment System,"Jun 9, 2026",746,0
2025-01-03,R-6U_wb3yRs,MoM - AI Based Personalized health Assessment System,"Jun 9, 2026",746,0
2025-01-04,R-6U_wb3yRs,MoM - AI Based Personalized health Assessment System,"Jun 9, 2026",746,0
2025-01-05,R-6U_wb3yRs,MoM - AI Based Personalized health Assessment System,"Jun 9, 2026",746,0
2025-01-06,R-6U_wb3yRs,MoM - AI Based Personalized health Assessment System,"Jun 9, 2026",746,0
2025-01-07,R-6U_wb3yRs,MoM - AI Based Personalized health Assessment System,"Jun 9, 2026",746,0
2025-01-08,R-6U_wb3yRs,MoM - AI Based Personalized health Assessment System,"Jun 9, 2026",746,0
2025-01-09,R-6U_wb3yRs,MoM - AI Based Personalized health Assessment System,"Jun 9, 2026",746,0
2025-01-10,R-6U_wb3yRs,MoM - AI Based Personalized health Assessment System,"Jun 9, 2026",746,0
2025-01-11,R-6U_wb3yRs,MoM - AI Based Personalized health Assessment System,"Jun 9, 2026",746,0
2025-01-12,R-6U_wb3yRs,MoM - AI Based Personalized health Assessment System,"Jun 9, 2026",746,0
2025-01-13,R-6U_wb3yRs,MoM - AI Based Personalized health Assessment System,"Jun 9, 2026",746,0
2025-01-14,R-6U_wb3yRs,MoM - AI Based Personalized health Assessment System,"Jun 9, 2026",746,0
2025-01-15,R-6U_wb3yRs,MoM - AI Based Personalized health Assessment System,"Jun 9, 2026",746,0
2025-01-16,R-6U_wb3yRs,MoM - AI Based Personalized health Assessment System,"Jun 9, 2026",746,0
2025-01-17,R-6U_wb3yRs,MoM - AI Based Personalized health Assessment System,"Jun 9, 2026",746,0
2025-01-18,R-6U_wb3yRs,MoM - AI Based Personalized health Assessment System,"Jun 9, 2026",746,0
2025-01-19,R-6U_wb3yRs,MoM - AI Based Personalized health Assessment System,"Jun 9, 2026",746,0
2025-01-20,R-6U_wb3yRs,MoM - AI Based Personalized health Assessment System,"Jun 9, 2026",746,0
2025-01-21,R-6U_wb3yRs,MoM - AI Based Personalized health Assessment System,"Jun 9, 2026",746,0
2025-01-22,R-6U_wb3yRs,MoM - AI Based Personalized health Assessment System,"Jun 9, 2026",746,0
2025-01-23,R-6U_wb3yRs,MoM - AI Based Personalized health Assessment System,"Jun 9, 2026",746,0
2025-01-24,R-6U_wb3yRs,MoM - AI Based Personalized health Assessment System,"Jun 9, 2026",746,0
2025-01-25,R-6U_wb3yRs,MoM - AI Based Personalized health Assessment System,"Jun 9, 2026",746,0
2025-01-26,R-6U_wb3yRs,MoM - AI Based Personalized health Assessment System,"Jun 9, 2026",746,0
2025-01-27,R-6U_wb3yRs,MoM - AI Based Personalized health Assessment System,"Jun 9, 2026",746,0
2025-01-28,R-6U_wb3yRs,MoM - AI Based Personalized health Assessment System,"Jun 9, 2026",746,0
2025-01-29,R-6U_wb3yRs,MoM - AI Based Personalized health Assessment System,"Jun 9, 2026",746,0
2025-01-30,R-6U_wb3yRs,MoM - AI Based Personalized health Assessment System,"Jun 9, 2026",746,0
2025-01-31,R-6U_wb3yRs,MoM - AI Based Personalized health Assessment System,"Jun 9, 2026",746,0
2025-02-01,R-6U_wb3yRs,MoM - AI Based Personalized health Assessment System,"Jun 9, 2026",746,0
2025-02-02,R-6U_wb3yRs,MoM - AI Based Personalized health Assessment System,"Jun 9, 2026",746,0
2025-02-03,R-6U_wb3yRs,MoM - AI Based Personalized health Assessment System,"Jun 9, 2026",746,0
2025-02-04,R-6U_wb3yRs,MoM - AI Based Personalized health Assessment System,"Jun 9, 2026",746,0
2025-02-05,R-6U_wb3yRs,MoM - AI Based Personalized health Assessment System,"Jun 9, 2026",746,0
2025-02-06,R-6U_wb3yRs,MoM - AI Based Personalized health Assessment System,"Jun 9, 2026",746,0
2025-02-07,R-6U_wb3yRs,MoM - AI Based Personalized health Assessment System,"Jun 9, 2026",746,0
2025-02-08,R-6U_wb3yRs,MoM - AI Based Personalized health Assessment System,"Jun 9, 2026",746,0
2025-02-09,R-6U_wb3yRs,MoM - AI Based Personalized health Assessment System,"Jun 9, 2026",746,0
2025-02-10,R-6U_wb3yRs,MoM - AI Based Personalized health Assessment System,"Jun 9, 2026",746,0
2025-02-11,R-6U_wb3yRs,MoM - AI Based Personalized health Assessment System,"Jun 9, 2026",746,0
2025-02-12,R-6U_wb3yRs,MoM - AI Based Personalized health Assessment System,"Jun 9, 2026",746,0
2025-02-13,R-6U_wb3yRs,MoM - AI Based Personalized health Assessment System,"Jun 9, 2026",746,0
2025-02-14,R-6U_wb3yRs,MoM - AI Based Personalized health Assessment System,"Jun 9, 2026",746,0
2025-02-15,R-6U_wb3yRs,MoM - AI Based Personalized health Assessment System,"Jun 9, 2026",746,0
2025-02-16,R-6U_wb3yRs,MoM - AI Based Personalized health Assessment System,"Jun 9, 2026",746,0
2025-02-17,R-6U_wb3yRs,MoM - AI Based Personalized health Assessment System,"Jun 9, 2026",746,0
2025-02-18,R-6U_wb3yRs,MoM - AI Based Personalized health Assessment System,"Jun 9, 2026",746,0
2025-02-19,R-6U_wb3yRs,MoM - AI Based Personalized health Assessment System,"Jun 9, 2026",746,0
2025-02-20,R-6U_wb3yRs,MoM - AI Based Personalized health Assessment System,"Jun 9, 2026",746,0
2025-02-21,R-6U_wb3yRs,MoM - AI Based Personalized health Assessment System,"Jun 9, 2026",746,0
2025-02-22,R-6U_wb3yRs,MoM - AI Based Personalized health Assessment System,"Jun 9, 2026",746,0
2025-02-23,R-6U_wb3yRs,MoM - AI Based Personalized health Assessment System,"Jun 9, 2026",746,0
2025-02-24,R-6U_wb3yRs,MoM - AI Based Personalized health Assessment System,"Jun 9, 2026",746,0
2025-02-25,R-6U_wb3yRs,MoM - AI Based Personalized health Assessment System,"Jun 9, 2026",746,0
2025-02-26,R-6U_wb3yRs,MoM - AI Based Personalized health Assessment System,"Jun 9, 2026",746,0
2025-02-27,R-6U_wb3yRs,MoM - AI Based Personalized health Assessment System,"Jun 9, 2026",746,0
2025-02-28,R-6U_wb3yRs,MoM - AI Based Personalized health Assessment System,"Jun 9, 2026",746,0
2025-03-01,R-6U_wb3yRs,MoM - AI Based Personalized health Assessment System,"Jun 9, 2026",746,0
2025-03-02,R-6U_wb3yRs,MoM - AI Based Personalized health Assessment System,"Jun 9, 2026",746,0
2025-03-03,R-6U_wb3yRs,MoM - AI Based Personalized health Assessment System,"Jun 9, 2026",746,0
2025-03-04,R-6U_wb3yRs,MoM - AI Based Personalized health Assessment System,"Jun 9, 2026",746,0
2025-03-05,R-6U_wb3yRs,MoM - AI Based Personalized health Assessment System,"Jun 9, 2026",746,0
2025-03-06,R-6U_wb3yRs,MoM - AI Based Personalized health Assessment System,"Jun 9, 2026",746,0
2025-03-07,R-6U_wb3yRs,MoM - AI Based Personalized health Assessment System,"Jun 9, 2026",746,0
2025-03-08,R-6U_wb3yRs,MoM - AI Based Personalized health Assessment System,"Jun 9, 2026",746,0
2025-03-09,R-6U_wb3yRs,MoM - AI Based Personalized health Assessment System,"Jun 9, 2026",746,0
2025-03-10,R-6U_wb3yRs,MoM - AI Based Personalized health Assessment System,"Jun 9, 2026",746,0
2025-03-11,R-6U_wb3yRs,MoM - AI Based Personalized health Assessment System,"Jun 9, 2026",746,0
2025-03-12,R-6U_wb3yRs,MoM - AI Based Personalized health Assessment System,"Jun 9, 2026",746,0
2025-03-13,R-6U_wb3yRs,MoM - AI Based Personalized health Assessment System,"Jun 9, 2026",746,0
2025-03-14,R-6U_wb3yRs,MoM - AI Based Personalized health Assessment System,"Jun 9, 2026",746,0
2025-03-15,R-6U_wb3yRs,MoM - AI Based Personalized health Assessment System,"Jun 9, 2026",746,0
2025-03-16,R-6U_wb3yRs,MoM - AI Based Personalized health Assessment System,"Jun 9, 2026",746,0
2025-03-17,R-6U_wb3yRs,MoM - AI Based Personalized health Assessment System,"Jun 9, 2026",746,0
2025-03-18,R-6U_wb3yRs,MoM - AI Based Personalized health Assessment System,"Jun 9, 2026",746,0
2025-03-19,R-6U_wb3yRs,MoM - AI Based Personalized health Assessment System,"Jun 9, 2026",746,0
2025-03-20,R-6U_wb3yRs,MoM - AI Based Personalized health Assessment System,"Jun 9, 2026",746,0
2025-03-21,R-6U_wb3yRs,MoM - AI Based Personalized health Assessment System,"Jun 9, 2026",746,0
2025-03-22,R-6U_wb3yRs,MoM - AI Based Personalized health Assessment System,"Jun 9, 2026",746,0
2025-03-23,R-6U_wb3yRs,MoM - AI Based Personalized health Assessment System,"Jun 9, 2026",746,0
2025-03-24,R-6U_wb3yRs,MoM - AI Based Personalized health Assessment System,"Jun 9, 2026",746,0
2025-03-25,R-6U_wb3yRs,MoM - AI Based Personalized health Assessment System,"Jun 9, 2026",746,0
2025-03-26,R-6U_wb3yRs,MoM - AI Based Personalized health Assessment System,"Jun 9, 2026",746,0
2025-03-27,R-6U_wb3yRs,MoM - AI Based Personalized health Assessment System,"Jun 9, 2026",746,0
2025-03-28,R-6U_wb3yRs,MoM - AI Based Personalized health Assessment System,"Jun 9, 2026",746,0
2025-03-29,R-6U_wb3yRs,MoM - AI Based Personalized health Assessment System,"Jun 9, 2026",746,0
2025-03-30,R-6U_wb3yRs,MoM - AI Based Personalized health Assessment System,"Jun 9, 2026",746,0
2025-03-31,R-6U_wb3yRs,MoM - AI Based Personalized health Assessment System,"Jun 9, 2026",746,0
2025-04-01,R-6U_wb3yRs,MoM - AI Based Personalized health Assessment System,"Jun 9, 2026",746,0
2025-04-02,R-6U_wb3yRs,MoM - AI Based Personalized health Assessment System,"Jun 9, 2026",746,0
2025-04-03,R-6U_wb3yRs,MoM - AI Based Personalized health Assessment System,"Jun 9, 2026",746,0
2025-04-04,R-6U_wb3yRs,MoM - AI Based Personalized health Assessment System,"Jun 9, 2026",746,0
2025-04-05,R-6U_wb3yRs,MoM - AI Based Personalized health Assessment System,"Jun 9, 2026",746,0
2025-04-06,R-6U_wb3yRs,MoM - AI Based Personalized health Assessment System,"Jun 9, 2026",746,0
2025-04-07,R-6U_wb3yRs,MoM - AI Based Personalized health Assessment System,"Jun 9, 2026",746,0
2025-04-08,R-6U_wb3yRs,MoM - AI Based Personalized health Assessment System,"Jun 9, 2026",746,0
2025-04-09,R-6U_wb3yRs,MoM - AI Based Personalized health Assessment System,"Jun 9, 2026",746,0
2025-04-10,R-6U_wb3yRs,MoM - AI Based Personalized health Assessment System,"Jun 9, 2026",746,0
2025-04-11,R-6U_wb3yRs,MoM - AI Based Personalized health Assessment System,"Jun 9, 2026",746,0
2025-04-12,R-6U_wb3yRs,MoM - AI Based Personalized health Assessment System,"Jun 9, 2026",746,0
2025-04-13,R-6U_wb3yRs,MoM - AI Based Personalized health Assessment System,"Jun 9, 2026",746,0
2025-04-14,R-6U_wb3yRs,MoM - AI Based Personalized health Assessment System,"Jun 9, 2026",746,0
2025-04-15,R-6U_wb3yRs,MoM - AI Based Personalized health Assessment System,"Jun 9, 2026",746,0
2025-04-16,R-6U_wb3yRs,MoM - AI Based Personalized health Assessment System,"Jun 9, 2026",746,0
2025-04-17,R-6U_wb3yRs,MoM - AI Based Personalized health Assessment System,"Jun 9, 2026",746,0
2025-04-18,R-6U_wb3yRs,MoM - AI Based Personalized health Assessment System,"Jun 9, 2026",746,0
2025-04-19,R-6U_wb3yRs,MoM - AI Based Personalized health Assessment System,"Jun 9, 2026",746,0
2025-04-20,R-6U_wb3yRs,MoM - AI Based Personalized health Assessment System,"Jun 9, 2026",746,0
2025-04-21,R-6U_wb3yRs,MoM - AI Based Personalized health Assessment System,"Jun 9, 2026",746,0
2025-04-22,R-6U_wb3yRs,MoM - AI Based Personalized health Assessment System,"Jun 9, 2026",746,0
2025-04-23,R-6U_wb3yRs,MoM - AI Based Personalized health Assessment System,"Jun 9, 2026",746,0
2025-04-24,R-6U_wb3yRs,MoM - AI Based Personalized health Assessment System,"Jun 9, 2026",746,0
2025-04-25,R-6U_wb3yRs,MoM - AI Based Personalized health Assessment System,"Jun 9, 2026",746,0
2025-04-26,R-6U_wb3yRs,MoM - AI Based Personalized health Assessment System,"Jun 9, 2026",746,0
2025-04-27,R-6U_wb3yRs,MoM - AI Based Personalized health Assessment System,"Jun 9, 2026",746,0
2025-04-28,R-6U_wb3yRs,MoM - AI Based Personalized health Assessment System,"Jun 9, 2026",746,0
2025-04-29,R-6U_wb3yRs,MoM - AI Based Personalized health Assessment System,"Jun 9, 2026",746,0
2025-04-30,R-6U_wb3yRs,MoM - AI Based Personalized health Assessment System,"Jun 9, 2026",746,0
2025-05-01,R-6U_wb3yRs,MoM - AI Based Personalized health Assessment System,"Jun 9, 2026",746,0
2025-05-02,R-6U_wb3yRs,MoM - AI Based Personalized health Assessment System,"Jun 9, 2026",746,0
2025-05-03,R-6U_wb3yRs,MoM - AI Based Personalized health Assessment System,"Jun 9, 2026",746,0
2025-05-04,R-6U_wb3yRs,MoM - AI Based Personalized health Assessment System,"Jun 9, 2026",746,0
2025-05-05,R-6U_wb3yRs,MoM - AI Based Personalized health Assessment System,"Jun 9, 2026",746,0
2025-05-06,R-6U_wb3yRs,MoM - AI Based Personalized health Assessment System,"Jun 9, 2026",746,0
2025-05-07,R-6U_wb3yRs,MoM - AI Based Personalized health Assessment System,"Jun 9, 2026",746,0
2025-05-08,R-6U_wb3yRs,MoM - AI Based Personalized health Assessment System,"Jun 9, 2026",746,0
2025-05-09,R-6U_wb3yRs,MoM - AI Based Personalized health Assessment System,"Jun 9, 2026",746,0
2025-05-10,R-6U_wb3yRs,MoM - AI Based Personalized health Assessment System,"Jun 9, 2026",746,0
2025-05-11,R-6U_wb3yRs,MoM - AI Based Personalized health Assessment System,"Jun 9, 2026",746,0
2025-05-12,R-6U_wb3yRs,MoM - AI Based Personalized health Assessment System,"Jun 9, 2026",746,0
2025-05-13,R-6U_wb3yRs,MoM - AI Based Personalized health Assessment System,"Jun 9, 2026",746,0
2025-05-14,R-6U_wb3yRs,MoM - AI Based Personalized health Assessment System,"Jun 9, 2026",746,0
2025-05-15,R-6U_wb3yRs,MoM - AI Based Personalized health Assessment System,"Jun 9, 2026",746,0
2025-05-16,R-6U_wb3yRs,MoM - AI Based Personalized health Assessment System,"Jun 9, 2026",746,0
2025-05-17,R-6U_wb3yRs,MoM - AI Based Personalized health Assessment System,"Jun 9, 2026",746,0
2025-05-18,R-6U_wb3yRs,MoM - AI Based Personalized health Assessment System,"Jun 9, 2026",746,0
2025-05-19,R-6U_wb3yRs,MoM - AI Based Personalized health Assessment System,"Jun 9, 2026",746,0
2025-05-20,R-6U_wb3yRs,MoM - AI Based Personalized health Assessment System,"Jun 9, 2026",746,0
2025-05-21,R-6U_wb3yRs,MoM - AI Based Personalized health Assessment System,"Jun 9, 2026",746,0
2025-05-22,R-6U_wb3yRs,MoM - AI Based Personalized health Assessment System,"Jun 9, 2026",746,0
2025-05-23,R-6U_wb3yRs,MoM - AI Based Personalized health Assessment System,"Jun 9, 2026",746,0
2025-05-24,R-6U_wb3yRs,MoM - AI Based Personalized health Assessment System,"Jun 9, 2026",746,0
2025-05-25,R-6U_wb3yRs,MoM - AI Based Personalized health Assessment System,"Jun 9, 2026",746,0
2025-05-26,R-6U_wb3yRs,MoM - AI Based Personalized health Assessment System,"Jun 9, 2026",746,0
2025-05-27,R-6U_wb3yRs,MoM - AI Based Personalized health Assessment System,"Jun 9, 2026",746,0
2025-05-28,R-6U_wb3yRs,MoM - AI Based Personalized health Assessment System,"Jun 9, 2026",746,0
2025-05-29,R-6U_wb3yRs,MoM - AI Based Personalized health Assessment System,"Jun 9, 2026",746,0
2025-05-30,R-6U_wb3yRs,MoM - AI Based Personalized health Assessment System,"Jun 9, 2026",746,0
2025-05-31,R-6U_wb3yRs,MoM - AI Based Personalized health Assessment System,"Jun 9, 2026",746,0
2025-06-01,R-6U_wb3yRs,MoM - AI Based Personalized health Assessment System,"Jun 9, 2026",746,0
2025-06-02,R-6U_wb3yRs,MoM - AI Based Personalized health Assessment System,"Jun 9, 2026",746,0
2025-06-03,R-6U_wb3yRs,MoM - AI Based Personalized health Assessment System,"Jun 9, 2026",746,0
2025-06-04,R-6U_wb3yRs,MoM - AI Based Personalized health Assessment System,"Jun 9, 2026",746,0
2025-06-05,R-6U_wb3yRs,MoM - AI Based Personalized health Assessment System,"Jun 9, 2026",746,0
2025-06-06,R-6U_wb3yRs,MoM - AI Based Personalized health Assessment System,"Jun 9, 2026",746,0
2025-06-07,R-6U_wb3yRs,MoM - AI Based Personalized health Assessment System,"Jun 9, 2026",746,0
2025-06-08,R-6U_wb3yRs,MoM - AI Based Personalized health Assessment System,"Jun 9, 2026",746,0
2025-06-09,R-6U_wb3yRs,MoM - AI Based Personalized health Assessment System,"Jun 9, 2026",746,0
2025-06-10,R-6U_wb3yRs,MoM - AI Based Personalized health Assessment System,"Jun 9, 2026",746,0
2025-06-11,R-6U_wb3yRs,MoM - AI Based Personalized health Assessment System,"Jun 9, 2026",746,0
2025-06-12,R-6U_wb3yRs,MoM - AI Based Personalized health Assessment System,"Jun 9, 2026",746,0
2025-06-13,R-6U_wb3yRs,MoM - AI Based Personalized health Assessment System,"Jun 9, 2026",746,0
2025-06-14,R-6U_wb3yRs,MoM - AI Based Personalized health Assessment System,"Jun 9, 2026",746,0
2025-06-15,R-6U_wb3yRs,MoM - AI Based Personalized health Assessment System,"Jun 9, 2026",746,0
2025-06-16,R-6U_wb3yRs,MoM - AI Based Personalized health Assessment System,"Jun 9, 2026",746,0
2025-06-17,R-6U_wb3yRs,MoM - AI Based Personalized health Assessment System,"Jun 9, 2026",746,0
2025-06-18,R-6U_wb3yRs,MoM - AI Based Personalized health Assessment System,"Jun 9, 2026",746,0
2025-06-19,R-6U_wb3yRs,MoM - AI Based Personalized health Assessment System,"Jun 9, 2026",746,0
2025-06-20,R-6U_wb3yRs,MoM - AI Based Personalized health Assessment System,"Jun 9, 2026",746,0
2025-06-21,R-6U_wb3yRs,MoM - AI Based Personalized health Assessment System,"Jun 9, 2026",746,0
2025-06-22,R-6U_wb3yRs,MoM - AI Based Personalized health Assessment System,"Jun 9, 2026",746,0
2025-06-23,R-6U_wb3yRs,MoM - AI Based Personalized health Assessment System,"Jun 9, 2026",746,0
2025-06-24,R-6U_wb3yRs,MoM - AI Based Personalized health Assessment System,"Jun 9, 2026",746,0
2025-06-25,R-6U_wb3yRs,MoM - AI Based Personalized health Assessment System,"Jun 9, 2026",746,0
2025-06-26,R-6U_wb3yRs,MoM - AI Based Personalized health Assessment System,"Jun 9, 2026",746,0
2025-06-27,R-6U_wb3yRs,MoM - AI Based Personalized health Assessment System,"Jun 9, 2026",746,0
2025-06-28,R-6U_wb3yRs,MoM - AI Based Personalized health Assessment System,"Jun 9, 2026",746,0
2025-06-29,R-6U_wb3yRs,MoM - AI Based Personalized health Assessment System,"Jun 9, 2026",746,0
2025-06-30,R-6U_wb3yRs,MoM - AI Based Personalized health Assessment System,"Jun 9, 2026",746,0
2025-07-01,R-6U_wb3yRs,MoM - AI Based Personalized health Assessment System,"Jun 9, 2026",746,0
2025-07-02,R-6U_wb3yRs,MoM - AI Based Personalized health Assessment System,"Jun 9, 2026",746,0
2025-07-03,R-6U_wb3yRs,MoM - AI Based Personalized health Assessment System,"Jun 9, 2026",746,0
2025-07-04,R-6U_wb3yRs,MoM - AI Based Personalized health Assessment System,"Jun 9, 2026",746,0
2025-07-05,R-6U_wb3yRs,MoM - AI Based Personalized health Assessment System,"Jun 9, 2026",746,0
2025-07-06,R-6U_wb3yRs,MoM - AI Based Personalized health Assessment System,"Jun 9, 2026",746,0
2025-07-07,R-6U_wb3yRs,MoM - AI Based Personalized health Assessment System,"Jun 9, 2026",746,0
2025-07-08,R-6U_wb3yRs,MoM - AI Based Personalized health Assessment System,"Jun 9, 2026",746,0
2025-07-09,R-6U_wb3yRs,MoM - AI Based Personalized health Assessment System,"Jun 9, 2026",746,0
2025-07-10,R-6U_wb3yRs,MoM - AI Based Personalized health Assessment System,"Jun 9, 2026",746,0
2025-07-11,R-6U_wb3yRs,MoM - AI Based Personalized health Assessment System,"Jun 9, 2026",746,0
2025-07-12,R-6U_wb3yRs,MoM - AI Based Personalized health Assessment System,"Jun 9, 2026",746,0
2025-07-13,R-6U_wb3yRs,MoM - AI Based Personalized health Assessment System,"Jun 9, 2026",746,0
2025-07-14,R-6U_wb3yRs,MoM - AI Based Personalized health Assessment System,"Jun 9, 2026",746,0
2025-07-15,R-6U_wb3yRs,MoM - AI Based Personalized health Assessment System,"Jun 9, 2026",746,0
2025-07-16,R-6U_wb3yRs,MoM - AI Based Personalized health Assessment System,"Jun 9, 2026",746,0
2025-07-17,R-6U_wb3yRs,MoM - AI Based Personalized health Assessment System,"Jun 9, 2026",746,0
2025-07-18,R-6U_wb3yRs,MoM - AI Based Personalized health Assessment System,"Jun 9, 2026",746,0
2025-07-19,R-6U_wb3yRs,MoM - AI Based Personalized health Assessment System,"Jun 9, 2026",746,0
2025-07-20,R-6U_wb3yRs,MoM - AI Based Personalized health Assessment System,"Jun 9, 2026",746,0
2025-07-21,R-6U_wb3yRs,MoM - AI Based Personalized health Assessment System,"Jun 9, 2026",746,0
2025-07-22,R-6U_wb3yRs,MoM - AI Based Personalized health Assessment System,"Jun 9, 2026",746,0
2025-07-23,R-6U_wb3yRs,MoM - AI Based Personalized health Assessment System,"Jun 9, 2026",746,0
2025-07-24,R-6U_wb3yRs,MoM - AI Based Personalized health Assessment System,"Jun 9, 2026",746,0
2025-07-25,R-6U_wb3yRs,MoM - AI Based Personalized health Assessment System,"Jun 9, 2026",746,0
2025-07-26,R-6U_wb3yRs,MoM - AI Based Personalized health Assessment System,"Jun 9, 2026",746,0
2025-07-27,R-6U_wb3yRs,MoM - AI Based Personalized health Assessment System,"Jun 9, 2026",746,0
2025-07-28,R-6U_wb3yRs,MoM - AI Based Personalized health Assessment System,"Jun 9, 2026",746,0
2025-07-29,R-6U_wb3yRs,MoM - AI Based Personalized health Assessment System,"Jun 9, 2026",746,0
2025-07-30,R-6U_wb3yRs,MoM - AI Based Personalized health Assessment System,"Jun 9, 2026",746,0
2025-07-31,R-6U_wb3yRs,MoM - AI Based Personalized health Assessment System,"Jun 9, 2026",746,0
2025-08-01,R-6U_wb3yRs,MoM - AI Based Personalized health Assessment System,"Jun 9, 2026",746,0
2025-08-02,R-6U_wb3yRs,MoM - AI Based Personalized health Assessment System,"Jun 9, 2026",746,0
2025-08-03,R-6U_wb3yRs,MoM - AI Based Personalized health Assessment System,"Jun 9, 2026",746,0
2025-08-04,R-6U_wb3yRs,MoM - AI Based Personalized health Assessment System,"Jun 9, 2026",746,0
2025-08-05,R-6U_wb3yRs,MoM - AI Based Personalized health Assessment System,"Jun 9, 2026",746,0
2025-08-06,R-6U_wb3yRs,MoM - AI Based Personalized health Assessment System,"Jun 9, 2026",746,0
2025-08-07,R-6U_wb3yRs,MoM - AI Based Personalized health Assessment System,"Jun 9, 2026",746,0
2025-08-08,R-6U_wb3yRs,MoM - AI Based Personalized health Assessment System,"Jun 9, 2026",746,0
2025-08-09,R-6U_wb3yRs,MoM - AI Based Personalized health Assessment System,"Jun 9, 2026",746,0
2025-08-10,R-6U_wb3yRs,MoM - AI Based Personalized health Assessment System,"Jun 9, 2026",746,0
2025-08-11,R-6U_wb3yRs,MoM - AI Based Personalized health Assessment System,"Jun 9, 2026",746,0
2025-08-12,R-6U_wb3yRs,MoM - AI Based Personalized health Assessment System,"Jun 9, 2026",746,0
2025-08-13,R-6U_wb3yRs,MoM - AI Based Personalized health Assessment System,"Jun 9, 2026",746,0
2025-08-14,R-6U_wb3yRs,MoM - AI Based Personalized health Assessment System,"Jun 9, 2026",746,0
2025-08-15,R-6U_wb3yRs,MoM - AI Based Personalized health Assessment System,"Jun 9, 2026",746,0
2025-08-16,R-6U_wb3yRs,MoM - AI Based Personalized health Assessment System,"Jun 9, 2026",746,0
2025-08-17,R-6U_wb3yRs,MoM - AI Based Personalized health Assessment System,"Jun 9, 2026",746,0
2025-08-18,R-6U_wb3yRs,MoM - AI Based Personalized health Assessment System,"Jun 9, 2026",746,0
2025-08-19,R-6U_wb3yRs,MoM - AI Based Personalized health Assessment System,"Jun 9, 2026",746,0
2025-08-20,R-6U_wb3yRs,MoM - AI Based Personalized health Assessment System,"Jun 9, 2026",746,0
2025-08-21,R-6U_wb3yRs,MoM - AI Based Personalized health Assessment System,"Jun 9, 2026",746,0
2025-08-22,R-6U_wb3yRs,MoM - AI Based Personalized health Assessment System,"Jun 9, 2026",746,0
2025-08-23,R-6U_wb3yRs,MoM - AI Based Personalized health Assessment System,"Jun 9, 2026",746,0
2025-08-24,R-6U_wb3yRs,MoM - AI Based Personalized health Assessment System,"Jun 9, 2026",746,0
2025-08-25,R-6U_wb3yRs,MoM - AI Based Personalized health Assessment System,"Jun 9, 2026",746,0
2025-08-26,R-6U_wb3yRs,MoM - AI Based Personalized health Assessment System,"Jun 9, 2026",746,0
2025-08-27,R-6U_wb3yRs,MoM - AI Based Personalized health Assessment System,"Jun 9, 2026",746,0
2025-08-28,R-6U_wb3yRs,MoM - AI Based Personalized health Assessment System,"Jun 9, 2026",746,0
2025-08-29,R-6U_wb3yRs,MoM - AI Based Personalized health Assessment System,"Jun 9, 2026",746,0
2025-08-30,R-6U_wb3yRs,MoM - AI Based Personalized health Assessment System,"Jun 9, 2026",746,0
2025-08-31,R-6U_wb3yRs,MoM - AI Based Personalized health Assessment System,"Jun 9, 2026",746,0
2025-09-01,R-6U_wb3yRs,MoM - AI Based Personalized health Assessment System,"Jun 9, 2026",746,0
2025-09-02,R-6U_wb3yRs,MoM - AI Based Personalized health Assessment System,"Jun 9, 2026",746,0
2025-09-03,R-6U_wb3yRs,MoM - AI Based Personalized health Assessment System,"Jun 9, 2026",746,0
2025-09-04,R-6U_wb3yRs,MoM - AI Based Personalized health Assessment System,"Jun 9, 2026",746,0
2025-09-05,R-6U_wb3yRs,MoM - AI Based Personalized health Assessment System,"Jun 9, 2026",746,0
2025-09-06,R-6U_wb3yRs,MoM - AI Based Personalized health Assessment System,"Jun 9, 2026",746,0
2025-09-07,R-6U_wb3yRs,MoM - AI Based Personalized health Assessment System,"Jun 9, 2026",746,0
2025-09-08,R-6U_wb3yRs,MoM - AI Based Personalized health Assessment System,"Jun 9, 2026",746,0
2025-09-09,R-6U_wb3yRs,MoM - AI Based Personalized health Assessment System,"Jun 9, 2026",746,0
2025-09-10,R-6U_wb3yRs,MoM - AI Based Personalized health Assessment System,"Jun 9, 2026",746,0
2025-09-11,R-6U_wb3yRs,MoM - AI Based Personalized health Assessment System,"Jun 9, 2026",746,0
2025-09-12,R-6U_wb3yRs,MoM - AI Based Personalized health Assessment System,"Jun 9, 2026",746,0
2025-09-13,R-6U_wb3yRs,MoM - AI Based Personalized health Assessment System,"Jun 9, 2026",746,0
2025-09-14,R-6U_wb3yRs,MoM - AI Based Personalized health Assessment System,"Jun 9, 2026",746,0
2025-09-15,R-6U_wb3yRs,MoM - AI Based Personalized health Assessment System,"Jun 9, 2026",746,0
2025-09-16,R-6U_wb3yRs,MoM - AI Based Personalized health Assessment System,"Jun 9, 2026",746,0
2025-09-17,R-6U_wb3yRs,MoM - AI Based Personalized health Assessment System,"Jun 9, 2026",746,0
2025-09-18,R-6U_wb3yRs,MoM - AI Based Personalized health Assessment System,"Jun 9, 2026",746,0
2025-09-19,R-6U_wb3yRs,MoM - AI Based Personalized health Assessment System,"Jun 9, 2026",746,0
2025-09-20,R-6U_wb3yRs,MoM - AI Based Personalized health Assessment System,"Jun 9, 2026",746,0
2025-09-21,R-6U_wb3yRs,MoM - AI Based Personalized health Assessment System,"Jun 9, 2026",746,0
2025-09-22,R-6U_wb3yRs,MoM - AI Based Personalized health Assessment System,"Jun 9, 2026",746,0
2025-09-23,R-6U_wb3yRs,MoM - AI Based Personalized health Assessment System,"Jun 9, 2026",746,0
2025-09-24,R-6U_wb3yRs,MoM - AI Based Personalized health Assessment System,"Jun 9, 2026",746,0
2025-09-25,R-6U_wb3yRs,MoM - AI Based Personalized health Assessment System,"Jun 9, 2026",746,0
2025-09-26,R-6U_wb3yRs,MoM - AI Based Personalized health Assessment System,"Jun 9, 2026",746,0
2025-09-27,R-6U_wb3yRs,MoM - AI Based Personalized health Assessment System,"Jun 9, 2026",746,0
2025-09-28,R-6U_wb3yRs,MoM - AI Based Personalized health Assessment System,"Jun 9, 2026",746,0
2025-09-29,R-6U_wb3yRs,MoM - AI Based Personalized health Assessment System,"Jun 9, 2026",746,0
2025-09-30,R-6U_wb3yRs,MoM - AI Based Personalized health Assessment System,"Jun 9, 2026",746,0
2025-10-01,R-6U_wb3yRs,MoM - AI Based Personalized health Assessment System,"Jun 9, 2026",746,0
2025-10-02,R-6U_wb3yRs,MoM - AI Based Personalized health Assessment System,"Jun 9, 2026",746,0
2025-10-03,R-6U_wb3yRs,MoM - AI Based Personalized health Assessment System,"Jun 9, 2026",746,0
2025-10-04,R-6U_wb3yRs,MoM - AI Based Personalized health Assessment System,"Jun 9, 2026",746,0
2025-10-05,R-6U_wb3yRs,MoM - AI Based Personalized health Assessment System,"Jun 9, 2026",746,0
2025-10-06,R-6U_wb3yRs,MoM - AI Based Personalized health Assessment System,"Jun 9, 2026",746,0
2025-10-07,R-6U_wb3yRs,MoM - AI Based Personalized health Assessment System,"Jun 9, 2026",746,0
2025-10-08,R-6U_wb3yRs,MoM - AI Based Personalized health Assessment System,"Jun 9, 2026",746,0
2025-10-09,R-6U_wb3yRs,MoM - AI Based Personalized health Assessment System,"Jun 9, 2026",746,0
2025-10-10,R-6U_wb3yRs,MoM - AI Based Personalized health Assessment System,"Jun 9, 2026",746,0
2025-10-11,R-6U_wb3yRs,MoM - AI Based Personalized health Assessment System,"Jun 9, 2026",746,0
2025-10-12,R-6U_wb3yRs,MoM - AI Based Personalized health Assessment System,"Jun 9, 2026",746,0
2025-10-13,R-6U_wb3yRs,MoM - AI Based Personalized health Assessment System,"Jun 9, 2026",746,0
2025-10-14,R-6U_wb3yRs,MoM - AI Based Personalized health Assessment System,"Jun 9, 2026",746,0
2025-10-15,R-6U_wb3yRs,MoM - AI Based Personalized health Assessment System,"Jun 9, 2026",746,0
2025-10-16,R-6U_wb3yRs,MoM - AI Based Personalized health Assessment System,"Jun 9, 2026",746,0
2025-10-17,R-6U_wb3yRs,MoM - AI Based Personalized health Assessment System,"Jun 9, 2026",746,0
2025-10-18,R-6U_wb3yRs,MoM - AI Based Personalized health Assessment System,"Jun 9, 2026",746,0
2025-10-19,R-6U_wb3yRs,MoM - AI Based Personalized health Assessment System,"Jun 9, 2026",746,0
2025-10-20,R-6U_wb3yRs,MoM - AI Based Personalized health Assessment System,"Jun 9, 2026",746,0
2025-10-21,R-6U_wb3yRs,MoM - AI Based Personalized health Assessment System,"Jun 9, 2026",746,0
2025-10-22,R-6U_wb3yRs,MoM - AI Based Personalized health Assessment System,"Jun 9, 2026",746,0
2025-10-23,R-6U_wb3yRs,MoM - AI Based Personalized health Assessment System,"Jun 9, 2026",746,0
2025-10-24,R-6U_wb3yRs,MoM - AI Based Personalized health Assessment System,"Jun 9, 2026",746,0
2025-10-25,R-6U_wb3yRs,MoM - AI Based Personalized health Assessment System,"Jun 9, 2026",746,0
2025-10-26,R-6U_wb3yRs,MoM - AI Based Personalized health Assessment System,"Jun 9, 2026",746,0
2025-10-27,R-6U_wb3yRs,MoM - AI Based Personalized health Assessment System,"Jun 9, 2026",746,0
2025-10-28,R-6U_wb3yRs,MoM - AI Based Personalized health Assessment System,"Jun 9, 2026",746,0
2025-10-29,R-6U_wb3yRs,MoM - AI Based Personalized health Assessment System,"Jun 9, 2026",746,0
2025-10-30,R-6U_wb3yRs,MoM - AI Based Personalized health Assessment System,"Jun 9, 2026",746,0
2025-10-31,R-6U_wb3yRs,MoM - AI Based Personalized health Assessment System,"Jun 9, 2026",746,0
2025-11-01,R-6U_wb3yRs,MoM - AI Based Personalized health Assessment System,"Jun 9, 2026",746,0
2025-11-02,R-6U_wb3yRs,MoM - AI Based Personalized health Assessment System,"Jun 9, 2026",746,0
2025-11-03,R-6U_wb3yRs,MoM - AI Based Personalized health Assessment System,"Jun 9, 2026",746,0
2025-11-04,R-6U_wb3yRs,MoM - AI Based Personalized health Assessment System,"Jun 9, 2026",746,0
2025-11-05,R-6U_wb3yRs,MoM - AI Based Personalized health Assessment System,"Jun 9, 2026",746,0
2025-11-06,R-6U_wb3yRs,MoM - AI Based Personalized health Assessment System,"Jun 9, 2026",746,0
2025-11-07,R-6U_wb3yRs,MoM - AI Based Personalized health Assessment System,"Jun 9, 2026",746,0
2025-11-08,R-6U_wb3yRs,MoM - AI Based Personalized health Assessment System,"Jun 9, 2026",746,0
2025-11-09,R-6U_wb3yRs,MoM - AI Based Personalized health Assessment System,"Jun 9, 2026",746,0
2025-11-10,R-6U_wb3yRs,MoM - AI Based Personalized health Assessment System,"Jun 9, 2026",746,0
2025-11-11,R-6U_wb3yRs,MoM - AI Based Personalized health Assessment System,"Jun 9, 2026",746,0
2025-11-12,R-6U_wb3yRs,MoM - AI Based Personalized health Assessment System,"Jun 9, 2026",746,0
2025-11-13,R-6U_wb3yRs,MoM - AI Based Personalized health Assessment System,"Jun 9, 2026",746,0
2025-11-14,R-6U_wb3yRs,MoM - AI Based Personalized health Assessment System,"Jun 9, 2026",746,0
2025-11-15,R-6U_wb3yRs,MoM - AI Based Personalized health Assessment System,"Jun 9, 2026",746,0
2025-11-16,R-6U_wb3yRs,MoM - AI Based Personalized health Assessment System,"Jun 9, 2026",746,0
2025-11-17,R-6U_wb3yRs,MoM - AI Based Personalized health Assessment System,"Jun 9, 2026",746,0
2025-11-18,R-6U_wb3yRs,MoM - AI Based Personalized health Assessment System,"Jun 9, 2026",746,0
2025-11-19,R-6U_wb3yRs,MoM - AI Based Personalized health Assessment System,"Jun 9, 2026",746,0
2025-11-20,R-6U_wb3yRs,MoM - AI Based Personalized health Assessment System,"Jun 9, 2026",746,0
2025-11-21,R-6U_wb3yRs,MoM - AI Based Personalized health Assessment System,"Jun 9, 2026",746,0
2025-11-22,R-6U_wb3yRs,MoM - AI Based Personalized health Assessment System,"Jun 9, 2026",746,0
2025-11-23,R-6U_wb3yRs,MoM - AI Based Personalized health Assessment System,"Jun 9, 2026",746,0
2025-11-24,R-6U_wb3yRs,MoM - AI Based Personalized health Assessment System,"Jun 9, 2026",746,0
2025-11-25,R-6U_wb3yRs,MoM - AI Based Personalized health Assessment System,"Jun 9, 2026",746,0
2025-11-26,R-6U_wb3yRs,MoM - AI Based Personalized health Assessment System,"Jun 9, 2026",746,0
2025-11-27,R-6U_wb3yRs,MoM - AI Based Personalized health Assessment System,"Jun 9, 2026",746,0
2025-11-28,R-6U_wb3yRs,MoM - AI Based Personalized health Assessment System,"Jun 9, 2026",746,0
2025-11-29,R-6U_wb3yRs,MoM - AI Based Personalized health Assessment System,"Jun 9, 2026",746,0
2025-11-30,R-6U_wb3yRs,MoM - AI Based Personalized health Assessment System,"Jun 9, 2026",746,0
2025-12-01,R-6U_wb3yRs,MoM - AI Based Personalized health Assessment System,"Jun 9, 2026",746,0
2025-12-02,R-6U_wb3yRs,MoM - AI Based Personalized health Assessment System,"Jun 9, 2026",746,0
2025-12-03,R-6U_wb3yRs,MoM - AI Based Personalized health Assessment System,"Jun 9, 2026",746,0
2025-12-04,R-6U_wb3yRs,MoM - AI Based Personalized health Assessment System,"Jun 9, 2026",746,0
2025-12-05,R-6U_wb3yRs,MoM - AI Based Personalized health Assessment System,"Jun 9, 2026",746,0
2025-12-06,R-6U_wb3yRs,MoM - AI Based Personalized health Assessment System,"Jun 9, 2026",746,0
2025-12-07,R-6U_wb3yRs,MoM - AI Based Personalized health Assessment System,"Jun 9, 2026",746,0
2025-12-08,R-6U_wb3yRs,MoM - AI Based Personalized health Assessment System,"Jun 9, 2026",746,0
2025-12-09,R-6U_wb3yRs,MoM - AI Based Personalized health Assessment System,"Jun 9, 2026",746,0
2025-12-10,R-6U_wb3yRs,MoM - AI Based Personalized health Assessment System,"Jun 9, 2026",746,0
2025-12-11,R-6U_wb3yRs,MoM - AI Based Personalized health Assessment System,"Jun 9, 2026",746,0
2025-12-12,R-6U_wb3yRs,MoM - AI Based Personalized health Assessment System,"Jun 9, 2026",746,0
2025-12-13,R-6U_wb3yRs,MoM - AI Based Personalized health Assessment System,"Jun 9, 2026",746,0
2025-12-14,R-6U_wb3yRs,MoM - AI Based Personalized health Assessment System,"Jun 9, 2026",746,0
2025-12-15,R-6U_wb3yRs,MoM - AI Based Personalized health Assessment System,"Jun 9, 2026",746,0
2025-12-16,R-6U_wb3yRs,MoM - AI Based Personalized health Assessment System,"Jun 9, 2026",746,0
2025-12-17,R-6U_wb3yRs,MoM - AI Based Personalized health Assessment System,"Jun 9, 2026",746,0
2025-12-18,R-6U_wb3yRs,MoM - AI Based Personalized health Assessment System,"Jun 9, 2026",746,0
2025-12-19,R-6U_wb3yRs,MoM - AI Based Personalized health Assessment System,"Jun 9, 2026",746,0
2025-12-20,R-6U_wb3yRs,MoM - AI Based Personalized health Assessment System,"Jun 9, 2026",746,0
2025-12-21,R-6U_wb3yRs,MoM - AI Based Personalized health Assessment System,"Jun 9, 2026",746,0
2025-12-22,R-6U_wb3yRs,MoM - AI Based Personalized health Assessment System,"Jun 9, 2026",746,0
2025-12-23,R-6U_wb3yRs,MoM - AI Based Personalized health Assessment System,"Jun 9, 2026",746,0
2025-12-24,R-6U_wb3yRs,MoM - AI Based Personalized health Assessment System,"Jun 9, 2026",746,0
2025-12-25,R-6U_wb3yRs,MoM - AI Based Personalized health Assessment System,"Jun 9, 2026",746,0
2025-12-26,R-6U_wb3yRs,MoM - AI Based Personalized health Assessment System,"Jun 9, 2026",746,0
2025-12-27,R-6U_wb3yRs,MoM - AI Based Personalized health Assessment System,"Jun 9, 2026",746,0
2025-12-28,R-6U_wb3yRs,MoM - AI Based Personalized health Assessment System,"Jun 9, 2026",746,0
2025-12-29,R-6U_wb3yRs,MoM - AI Based Personalized health Assessment System,"Jun 9, 2026",746,0
2025-12-30,R-6U_wb3yRs,MoM - AI Based Personalized health Assessment System,"Jun 9, 2026",746,0
2025-12-31,R-6U_wb3yRs,MoM - AI Based Personalized health Assessment System,"Jun 9, 2026",746,0
2026-01-01,R-6U_wb3yRs,MoM - AI Based Personalized health Assessment System,"Jun 9, 2026",746,0
2026-01-02,R-6U_wb3yRs,MoM - AI Based Personalized health Assessment System,"Jun 9, 2026",746,0
2026-01-03,R-6U_wb3yRs,MoM - AI Based Personalized health Assessment System,"Jun 9, 2026",746,0
2026-01-04,R-6U_wb3yRs,MoM - AI Based Personalized health Assessment System,"Jun 9, 2026",746,0
2026-01-05,R-6U_wb3yRs,MoM - AI Based Personalized health Assessment System,"Jun 9, 2026",746,0
2026-01-06,R-6U_wb3yRs,MoM - AI Based Personalized health Assessment System,"Jun 9, 2026",746,0
2026-01-07,R-6U_wb3yRs,MoM - AI Based Personalized health Assessment System,"Jun 9, 2026",746,0
2026-01-08,R-6U_wb3yRs,MoM - AI Based Personalized health Assessment System,"Jun 9, 2026",746,0
2026-01-09,R-6U_wb3yRs,MoM - AI Based Personalized health Assessment System,"Jun 9, 2026",746,0
2026-01-10,R-6U_wb3yRs,MoM - AI Based Personalized health Assessment System,"Jun 9, 2026",746,0
2026-01-11,R-6U_wb3yRs,MoM - AI Based Personalized health Assessment System,"Jun 9, 2026",746,0
2026-01-12,R-6U_wb3yRs,MoM - AI Based Personalized health Assessment System,"Jun 9, 2026",746,0
2026-01-13,R-6U_wb3yRs,MoM - AI Based Personalized health Assessment System,"Jun 9, 2026",746,0
2026-01-14,R-6U_wb3yRs,MoM - AI Based Personalized health Assessment System,"Jun 9, 2026",746,0
2026-01-15,R-6U_wb3yRs,MoM - AI Based Personalized health Assessment System,"Jun 9, 2026",746,0
2026-01-16,R-6U_wb3yRs,MoM - AI Based Personalized health Assessment System,"Jun 9, 2026",746,0
2026-01-17,R-6U_wb3yRs,MoM - AI Based Personalized health Assessment System,"Jun 9, 2026",746,0
2026-01-18,R-6U_wb3yRs,MoM - AI Based Personalized health Assessment System,"Jun 9, 2026",746,0
2026-01-19,R-6U_wb3yRs,MoM - AI Based Personalized health Assessment System,"Jun 9, 2026",746,0
2026-01-20,R-6U_wb3yRs,MoM - AI Based Personalized health Assessment System,"Jun 9, 2026",746,0
2026-01-21,R-6U_wb3yRs,MoM - AI Based Personalized health Assessment System,"Jun 9, 2026",746,0
2026-01-22,R-6U_wb3yRs,MoM - AI Based Personalized health Assessment System,"Jun 9, 2026",746,0
2026-01-23,R-6U_wb3yRs,MoM - AI Based Personalized health Assessment System,"Jun 9, 2026",746,0
2026-01-24,R-6U_wb3yRs,MoM - AI Based Personalized health Assessment System,"Jun 9, 2026",746,0
2026-01-25,R-6U_wb3yRs,MoM - AI Based Personalized health Assessment System,"Jun 9, 2026",746,0
2026-01-26,R-6U_wb3yRs,MoM - AI Based Personalized health Assessment System,"Jun 9, 2026",746,0
2026-01-27,R-6U_wb3yRs,MoM - AI Based Personalized health Assessment System,"Jun 9, 2026",746,0
2026-01-28,R-6U_wb3yRs,MoM - AI Based Personalized health Assessment System,"Jun 9, 2026",746,0
2026-01-29,R-6U_wb3yRs,MoM - AI Based Personalized health Assessment System,"Jun 9, 2026",746,0
2026-01-30,R-6U_wb3yRs,MoM - AI Based Personalized health Assessment System,"Jun 9, 2026",746,0
2026-01-31,R-6U_wb3yRs,MoM - AI Based Personalized health Assessment System,"Jun 9, 2026",746,0
2026-02-01,R-6U_wb3yRs,MoM - AI Based Personalized health Assessment System,"Jun 9, 2026",746,0
2026-02-02,R-6U_wb3yRs,MoM - AI Based Personalized health Assessment System,"Jun 9, 2026",746,0
2026-02-03,R-6U_wb3yRs,MoM - AI Based Personalized health Assessment System,"Jun 9, 2026",746,0
2026-02-04,R-6U_wb3yRs,MoM - AI Based Personalized health Assessment System,"Jun 9, 2026",746,0
2026-02-05,R-6U_wb3yRs,MoM - AI Based Personalized health Assessment System,"Jun 9, 2026",746,0
2026-02-06,R-6U_wb3yRs,MoM - AI Based Personalized health Assessment System,"Jun 9, 2026",746,0
2026-02-07,R-6U_wb3yRs,MoM - AI Based Personalized health Assessment System,"Jun 9, 2026",746,0
2026-02-08,R-6U_wb3yRs,MoM - AI Based Personalized health Assessment System,"Jun 9, 2026",746,0
2026-02-09,R-6U_wb3yRs,MoM - AI Based Personalized health Assessment System,"Jun 9, 2026",746,0
2026-02-10,R-6U_wb3yRs,MoM - AI Based Personalized health Assessment System,"Jun 9, 2026",746,0
2026-02-11,R-6U_wb3yRs,MoM - AI Based Personalized health Assessment System,"Jun 9, 2026",746,0
2026-02-12,R-6U_wb3yRs,MoM - AI Based Personalized health Assessment System,"Jun 9, 2026",746,0
2026-02-13,R-6U_wb3yRs,MoM - AI Based Personalized health Assessment System,"Jun 9, 2026",746,0
2026-02-14,R-6U_wb3yRs,MoM - AI Based Personalized health Assessment System,"Jun 9, 2026",746,0
2026-02-15,R-6U_wb3yRs,MoM - AI Based Personalized health Assessment System,"Jun 9, 2026",746,0
2026-02-16,R-6U_wb3yRs,MoM - AI Based Personalized health Assessment System,"Jun 9, 2026",746,0
2026-02-17,R-6U_wb3yRs,MoM - AI Based Personalized health Assessment System,"Jun 9, 2026",746,0
2026-02-18,R-6U_wb3yRs,MoM - AI Based Personalized health Assessment System,"Jun 9, 2026",746,0
2026-02-19,R-6U_wb3yRs,MoM - AI Based Personalized health Assessment System,"Jun 9, 2026",746,0
2026-02-20,R-6U_wb3yRs,MoM - AI Based Personalized health Assessment System,"Jun 9, 2026",746,0
2026-02-21,R-6U_wb3yRs,MoM - AI Based Personalized health Assessment System,"Jun 9, 2026",746,0
2026-02-22,R-6U_wb3yRs,MoM - AI Based Personalized health Assessment System,"Jun 9, 2026",746,0
2026-02-23,R-6U_wb3yRs,MoM - AI Based Personalized health Assessment System,"Jun 9, 2026",746,0
2026-02-24,R-6U_wb3yRs,MoM - AI Based Personalized health Assessment System,"Jun 9, 2026",746,0
2026-02-25,R-6U_wb3yRs,MoM - AI Based Personalized health Assessment System,"Jun 9, 2026",746,0
2026-02-26,R-6U_wb3yRs,MoM - AI Based Personalized health Assessment System,"Jun 9, 2026",746,0
2026-02-27,R-6U_wb3yRs,MoM - AI Based Personalized health Assessment System,"Jun 9, 2026",746,0
2026-02-28,R-6U_wb3yRs,MoM - AI Based Personalized health Assessment System,"Jun 9, 2026",746,0
2026-03-01,R-6U_wb3yRs,MoM - AI Based Personalized health Assessment System,"Jun 9, 2026",746,0
2026-03-02,R-6U_wb3yRs,MoM - AI Based Personalized health Assessment System,"Jun 9, 2026",746,0
2026-03-03,R-6U_wb3yRs,MoM - AI Based Personalized health Assessment System,"Jun 9, 2026",746,0
2026-03-04,R-6U_wb3yRs,MoM - AI Based Personalized health Assessment System,"Jun 9, 2026",746,0
2026-03-05,R-6U_wb3yRs,MoM - AI Based Personalized health Assessment System,"Jun 9, 2026",746,0
2026-03-06,R-6U_wb3yRs,MoM - AI Based Personalized health Assessment System,"Jun 9, 2026",746,0
2026-03-07,R-6U_wb3yRs,MoM - AI Based Personalized health Assessment System,"Jun 9, 2026",746,0
2026-03-08,R-6U_wb3yRs,MoM - AI Based Personalized health Assessment System,"Jun 9, 2026",746,0
2026-03-09,R-6U_wb3yRs,MoM - AI Based Personalized health Assessment System,"Jun 9, 2026",746,0
2026-03-10,R-6U_wb3yRs,MoM - AI Based Personalized health Assessment System,"Jun 9, 2026",746,0
2026-03-11,R-6U_wb3yRs,MoM - AI Based Personalized health Assessment System,"Jun 9, 2026",746,0
2026-03-12,R-6U_wb3yRs,MoM - AI Based Personalized health Assessment System,"Jun 9, 2026",746,0
2026-03-13,R-6U_wb3yRs,MoM - AI Based Personalized health Assessment System,"Jun 9, 2026",746,0
2026-03-14,R-6U_wb3yRs,MoM - AI Based Personalized health Assessment System,"Jun 9, 2026",746,0
2026-03-15,R-6U_wb3yRs,MoM - AI Based Personalized health Assessment System,"Jun 9, 2026",746,0
2026-03-16,R-6U_wb3yRs,MoM - AI Based Personalized health Assessment System,"Jun 9, 2026",746,0
2026-03-17,R-6U_wb3yRs,MoM - AI Based Personalized health Assessment System,"Jun 9, 2026",746,0
2026-03-18,R-6U_wb3yRs,MoM - AI Based Personalized health Assessment System,"Jun 9, 2026",746,0
2026-03-19,R-6U_wb3yRs,MoM - AI Based Personalized health Assessment System,"Jun 9, 2026",746,0
2026-03-20,R-6U_wb3yRs,MoM - AI Based Personalized health Assessment System,"Jun 9, 2026",746,0
2026-03-21,R-6U_wb3yRs,MoM - AI Based Personalized health Assessment System,"Jun 9, 2026",746,0
2026-03-22,R-6U_wb3yRs,MoM - AI Based Personalized health Assessment System,"Jun 9, 2026",746,0
2026-03-23,R-6U_wb3yRs,MoM - AI Based Personalized health Assessment System,"Jun 9, 2026",746,0
2026-03-24,R-6U_wb3yRs,MoM - AI Based Personalized health Assessment System,"Jun 9, 2026",746,6.993
2026-03-25,R-6U_wb3yRs,MoM - AI Based Personalized health Assessment System,"Jun 9, 2026",746,0
2026-03-26,R-6U_wb3yRs,MoM - AI Based Personalized health Assessment System,"Jun 9, 2026",746,0
2026-03-27,R-6U_wb3yRs,MoM - AI Based Personalized health Assessment System,"Jun 9, 2026",746,0
2026-03-28,R-6U_wb3yRs,MoM - AI Based Personalized health Assessment System,"Jun 9, 2026",746,0
2026-03-29,R-6U_wb3yRs,MoM - AI Based Personalized health Assessment System,"Jun 9, 2026",746,0
2026-03-30,R-6U_wb3yRs,MoM - AI Based Personalized health Assessment System,"Jun 9, 2026",746,0
2026-03-31,R-6U_wb3yRs,MoM - AI Based Personalized health Assessment System,"Jun 9, 2026",746,0
2026-04-01,R-6U_wb3yRs,MoM - AI Based Personalized health Assessment System,"Jun 9, 2026",746,0
2026-04-02,R-6U_wb3yRs,MoM - AI Based Personalized health Assessment System,"Jun 9, 2026",746,0
2026-04-03,R-6U_wb3yRs,MoM - AI Based Personalized health Assessment System,"Jun 9, 2026",746,0
2026-04-04,R-6U_wb3yRs,MoM - AI Based Personalized health Assessment System,"Jun 9, 2026",746,0
2026-04-05,R-6U_wb3yRs,MoM - AI Based Personalized health Assessment System,"Jun 9, 2026",746,0
2026-04-06,R-6U_wb3yRs,MoM - AI Based Personalized health Assessment System,"Jun 9, 2026",746,0
2026-04-07,R-6U_wb3yRs,MoM - AI Based Personalized health Assessment System,"Jun 9, 2026",746,0
2026-04-08,R-6U_wb3yRs,MoM - AI Based Personalized health Assessment System,"Jun 9, 2026",746,0
2026-04-09,R-6U_wb3yRs,MoM - AI Based Personalized health Assessment System,"Jun 9, 2026",746,0
2026-04-10,R-6U_wb3yRs,MoM - AI Based Personalized health Assessment System,"Jun 9, 2026",746,0
2026-04-11,R-6U_wb3yRs,MoM - AI Based Personalized health Assessment System,"Jun 9, 2026",746,0
2026-04-12,R-6U_wb3yRs,MoM - AI Based Personalized health Assessment System,"Jun 9, 2026",746,0
2026-04-13,R-6U_wb3yRs,MoM - AI Based Personalized health Assessment System,"Jun 9, 2026",746,0
2026-04-14,R-6U_wb3yRs,MoM - AI Based Personalized health Assessment System,"Jun 9, 2026",746,0
2026-04-15,R-6U_wb3yRs,MoM - AI Based Personalized health Assessment System,"Jun 9, 2026",746,0
2026-04-16,R-6U_wb3yRs,MoM - AI Based Personalized health Assessment System,"Jun 9, 2026",746,0
2026-04-17,R-6U_wb3yRs,MoM - AI Based Personalized health Assessment System,"Jun 9, 2026",746,0
2026-04-18,R-6U_wb3yRs,MoM - AI Based Personalized health Assessment System,"Jun 9, 2026",746,0
2026-04-19,R-6U_wb3yRs,MoM - AI Based Personalized health Assessment System,"Jun 9, 2026",746,0
2026-04-20,R-6U_wb3yRs,MoM - AI Based Personalized health Assessment System,"Jun 9, 2026",746,0
2026-04-21,R-6U_wb3yRs,MoM - AI Based Personalized health Assessment System,"Jun 9, 2026",746,0
2026-04-22,R-6U_wb3yRs,MoM - AI Based Personalized health Assessment System,"Jun 9, 2026",746,0
2026-04-23,R-6U_wb3yRs,MoM - AI Based Personalized health Assessment System,"Jun 9, 2026",746,0
2026-04-24,R-6U_wb3yRs,MoM - AI Based Personalized health Assessment System,"Jun 9, 2026",746,0
2026-04-25,R-6U_wb3yRs,MoM - AI Based Personalized health Assessment System,"Jun 9, 2026",746,0
2026-04-26,R-6U_wb3yRs,MoM - AI Based Personalized health Assessment System,"Jun 9, 2026",746,0
2026-04-27,R-6U_wb3yRs,MoM - AI Based Personalized health Assessment System,"Jun 9, 2026",746,0
2026-04-28,R-6U_wb3yRs,MoM - AI Based Personalized health Assessment System,"Jun 9, 2026",746,0
2026-04-29,R-6U_wb3yRs,MoM - AI Based Personalized health Assessment System,"Jun 9, 2026",746,0
2026-04-30,R-6U_wb3yRs,MoM - AI Based Personalized health Assessment System,"Jun 9, 2026",746,0
2026-05-01,R-6U_wb3yRs,MoM - AI Based Personalized health Assessment System,"Jun 9, 2026",746,0
2026-05-02,R-6U_wb3yRs,MoM - AI Based Personalized health Assessment System,"Jun 9, 2026",746,0
2026-05-03,R-6U_wb3yRs,MoM - AI Based Personalized health Assessment System,"Jun 9, 2026",746,0
2026-05-04,R-6U_wb3yRs,MoM - AI Based Personalized health Assessment System,"Jun 9, 2026",746,0
2026-05-05,R-6U_wb3yRs,MoM - AI Based Personalized health Assessment System,"Jun 9, 2026",746,0
2026-05-06,R-6U_wb3yRs,MoM - AI Based Personalized health Assessment System,"Jun 9, 2026",746,0
2026-05-07,R-6U_wb3yRs,MoM - AI Based Personalized health Assessment System,"Jun 9, 2026",746,0
2026-05-08,R-6U_wb3yRs,MoM - AI Based Personalized health Assessment System,"Jun 9, 2026",746,0
2026-05-09,R-6U_wb3yRs,MoM - AI Based Personalized health Assessment System,"Jun 9, 2026",746,0
2026-05-10,R-6U_wb3yRs,MoM - AI Based Personalized health Assessment System,"Jun 9, 2026",746,0
2026-05-11,R-6U_wb3yRs,MoM - AI Based Personalized health Assessment System,"Jun 9, 2026",746,0
2026-05-12,R-6U_wb3yRs,MoM - AI Based Personalized health Assessment System,"Jun 9, 2026",746,0
2026-05-13,R-6U_wb3yRs,MoM - AI Based Personalized health Assessment System,"Jun 9, 2026",746,0
2026-05-14,R-6U_wb3yRs,MoM - AI Based Personalized health Assessment System,"Jun 9, 2026",746,0
2026-05-15,R-6U_wb3yRs,MoM - AI Based Personalized health Assessment System,"Jun 9, 2026",746,0
2026-05-16,R-6U_wb3yRs,MoM - AI Based Personalized health Assessment System,"Jun 9, 2026",746,0
2026-05-17,R-6U_wb3yRs,MoM - AI Based Personalized health Assessment System,"Jun 9, 2026",746,0
2026-05-18,R-6U_wb3yRs,MoM - AI Based Personalized health Assessment System,"Jun 9, 2026",746,0
2026-05-19,R-6U_wb3yRs,MoM - AI Based Personalized health Assessment System,"Jun 9, 2026",746,0
2026-05-20,R-6U_wb3yRs,MoM - AI Based Personalized health Assessment System,"Jun 9, 2026",746,0
2026-05-21,R-6U_wb3yRs,MoM - AI Based Personalized health Assessment System,"Jun 9, 2026",746,0
2026-05-22,R-6U_wb3yRs,MoM - AI Based Personalized health Assessment System,"Jun 9, 2026",746,0
2026-05-23,R-6U_wb3yRs,MoM - AI Based Personalized health Assessment System,"Jun 9, 2026",746,0
2026-05-24,R-6U_wb3yRs,MoM - AI Based Personalized health Assessment System,"Jun 9, 2026",746,0
2026-05-25,R-6U_wb3yRs,MoM - AI Based Personalized health Assessment System,"Jun 9, 2026",746,0
2026-05-26,R-6U_wb3yRs,MoM - AI Based Personalized health Assessment System,"Jun 9, 2026",746,0
2026-05-27,R-6U_wb3yRs,MoM - AI Based Personalized health Assessment System,"Jun 9, 2026",746,0
2026-05-28,R-6U_wb3yRs,MoM - AI Based Personalized health Assessment System,"Jun 9, 2026",746,0
2026-05-29,R-6U_wb3yRs,MoM - AI Based Personalized health Assessment System,"Jun 9, 2026",746,0
2026-05-30,R-6U_wb3yRs,MoM - AI Based Personalized health Assessment System,"Jun 9, 2026",746,0
2026-05-31,R-6U_wb3yRs,MoM - AI Based Personalized health Assessment System,"Jun 9, 2026",746,0
2026-06-01,R-6U_wb3yRs,MoM - AI Based Personalized health Assessment System,"Jun 9, 2026",746,0
2026-06-02,R-6U_wb3yRs,MoM - AI Based Personalized health Assessment System,"Jun 9, 2026",746,0
2026-06-03,R-6U_wb3yRs,MoM - AI Based Personalized health Assessment System,"Jun 9, 2026",746,0
2026-06-04,R-6U_wb3yRs,MoM - AI Based Personalized health Assessment System,"Jun 9, 2026",746,0
2026-06-05,R-6U_wb3yRs,MoM - AI Based Personalized health Assessment System,"Jun 9, 2026",746,0
2026-06-06,R-6U_wb3yRs,MoM - AI Based Personalized health Assessment System,"Jun 9, 2026",746,0
2026-06-07,R-6U_wb3yRs,MoM - AI Based Personalized health Assessment System,"Jun 9, 2026",746,0
2026-06-08,R-6U_wb3yRs,MoM - AI Based Personalized health Assessment System,"Jun 9, 2026",746,0
2026-06-09,R-6U_wb3yRs,MoM - AI Based Personalized health Assessment System,"Jun 9, 2026",746,0.072
2026-06-10,R-6U_wb3yRs,MoM - AI Based Personalized health Assessment System,"Jun 9, 2026",746,0.004
2026-06-11,R-6U_wb3yRs,MoM - AI Based Personalized health Assessment System,"Jun 9, 2026",746,0
2026-06-12,R-6U_wb3yRs,MoM - AI Based Personalized health Assessment System,"Jun 9, 2026",746,0
2026-06-13,R-6U_wb3yRs,MoM - AI Based Personalized health Assessment System,"Jun 9, 2026",746,0
2026-06-14,R-6U_wb3yRs,MoM - AI Based Personalized health Assessment System,"Jun 9, 2026",746,0
2026-06-15,R-6U_wb3yRs,MoM - AI Based Personalized health Assessment System,"Jun 9, 2026",746,0
2026-06-16,R-6U_wb3yRs,MoM - AI Based Personalized health Assessment System,"Jun 9, 2026",746,0
2026-06-17,R-6U_wb3yRs,MoM - AI Based Personalized health Assessment System,"Jun 9, 2026",746,0
2026-06-18,R-6U_wb3yRs,MoM - AI Based Personalized health Assessment System,"Jun 9, 2026",746,0
2026-06-19,R-6U_wb3yRs,MoM - AI Based Personalized health Assessment System,"Jun 9, 2026",746,0
2026-06-20,R-6U_wb3yRs,MoM - AI Based Personalized health Assessment System,"Jun 9, 2026",746,0
2026-06-21,R-6U_wb3yRs,MoM - AI Based Personalized health Assessment System,"Jun 9, 2026",746,0
2026-06-22,R-6U_wb3yRs,MoM - AI Based Personalized health Assessment System,"Jun 9, 2026",746,0
2026-06-23,R-6U_wb3yRs,MoM - AI Based Personalized health Assessment System,"Jun 9, 2026",746,0
2023-03-15,UqllanMkHvo,재미로 하는 Vibe Coding - AI와 함께 Claude Skills 효율적으로 공부하기 이어서 진행합니다.,"Jan 12, 2026",6415,0
2023-03-16,UqllanMkHvo,재미로 하는 Vibe Coding - AI와 함께 Claude Skills 효율적으로 공부하기 이어서 진행합니다.,"Jan 12, 2026",6415,0
2023-03-17,UqllanMkHvo,재미로 하는 Vibe Coding - AI와 함께 Claude Skills 효율적으로 공부하기 이어서 진행합니다.,"Jan 12, 2026",6415,0
2023-03-18,UqllanMkHvo,재미로 하는 Vibe Coding - AI와 함께 Claude Skills 효율적으로 공부하기 이어서 진행합니다.,"Jan 12, 2026",6415,0
2023-03-19,UqllanMkHvo,재미로 하는 Vibe Coding - AI와 함께 Claude Skills 효율적으로 공부하기 이어서 진행합니다.,"Jan 12, 2026",6415,0
2023-03-20,UqllanMkHvo,재미로 하는 Vibe Coding - AI와 함께 Claude Skills 효율적으로 공부하기 이어서 진행합니다.,"Jan 12, 2026",6415,0
2023-03-21,UqllanMkHvo,재미로 하는 Vibe Coding - AI와 함께 Claude Skills 효율적으로 공부하기 이어서 진행합니다.,"Jan 12, 2026",6415,0
2023-03-22,UqllanMkHvo,재미로 하는 Vibe Coding - AI와 함께 Claude Skills 효율적으로 공부하기 이어서 진행합니다.,"Jan 12, 2026",6415,0
2023-03-23,UqllanMkHvo,재미로 하는 Vibe Coding - AI와 함께 Claude Skills 효율적으로 공부하기 이어서 진행합니다.,"Jan 12, 2026",6415,0
2023-03-24,UqllanMkHvo,재미로 하는 Vibe Coding - AI와 함께 Claude Skills 효율적으로 공부하기 이어서 진행합니다.,"Jan 12, 2026",6415,0
2023-03-25,UqllanMkHvo,재미로 하는 Vibe Coding - AI와 함께 Claude Skills 효율적으로 공부하기 이어서 진행합니다.,"Jan 12, 2026",6415,0
2023-03-26,UqllanMkHvo,재미로 하는 Vibe Coding - AI와 함께 Claude Skills 효율적으로 공부하기 이어서 진행합니다.,"Jan 12, 2026",6415,0
2023-03-27,UqllanMkHvo,재미로 하는 Vibe Coding - AI와 함께 Claude Skills 효율적으로 공부하기 이어서 진행합니다.,"Jan 12, 2026",6415,0
2023-03-28,UqllanMkHvo,재미로 하는 Vibe Coding - AI와 함께 Claude Skills 효율적으로 공부하기 이어서 진행합니다.,"Jan 12, 2026",6415,0
2023-03-29,UqllanMkHvo,재미로 하는 Vibe Coding - AI와 함께 Claude Skills 효율적으로 공부하기 이어서 진행합니다.,"Jan 12, 2026",6415,0
2023-03-30,UqllanMkHvo,재미로 하는 Vibe Coding - AI와 함께 Claude Skills 효율적으로 공부하기 이어서 진행합니다.,"Jan 12, 2026",6415,0
2023-03-31,UqllanMkHvo,재미로 하는 Vibe Coding - AI와 함께 Claude Skills 효율적으로 공부하기 이어서 진행합니다.,"Jan 12, 2026",6415,0
2023-04-01,UqllanMkHvo,재미로 하는 Vibe Coding - AI와 함께 Claude Skills 효율적으로 공부하기 이어서 진행합니다.,"Jan 12, 2026",6415,0
2023-04-02,UqllanMkHvo,재미로 하는 Vibe Coding - AI와 함께 Claude Skills 효율적으로 공부하기 이어서 진행합니다.,"Jan 12, 2026",6415,0
2023-04-03,UqllanMkHvo,재미로 하는 Vibe Coding - AI와 함께 Claude Skills 효율적으로 공부하기 이어서 진행합니다.,"Jan 12, 2026",6415,0
2023-04-04,UqllanMkHvo,재미로 하는 Vibe Coding - AI와 함께 Claude Skills 효율적으로 공부하기 이어서 진행합니다.,"Jan 12, 2026",6415,0
2023-04-05,UqllanMkHvo,재미로 하는 Vibe Coding - AI와 함께 Claude Skills 효율적으로 공부하기 이어서 진행합니다.,"Jan 12, 2026",6415,0
2023-04-06,UqllanMkHvo,재미로 하는 Vibe Coding - AI와 함께 Claude Skills 효율적으로 공부하기 이어서 진행합니다.,"Jan 12, 2026",6415,0
2023-04-07,UqllanMkHvo,재미로 하는 Vibe Coding - AI와 함께 Claude Skills 효율적으로 공부하기 이어서 진행합니다.,"Jan 12, 2026",6415,0
2023-04-08,UqllanMkHvo,재미로 하는 Vibe Coding - AI와 함께 Claude Skills 효율적으로 공부하기 이어서 진행합니다.,"Jan 12, 2026",6415,0
2023-04-09,UqllanMkHvo,재미로 하는 Vibe Coding - AI와 함께 Claude Skills 효율적으로 공부하기 이어서 진행합니다.,"Jan 12, 2026",6415,0
2023-04-10,UqllanMkHvo,재미로 하는 Vibe Coding - AI와 함께 Claude Skills 효율적으로 공부하기 이어서 진행합니다.,"Jan 12, 2026",6415,0
2023-04-11,UqllanMkHvo,재미로 하는 Vibe Coding - AI와 함께 Claude Skills 효율적으로 공부하기 이어서 진행합니다.,"Jan 12, 2026",6415,0
2023-04-12,UqllanMkHvo,재미로 하는 Vibe Coding - AI와 함께 Claude Skills 효율적으로 공부하기 이어서 진행합니다.,"Jan 12, 2026",6415,0
2023-04-13,UqllanMkHvo,재미로 하는 Vibe Coding - AI와 함께 Claude Skills 효율적으로 공부하기 이어서 진행합니다.,"Jan 12, 2026",6415,0
2023-04-14,UqllanMkHvo,재미로 하는 Vibe Coding - AI와 함께 Claude Skills 효율적으로 공부하기 이어서 진행합니다.,"Jan 12, 2026",6415,0
2023-04-15,UqllanMkHvo,재미로 하는 Vibe Coding - AI와 함께 Claude Skills 효율적으로 공부하기 이어서 진행합니다.,"Jan 12, 2026",6415,0
2023-04-16,UqllanMkHvo,재미로 하는 Vibe Coding - AI와 함께 Claude Skills 효율적으로 공부하기 이어서 진행합니다.,"Jan 12, 2026",6415,0
2023-04-17,UqllanMkHvo,재미로 하는 Vibe Coding - AI와 함께 Claude Skills 효율적으로 공부하기 이어서 진행합니다.,"Jan 12, 2026",6415,0
2023-04-18,UqllanMkHvo,재미로 하는 Vibe Coding - AI와 함께 Claude Skills 효율적으로 공부하기 이어서 진행합니다.,"Jan 12, 2026",6415,0
2023-04-19,UqllanMkHvo,재미로 하는 Vibe Coding - AI와 함께 Claude Skills 효율적으로 공부하기 이어서 진행합니다.,"Jan 12, 2026",6415,0
2023-04-20,UqllanMkHvo,재미로 하는 Vibe Coding - AI와 함께 Claude Skills 효율적으로 공부하기 이어서 진행합니다.,"Jan 12, 2026",6415,0
2023-04-21,UqllanMkHvo,재미로 하는 Vibe Coding - AI와 함께 Claude Skills 효율적으로 공부하기 이어서 진행합니다.,"Jan 12, 2026",6415,0
2023-04-22,UqllanMkHvo,재미로 하는 Vibe Coding - AI와 함께 Claude Skills 효율적으로 공부하기 이어서 진행합니다.,"Jan 12, 2026",6415,0
2023-04-23,UqllanMkHvo,재미로 하는 Vibe Coding - AI와 함께 Claude Skills 효율적으로 공부하기 이어서 진행합니다.,"Jan 12, 2026",6415,0
2023-04-24,UqllanMkHvo,재미로 하는 Vibe Coding - AI와 함께 Claude Skills 효율적으로 공부하기 이어서 진행합니다.,"Jan 12, 2026",6415,0
2023-04-25,UqllanMkHvo,재미로 하는 Vibe Coding - AI와 함께 Claude Skills 효율적으로 공부하기 이어서 진행합니다.,"Jan 12, 2026",6415,0
2023-04-26,UqllanMkHvo,재미로 하는 Vibe Coding - AI와 함께 Claude Skills 효율적으로 공부하기 이어서 진행합니다.,"Jan 12, 2026",6415,0
2023-04-27,UqllanMkHvo,재미로 하는 Vibe Coding - AI와 함께 Claude Skills 효율적으로 공부하기 이어서 진행합니다.,"Jan 12, 2026",6415,0
2023-04-28,UqllanMkHvo,재미로 하는 Vibe Coding - AI와 함께 Claude Skills 효율적으로 공부하기 이어서 진행합니다.,"Jan 12, 2026",6415,0
2023-04-29,UqllanMkHvo,재미로 하는 Vibe Coding - AI와 함께 Claude Skills 효율적으로 공부하기 이어서 진행합니다.,"Jan 12, 2026",6415,0
2023-04-30,UqllanMkHvo,재미로 하는 Vibe Coding - AI와 함께 Claude Skills 효율적으로 공부하기 이어서 진행합니다.,"Jan 12, 2026",6415,0
2023-05-01,UqllanMkHvo,재미로 하는 Vibe Coding - AI와 함께 Claude Skills 효율적으로 공부하기 이어서 진행합니다.,"Jan 12, 2026",6415,0
2023-05-02,UqllanMkHvo,재미로 하는 Vibe Coding - AI와 함께 Claude Skills 효율적으로 공부하기 이어서 진행합니다.,"Jan 12, 2026",6415,0
2023-05-03,UqllanMkHvo,재미로 하는 Vibe Coding - AI와 함께 Claude Skills 효율적으로 공부하기 이어서 진행합니다.,"Jan 12, 2026",6415,0
2023-05-04,UqllanMkHvo,재미로 하는 Vibe Coding - AI와 함께 Claude Skills 효율적으로 공부하기 이어서 진행합니다.,"Jan 12, 2026",6415,0
2023-05-05,UqllanMkHvo,재미로 하는 Vibe Coding - AI와 함께 Claude Skills 효율적으로 공부하기 이어서 진행합니다.,"Jan 12, 2026",6415,0
2023-05-06,UqllanMkHvo,재미로 하는 Vibe Coding - AI와 함께 Claude Skills 효율적으로 공부하기 이어서 진행합니다.,"Jan 12, 2026",6415,0
2023-05-07,UqllanMkHvo,재미로 하는 Vibe Coding - AI와 함께 Claude Skills 효율적으로 공부하기 이어서 진행합니다.,"Jan 12, 2026",6415,0
2023-05-08,UqllanMkHvo,재미로 하는 Vibe Coding - AI와 함께 Claude Skills 효율적으로 공부하기 이어서 진행합니다.,"Jan 12, 2026",6415,0
2023-05-09,UqllanMkHvo,재미로 하는 Vibe Coding - AI와 함께 Claude Skills 효율적으로 공부하기 이어서 진행합니다.,"Jan 12, 2026",6415,0
2023-05-10,UqllanMkHvo,재미로 하는 Vibe Coding - AI와 함께 Claude Skills 효율적으로 공부하기 이어서 진행합니다.,"Jan 12, 2026",6415,0
2023-05-11,UqllanMkHvo,재미로 하는 Vibe Coding - AI와 함께 Claude Skills 효율적으로 공부하기 이어서 진행합니다.,"Jan 12, 2026",6415,0
2023-05-12,UqllanMkHvo,재미로 하는 Vibe Coding - AI와 함께 Claude Skills 효율적으로 공부하기 이어서 진행합니다.,"Jan 12, 2026",6415,0
2023-05-13,UqllanMkHvo,재미로 하는 Vibe Coding - AI와 함께 Claude Skills 효율적으로 공부하기 이어서 진행합니다.,"Jan 12, 2026",6415,0
2023-05-14,UqllanMkHvo,재미로 하는 Vibe Coding - AI와 함께 Claude Skills 효율적으로 공부하기 이어서 진행합니다.,"Jan 12, 2026",6415,0
2023-05-15,UqllanMkHvo,재미로 하는 Vibe Coding - AI와 함께 Claude Skills 효율적으로 공부하기 이어서 진행합니다.,"Jan 12, 2026",6415,0
2023-05-16,UqllanMkHvo,재미로 하는 Vibe Coding - AI와 함께 Claude Skills 효율적으로 공부하기 이어서 진행합니다.,"Jan 12, 2026",6415,0
2023-05-17,UqllanMkHvo,재미로 하는 Vibe Coding - AI와 함께 Claude Skills 효율적으로 공부하기 이어서 진행합니다.,"Jan 12, 2026",6415,0
2023-05-18,UqllanMkHvo,재미로 하는 Vibe Coding - AI와 함께 Claude Skills 효율적으로 공부하기 이어서 진행합니다.,"Jan 12, 2026",6415,0
2023-05-19,UqllanMkHvo,재미로 하는 Vibe Coding - AI와 함께 Claude Skills 효율적으로 공부하기 이어서 진행합니다.,"Jan 12, 2026",6415,0
2023-05-20,UqllanMkHvo,재미로 하는 Vibe Coding - AI와 함께 Claude Skills 효율적으로 공부하기 이어서 진행합니다.,"Jan 12, 2026",6415,0
2023-05-21,UqllanMkHvo,재미로 하는 Vibe Coding - AI와 함께 Claude Skills 효율적으로 공부하기 이어서 진행합니다.,"Jan 12, 2026",6415,0
2023-05-22,UqllanMkHvo,재미로 하는 Vibe Coding - AI와 함께 Claude Skills 효율적으로 공부하기 이어서 진행합니다.,"Jan 12, 2026",6415,0
2023-05-23,UqllanMkHvo,재미로 하는 Vibe Coding - AI와 함께 Claude Skills 효율적으로 공부하기 이어서 진행합니다.,"Jan 12, 2026",6415,0
2023-05-24,UqllanMkHvo,재미로 하는 Vibe Coding - AI와 함께 Claude Skills 효율적으로 공부하기 이어서 진행합니다.,"Jan 12, 2026",6415,0
2023-05-25,UqllanMkHvo,재미로 하는 Vibe Coding - AI와 함께 Claude Skills 효율적으로 공부하기 이어서 진행합니다.,"Jan 12, 2026",6415,0
2023-05-26,UqllanMkHvo,재미로 하는 Vibe Coding - AI와 함께 Claude Skills 효율적으로 공부하기 이어서 진행합니다.,"Jan 12, 2026",6415,0
2023-05-27,UqllanMkHvo,재미로 하는 Vibe Coding - AI와 함께 Claude Skills 효율적으로 공부하기 이어서 진행합니다.,"Jan 12, 2026",6415,0
2023-05-28,UqllanMkHvo,재미로 하는 Vibe Coding - AI와 함께 Claude Skills 효율적으로 공부하기 이어서 진행합니다.,"Jan 12, 2026",6415,0
2023-05-29,UqllanMkHvo,재미로 하는 Vibe Coding - AI와 함께 Claude Skills 효율적으로 공부하기 이어서 진행합니다.,"Jan 12, 2026",6415,0
2023-05-30,UqllanMkHvo,재미로 하는 Vibe Coding - AI와 함께 Claude Skills 효율적으로 공부하기 이어서 진행합니다.,"Jan 12, 2026",6415,0
2023-05-31,UqllanMkHvo,재미로 하는 Vibe Coding - AI와 함께 Claude Skills 효율적으로 공부하기 이어서 진행합니다.,"Jan 12, 2026",6415,0
2023-06-01,UqllanMkHvo,재미로 하는 Vibe Coding - AI와 함께 Claude Skills 효율적으로 공부하기 이어서 진행합니다.,"Jan 12, 2026",6415,0
2023-06-02,UqllanMkHvo,재미로 하는 Vibe Coding - AI와 함께 Claude Skills 효율적으로 공부하기 이어서 진행합니다.,"Jan 12, 2026",6415,0
2023-06-03,UqllanMkHvo,재미로 하는 Vibe Coding - AI와 함께 Claude Skills 효율적으로 공부하기 이어서 진행합니다.,"Jan 12, 2026",6415,0
2023-06-04,UqllanMkHvo,재미로 하는 Vibe Coding - AI와 함께 Claude Skills 효율적으로 공부하기 이어서 진행합니다.,"Jan 12, 2026",6415,0
2023-06-05,UqllanMkHvo,재미로 하는 Vibe Coding - AI와 함께 Claude Skills 효율적으로 공부하기 이어서 진행합니다.,"Jan 12, 2026",6415,0
2023-06-06,UqllanMkHvo,재미로 하는 Vibe Coding - AI와 함께 Claude Skills 효율적으로 공부하기 이어서 진행합니다.,"Jan 12, 2026",6415,0
2023-06-07,UqllanMkHvo,재미로 하는 Vibe Coding - AI와 함께 Claude Skills 효율적으로 공부하기 이어서 진행합니다.,"Jan 12, 2026",6415,0
2023-06-08,UqllanMkHvo,재미로 하는 Vibe Coding - AI와 함께 Claude Skills 효율적으로 공부하기 이어서 진행합니다.,"Jan 12, 2026",6415,0
2023-06-09,UqllanMkHvo,재미로 하는 Vibe Coding - AI와 함께 Claude Skills 효율적으로 공부하기 이어서 진행합니다.,"Jan 12, 2026",6415,0
2023-06-10,UqllanMkHvo,재미로 하는 Vibe Coding - AI와 함께 Claude Skills 효율적으로 공부하기 이어서 진행합니다.,"Jan 12, 2026",6415,0
2023-06-11,UqllanMkHvo,재미로 하는 Vibe Coding - AI와 함께 Claude Skills 효율적으로 공부하기 이어서 진행합니다.,"Jan 12, 2026",6415,0
2023-06-12,UqllanMkHvo,재미로 하는 Vibe Coding - AI와 함께 Claude Skills 효율적으로 공부하기 이어서 진행합니다.,"Jan 12, 2026",6415,0
2023-06-13,UqllanMkHvo,재미로 하는 Vibe Coding - AI와 함께 Claude Skills 효율적으로 공부하기 이어서 진행합니다.,"Jan 12, 2026",6415,0
2023-06-14,UqllanMkHvo,재미로 하는 Vibe Coding - AI와 함께 Claude Skills 효율적으로 공부하기 이어서 진행합니다.,"Jan 12, 2026",6415,0
2023-06-15,UqllanMkHvo,재미로 하는 Vibe Coding - AI와 함께 Claude Skills 효율적으로 공부하기 이어서 진행합니다.,"Jan 12, 2026",6415,0
2023-06-16,UqllanMkHvo,재미로 하는 Vibe Coding - AI와 함께 Claude Skills 효율적으로 공부하기 이어서 진행합니다.,"Jan 12, 2026",6415,0
2023-06-17,UqllanMkHvo,재미로 하는 Vibe Coding - AI와 함께 Claude Skills 효율적으로 공부하기 이어서 진행합니다.,"Jan 12, 2026",6415,0
2023-06-18,UqllanMkHvo,재미로 하는 Vibe Coding - AI와 함께 Claude Skills 효율적으로 공부하기 이어서 진행합니다.,"Jan 12, 2026",6415,0
2023-06-19,UqllanMkHvo,재미로 하는 Vibe Coding - AI와 함께 Claude Skills 효율적으로 공부하기 이어서 진행합니다.,"Jan 12, 2026",6415,0
2023-06-20,UqllanMkHvo,재미로 하는 Vibe Coding - AI와 함께 Claude Skills 효율적으로 공부하기 이어서 진행합니다.,"Jan 12, 2026",6415,0
2023-06-21,UqllanMkHvo,재미로 하는 Vibe Coding - AI와 함께 Claude Skills 효율적으로 공부하기 이어서 진행합니다.,"Jan 12, 2026",6415,0
2023-06-22,UqllanMkHvo,재미로 하는 Vibe Coding - AI와 함께 Claude Skills 효율적으로 공부하기 이어서 진행합니다.,"Jan 12, 2026",6415,0
2023-06-23,UqllanMkHvo,재미로 하는 Vibe Coding - AI와 함께 Claude Skills 효율적으로 공부하기 이어서 진행합니다.,"Jan 12, 2026",6415,0
2023-06-24,UqllanMkHvo,재미로 하는 Vibe Coding - AI와 함께 Claude Skills 효율적으로 공부하기 이어서 진행합니다.,"Jan 12, 2026",6415,0
2023-06-25,UqllanMkHvo,재미로 하는 Vibe Coding - AI와 함께 Claude Skills 효율적으로 공부하기 이어서 진행합니다.,"Jan 12, 2026",6415,0
2023-06-26,UqllanMkHvo,재미로 하는 Vibe Coding - AI와 함께 Claude Skills 효율적으로 공부하기 이어서 진행합니다.,"Jan 12, 2026",6415,0
2023-06-27,UqllanMkHvo,재미로 하는 Vibe Coding - AI와 함께 Claude Skills 효율적으로 공부하기 이어서 진행합니다.,"Jan 12, 2026",6415,0
2023-06-28,UqllanMkHvo,재미로 하는 Vibe Coding - AI와 함께 Claude Skills 효율적으로 공부하기 이어서 진행합니다.,"Jan 12, 2026",6415,0
2023-06-29,UqllanMkHvo,재미로 하는 Vibe Coding - AI와 함께 Claude Skills 효율적으로 공부하기 이어서 진행합니다.,"Jan 12, 2026",6415,0
2023-06-30,UqllanMkHvo,재미로 하는 Vibe Coding - AI와 함께 Claude Skills 효율적으로 공부하기 이어서 진행합니다.,"Jan 12, 2026",6415,0
2023-07-01,UqllanMkHvo,재미로 하는 Vibe Coding - AI와 함께 Claude Skills 효율적으로 공부하기 이어서 진행합니다.,"Jan 12, 2026",6415,0
2023-07-02,UqllanMkHvo,재미로 하는 Vibe Coding - AI와 함께 Claude Skills 효율적으로 공부하기 이어서 진행합니다.,"Jan 12, 2026",6415,0
2023-07-03,UqllanMkHvo,재미로 하는 Vibe Coding - AI와 함께 Claude Skills 효율적으로 공부하기 이어서 진행합니다.,"Jan 12, 2026",6415,0
2023-07-04,UqllanMkHvo,재미로 하는 Vibe Coding - AI와 함께 Claude Skills 효율적으로 공부하기 이어서 진행합니다.,"Jan 12, 2026",6415,0
2023-07-05,UqllanMkHvo,재미로 하는 Vibe Coding - AI와 함께 Claude Skills 효율적으로 공부하기 이어서 진행합니다.,"Jan 12, 2026",6415,0
2023-07-06,UqllanMkHvo,재미로 하는 Vibe Coding - AI와 함께 Claude Skills 효율적으로 공부하기 이어서 진행합니다.,"Jan 12, 2026",6415,0
2023-07-07,UqllanMkHvo,재미로 하는 Vibe Coding - AI와 함께 Claude Skills 효율적으로 공부하기 이어서 진행합니다.,"Jan 12, 2026",6415,0
2023-07-08,UqllanMkHvo,재미로 하는 Vibe Coding - AI와 함께 Claude Skills 효율적으로 공부하기 이어서 진행합니다.,"Jan 12, 2026",6415,0
2023-07-09,UqllanMkHvo,재미로 하는 Vibe Coding - AI와 함께 Claude Skills 효율적으로 공부하기 이어서 진행합니다.,"Jan 12, 2026",6415,0
2023-07-10,UqllanMkHvo,재미로 하는 Vibe Coding - AI와 함께 Claude Skills 효율적으로 공부하기 이어서 진행합니다.,"Jan 12, 2026",6415,0
2023-07-11,UqllanMkHvo,재미로 하는 Vibe Coding - AI와 함께 Claude Skills 효율적으로 공부하기 이어서 진행합니다.,"Jan 12, 2026",6415,0
2023-07-12,UqllanMkHvo,재미로 하는 Vibe Coding - AI와 함께 Claude Skills 효율적으로 공부하기 이어서 진행합니다.,"Jan 12, 2026",6415,0
2023-07-13,UqllanMkHvo,재미로 하는 Vibe Coding - AI와 함께 Claude Skills 효율적으로 공부하기 이어서 진행합니다.,"Jan 12, 2026",6415,0
2023-07-14,UqllanMkHvo,재미로 하는 Vibe Coding - AI와 함께 Claude Skills 효율적으로 공부하기 이어서 진행합니다.,"Jan 12, 2026",6415,0
2023-07-15,UqllanMkHvo,재미로 하는 Vibe Coding - AI와 함께 Claude Skills 효율적으로 공부하기 이어서 진행합니다.,"Jan 12, 2026",6415,0
2023-07-16,UqllanMkHvo,재미로 하는 Vibe Coding - AI와 함께 Claude Skills 효율적으로 공부하기 이어서 진행합니다.,"Jan 12, 2026",6415,0
2023-07-17,UqllanMkHvo,재미로 하는 Vibe Coding - AI와 함께 Claude Skills 효율적으로 공부하기 이어서 진행합니다.,"Jan 12, 2026",6415,0
2023-07-18,UqllanMkHvo,재미로 하는 Vibe Coding - AI와 함께 Claude Skills 효율적으로 공부하기 이어서 진행합니다.,"Jan 12, 2026",6415,0
2023-07-19,UqllanMkHvo,재미로 하는 Vibe Coding - AI와 함께 Claude Skills 효율적으로 공부하기 이어서 진행합니다.,"Jan 12, 2026",6415,0
2023-07-20,UqllanMkHvo,재미로 하는 Vibe Coding - AI와 함께 Claude Skills 효율적으로 공부하기 이어서 진행합니다.,"Jan 12, 2026",6415,0
2023-07-21,UqllanMkHvo,재미로 하는 Vibe Coding - AI와 함께 Claude Skills 효율적으로 공부하기 이어서 진행합니다.,"Jan 12, 2026",6415,0
2023-07-22,UqllanMkHvo,재미로 하는 Vibe Coding - AI와 함께 Claude Skills 효율적으로 공부하기 이어서 진행합니다.,"Jan 12, 2026",6415,0
2023-07-23,UqllanMkHvo,재미로 하는 Vibe Coding - AI와 함께 Claude Skills 효율적으로 공부하기 이어서 진행합니다.,"Jan 12, 2026",6415,0
2023-07-24,UqllanMkHvo,재미로 하는 Vibe Coding - AI와 함께 Claude Skills 효율적으로 공부하기 이어서 진행합니다.,"Jan 12, 2026",6415,0
2023-07-25,UqllanMkHvo,재미로 하는 Vibe Coding - AI와 함께 Claude Skills 효율적으로 공부하기 이어서 진행합니다.,"Jan 12, 2026",6415,0
2023-07-26,UqllanMkHvo,재미로 하는 Vibe Coding - AI와 함께 Claude Skills 효율적으로 공부하기 이어서 진행합니다.,"Jan 12, 2026",6415,0
2023-07-27,UqllanMkHvo,재미로 하는 Vibe Coding - AI와 함께 Claude Skills 효율적으로 공부하기 이어서 진행합니다.,"Jan 12, 2026",6415,0
2023-07-28,UqllanMkHvo,재미로 하는 Vibe Coding - AI와 함께 Claude Skills 효율적으로 공부하기 이어서 진행합니다.,"Jan 12, 2026",6415,0
2023-07-29,UqllanMkHvo,재미로 하는 Vibe Coding - AI와 함께 Claude Skills 효율적으로 공부하기 이어서 진행합니다.,"Jan 12, 2026",6415,0
2023-07-30,UqllanMkHvo,재미로 하는 Vibe Coding - AI와 함께 Claude Skills 효율적으로 공부하기 이어서 진행합니다.,"Jan 12, 2026",6415,0
2023-07-31,UqllanMkHvo,재미로 하는 Vibe Coding - AI와 함께 Claude Skills 효율적으로 공부하기 이어서 진행합니다.,"Jan 12, 2026",6415,0
2023-08-01,UqllanMkHvo,재미로 하는 Vibe Coding - AI와 함께 Claude Skills 효율적으로 공부하기 이어서 진행합니다.,"Jan 12, 2026",6415,0
2023-08-02,UqllanMkHvo,재미로 하는 Vibe Coding - AI와 함께 Claude Skills 효율적으로 공부하기 이어서 진행합니다.,"Jan 12, 2026",6415,0
2023-08-03,UqllanMkHvo,재미로 하는 Vibe Coding - AI와 함께 Claude Skills 효율적으로 공부하기 이어서 진행합니다.,"Jan 12, 2026",6415,0
2023-08-04,UqllanMkHvo,재미로 하는 Vibe Coding - AI와 함께 Claude Skills 효율적으로 공부하기 이어서 진행합니다.,"Jan 12, 2026",6415,0
2023-08-05,UqllanMkHvo,재미로 하는 Vibe Coding - AI와 함께 Claude Skills 효율적으로 공부하기 이어서 진행합니다.,"Jan 12, 2026",6415,0
2023-08-06,UqllanMkHvo,재미로 하는 Vibe Coding - AI와 함께 Claude Skills 효율적으로 공부하기 이어서 진행합니다.,"Jan 12, 2026",6415,0
2023-08-07,UqllanMkHvo,재미로 하는 Vibe Coding - AI와 함께 Claude Skills 효율적으로 공부하기 이어서 진행합니다.,"Jan 12, 2026",6415,0
2023-08-08,UqllanMkHvo,재미로 하는 Vibe Coding - AI와 함께 Claude Skills 효율적으로 공부하기 이어서 진행합니다.,"Jan 12, 2026",6415,0
2023-08-09,UqllanMkHvo,재미로 하는 Vibe Coding - AI와 함께 Claude Skills 효율적으로 공부하기 이어서 진행합니다.,"Jan 12, 2026",6415,0
2023-08-10,UqllanMkHvo,재미로 하는 Vibe Coding - AI와 함께 Claude Skills 효율적으로 공부하기 이어서 진행합니다.,"Jan 12, 2026",6415,0
2023-08-11,UqllanMkHvo,재미로 하는 Vibe Coding - AI와 함께 Claude Skills 효율적으로 공부하기 이어서 진행합니다.,"Jan 12, 2026",6415,0
2023-08-12,UqllanMkHvo,재미로 하는 Vibe Coding - AI와 함께 Claude Skills 효율적으로 공부하기 이어서 진행합니다.,"Jan 12, 2026",6415,0
2023-08-13,UqllanMkHvo,재미로 하는 Vibe Coding - AI와 함께 Claude Skills 효율적으로 공부하기 이어서 진행합니다.,"Jan 12, 2026",6415,0
2023-08-14,UqllanMkHvo,재미로 하는 Vibe Coding - AI와 함께 Claude Skills 효율적으로 공부하기 이어서 진행합니다.,"Jan 12, 2026",6415,0
2023-08-15,UqllanMkHvo,재미로 하는 Vibe Coding - AI와 함께 Claude Skills 효율적으로 공부하기 이어서 진행합니다.,"Jan 12, 2026",6415,0
2023-08-16,UqllanMkHvo,재미로 하는 Vibe Coding - AI와 함께 Claude Skills 효율적으로 공부하기 이어서 진행합니다.,"Jan 12, 2026",6415,0
2023-08-17,UqllanMkHvo,재미로 하는 Vibe Coding - AI와 함께 Claude Skills 효율적으로 공부하기 이어서 진행합니다.,"Jan 12, 2026",6415,0
2023-08-18,UqllanMkHvo,재미로 하는 Vibe Coding - AI와 함께 Claude Skills 효율적으로 공부하기 이어서 진행합니다.,"Jan 12, 2026",6415,0
2023-08-19,UqllanMkHvo,재미로 하는 Vibe Coding - AI와 함께 Claude Skills 효율적으로 공부하기 이어서 진행합니다.,"Jan 12, 2026",6415,0
2023-08-20,UqllanMkHvo,재미로 하는 Vibe Coding - AI와 함께 Claude Skills 효율적으로 공부하기 이어서 진행합니다.,"Jan 12, 2026",6415,0
2023-08-21,UqllanMkHvo,재미로 하는 Vibe Coding - AI와 함께 Claude Skills 효율적으로 공부하기 이어서 진행합니다.,"Jan 12, 2026",6415,0
2023-08-22,UqllanMkHvo,재미로 하는 Vibe Coding - AI와 함께 Claude Skills 효율적으로 공부하기 이어서 진행합니다.,"Jan 12, 2026",6415,0
2023-08-23,UqllanMkHvo,재미로 하는 Vibe Coding - AI와 함께 Claude Skills 효율적으로 공부하기 이어서 진행합니다.,"Jan 12, 2026",6415,0
2023-08-24,UqllanMkHvo,재미로 하는 Vibe Coding - AI와 함께 Claude Skills 효율적으로 공부하기 이어서 진행합니다.,"Jan 12, 2026",6415,0
2023-08-25,UqllanMkHvo,재미로 하는 Vibe Coding - AI와 함께 Claude Skills 효율적으로 공부하기 이어서 진행합니다.,"Jan 12, 2026",6415,0
2023-08-26,UqllanMkHvo,재미로 하는 Vibe Coding - AI와 함께 Claude Skills 효율적으로 공부하기 이어서 진행합니다.,"Jan 12, 2026",6415,0
2023-08-27,UqllanMkHvo,재미로 하는 Vibe Coding - AI와 함께 Claude Skills 효율적으로 공부하기 이어서 진행합니다.,"Jan 12, 2026",6415,0
2023-08-28,UqllanMkHvo,재미로 하는 Vibe Coding - AI와 함께 Claude Skills 효율적으로 공부하기 이어서 진행합니다.,"Jan 12, 2026",6415,0
2023-08-29,UqllanMkHvo,재미로 하는 Vibe Coding - AI와 함께 Claude Skills 효율적으로 공부하기 이어서 진행합니다.,"Jan 12, 2026",6415,0
2023-08-30,UqllanMkHvo,재미로 하는 Vibe Coding - AI와 함께 Claude Skills 효율적으로 공부하기 이어서 진행합니다.,"Jan 12, 2026",6415,0
2023-08-31,UqllanMkHvo,재미로 하는 Vibe Coding - AI와 함께 Claude Skills 효율적으로 공부하기 이어서 진행합니다.,"Jan 12, 2026",6415,0
2023-09-01,UqllanMkHvo,재미로 하는 Vibe Coding - AI와 함께 Claude Skills 효율적으로 공부하기 이어서 진행합니다.,"Jan 12, 2026",6415,0
2023-09-02,UqllanMkHvo,재미로 하는 Vibe Coding - AI와 함께 Claude Skills 효율적으로 공부하기 이어서 진행합니다.,"Jan 12, 2026",6415,0
2023-09-03,UqllanMkHvo,재미로 하는 Vibe Coding - AI와 함께 Claude Skills 효율적으로 공부하기 이어서 진행합니다.,"Jan 12, 2026",6415,0
2023-09-04,UqllanMkHvo,재미로 하는 Vibe Coding - AI와 함께 Claude Skills 효율적으로 공부하기 이어서 진행합니다.,"Jan 12, 2026",6415,0
2023-09-05,UqllanMkHvo,재미로 하는 Vibe Coding - AI와 함께 Claude Skills 효율적으로 공부하기 이어서 진행합니다.,"Jan 12, 2026",6415,0
2023-09-06,UqllanMkHvo,재미로 하는 Vibe Coding - AI와 함께 Claude Skills 효율적으로 공부하기 이어서 진행합니다.,"Jan 12, 2026",6415,0
2023-09-07,UqllanMkHvo,재미로 하는 Vibe Coding - AI와 함께 Claude Skills 효율적으로 공부하기 이어서 진행합니다.,"Jan 12, 2026",6415,0
2023-09-08,UqllanMkHvo,재미로 하는 Vibe Coding - AI와 함께 Claude Skills 효율적으로 공부하기 이어서 진행합니다.,"Jan 12, 2026",6415,0
2023-09-09,UqllanMkHvo,재미로 하는 Vibe Coding - AI와 함께 Claude Skills 효율적으로 공부하기 이어서 진행합니다.,"Jan 12, 2026",6415,0
2023-09-10,UqllanMkHvo,재미로 하는 Vibe Coding - AI와 함께 Claude Skills 효율적으로 공부하기 이어서 진행합니다.,"Jan 12, 2026",6415,0
2023-09-11,UqllanMkHvo,재미로 하는 Vibe Coding - AI와 함께 Claude Skills 효율적으로 공부하기 이어서 진행합니다.,"Jan 12, 2026",6415,0
2023-09-12,UqllanMkHvo,재미로 하는 Vibe Coding - AI와 함께 Claude Skills 효율적으로 공부하기 이어서 진행합니다.,"Jan 12, 2026",6415,0
2023-09-13,UqllanMkHvo,재미로 하는 Vibe Coding - AI와 함께 Claude Skills 효율적으로 공부하기 이어서 진행합니다.,"Jan 12, 2026",6415,0
2023-09-14,UqllanMkHvo,재미로 하는 Vibe Coding - AI와 함께 Claude Skills 효율적으로 공부하기 이어서 진행합니다.,"Jan 12, 2026",6415,0
2023-09-15,UqllanMkHvo,재미로 하는 Vibe Coding - AI와 함께 Claude Skills 효율적으로 공부하기 이어서 진행합니다.,"Jan 12, 2026",6415,0
2023-09-16,UqllanMkHvo,재미로 하는 Vibe Coding - AI와 함께 Claude Skills 효율적으로 공부하기 이어서 진행합니다.,"Jan 12, 2026",6415,0
2023-09-17,UqllanMkHvo,재미로 하는 Vibe Coding - AI와 함께 Claude Skills 효율적으로 공부하기 이어서 진행합니다.,"Jan 12, 2026",6415,0
2023-09-18,UqllanMkHvo,재미로 하는 Vibe Coding - AI와 함께 Claude Skills 효율적으로 공부하기 이어서 진행합니다.,"Jan 12, 2026",6415,0
2023-09-19,UqllanMkHvo,재미로 하는 Vibe Coding - AI와 함께 Claude Skills 효율적으로 공부하기 이어서 진행합니다.,"Jan 12, 2026",6415,0
2023-09-20,UqllanMkHvo,재미로 하는 Vibe Coding - AI와 함께 Claude Skills 효율적으로 공부하기 이어서 진행합니다.,"Jan 12, 2026",6415,0
2023-09-21,UqllanMkHvo,재미로 하는 Vibe Coding - AI와 함께 Claude Skills 효율적으로 공부하기 이어서 진행합니다.,"Jan 12, 2026",6415,0
2023-09-22,UqllanMkHvo,재미로 하는 Vibe Coding - AI와 함께 Claude Skills 효율적으로 공부하기 이어서 진행합니다.,"Jan 12, 2026",6415,0
2023-09-23,UqllanMkHvo,재미로 하는 Vibe Coding - AI와 함께 Claude Skills 효율적으로 공부하기 이어서 진행합니다.,"Jan 12, 2026",6415,0
2023-09-24,UqllanMkHvo,재미로 하는 Vibe Coding - AI와 함께 Claude Skills 효율적으로 공부하기 이어서 진행합니다.,"Jan 12, 2026",6415,0
2023-09-25,UqllanMkHvo,재미로 하는 Vibe Coding - AI와 함께 Claude Skills 효율적으로 공부하기 이어서 진행합니다.,"Jan 12, 2026",6415,0
2023-09-26,UqllanMkHvo,재미로 하는 Vibe Coding - AI와 함께 Claude Skills 효율적으로 공부하기 이어서 진행합니다.,"Jan 12, 2026",6415,0
2023-09-27,UqllanMkHvo,재미로 하는 Vibe Coding - AI와 함께 Claude Skills 효율적으로 공부하기 이어서 진행합니다.,"Jan 12, 2026",6415,0
2023-09-28,UqllanMkHvo,재미로 하는 Vibe Coding - AI와 함께 Claude Skills 효율적으로 공부하기 이어서 진행합니다.,"Jan 12, 2026",6415,0
2023-09-29,UqllanMkHvo,재미로 하는 Vibe Coding - AI와 함께 Claude Skills 효율적으로 공부하기 이어서 진행합니다.,"Jan 12, 2026",6415,0
2023-09-30,UqllanMkHvo,재미로 하는 Vibe Coding - AI와 함께 Claude Skills 효율적으로 공부하기 이어서 진행합니다.,"Jan 12, 2026",6415,0
2023-10-01,UqllanMkHvo,재미로 하는 Vibe Coding - AI와 함께 Claude Skills 효율적으로 공부하기 이어서 진행합니다.,"Jan 12, 2026",6415,0
2023-10-02,UqllanMkHvo,재미로 하는 Vibe Coding - AI와 함께 Claude Skills 효율적으로 공부하기 이어서 진행합니다.,"Jan 12, 2026",6415,0
2023-10-03,UqllanMkHvo,재미로 하는 Vibe Coding - AI와 함께 Claude Skills 효율적으로 공부하기 이어서 진행합니다.,"Jan 12, 2026",6415,0
2023-10-04,UqllanMkHvo,재미로 하는 Vibe Coding - AI와 함께 Claude Skills 효율적으로 공부하기 이어서 진행합니다.,"Jan 12, 2026",6415,0
2023-10-05,UqllanMkHvo,재미로 하는 Vibe Coding - AI와 함께 Claude Skills 효율적으로 공부하기 이어서 진행합니다.,"Jan 12, 2026",6415,0
2023-10-06,UqllanMkHvo,재미로 하는 Vibe Coding - AI와 함께 Claude Skills 효율적으로 공부하기 이어서 진행합니다.,"Jan 12, 2026",6415,0
2023-10-07,UqllanMkHvo,재미로 하는 Vibe Coding - AI와 함께 Claude Skills 효율적으로 공부하기 이어서 진행합니다.,"Jan 12, 2026",6415,0
2023-10-08,UqllanMkHvo,재미로 하는 Vibe Coding - AI와 함께 Claude Skills 효율적으로 공부하기 이어서 진행합니다.,"Jan 12, 2026",6415,0
2023-10-09,UqllanMkHvo,재미로 하는 Vibe Coding - AI와 함께 Claude Skills 효율적으로 공부하기 이어서 진행합니다.,"Jan 12, 2026",6415,0
2023-10-10,UqllanMkHvo,재미로 하는 Vibe Coding - AI와 함께 Claude Skills 효율적으로 공부하기 이어서 진행합니다.,"Jan 12, 2026",6415,0
2023-10-11,UqllanMkHvo,재미로 하는 Vibe Coding - AI와 함께 Claude Skills 효율적으로 공부하기 이어서 진행합니다.,"Jan 12, 2026",6415,0
2023-10-12,UqllanMkHvo,재미로 하는 Vibe Coding - AI와 함께 Claude Skills 효율적으로 공부하기 이어서 진행합니다.,"Jan 12, 2026",6415,0
2023-10-13,UqllanMkHvo,재미로 하는 Vibe Coding - AI와 함께 Claude Skills 효율적으로 공부하기 이어서 진행합니다.,"Jan 12, 2026",6415,0
2023-10-14,UqllanMkHvo,재미로 하는 Vibe Coding - AI와 함께 Claude Skills 효율적으로 공부하기 이어서 진행합니다.,"Jan 12, 2026",6415,0
2023-10-15,UqllanMkHvo,재미로 하는 Vibe Coding - AI와 함께 Claude Skills 효율적으로 공부하기 이어서 진행합니다.,"Jan 12, 2026",6415,0
2023-10-16,UqllanMkHvo,재미로 하는 Vibe Coding - AI와 함께 Claude Skills 효율적으로 공부하기 이어서 진행합니다.,"Jan 12, 2026",6415,0
2023-10-17,UqllanMkHvo,재미로 하는 Vibe Coding - AI와 함께 Claude Skills 효율적으로 공부하기 이어서 진행합니다.,"Jan 12, 2026",6415,0
2023-10-18,UqllanMkHvo,재미로 하는 Vibe Coding - AI와 함께 Claude Skills 효율적으로 공부하기 이어서 진행합니다.,"Jan 12, 2026",6415,0
2023-10-19,UqllanMkHvo,재미로 하는 Vibe Coding - AI와 함께 Claude Skills 효율적으로 공부하기 이어서 진행합니다.,"Jan 12, 2026",6415,0
2023-10-20,UqllanMkHvo,재미로 하는 Vibe Coding - AI와 함께 Claude Skills 효율적으로 공부하기 이어서 진행합니다.,"Jan 12, 2026",6415,0
2023-10-21,UqllanMkHvo,재미로 하는 Vibe Coding - AI와 함께 Claude Skills 효율적으로 공부하기 이어서 진행합니다.,"Jan 12, 2026",6415,0
2023-10-22,UqllanMkHvo,재미로 하는 Vibe Coding - AI와 함께 Claude Skills 효율적으로 공부하기 이어서 진행합니다.,"Jan 12, 2026",6415,0
2023-10-23,UqllanMkHvo,재미로 하는 Vibe Coding - AI와 함께 Claude Skills 효율적으로 공부하기 이어서 진행합니다.,"Jan 12, 2026",6415,0
2023-10-24,UqllanMkHvo,재미로 하는 Vibe Coding - AI와 함께 Claude Skills 효율적으로 공부하기 이어서 진행합니다.,"Jan 12, 2026",6415,0
2023-10-25,UqllanMkHvo,재미로 하는 Vibe Coding - AI와 함께 Claude Skills 효율적으로 공부하기 이어서 진행합니다.,"Jan 12, 2026",6415,0
2023-10-26,UqllanMkHvo,재미로 하는 Vibe Coding - AI와 함께 Claude Skills 효율적으로 공부하기 이어서 진행합니다.,"Jan 12, 2026",6415,0
2023-10-27,UqllanMkHvo,재미로 하는 Vibe Coding - AI와 함께 Claude Skills 효율적으로 공부하기 이어서 진행합니다.,"Jan 12, 2026",6415,0
2023-10-28,UqllanMkHvo,재미로 하는 Vibe Coding - AI와 함께 Claude Skills 효율적으로 공부하기 이어서 진행합니다.,"Jan 12, 2026",6415,0
2023-10-29,UqllanMkHvo,재미로 하는 Vibe Coding - AI와 함께 Claude Skills 효율적으로 공부하기 이어서 진행합니다.,"Jan 12, 2026",6415,0
2023-10-30,UqllanMkHvo,재미로 하는 Vibe Coding - AI와 함께 Claude Skills 효율적으로 공부하기 이어서 진행합니다.,"Jan 12, 2026",6415,0
2023-10-31,UqllanMkHvo,재미로 하는 Vibe Coding - AI와 함께 Claude Skills 효율적으로 공부하기 이어서 진행합니다.,"Jan 12, 2026",6415,0
2023-11-01,UqllanMkHvo,재미로 하는 Vibe Coding - AI와 함께 Claude Skills 효율적으로 공부하기 이어서 진행합니다.,"Jan 12, 2026",6415,0
2023-11-02,UqllanMkHvo,재미로 하는 Vibe Coding - AI와 함께 Claude Skills 효율적으로 공부하기 이어서 진행합니다.,"Jan 12, 2026",6415,0
2023-11-03,UqllanMkHvo,재미로 하는 Vibe Coding - AI와 함께 Claude Skills 효율적으로 공부하기 이어서 진행합니다.,"Jan 12, 2026",6415,0
2023-11-04,UqllanMkHvo,재미로 하는 Vibe Coding - AI와 함께 Claude Skills 효율적으로 공부하기 이어서 진행합니다.,"Jan 12, 2026",6415,0
2023-11-05,UqllanMkHvo,재미로 하는 Vibe Coding - AI와 함께 Claude Skills 효율적으로 공부하기 이어서 진행합니다.,"Jan 12, 2026",6415,0
2023-11-06,UqllanMkHvo,재미로 하는 Vibe Coding - AI와 함께 Claude Skills 효율적으로 공부하기 이어서 진행합니다.,"Jan 12, 2026",6415,0
2023-11-07,UqllanMkHvo,재미로 하는 Vibe Coding - AI와 함께 Claude Skills 효율적으로 공부하기 이어서 진행합니다.,"Jan 12, 2026",6415,0
2023-11-08,UqllanMkHvo,재미로 하는 Vibe Coding - AI와 함께 Claude Skills 효율적으로 공부하기 이어서 진행합니다.,"Jan 12, 2026",6415,0
2023-11-09,UqllanMkHvo,재미로 하는 Vibe Coding - AI와 함께 Claude Skills 효율적으로 공부하기 이어서 진행합니다.,"Jan 12, 2026",6415,0
2023-11-10,UqllanMkHvo,재미로 하는 Vibe Coding - AI와 함께 Claude Skills 효율적으로 공부하기 이어서 진행합니다.,"Jan 12, 2026",6415,0
2023-11-11,UqllanMkHvo,재미로 하는 Vibe Coding - AI와 함께 Claude Skills 효율적으로 공부하기 이어서 진행합니다.,"Jan 12, 2026",6415,0
2023-11-12,UqllanMkHvo,재미로 하는 Vibe Coding - AI와 함께 Claude Skills 효율적으로 공부하기 이어서 진행합니다.,"Jan 12, 2026",6415,0
2023-11-13,UqllanMkHvo,재미로 하는 Vibe Coding - AI와 함께 Claude Skills 효율적으로 공부하기 이어서 진행합니다.,"Jan 12, 2026",6415,0
2023-11-14,UqllanMkHvo,재미로 하는 Vibe Coding - AI와 함께 Claude Skills 효율적으로 공부하기 이어서 진행합니다.,"Jan 12, 2026",6415,0
2023-11-15,UqllanMkHvo,재미로 하는 Vibe Coding - AI와 함께 Claude Skills 효율적으로 공부하기 이어서 진행합니다.,"Jan 12, 2026",6415,0
2023-11-16,UqllanMkHvo,재미로 하는 Vibe Coding - AI와 함께 Claude Skills 효율적으로 공부하기 이어서 진행합니다.,"Jan 12, 2026",6415,0
2023-11-17,UqllanMkHvo,재미로 하는 Vibe Coding - AI와 함께 Claude Skills 효율적으로 공부하기 이어서 진행합니다.,"Jan 12, 2026",6415,0
2023-11-18,UqllanMkHvo,재미로 하는 Vibe Coding - AI와 함께 Claude Skills 효율적으로 공부하기 이어서 진행합니다.,"Jan 12, 2026",6415,0
2023-11-19,UqllanMkHvo,재미로 하는 Vibe Coding - AI와 함께 Claude Skills 효율적으로 공부하기 이어서 진행합니다.,"Jan 12, 2026",6415,0
2023-11-20,UqllanMkHvo,재미로 하는 Vibe Coding - AI와 함께 Claude Skills 효율적으로 공부하기 이어서 진행합니다.,"Jan 12, 2026",6415,0
2023-11-21,UqllanMkHvo,재미로 하는 Vibe Coding - AI와 함께 Claude Skills 효율적으로 공부하기 이어서 진행합니다.,"Jan 12, 2026",6415,0
2023-11-22,UqllanMkHvo,재미로 하는 Vibe Coding - AI와 함께 Claude Skills 효율적으로 공부하기 이어서 진행합니다.,"Jan 12, 2026",6415,0
2023-11-23,UqllanMkHvo,재미로 하는 Vibe Coding - AI와 함께 Claude Skills 효율적으로 공부하기 이어서 진행합니다.,"Jan 12, 2026",6415,0
2023-11-24,UqllanMkHvo,재미로 하는 Vibe Coding - AI와 함께 Claude Skills 효율적으로 공부하기 이어서 진행합니다.,"Jan 12, 2026",6415,0
2023-11-25,UqllanMkHvo,재미로 하는 Vibe Coding - AI와 함께 Claude Skills 효율적으로 공부하기 이어서 진행합니다.,"Jan 12, 2026",6415,0
2023-11-26,UqllanMkHvo,재미로 하는 Vibe Coding - AI와 함께 Claude Skills 효율적으로 공부하기 이어서 진행합니다.,"Jan 12, 2026",6415,0
2023-11-27,UqllanMkHvo,재미로 하는 Vibe Coding - AI와 함께 Claude Skills 효율적으로 공부하기 이어서 진행합니다.,"Jan 12, 2026",6415,0
2023-11-28,UqllanMkHvo,재미로 하는 Vibe Coding - AI와 함께 Claude Skills 효율적으로 공부하기 이어서 진행합니다.,"Jan 12, 2026",6415,0
2023-11-29,UqllanMkHvo,재미로 하는 Vibe Coding - AI와 함께 Claude Skills 효율적으로 공부하기 이어서 진행합니다.,"Jan 12, 2026",6415,0
2023-11-30,UqllanMkHvo,재미로 하는 Vibe Coding - AI와 함께 Claude Skills 효율적으로 공부하기 이어서 진행합니다.,"Jan 12, 2026",6415,0
2023-12-01,UqllanMkHvo,재미로 하는 Vibe Coding - AI와 함께 Claude Skills 효율적으로 공부하기 이어서 진행합니다.,"Jan 12, 2026",6415,0
2023-12-02,UqllanMkHvo,재미로 하는 Vibe Coding - AI와 함께 Claude Skills 효율적으로 공부하기 이어서 진행합니다.,"Jan 12, 2026",6415,0
2023-12-03,UqllanMkHvo,재미로 하는 Vibe Coding - AI와 함께 Claude Skills 효율적으로 공부하기 이어서 진행합니다.,"Jan 12, 2026",6415,0
2023-12-04,UqllanMkHvo,재미로 하는 Vibe Coding - AI와 함께 Claude Skills 효율적으로 공부하기 이어서 진행합니다.,"Jan 12, 2026",6415,0
2023-12-05,UqllanMkHvo,재미로 하는 Vibe Coding - AI와 함께 Claude Skills 효율적으로 공부하기 이어서 진행합니다.,"Jan 12, 2026",6415,0
2023-12-06,UqllanMkHvo,재미로 하는 Vibe Coding - AI와 함께 Claude Skills 효율적으로 공부하기 이어서 진행합니다.,"Jan 12, 2026",6415,0
2023-12-07,UqllanMkHvo,재미로 하는 Vibe Coding - AI와 함께 Claude Skills 효율적으로 공부하기 이어서 진행합니다.,"Jan 12, 2026",6415,0
2023-12-08,UqllanMkHvo,재미로 하는 Vibe Coding - AI와 함께 Claude Skills 효율적으로 공부하기 이어서 진행합니다.,"Jan 12, 2026",6415,0
2023-12-09,UqllanMkHvo,재미로 하는 Vibe Coding - AI와 함께 Claude Skills 효율적으로 공부하기 이어서 진행합니다.,"Jan 12, 2026",6415,0
2023-12-10,UqllanMkHvo,재미로 하는 Vibe Coding - AI와 함께 Claude Skills 효율적으로 공부하기 이어서 진행합니다.,"Jan 12, 2026",6415,0
2023-12-11,UqllanMkHvo,재미로 하는 Vibe Coding - AI와 함께 Claude Skills 효율적으로 공부하기 이어서 진행합니다.,"Jan 12, 2026",6415,0
2023-12-12,UqllanMkHvo,재미로 하는 Vibe Coding - AI와 함께 Claude Skills 효율적으로 공부하기 이어서 진행합니다.,"Jan 12, 2026",6415,0
2023-12-13,UqllanMkHvo,재미로 하는 Vibe Coding - AI와 함께 Claude Skills 효율적으로 공부하기 이어서 진행합니다.,"Jan 12, 2026",6415,0
2023-12-14,UqllanMkHvo,재미로 하는 Vibe Coding - AI와 함께 Claude Skills 효율적으로 공부하기 이어서 진행합니다.,"Jan 12, 2026",6415,0
2023-12-15,UqllanMkHvo,재미로 하는 Vibe Coding - AI와 함께 Claude Skills 효율적으로 공부하기 이어서 진행합니다.,"Jan 12, 2026",6415,0
2023-12-16,UqllanMkHvo,재미로 하는 Vibe Coding - AI와 함께 Claude Skills 효율적으로 공부하기 이어서 진행합니다.,"Jan 12, 2026",6415,0
2023-12-17,UqllanMkHvo,재미로 하는 Vibe Coding - AI와 함께 Claude Skills 효율적으로 공부하기 이어서 진행합니다.,"Jan 12, 2026",6415,0
2023-12-18,UqllanMkHvo,재미로 하는 Vibe Coding - AI와 함께 Claude Skills 효율적으로 공부하기 이어서 진행합니다.,"Jan 12, 2026",6415,0
2023-12-19,UqllanMkHvo,재미로 하는 Vibe Coding - AI와 함께 Claude Skills 효율적으로 공부하기 이어서 진행합니다.,"Jan 12, 2026",6415,0
2023-12-20,UqllanMkHvo,재미로 하는 Vibe Coding - AI와 함께 Claude Skills 효율적으로 공부하기 이어서 진행합니다.,"Jan 12, 2026",6415,0
2023-12-21,UqllanMkHvo,재미로 하는 Vibe Coding - AI와 함께 Claude Skills 효율적으로 공부하기 이어서 진행합니다.,"Jan 12, 2026",6415,0
2023-12-22,UqllanMkHvo,재미로 하는 Vibe Coding - AI와 함께 Claude Skills 효율적으로 공부하기 이어서 진행합니다.,"Jan 12, 2026",6415,0
2023-12-23,UqllanMkHvo,재미로 하는 Vibe Coding - AI와 함께 Claude Skills 효율적으로 공부하기 이어서 진행합니다.,"Jan 12, 2026",6415,0
2023-12-24,UqllanMkHvo,재미로 하는 Vibe Coding - AI와 함께 Claude Skills 효율적으로 공부하기 이어서 진행합니다.,"Jan 12, 2026",6415,0
2023-12-25,UqllanMkHvo,재미로 하는 Vibe Coding - AI와 함께 Claude Skills 효율적으로 공부하기 이어서 진행합니다.,"Jan 12, 2026",6415,0
2023-12-26,UqllanMkHvo,재미로 하는 Vibe Coding - AI와 함께 Claude Skills 효율적으로 공부하기 이어서 진행합니다.,"Jan 12, 2026",6415,0
2023-12-27,UqllanMkHvo,재미로 하는 Vibe Coding - AI와 함께 Claude Skills 효율적으로 공부하기 이어서 진행합니다.,"Jan 12, 2026",6415,0
2023-12-28,UqllanMkHvo,재미로 하는 Vibe Coding - AI와 함께 Claude Skills 효율적으로 공부하기 이어서 진행합니다.,"Jan 12, 2026",6415,0
2023-12-29,UqllanMkHvo,재미로 하는 Vibe Coding - AI와 함께 Claude Skills 효율적으로 공부하기 이어서 진행합니다.,"Jan 12, 2026",6415,0
2023-12-30,UqllanMkHvo,재미로 하는 Vibe Coding - AI와 함께 Claude Skills 효율적으로 공부하기 이어서 진행합니다.,"Jan 12, 2026",6415,0
2023-12-31,UqllanMkHvo,재미로 하는 Vibe Coding - AI와 함께 Claude Skills 효율적으로 공부하기 이어서 진행합니다.,"Jan 12, 2026",6415,0
2024-01-01,UqllanMkHvo,재미로 하는 Vibe Coding - AI와 함께 Claude Skills 효율적으로 공부하기 이어서 진행합니다.,"Jan 12, 2026",6415,0
2024-01-02,UqllanMkHvo,재미로 하는 Vibe Coding - AI와 함께 Claude Skills 효율적으로 공부하기 이어서 진행합니다.,"Jan 12, 2026",6415,0
2024-01-03,UqllanMkHvo,재미로 하는 Vibe Coding - AI와 함께 Claude Skills 효율적으로 공부하기 이어서 진행합니다.,"Jan 12, 2026",6415,0
2024-01-04,UqllanMkHvo,재미로 하는 Vibe Coding - AI와 함께 Claude Skills 효율적으로 공부하기 이어서 진행합니다.,"Jan 12, 2026",6415,0
2024-01-05,UqllanMkHvo,재미로 하는 Vibe Coding - AI와 함께 Claude Skills 효율적으로 공부하기 이어서 진행합니다.,"Jan 12, 2026",6415,0
2024-01-06,UqllanMkHvo,재미로 하는 Vibe Coding - AI와 함께 Claude Skills 효율적으로 공부하기 이어서 진행합니다.,"Jan 12, 2026",6415,0
2024-01-07,UqllanMkHvo,재미로 하는 Vibe Coding - AI와 함께 Claude Skills 효율적으로 공부하기 이어서 진행합니다.,"Jan 12, 2026",6415,0
2024-01-08,UqllanMkHvo,재미로 하는 Vibe Coding - AI와 함께 Claude Skills 효율적으로 공부하기 이어서 진행합니다.,"Jan 12, 2026",6415,0
2024-01-09,UqllanMkHvo,재미로 하는 Vibe Coding - AI와 함께 Claude Skills 효율적으로 공부하기 이어서 진행합니다.,"Jan 12, 2026",6415,0
2024-01-10,UqllanMkHvo,재미로 하는 Vibe Coding - AI와 함께 Claude Skills 효율적으로 공부하기 이어서 진행합니다.,"Jan 12, 2026",6415,0
2024-01-11,UqllanMkHvo,재미로 하는 Vibe Coding - AI와 함께 Claude Skills 효율적으로 공부하기 이어서 진행합니다.,"Jan 12, 2026",6415,0
2024-01-12,UqllanMkHvo,재미로 하는 Vibe Coding - AI와 함께 Claude Skills 효율적으로 공부하기 이어서 진행합니다.,"Jan 12, 2026",6415,0
2024-01-13,UqllanMkHvo,재미로 하는 Vibe Coding - AI와 함께 Claude Skills 효율적으로 공부하기 이어서 진행합니다.,"Jan 12, 2026",6415,0
2024-01-14,UqllanMkHvo,재미로 하는 Vibe Coding - AI와 함께 Claude Skills 효율적으로 공부하기 이어서 진행합니다.,"Jan 12, 2026",6415,0
2024-01-15,UqllanMkHvo,재미로 하는 Vibe Coding - AI와 함께 Claude Skills 효율적으로 공부하기 이어서 진행합니다.,"Jan 12, 2026",6415,0
2024-01-16,UqllanMkHvo,재미로 하는 Vibe Coding - AI와 함께 Claude Skills 효율적으로 공부하기 이어서 진행합니다.,"Jan 12, 2026",6415,0
2024-01-17,UqllanMkHvo,재미로 하는 Vibe Coding - AI와 함께 Claude Skills 효율적으로 공부하기 이어서 진행합니다.,"Jan 12, 2026",6415,0
2024-01-18,UqllanMkHvo,재미로 하는 Vibe Coding - AI와 함께 Claude Skills 효율적으로 공부하기 이어서 진행합니다.,"Jan 12, 2026",6415,0
2024-01-19,UqllanMkHvo,재미로 하는 Vibe Coding - AI와 함께 Claude Skills 효율적으로 공부하기 이어서 진행합니다.,"Jan 12, 2026",6415,0
2024-01-20,UqllanMkHvo,재미로 하는 Vibe Coding - AI와 함께 Claude Skills 효율적으로 공부하기 이어서 진행합니다.,"Jan 12, 2026",6415,0
2024-01-21,UqllanMkHvo,재미로 하는 Vibe Coding - AI와 함께 Claude Skills 효율적으로 공부하기 이어서 진행합니다.,"Jan 12, 2026",6415,0
2024-01-22,UqllanMkHvo,재미로 하는 Vibe Coding - AI와 함께 Claude Skills 효율적으로 공부하기 이어서 진행합니다.,"Jan 12, 2026",6415,0
2024-01-23,UqllanMkHvo,재미로 하는 Vibe Coding - AI와 함께 Claude Skills 효율적으로 공부하기 이어서 진행합니다.,"Jan 12, 2026",6415,0
2024-01-24,UqllanMkHvo,재미로 하는 Vibe Coding - AI와 함께 Claude Skills 효율적으로 공부하기 이어서 진행합니다.,"Jan 12, 2026",6415,0
2024-01-25,UqllanMkHvo,재미로 하는 Vibe Coding - AI와 함께 Claude Skills 효율적으로 공부하기 이어서 진행합니다.,"Jan 12, 2026",6415,0
2024-01-26,UqllanMkHvo,재미로 하는 Vibe Coding - AI와 함께 Claude Skills 효율적으로 공부하기 이어서 진행합니다.,"Jan 12, 2026",6415,0
2024-01-27,UqllanMkHvo,재미로 하는 Vibe Coding - AI와 함께 Claude Skills 효율적으로 공부하기 이어서 진행합니다.,"Jan 12, 2026",6415,0
2024-01-28,UqllanMkHvo,재미로 하는 Vibe Coding - AI와 함께 Claude Skills 효율적으로 공부하기 이어서 진행합니다.,"Jan 12, 2026",6415,0
2024-01-29,UqllanMkHvo,재미로 하는 Vibe Coding - AI와 함께 Claude Skills 효율적으로 공부하기 이어서 진행합니다.,"Jan 12, 2026",6415,0
2024-01-30,UqllanMkHvo,재미로 하는 Vibe Coding - AI와 함께 Claude Skills 효율적으로 공부하기 이어서 진행합니다.,"Jan 12, 2026",6415,0
2024-01-31,UqllanMkHvo,재미로 하는 Vibe Coding - AI와 함께 Claude Skills 효율적으로 공부하기 이어서 진행합니다.,"Jan 12, 2026",6415,0
2024-02-01,UqllanMkHvo,재미로 하는 Vibe Coding - AI와 함께 Claude Skills 효율적으로 공부하기 이어서 진행합니다.,"Jan 12, 2026",6415,0
2024-02-02,UqllanMkHvo,재미로 하는 Vibe Coding - AI와 함께 Claude Skills 효율적으로 공부하기 이어서 진행합니다.,"Jan 12, 2026",6415,0
2024-02-03,UqllanMkHvo,재미로 하는 Vibe Coding - AI와 함께 Claude Skills 효율적으로 공부하기 이어서 진행합니다.,"Jan 12, 2026",6415,0
2024-02-04,UqllanMkHvo,재미로 하는 Vibe Coding - AI와 함께 Claude Skills 효율적으로 공부하기 이어서 진행합니다.,"Jan 12, 2026",6415,0
2024-02-05,UqllanMkHvo,재미로 하는 Vibe Coding - AI와 함께 Claude Skills 효율적으로 공부하기 이어서 진행합니다.,"Jan 12, 2026",6415,0
2024-02-06,UqllanMkHvo,재미로 하는 Vibe Coding - AI와 함께 Claude Skills 효율적으로 공부하기 이어서 진행합니다.,"Jan 12, 2026",6415,0
2024-02-07,UqllanMkHvo,재미로 하는 Vibe Coding - AI와 함께 Claude Skills 효율적으로 공부하기 이어서 진행합니다.,"Jan 12, 2026",6415,0
2024-02-08,UqllanMkHvo,재미로 하는 Vibe Coding - AI와 함께 Claude Skills 효율적으로 공부하기 이어서 진행합니다.,"Jan 12, 2026",6415,0
2024-02-09,UqllanMkHvo,재미로 하는 Vibe Coding - AI와 함께 Claude Skills 효율적으로 공부하기 이어서 진행합니다.,"Jan 12, 2026",6415,0
2024-02-10,UqllanMkHvo,재미로 하는 Vibe Coding - AI와 함께 Claude Skills 효율적으로 공부하기 이어서 진행합니다.,"Jan 12, 2026",6415,0
2024-02-11,UqllanMkHvo,재미로 하는 Vibe Coding - AI와 함께 Claude Skills 효율적으로 공부하기 이어서 진행합니다.,"Jan 12, 2026",6415,0
2024-02-12,UqllanMkHvo,재미로 하는 Vibe Coding - AI와 함께 Claude Skills 효율적으로 공부하기 이어서 진행합니다.,"Jan 12, 2026",6415,0
2024-02-13,UqllanMkHvo,재미로 하는 Vibe Coding - AI와 함께 Claude Skills 효율적으로 공부하기 이어서 진행합니다.,"Jan 12, 2026",6415,0
2024-02-14,UqllanMkHvo,재미로 하는 Vibe Coding - AI와 함께 Claude Skills 효율적으로 공부하기 이어서 진행합니다.,"Jan 12, 2026",6415,0
2024-02-15,UqllanMkHvo,재미로 하는 Vibe Coding - AI와 함께 Claude Skills 효율적으로 공부하기 이어서 진행합니다.,"Jan 12, 2026",6415,0
2024-02-16,UqllanMkHvo,재미로 하는 Vibe Coding - AI와 함께 Claude Skills 효율적으로 공부하기 이어서 진행합니다.,"Jan 12, 2026",6415,0
2024-02-17,UqllanMkHvo,재미로 하는 Vibe Coding - AI와 함께 Claude Skills 효율적으로 공부하기 이어서 진행합니다.,"Jan 12, 2026",6415,0
2024-02-18,UqllanMkHvo,재미로 하는 Vibe Coding - AI와 함께 Claude Skills 효율적으로 공부하기 이어서 진행합니다.,"Jan 12, 2026",6415,0
2024-02-19,UqllanMkHvo,재미로 하는 Vibe Coding - AI와 함께 Claude Skills 효율적으로 공부하기 이어서 진행합니다.,"Jan 12, 2026",6415,0
2024-02-20,UqllanMkHvo,재미로 하는 Vibe Coding - AI와 함께 Claude Skills 효율적으로 공부하기 이어서 진행합니다.,"Jan 12, 2026",6415,0
2024-02-21,UqllanMkHvo,재미로 하는 Vibe Coding - AI와 함께 Claude Skills 효율적으로 공부하기 이어서 진행합니다.,"Jan 12, 2026",6415,0
2024-02-22,UqllanMkHvo,재미로 하는 Vibe Coding - AI와 함께 Claude Skills 효율적으로 공부하기 이어서 진행합니다.,"Jan 12, 2026",6415,0
2024-02-23,UqllanMkHvo,재미로 하는 Vibe Coding - AI와 함께 Claude Skills 효율적으로 공부하기 이어서 진행합니다.,"Jan 12, 2026",6415,0
2024-02-24,UqllanMkHvo,재미로 하는 Vibe Coding - AI와 함께 Claude Skills 효율적으로 공부하기 이어서 진행합니다.,"Jan 12, 2026",6415,0
2024-02-25,UqllanMkHvo,재미로 하는 Vibe Coding - AI와 함께 Claude Skills 효율적으로 공부하기 이어서 진행합니다.,"Jan 12, 2026",6415,0
2024-02-26,UqllanMkHvo,재미로 하는 Vibe Coding - AI와 함께 Claude Skills 효율적으로 공부하기 이어서 진행합니다.,"Jan 12, 2026",6415,0
2024-02-27,UqllanMkHvo,재미로 하는 Vibe Coding - AI와 함께 Claude Skills 효율적으로 공부하기 이어서 진행합니다.,"Jan 12, 2026",6415,0
2024-02-28,UqllanMkHvo,재미로 하는 Vibe Coding - AI와 함께 Claude Skills 효율적으로 공부하기 이어서 진행합니다.,"Jan 12, 2026",6415,0
2024-02-29,UqllanMkHvo,재미로 하는 Vibe Coding - AI와 함께 Claude Skills 효율적으로 공부하기 이어서 진행합니다.,"Jan 12, 2026",6415,0
2024-03-01,UqllanMkHvo,재미로 하는 Vibe Coding - AI와 함께 Claude Skills 효율적으로 공부하기 이어서 진행합니다.,"Jan 12, 2026",6415,0
2024-03-02,UqllanMkHvo,재미로 하는 Vibe Coding - AI와 함께 Claude Skills 효율적으로 공부하기 이어서 진행합니다.,"Jan 12, 2026",6415,0
2024-03-03,UqllanMkHvo,재미로 하는 Vibe Coding - AI와 함께 Claude Skills 효율적으로 공부하기 이어서 진행합니다.,"Jan 12, 2026",6415,0
2024-03-04,UqllanMkHvo,재미로 하는 Vibe Coding - AI와 함께 Claude Skills 효율적으로 공부하기 이어서 진행합니다.,"Jan 12, 2026",6415,0
2024-03-05,UqllanMkHvo,재미로 하는 Vibe Coding - AI와 함께 Claude Skills 효율적으로 공부하기 이어서 진행합니다.,"Jan 12, 2026",6415,0
2024-03-06,UqllanMkHvo,재미로 하는 Vibe Coding - AI와 함께 Claude Skills 효율적으로 공부하기 이어서 진행합니다.,"Jan 12, 2026",6415,0
2024-03-07,UqllanMkHvo,재미로 하는 Vibe Coding - AI와 함께 Claude Skills 효율적으로 공부하기 이어서 진행합니다.,"Jan 12, 2026",6415,0
2024-03-08,UqllanMkHvo,재미로 하는 Vibe Coding - AI와 함께 Claude Skills 효율적으로 공부하기 이어서 진행합니다.,"Jan 12, 2026",6415,0
2024-03-09,UqllanMkHvo,재미로 하는 Vibe Coding - AI와 함께 Claude Skills 효율적으로 공부하기 이어서 진행합니다.,"Jan 12, 2026",6415,0
2024-03-10,UqllanMkHvo,재미로 하는 Vibe Coding - AI와 함께 Claude Skills 효율적으로 공부하기 이어서 진행합니다.,"Jan 12, 2026",6415,0
2024-03-11,UqllanMkHvo,재미로 하는 Vibe Coding - AI와 함께 Claude Skills 효율적으로 공부하기 이어서 진행합니다.,"Jan 12, 2026",6415,0
2024-03-12,UqllanMkHvo,재미로 하는 Vibe Coding - AI와 함께 Claude Skills 효율적으로 공부하기 이어서 진행합니다.,"Jan 12, 2026",6415,0
2024-03-13,UqllanMkHvo,재미로 하는 Vibe Coding - AI와 함께 Claude Skills 효율적으로 공부하기 이어서 진행합니다.,"Jan 12, 2026",6415,0
2024-03-14,UqllanMkHvo,재미로 하는 Vibe Coding - AI와 함께 Claude Skills 효율적으로 공부하기 이어서 진행합니다.,"Jan 12, 2026",6415,0
2024-03-15,UqllanMkHvo,재미로 하는 Vibe Coding - AI와 함께 Claude Skills 효율적으로 공부하기 이어서 진행합니다.,"Jan 12, 2026",6415,0
2024-03-16,UqllanMkHvo,재미로 하는 Vibe Coding - AI와 함께 Claude Skills 효율적으로 공부하기 이어서 진행합니다.,"Jan 12, 2026",6415,0
2024-03-17,UqllanMkHvo,재미로 하는 Vibe Coding - AI와 함께 Claude Skills 효율적으로 공부하기 이어서 진행합니다.,"Jan 12, 2026",6415,0
2024-03-18,UqllanMkHvo,재미로 하는 Vibe Coding - AI와 함께 Claude Skills 효율적으로 공부하기 이어서 진행합니다.,"Jan 12, 2026",6415,0
2024-03-19,UqllanMkHvo,재미로 하는 Vibe Coding - AI와 함께 Claude Skills 효율적으로 공부하기 이어서 진행합니다.,"Jan 12, 2026",6415,0
2024-03-20,UqllanMkHvo,재미로 하는 Vibe Coding - AI와 함께 Claude Skills 효율적으로 공부하기 이어서 진행합니다.,"Jan 12, 2026",6415,0
2024-03-21,UqllanMkHvo,재미로 하는 Vibe Coding - AI와 함께 Claude Skills 효율적으로 공부하기 이어서 진행합니다.,"Jan 12, 2026",6415,0
2024-03-22,UqllanMkHvo,재미로 하는 Vibe Coding - AI와 함께 Claude Skills 효율적으로 공부하기 이어서 진행합니다.,"Jan 12, 2026",6415,0
2024-03-23,UqllanMkHvo,재미로 하는 Vibe Coding - AI와 함께 Claude Skills 효율적으로 공부하기 이어서 진행합니다.,"Jan 12, 2026",6415,0
2024-03-24,UqllanMkHvo,재미로 하는 Vibe Coding - AI와 함께 Claude Skills 효율적으로 공부하기 이어서 진행합니다.,"Jan 12, 2026",6415,0
2024-03-25,UqllanMkHvo,재미로 하는 Vibe Coding - AI와 함께 Claude Skills 효율적으로 공부하기 이어서 진행합니다.,"Jan 12, 2026",6415,0
2024-03-26,UqllanMkHvo,재미로 하는 Vibe Coding - AI와 함께 Claude Skills 효율적으로 공부하기 이어서 진행합니다.,"Jan 12, 2026",6415,0
2024-03-27,UqllanMkHvo,재미로 하는 Vibe Coding - AI와 함께 Claude Skills 효율적으로 공부하기 이어서 진행합니다.,"Jan 12, 2026",6415,0
2024-03-28,UqllanMkHvo,재미로 하는 Vibe Coding - AI와 함께 Claude Skills 효율적으로 공부하기 이어서 진행합니다.,"Jan 12, 2026",6415,0
2024-03-29,UqllanMkHvo,재미로 하는 Vibe Coding - AI와 함께 Claude Skills 효율적으로 공부하기 이어서 진행합니다.,"Jan 12, 2026",6415,0
2024-03-30,UqllanMkHvo,재미로 하는 Vibe Coding - AI와 함께 Claude Skills 효율적으로 공부하기 이어서 진행합니다.,"Jan 12, 2026",6415,0
2024-03-31,UqllanMkHvo,재미로 하는 Vibe Coding - AI와 함께 Claude Skills 효율적으로 공부하기 이어서 진행합니다.,"Jan 12, 2026",6415,0
2024-04-01,UqllanMkHvo,재미로 하는 Vibe Coding - AI와 함께 Claude Skills 효율적으로 공부하기 이어서 진행합니다.,"Jan 12, 2026",6415,0
2024-04-02,UqllanMkHvo,재미로 하는 Vibe Coding - AI와 함께 Claude Skills 효율적으로 공부하기 이어서 진행합니다.,"Jan 12, 2026",6415,0
2024-04-03,UqllanMkHvo,재미로 하는 Vibe Coding - AI와 함께 Claude Skills 효율적으로 공부하기 이어서 진행합니다.,"Jan 12, 2026",6415,0
2024-04-04,UqllanMkHvo,재미로 하는 Vibe Coding - AI와 함께 Claude Skills 효율적으로 공부하기 이어서 진행합니다.,"Jan 12, 2026",6415,0
2024-04-05,UqllanMkHvo,재미로 하는 Vibe Coding - AI와 함께 Claude Skills 효율적으로 공부하기 이어서 진행합니다.,"Jan 12, 2026",6415,0
2024-04-06,UqllanMkHvo,재미로 하는 Vibe Coding - AI와 함께 Claude Skills 효율적으로 공부하기 이어서 진행합니다.,"Jan 12, 2026",6415,0
2024-04-07,UqllanMkHvo,재미로 하는 Vibe Coding - AI와 함께 Claude Skills 효율적으로 공부하기 이어서 진행합니다.,"Jan 12, 2026",6415,0
2024-04-08,UqllanMkHvo,재미로 하는 Vibe Coding - AI와 함께 Claude Skills 효율적으로 공부하기 이어서 진행합니다.,"Jan 12, 2026",6415,0
2024-04-09,UqllanMkHvo,재미로 하는 Vibe Coding - AI와 함께 Claude Skills 효율적으로 공부하기 이어서 진행합니다.,"Jan 12, 2026",6415,0
2024-04-10,UqllanMkHvo,재미로 하는 Vibe Coding - AI와 함께 Claude Skills 효율적으로 공부하기 이어서 진행합니다.,"Jan 12, 2026",6415,0
2024-04-11,UqllanMkHvo,재미로 하는 Vibe Coding - AI와 함께 Claude Skills 효율적으로 공부하기 이어서 진행합니다.,"Jan 12, 2026",6415,0
2024-04-12,UqllanMkHvo,재미로 하는 Vibe Coding - AI와 함께 Claude Skills 효율적으로 공부하기 이어서 진행합니다.,"Jan 12, 2026",6415,0
2024-04-13,UqllanMkHvo,재미로 하는 Vibe Coding - AI와 함께 Claude Skills 효율적으로 공부하기 이어서 진행합니다.,"Jan 12, 2026",6415,0
2024-04-14,UqllanMkHvo,재미로 하는 Vibe Coding - AI와 함께 Claude Skills 효율적으로 공부하기 이어서 진행합니다.,"Jan 12, 2026",6415,0
2024-04-15,UqllanMkHvo,재미로 하는 Vibe Coding - AI와 함께 Claude Skills 효율적으로 공부하기 이어서 진행합니다.,"Jan 12, 2026",6415,0
2024-04-16,UqllanMkHvo,재미로 하는 Vibe Coding - AI와 함께 Claude Skills 효율적으로 공부하기 이어서 진행합니다.,"Jan 12, 2026",6415,0
2024-04-17,UqllanMkHvo,재미로 하는 Vibe Coding - AI와 함께 Claude Skills 효율적으로 공부하기 이어서 진행합니다.,"Jan 12, 2026",6415,0
2024-04-18,UqllanMkHvo,재미로 하는 Vibe Coding - AI와 함께 Claude Skills 효율적으로 공부하기 이어서 진행합니다.,"Jan 12, 2026",6415,0
2024-04-19,UqllanMkHvo,재미로 하는 Vibe Coding - AI와 함께 Claude Skills 효율적으로 공부하기 이어서 진행합니다.,"Jan 12, 2026",6415,0
2024-04-20,UqllanMkHvo,재미로 하는 Vibe Coding - AI와 함께 Claude Skills 효율적으로 공부하기 이어서 진행합니다.,"Jan 12, 2026",6415,0
2024-04-21,UqllanMkHvo,재미로 하는 Vibe Coding - AI와 함께 Claude Skills 효율적으로 공부하기 이어서 진행합니다.,"Jan 12, 2026",6415,0
2024-04-22,UqllanMkHvo,재미로 하는 Vibe Coding - AI와 함께 Claude Skills 효율적으로 공부하기 이어서 진행합니다.,"Jan 12, 2026",6415,0
2024-04-23,UqllanMkHvo,재미로 하는 Vibe Coding - AI와 함께 Claude Skills 효율적으로 공부하기 이어서 진행합니다.,"Jan 12, 2026",6415,0
2024-04-24,UqllanMkHvo,재미로 하는 Vibe Coding - AI와 함께 Claude Skills 효율적으로 공부하기 이어서 진행합니다.,"Jan 12, 2026",6415,0
2024-04-25,UqllanMkHvo,재미로 하는 Vibe Coding - AI와 함께 Claude Skills 효율적으로 공부하기 이어서 진행합니다.,"Jan 12, 2026",6415,0
2024-04-26,UqllanMkHvo,재미로 하는 Vibe Coding - AI와 함께 Claude Skills 효율적으로 공부하기 이어서 진행합니다.,"Jan 12, 2026",6415,0
2024-04-27,UqllanMkHvo,재미로 하는 Vibe Coding - AI와 함께 Claude Skills 효율적으로 공부하기 이어서 진행합니다.,"Jan 12, 2026",6415,0
2024-04-28,UqllanMkHvo,재미로 하는 Vibe Coding - AI와 함께 Claude Skills 효율적으로 공부하기 이어서 진행합니다.,"Jan 12, 2026",6415,0
2024-04-29,UqllanMkHvo,재미로 하는 Vibe Coding - AI와 함께 Claude Skills 효율적으로 공부하기 이어서 진행합니다.,"Jan 12, 2026",6415,0
2024-04-30,UqllanMkHvo,재미로 하는 Vibe Coding - AI와 함께 Claude Skills 효율적으로 공부하기 이어서 진행합니다.,"Jan 12, 2026",6415,0
2024-05-01,UqllanMkHvo,재미로 하는 Vibe Coding - AI와 함께 Claude Skills 효율적으로 공부하기 이어서 진행합니다.,"Jan 12, 2026",6415,0
2024-05-02,UqllanMkHvo,재미로 하는 Vibe Coding - AI와 함께 Claude Skills 효율적으로 공부하기 이어서 진행합니다.,"Jan 12, 2026",6415,0
2024-05-03,UqllanMkHvo,재미로 하는 Vibe Coding - AI와 함께 Claude Skills 효율적으로 공부하기 이어서 진행합니다.,"Jan 12, 2026",6415,0
2024-05-04,UqllanMkHvo,재미로 하는 Vibe Coding - AI와 함께 Claude Skills 효율적으로 공부하기 이어서 진행합니다.,"Jan 12, 2026",6415,0
2024-05-05,UqllanMkHvo,재미로 하는 Vibe Coding - AI와 함께 Claude Skills 효율적으로 공부하기 이어서 진행합니다.,"Jan 12, 2026",6415,0
2024-05-06,UqllanMkHvo,재미로 하는 Vibe Coding - AI와 함께 Claude Skills 효율적으로 공부하기 이어서 진행합니다.,"Jan 12, 2026",6415,0
2024-05-07,UqllanMkHvo,재미로 하는 Vibe Coding - AI와 함께 Claude Skills 효율적으로 공부하기 이어서 진행합니다.,"Jan 12, 2026",6415,0
2024-05-08,UqllanMkHvo,재미로 하는 Vibe Coding - AI와 함께 Claude Skills 효율적으로 공부하기 이어서 진행합니다.,"Jan 12, 2026",6415,0
2024-05-09,UqllanMkHvo,재미로 하는 Vibe Coding - AI와 함께 Claude Skills 효율적으로 공부하기 이어서 진행합니다.,"Jan 12, 2026",6415,0
2024-05-10,UqllanMkHvo,재미로 하는 Vibe Coding - AI와 함께 Claude Skills 효율적으로 공부하기 이어서 진행합니다.,"Jan 12, 2026",6415,0
2024-05-11,UqllanMkHvo,재미로 하는 Vibe Coding - AI와 함께 Claude Skills 효율적으로 공부하기 이어서 진행합니다.,"Jan 12, 2026",6415,0
2024-05-12,UqllanMkHvo,재미로 하는 Vibe Coding - AI와 함께 Claude Skills 효율적으로 공부하기 이어서 진행합니다.,"Jan 12, 2026",6415,0
2024-05-13,UqllanMkHvo,재미로 하는 Vibe Coding - AI와 함께 Claude Skills 효율적으로 공부하기 이어서 진행합니다.,"Jan 12, 2026",6415,0
2024-05-14,UqllanMkHvo,재미로 하는 Vibe Coding - AI와 함께 Claude Skills 효율적으로 공부하기 이어서 진행합니다.,"Jan 12, 2026",6415,0
2024-05-15,UqllanMkHvo,재미로 하는 Vibe Coding - AI와 함께 Claude Skills 효율적으로 공부하기 이어서 진행합니다.,"Jan 12, 2026",6415,0
2024-05-16,UqllanMkHvo,재미로 하는 Vibe Coding - AI와 함께 Claude Skills 효율적으로 공부하기 이어서 진행합니다.,"Jan 12, 2026",6415,0
2024-05-17,UqllanMkHvo,재미로 하는 Vibe Coding - AI와 함께 Claude Skills 효율적으로 공부하기 이어서 진행합니다.,"Jan 12, 2026",6415,0
2024-05-18,UqllanMkHvo,재미로 하는 Vibe Coding - AI와 함께 Claude Skills 효율적으로 공부하기 이어서 진행합니다.,"Jan 12, 2026",6415,0
2024-05-19,UqllanMkHvo,재미로 하는 Vibe Coding - AI와 함께 Claude Skills 효율적으로 공부하기 이어서 진행합니다.,"Jan 12, 2026",6415,0
2024-05-20,UqllanMkHvo,재미로 하는 Vibe Coding - AI와 함께 Claude Skills 효율적으로 공부하기 이어서 진행합니다.,"Jan 12, 2026",6415,0
2024-05-21,UqllanMkHvo,재미로 하는 Vibe Coding - AI와 함께 Claude Skills 효율적으로 공부하기 이어서 진행합니다.,"Jan 12, 2026",6415,0
2024-05-22,UqllanMkHvo,재미로 하는 Vibe Coding - AI와 함께 Claude Skills 효율적으로 공부하기 이어서 진행합니다.,"Jan 12, 2026",6415,0
2024-05-23,UqllanMkHvo,재미로 하는 Vibe Coding - AI와 함께 Claude Skills 효율적으로 공부하기 이어서 진행합니다.,"Jan 12, 2026",6415,0
2024-05-24,UqllanMkHvo,재미로 하는 Vibe Coding - AI와 함께 Claude Skills 효율적으로 공부하기 이어서 진행합니다.,"Jan 12, 2026",6415,0
2024-05-25,UqllanMkHvo,재미로 하는 Vibe Coding - AI와 함께 Claude Skills 효율적으로 공부하기 이어서 진행합니다.,"Jan 12, 2026",6415,0
2024-05-26,UqllanMkHvo,재미로 하는 Vibe Coding - AI와 함께 Claude Skills 효율적으로 공부하기 이어서 진행합니다.,"Jan 12, 2026",6415,0
2024-05-27,UqllanMkHvo,재미로 하는 Vibe Coding - AI와 함께 Claude Skills 효율적으로 공부하기 이어서 진행합니다.,"Jan 12, 2026",6415,0
2024-05-28,UqllanMkHvo,재미로 하는 Vibe Coding - AI와 함께 Claude Skills 효율적으로 공부하기 이어서 진행합니다.,"Jan 12, 2026",6415,0
2024-05-29,UqllanMkHvo,재미로 하는 Vibe Coding - AI와 함께 Claude Skills 효율적으로 공부하기 이어서 진행합니다.,"Jan 12, 2026",6415,0
2024-05-30,UqllanMkHvo,재미로 하는 Vibe Coding - AI와 함께 Claude Skills 효율적으로 공부하기 이어서 진행합니다.,"Jan 12, 2026",6415,0
2024-05-31,UqllanMkHvo,재미로 하는 Vibe Coding - AI와 함께 Claude Skills 효율적으로 공부하기 이어서 진행합니다.,"Jan 12, 2026",6415,0
2024-06-01,UqllanMkHvo,재미로 하는 Vibe Coding - AI와 함께 Claude Skills 효율적으로 공부하기 이어서 진행합니다.,"Jan 12, 2026",6415,0
2024-06-02,UqllanMkHvo,재미로 하는 Vibe Coding - AI와 함께 Claude Skills 효율적으로 공부하기 이어서 진행합니다.,"Jan 12, 2026",6415,0
2024-06-03,UqllanMkHvo,재미로 하는 Vibe Coding - AI와 함께 Claude Skills 효율적으로 공부하기 이어서 진행합니다.,"Jan 12, 2026",6415,0
2024-06-04,UqllanMkHvo,재미로 하는 Vibe Coding - AI와 함께 Claude Skills 효율적으로 공부하기 이어서 진행합니다.,"Jan 12, 2026",6415,0
2024-06-05,UqllanMkHvo,재미로 하는 Vibe Coding - AI와 함께 Claude Skills 효율적으로 공부하기 이어서 진행합니다.,"Jan 12, 2026",6415,0
2024-06-06,UqllanMkHvo,재미로 하는 Vibe Coding - AI와 함께 Claude Skills 효율적으로 공부하기 이어서 진행합니다.,"Jan 12, 2026",6415,0
2024-06-07,UqllanMkHvo,재미로 하는 Vibe Coding - AI와 함께 Claude Skills 효율적으로 공부하기 이어서 진행합니다.,"Jan 12, 2026",6415,0
2024-06-08,UqllanMkHvo,재미로 하는 Vibe Coding - AI와 함께 Claude Skills 효율적으로 공부하기 이어서 진행합니다.,"Jan 12, 2026",6415,0
2024-06-09,UqllanMkHvo,재미로 하는 Vibe Coding - AI와 함께 Claude Skills 효율적으로 공부하기 이어서 진행합니다.,"Jan 12, 2026",6415,0
2024-06-10,UqllanMkHvo,재미로 하는 Vibe Coding - AI와 함께 Claude Skills 효율적으로 공부하기 이어서 진행합니다.,"Jan 12, 2026",6415,0
2024-06-11,UqllanMkHvo,재미로 하는 Vibe Coding - AI와 함께 Claude Skills 효율적으로 공부하기 이어서 진행합니다.,"Jan 12, 2026",6415,0
2024-06-12,UqllanMkHvo,재미로 하는 Vibe Coding - AI와 함께 Claude Skills 효율적으로 공부하기 이어서 진행합니다.,"Jan 12, 2026",6415,0
2024-06-13,UqllanMkHvo,재미로 하는 Vibe Coding - AI와 함께 Claude Skills 효율적으로 공부하기 이어서 진행합니다.,"Jan 12, 2026",6415,0
2024-06-14,UqllanMkHvo,재미로 하는 Vibe Coding - AI와 함께 Claude Skills 효율적으로 공부하기 이어서 진행합니다.,"Jan 12, 2026",6415,0
2024-06-15,UqllanMkHvo,재미로 하는 Vibe Coding - AI와 함께 Claude Skills 효율적으로 공부하기 이어서 진행합니다.,"Jan 12, 2026",6415,0
2024-06-16,UqllanMkHvo,재미로 하는 Vibe Coding - AI와 함께 Claude Skills 효율적으로 공부하기 이어서 진행합니다.,"Jan 12, 2026",6415,0
2024-06-17,UqllanMkHvo,재미로 하는 Vibe Coding - AI와 함께 Claude Skills 효율적으로 공부하기 이어서 진행합니다.,"Jan 12, 2026",6415,0
2024-06-18,UqllanMkHvo,재미로 하는 Vibe Coding - AI와 함께 Claude Skills 효율적으로 공부하기 이어서 진행합니다.,"Jan 12, 2026",6415,0
2024-06-19,UqllanMkHvo,재미로 하는 Vibe Coding - AI와 함께 Claude Skills 효율적으로 공부하기 이어서 진행합니다.,"Jan 12, 2026",6415,0
2024-06-20,UqllanMkHvo,재미로 하는 Vibe Coding - AI와 함께 Claude Skills 효율적으로 공부하기 이어서 진행합니다.,"Jan 12, 2026",6415,0
2024-06-21,UqllanMkHvo,재미로 하는 Vibe Coding - AI와 함께 Claude Skills 효율적으로 공부하기 이어서 진행합니다.,"Jan 12, 2026",6415,0
2024-06-22,UqllanMkHvo,재미로 하는 Vibe Coding - AI와 함께 Claude Skills 효율적으로 공부하기 이어서 진행합니다.,"Jan 12, 2026",6415,0
2024-06-23,UqllanMkHvo,재미로 하는 Vibe Coding - AI와 함께 Claude Skills 효율적으로 공부하기 이어서 진행합니다.,"Jan 12, 2026",6415,0
2024-06-24,UqllanMkHvo,재미로 하는 Vibe Coding - AI와 함께 Claude Skills 효율적으로 공부하기 이어서 진행합니다.,"Jan 12, 2026",6415,0
2024-06-25,UqllanMkHvo,재미로 하는 Vibe Coding - AI와 함께 Claude Skills 효율적으로 공부하기 이어서 진행합니다.,"Jan 12, 2026",6415,0
2024-06-26,UqllanMkHvo,재미로 하는 Vibe Coding - AI와 함께 Claude Skills 효율적으로 공부하기 이어서 진행합니다.,"Jan 12, 2026",6415,0
2024-06-27,UqllanMkHvo,재미로 하는 Vibe Coding - AI와 함께 Claude Skills 효율적으로 공부하기 이어서 진행합니다.,"Jan 12, 2026",6415,0
2024-06-28,UqllanMkHvo,재미로 하는 Vibe Coding - AI와 함께 Claude Skills 효율적으로 공부하기 이어서 진행합니다.,"Jan 12, 2026",6415,0
2024-06-29,UqllanMkHvo,재미로 하는 Vibe Coding - AI와 함께 Claude Skills 효율적으로 공부하기 이어서 진행합니다.,"Jan 12, 2026",6415,0
2024-06-30,UqllanMkHvo,재미로 하는 Vibe Coding - AI와 함께 Claude Skills 효율적으로 공부하기 이어서 진행합니다.,"Jan 12, 2026",6415,0
2024-07-01,UqllanMkHvo,재미로 하는 Vibe Coding - AI와 함께 Claude Skills 효율적으로 공부하기 이어서 진행합니다.,"Jan 12, 2026",6415,0
2024-07-02,UqllanMkHvo,재미로 하는 Vibe Coding - AI와 함께 Claude Skills 효율적으로 공부하기 이어서 진행합니다.,"Jan 12, 2026",6415,0
2024-07-03,UqllanMkHvo,재미로 하는 Vibe Coding - AI와 함께 Claude Skills 효율적으로 공부하기 이어서 진행합니다.,"Jan 12, 2026",6415,0
2024-07-04,UqllanMkHvo,재미로 하는 Vibe Coding - AI와 함께 Claude Skills 효율적으로 공부하기 이어서 진행합니다.,"Jan 12, 2026",6415,0
2024-07-05,UqllanMkHvo,재미로 하는 Vibe Coding - AI와 함께 Claude Skills 효율적으로 공부하기 이어서 진행합니다.,"Jan 12, 2026",6415,0
2024-07-06,UqllanMkHvo,재미로 하는 Vibe Coding - AI와 함께 Claude Skills 효율적으로 공부하기 이어서 진행합니다.,"Jan 12, 2026",6415,0
2024-07-07,UqllanMkHvo,재미로 하는 Vibe Coding - AI와 함께 Claude Skills 효율적으로 공부하기 이어서 진행합니다.,"Jan 12, 2026",6415,0
2024-07-08,UqllanMkHvo,재미로 하는 Vibe Coding - AI와 함께 Claude Skills 효율적으로 공부하기 이어서 진행합니다.,"Jan 12, 2026",6415,0
2024-07-09,UqllanMkHvo,재미로 하는 Vibe Coding - AI와 함께 Claude Skills 효율적으로 공부하기 이어서 진행합니다.,"Jan 12, 2026",6415,0
2024-07-10,UqllanMkHvo,재미로 하는 Vibe Coding - AI와 함께 Claude Skills 효율적으로 공부하기 이어서 진행합니다.,"Jan 12, 2026",6415,0
2024-07-11,UqllanMkHvo,재미로 하는 Vibe Coding - AI와 함께 Claude Skills 효율적으로 공부하기 이어서 진행합니다.,"Jan 12, 2026",6415,0
2024-07-12,UqllanMkHvo,재미로 하는 Vibe Coding - AI와 함께 Claude Skills 효율적으로 공부하기 이어서 진행합니다.,"Jan 12, 2026",6415,0
2024-07-13,UqllanMkHvo,재미로 하는 Vibe Coding - AI와 함께 Claude Skills 효율적으로 공부하기 이어서 진행합니다.,"Jan 12, 2026",6415,0
2024-07-14,UqllanMkHvo,재미로 하는 Vibe Coding - AI와 함께 Claude Skills 효율적으로 공부하기 이어서 진행합니다.,"Jan 12, 2026",6415,0
2024-07-15,UqllanMkHvo,재미로 하는 Vibe Coding - AI와 함께 Claude Skills 효율적으로 공부하기 이어서 진행합니다.,"Jan 12, 2026",6415,0
2024-07-16,UqllanMkHvo,재미로 하는 Vibe Coding - AI와 함께 Claude Skills 효율적으로 공부하기 이어서 진행합니다.,"Jan 12, 2026",6415,0
2024-07-17,UqllanMkHvo,재미로 하는 Vibe Coding - AI와 함께 Claude Skills 효율적으로 공부하기 이어서 진행합니다.,"Jan 12, 2026",6415,0
2024-07-18,UqllanMkHvo,재미로 하는 Vibe Coding - AI와 함께 Claude Skills 효율적으로 공부하기 이어서 진행합니다.,"Jan 12, 2026",6415,0
2024-07-19,UqllanMkHvo,재미로 하는 Vibe Coding - AI와 함께 Claude Skills 효율적으로 공부하기 이어서 진행합니다.,"Jan 12, 2026",6415,0
2024-07-20,UqllanMkHvo,재미로 하는 Vibe Coding - AI와 함께 Claude Skills 효율적으로 공부하기 이어서 진행합니다.,"Jan 12, 2026",6415,0
2024-07-21,UqllanMkHvo,재미로 하는 Vibe Coding - AI와 함께 Claude Skills 효율적으로 공부하기 이어서 진행합니다.,"Jan 12, 2026",6415,0
2024-07-22,UqllanMkHvo,재미로 하는 Vibe Coding - AI와 함께 Claude Skills 효율적으로 공부하기 이어서 진행합니다.,"Jan 12, 2026",6415,0
2024-07-23,UqllanMkHvo,재미로 하는 Vibe Coding - AI와 함께 Claude Skills 효율적으로 공부하기 이어서 진행합니다.,"Jan 12, 2026",6415,0
2024-07-24,UqllanMkHvo,재미로 하는 Vibe Coding - AI와 함께 Claude Skills 효율적으로 공부하기 이어서 진행합니다.,"Jan 12, 2026",6415,0
2024-07-25,UqllanMkHvo,재미로 하는 Vibe Coding - AI와 함께 Claude Skills 효율적으로 공부하기 이어서 진행합니다.,"Jan 12, 2026",6415,0
2024-07-26,UqllanMkHvo,재미로 하는 Vibe Coding - AI와 함께 Claude Skills 효율적으로 공부하기 이어서 진행합니다.,"Jan 12, 2026",6415,0
2024-07-27,UqllanMkHvo,재미로 하는 Vibe Coding - AI와 함께 Claude Skills 효율적으로 공부하기 이어서 진행합니다.,"Jan 12, 2026",6415,0
2024-07-28,UqllanMkHvo,재미로 하는 Vibe Coding - AI와 함께 Claude Skills 효율적으로 공부하기 이어서 진행합니다.,"Jan 12, 2026",6415,0
2024-07-29,UqllanMkHvo,재미로 하는 Vibe Coding - AI와 함께 Claude Skills 효율적으로 공부하기 이어서 진행합니다.,"Jan 12, 2026",6415,0
2024-07-30,UqllanMkHvo,재미로 하는 Vibe Coding - AI와 함께 Claude Skills 효율적으로 공부하기 이어서 진행합니다.,"Jan 12, 2026",6415,0
2024-07-31,UqllanMkHvo,재미로 하는 Vibe Coding - AI와 함께 Claude Skills 효율적으로 공부하기 이어서 진행합니다.,"Jan 12, 2026",6415,0
2024-08-01,UqllanMkHvo,재미로 하는 Vibe Coding - AI와 함께 Claude Skills 효율적으로 공부하기 이어서 진행합니다.,"Jan 12, 2026",6415,0
2024-08-02,UqllanMkHvo,재미로 하는 Vibe Coding - AI와 함께 Claude Skills 효율적으로 공부하기 이어서 진행합니다.,"Jan 12, 2026",6415,0
2024-08-03,UqllanMkHvo,재미로 하는 Vibe Coding - AI와 함께 Claude Skills 효율적으로 공부하기 이어서 진행합니다.,"Jan 12, 2026",6415,0
2024-08-04,UqllanMkHvo,재미로 하는 Vibe Coding - AI와 함께 Claude Skills 효율적으로 공부하기 이어서 진행합니다.,"Jan 12, 2026",6415,0
2024-08-05,UqllanMkHvo,재미로 하는 Vibe Coding - AI와 함께 Claude Skills 효율적으로 공부하기 이어서 진행합니다.,"Jan 12, 2026",6415,0
2024-08-06,UqllanMkHvo,재미로 하는 Vibe Coding - AI와 함께 Claude Skills 효율적으로 공부하기 이어서 진행합니다.,"Jan 12, 2026",6415,0
2024-08-07,UqllanMkHvo,재미로 하는 Vibe Coding - AI와 함께 Claude Skills 효율적으로 공부하기 이어서 진행합니다.,"Jan 12, 2026",6415,0
2024-08-08,UqllanMkHvo,재미로 하는 Vibe Coding - AI와 함께 Claude Skills 효율적으로 공부하기 이어서 진행합니다.,"Jan 12, 2026",6415,0
2024-08-09,UqllanMkHvo,재미로 하는 Vibe Coding - AI와 함께 Claude Skills 효율적으로 공부하기 이어서 진행합니다.,"Jan 12, 2026",6415,0
2024-08-10,UqllanMkHvo,재미로 하는 Vibe Coding - AI와 함께 Claude Skills 효율적으로 공부하기 이어서 진행합니다.,"Jan 12, 2026",6415,0
2024-08-11,UqllanMkHvo,재미로 하는 Vibe Coding - AI와 함께 Claude Skills 효율적으로 공부하기 이어서 진행합니다.,"Jan 12, 2026",6415,0
2024-08-12,UqllanMkHvo,재미로 하는 Vibe Coding - AI와 함께 Claude Skills 효율적으로 공부하기 이어서 진행합니다.,"Jan 12, 2026",6415,0
2024-08-13,UqllanMkHvo,재미로 하는 Vibe Coding - AI와 함께 Claude Skills 효율적으로 공부하기 이어서 진행합니다.,"Jan 12, 2026",6415,0
2024-08-14,UqllanMkHvo,재미로 하는 Vibe Coding - AI와 함께 Claude Skills 효율적으로 공부하기 이어서 진행합니다.,"Jan 12, 2026",6415,0
2024-08-15,UqllanMkHvo,재미로 하는 Vibe Coding - AI와 함께 Claude Skills 효율적으로 공부하기 이어서 진행합니다.,"Jan 12, 2026",6415,0
2024-08-16,UqllanMkHvo,재미로 하는 Vibe Coding - AI와 함께 Claude Skills 효율적으로 공부하기 이어서 진행합니다.,"Jan 12, 2026",6415,0
2024-08-17,UqllanMkHvo,재미로 하는 Vibe Coding - AI와 함께 Claude Skills 효율적으로 공부하기 이어서 진행합니다.,"Jan 12, 2026",6415,0
2024-08-18,UqllanMkHvo,재미로 하는 Vibe Coding - AI와 함께 Claude Skills 효율적으로 공부하기 이어서 진행합니다.,"Jan 12, 2026",6415,0
2024-08-19,UqllanMkHvo,재미로 하는 Vibe Coding - AI와 함께 Claude Skills 효율적으로 공부하기 이어서 진행합니다.,"Jan 12, 2026",6415,0
2024-08-20,UqllanMkHvo,재미로 하는 Vibe Coding - AI와 함께 Claude Skills 효율적으로 공부하기 이어서 진행합니다.,"Jan 12, 2026",6415,0
2024-08-21,UqllanMkHvo,재미로 하는 Vibe Coding - AI와 함께 Claude Skills 효율적으로 공부하기 이어서 진행합니다.,"Jan 12, 2026",6415,0
2024-08-22,UqllanMkHvo,재미로 하는 Vibe Coding - AI와 함께 Claude Skills 효율적으로 공부하기 이어서 진행합니다.,"Jan 12, 2026",6415,0
2024-08-23,UqllanMkHvo,재미로 하는 Vibe Coding - AI와 함께 Claude Skills 효율적으로 공부하기 이어서 진행합니다.,"Jan 12, 2026",6415,0
2024-08-24,UqllanMkHvo,재미로 하는 Vibe Coding - AI와 함께 Claude Skills 효율적으로 공부하기 이어서 진행합니다.,"Jan 12, 2026",6415,0
2024-08-25,UqllanMkHvo,재미로 하는 Vibe Coding - AI와 함께 Claude Skills 효율적으로 공부하기 이어서 진행합니다.,"Jan 12, 2026",6415,0
2024-08-26,UqllanMkHvo,재미로 하는 Vibe Coding - AI와 함께 Claude Skills 효율적으로 공부하기 이어서 진행합니다.,"Jan 12, 2026",6415,0
2024-08-27,UqllanMkHvo,재미로 하는 Vibe Coding - AI와 함께 Claude Skills 효율적으로 공부하기 이어서 진행합니다.,"Jan 12, 2026",6415,0
2024-08-28,UqllanMkHvo,재미로 하는 Vibe Coding - AI와 함께 Claude Skills 효율적으로 공부하기 이어서 진행합니다.,"Jan 12, 2026",6415,0
2024-08-29,UqllanMkHvo,재미로 하는 Vibe Coding - AI와 함께 Claude Skills 효율적으로 공부하기 이어서 진행합니다.,"Jan 12, 2026",6415,0
2024-08-30,UqllanMkHvo,재미로 하는 Vibe Coding - AI와 함께 Claude Skills 효율적으로 공부하기 이어서 진행합니다.,"Jan 12, 2026",6415,0
2024-08-31,UqllanMkHvo,재미로 하는 Vibe Coding - AI와 함께 Claude Skills 효율적으로 공부하기 이어서 진행합니다.,"Jan 12, 2026",6415,0
2024-09-01,UqllanMkHvo,재미로 하는 Vibe Coding - AI와 함께 Claude Skills 효율적으로 공부하기 이어서 진행합니다.,"Jan 12, 2026",6415,0
2024-09-02,UqllanMkHvo,재미로 하는 Vibe Coding - AI와 함께 Claude Skills 효율적으로 공부하기 이어서 진행합니다.,"Jan 12, 2026",6415,0
2024-09-03,UqllanMkHvo,재미로 하는 Vibe Coding - AI와 함께 Claude Skills 효율적으로 공부하기 이어서 진행합니다.,"Jan 12, 2026",6415,0
2024-09-04,UqllanMkHvo,재미로 하는 Vibe Coding - AI와 함께 Claude Skills 효율적으로 공부하기 이어서 진행합니다.,"Jan 12, 2026",6415,0
2024-09-05,UqllanMkHvo,재미로 하는 Vibe Coding - AI와 함께 Claude Skills 효율적으로 공부하기 이어서 진행합니다.,"Jan 12, 2026",6415,0
2024-09-06,UqllanMkHvo,재미로 하는 Vibe Coding - AI와 함께 Claude Skills 효율적으로 공부하기 이어서 진행합니다.,"Jan 12, 2026",6415,0
2024-09-07,UqllanMkHvo,재미로 하는 Vibe Coding - AI와 함께 Claude Skills 효율적으로 공부하기 이어서 진행합니다.,"Jan 12, 2026",6415,0
2024-09-08,UqllanMkHvo,재미로 하는 Vibe Coding - AI와 함께 Claude Skills 효율적으로 공부하기 이어서 진행합니다.,"Jan 12, 2026",6415,0
2024-09-09,UqllanMkHvo,재미로 하는 Vibe Coding - AI와 함께 Claude Skills 효율적으로 공부하기 이어서 진행합니다.,"Jan 12, 2026",6415,0
2024-09-10,UqllanMkHvo,재미로 하는 Vibe Coding - AI와 함께 Claude Skills 효율적으로 공부하기 이어서 진행합니다.,"Jan 12, 2026",6415,0
2024-09-11,UqllanMkHvo,재미로 하는 Vibe Coding - AI와 함께 Claude Skills 효율적으로 공부하기 이어서 진행합니다.,"Jan 12, 2026",6415,0
2024-09-12,UqllanMkHvo,재미로 하는 Vibe Coding - AI와 함께 Claude Skills 효율적으로 공부하기 이어서 진행합니다.,"Jan 12, 2026",6415,0
2024-09-13,UqllanMkHvo,재미로 하는 Vibe Coding - AI와 함께 Claude Skills 효율적으로 공부하기 이어서 진행합니다.,"Jan 12, 2026",6415,0
2024-09-14,UqllanMkHvo,재미로 하는 Vibe Coding - AI와 함께 Claude Skills 효율적으로 공부하기 이어서 진행합니다.,"Jan 12, 2026",6415,0
2024-09-15,UqllanMkHvo,재미로 하는 Vibe Coding - AI와 함께 Claude Skills 효율적으로 공부하기 이어서 진행합니다.,"Jan 12, 2026",6415,0
2024-09-16,UqllanMkHvo,재미로 하는 Vibe Coding - AI와 함께 Claude Skills 효율적으로 공부하기 이어서 진행합니다.,"Jan 12, 2026",6415,0
2024-09-17,UqllanMkHvo,재미로 하는 Vibe Coding - AI와 함께 Claude Skills 효율적으로 공부하기 이어서 진행합니다.,"Jan 12, 2026",6415,0
2024-09-18,UqllanMkHvo,재미로 하는 Vibe Coding - AI와 함께 Claude Skills 효율적으로 공부하기 이어서 진행합니다.,"Jan 12, 2026",6415,0
2024-09-19,UqllanMkHvo,재미로 하는 Vibe Coding - AI와 함께 Claude Skills 효율적으로 공부하기 이어서 진행합니다.,"Jan 12, 2026",6415,0
2024-09-20,UqllanMkHvo,재미로 하는 Vibe Coding - AI와 함께 Claude Skills 효율적으로 공부하기 이어서 진행합니다.,"Jan 12, 2026",6415,0
2024-09-21,UqllanMkHvo,재미로 하는 Vibe Coding - AI와 함께 Claude Skills 효율적으로 공부하기 이어서 진행합니다.,"Jan 12, 2026",6415,0
2024-09-22,UqllanMkHvo,재미로 하는 Vibe Coding - AI와 함께 Claude Skills 효율적으로 공부하기 이어서 진행합니다.,"Jan 12, 2026",6415,0
2024-09-23,UqllanMkHvo,재미로 하는 Vibe Coding - AI와 함께 Claude Skills 효율적으로 공부하기 이어서 진행합니다.,"Jan 12, 2026",6415,0
2024-09-24,UqllanMkHvo,재미로 하는 Vibe Coding - AI와 함께 Claude Skills 효율적으로 공부하기 이어서 진행합니다.,"Jan 12, 2026",6415,0
2024-09-25,UqllanMkHvo,재미로 하는 Vibe Coding - AI와 함께 Claude Skills 효율적으로 공부하기 이어서 진행합니다.,"Jan 12, 2026",6415,0
2024-09-26,UqllanMkHvo,재미로 하는 Vibe Coding - AI와 함께 Claude Skills 효율적으로 공부하기 이어서 진행합니다.,"Jan 12, 2026",6415,0
2024-09-27,UqllanMkHvo,재미로 하는 Vibe Coding - AI와 함께 Claude Skills 효율적으로 공부하기 이어서 진행합니다.,"Jan 12, 2026",6415,0
2024-09-28,UqllanMkHvo,재미로 하는 Vibe Coding - AI와 함께 Claude Skills 효율적으로 공부하기 이어서 진행합니다.,"Jan 12, 2026",6415,0
2024-09-29,UqllanMkHvo,재미로 하는 Vibe Coding - AI와 함께 Claude Skills 효율적으로 공부하기 이어서 진행합니다.,"Jan 12, 2026",6415,0
2024-09-30,UqllanMkHvo,재미로 하는 Vibe Coding - AI와 함께 Claude Skills 효율적으로 공부하기 이어서 진행합니다.,"Jan 12, 2026",6415,0
2024-10-01,UqllanMkHvo,재미로 하는 Vibe Coding - AI와 함께 Claude Skills 효율적으로 공부하기 이어서 진행합니다.,"Jan 12, 2026",6415,0
2024-10-02,UqllanMkHvo,재미로 하는 Vibe Coding - AI와 함께 Claude Skills 효율적으로 공부하기 이어서 진행합니다.,"Jan 12, 2026",6415,0
2024-10-03,UqllanMkHvo,재미로 하는 Vibe Coding - AI와 함께 Claude Skills 효율적으로 공부하기 이어서 진행합니다.,"Jan 12, 2026",6415,0
2024-10-04,UqllanMkHvo,재미로 하는 Vibe Coding - AI와 함께 Claude Skills 효율적으로 공부하기 이어서 진행합니다.,"Jan 12, 2026",6415,0
2024-10-05,UqllanMkHvo,재미로 하는 Vibe Coding - AI와 함께 Claude Skills 효율적으로 공부하기 이어서 진행합니다.,"Jan 12, 2026",6415,0
2024-10-06,UqllanMkHvo,재미로 하는 Vibe Coding - AI와 함께 Claude Skills 효율적으로 공부하기 이어서 진행합니다.,"Jan 12, 2026",6415,0
2024-10-07,UqllanMkHvo,재미로 하는 Vibe Coding - AI와 함께 Claude Skills 효율적으로 공부하기 이어서 진행합니다.,"Jan 12, 2026",6415,0
2024-10-08,UqllanMkHvo,재미로 하는 Vibe Coding - AI와 함께 Claude Skills 효율적으로 공부하기 이어서 진행합니다.,"Jan 12, 2026",6415,0
2024-10-09,UqllanMkHvo,재미로 하는 Vibe Coding - AI와 함께 Claude Skills 효율적으로 공부하기 이어서 진행합니다.,"Jan 12, 2026",6415,0
2024-10-10,UqllanMkHvo,재미로 하는 Vibe Coding - AI와 함께 Claude Skills 효율적으로 공부하기 이어서 진행합니다.,"Jan 12, 2026",6415,0
2024-10-11,UqllanMkHvo,재미로 하는 Vibe Coding - AI와 함께 Claude Skills 효율적으로 공부하기 이어서 진행합니다.,"Jan 12, 2026",6415,0
2024-10-12,UqllanMkHvo,재미로 하는 Vibe Coding - AI와 함께 Claude Skills 효율적으로 공부하기 이어서 진행합니다.,"Jan 12, 2026",6415,0
2024-10-13,UqllanMkHvo,재미로 하는 Vibe Coding - AI와 함께 Claude Skills 효율적으로 공부하기 이어서 진행합니다.,"Jan 12, 2026",6415,0
2024-10-14,UqllanMkHvo,재미로 하는 Vibe Coding - AI와 함께 Claude Skills 효율적으로 공부하기 이어서 진행합니다.,"Jan 12, 2026",6415,0
2024-10-15,UqllanMkHvo,재미로 하는 Vibe Coding - AI와 함께 Claude Skills 효율적으로 공부하기 이어서 진행합니다.,"Jan 12, 2026",6415,0
2024-10-16,UqllanMkHvo,재미로 하는 Vibe Coding - AI와 함께 Claude Skills 효율적으로 공부하기 이어서 진행합니다.,"Jan 12, 2026",6415,0
2024-10-17,UqllanMkHvo,재미로 하는 Vibe Coding - AI와 함께 Claude Skills 효율적으로 공부하기 이어서 진행합니다.,"Jan 12, 2026",6415,0
2024-10-18,UqllanMkHvo,재미로 하는 Vibe Coding - AI와 함께 Claude Skills 효율적으로 공부하기 이어서 진행합니다.,"Jan 12, 2026",6415,0
2024-10-19,UqllanMkHvo,재미로 하는 Vibe Coding - AI와 함께 Claude Skills 효율적으로 공부하기 이어서 진행합니다.,"Jan 12, 2026",6415,0
2024-10-20,UqllanMkHvo,재미로 하는 Vibe Coding - AI와 함께 Claude Skills 효율적으로 공부하기 이어서 진행합니다.,"Jan 12, 2026",6415,0
2024-10-21,UqllanMkHvo,재미로 하는 Vibe Coding - AI와 함께 Claude Skills 효율적으로 공부하기 이어서 진행합니다.,"Jan 12, 2026",6415,0
2024-10-22,UqllanMkHvo,재미로 하는 Vibe Coding - AI와 함께 Claude Skills 효율적으로 공부하기 이어서 진행합니다.,"Jan 12, 2026",6415,0
2024-10-23,UqllanMkHvo,재미로 하는 Vibe Coding - AI와 함께 Claude Skills 효율적으로 공부하기 이어서 진행합니다.,"Jan 12, 2026",6415,0
2024-10-24,UqllanMkHvo,재미로 하는 Vibe Coding - AI와 함께 Claude Skills 효율적으로 공부하기 이어서 진행합니다.,"Jan 12, 2026",6415,0
2024-10-25,UqllanMkHvo,재미로 하는 Vibe Coding - AI와 함께 Claude Skills 효율적으로 공부하기 이어서 진행합니다.,"Jan 12, 2026",6415,0
2024-10-26,UqllanMkHvo,재미로 하는 Vibe Coding - AI와 함께 Claude Skills 효율적으로 공부하기 이어서 진행합니다.,"Jan 12, 2026",6415,0
2024-10-27,UqllanMkHvo,재미로 하는 Vibe Coding - AI와 함께 Claude Skills 효율적으로 공부하기 이어서 진행합니다.,"Jan 12, 2026",6415,0
2024-10-28,UqllanMkHvo,재미로 하는 Vibe Coding - AI와 함께 Claude Skills 효율적으로 공부하기 이어서 진행합니다.,"Jan 12, 2026",6415,0
2024-10-29,UqllanMkHvo,재미로 하는 Vibe Coding - AI와 함께 Claude Skills 효율적으로 공부하기 이어서 진행합니다.,"Jan 12, 2026",6415,0
2024-10-30,UqllanMkHvo,재미로 하는 Vibe Coding - AI와 함께 Claude Skills 효율적으로 공부하기 이어서 진행합니다.,"Jan 12, 2026",6415,0
2024-10-31,UqllanMkHvo,재미로 하는 Vibe Coding - AI와 함께 Claude Skills 효율적으로 공부하기 이어서 진행합니다.,"Jan 12, 2026",6415,0
2024-11-01,UqllanMkHvo,재미로 하는 Vibe Coding - AI와 함께 Claude Skills 효율적으로 공부하기 이어서 진행합니다.,"Jan 12, 2026",6415,0
2024-11-02,UqllanMkHvo,재미로 하는 Vibe Coding - AI와 함께 Claude Skills 효율적으로 공부하기 이어서 진행합니다.,"Jan 12, 2026",6415,0
2024-11-03,UqllanMkHvo,재미로 하는 Vibe Coding - AI와 함께 Claude Skills 효율적으로 공부하기 이어서 진행합니다.,"Jan 12, 2026",6415,0
2024-11-04,UqllanMkHvo,재미로 하는 Vibe Coding - AI와 함께 Claude Skills 효율적으로 공부하기 이어서 진행합니다.,"Jan 12, 2026",6415,0
2024-11-05,UqllanMkHvo,재미로 하는 Vibe Coding - AI와 함께 Claude Skills 효율적으로 공부하기 이어서 진행합니다.,"Jan 12, 2026",6415,0
2024-11-06,UqllanMkHvo,재미로 하는 Vibe Coding - AI와 함께 Claude Skills 효율적으로 공부하기 이어서 진행합니다.,"Jan 12, 2026",6415,0
2024-11-07,UqllanMkHvo,재미로 하는 Vibe Coding - AI와 함께 Claude Skills 효율적으로 공부하기 이어서 진행합니다.,"Jan 12, 2026",6415,0
2024-11-08,UqllanMkHvo,재미로 하는 Vibe Coding - AI와 함께 Claude Skills 효율적으로 공부하기 이어서 진행합니다.,"Jan 12, 2026",6415,0
2024-11-09,UqllanMkHvo,재미로 하는 Vibe Coding - AI와 함께 Claude Skills 효율적으로 공부하기 이어서 진행합니다.,"Jan 12, 2026",6415,0
2024-11-10,UqllanMkHvo,재미로 하는 Vibe Coding - AI와 함께 Claude Skills 효율적으로 공부하기 이어서 진행합니다.,"Jan 12, 2026",6415,0
2024-11-11,UqllanMkHvo,재미로 하는 Vibe Coding - AI와 함께 Claude Skills 효율적으로 공부하기 이어서 진행합니다.,"Jan 12, 2026",6415,0
2024-11-12,UqllanMkHvo,재미로 하는 Vibe Coding - AI와 함께 Claude Skills 효율적으로 공부하기 이어서 진행합니다.,"Jan 12, 2026",6415,0
2024-11-13,UqllanMkHvo,재미로 하는 Vibe Coding - AI와 함께 Claude Skills 효율적으로 공부하기 이어서 진행합니다.,"Jan 12, 2026",6415,0
2024-11-14,UqllanMkHvo,재미로 하는 Vibe Coding - AI와 함께 Claude Skills 효율적으로 공부하기 이어서 진행합니다.,"Jan 12, 2026",6415,0
2024-11-15,UqllanMkHvo,재미로 하는 Vibe Coding - AI와 함께 Claude Skills 효율적으로 공부하기 이어서 진행합니다.,"Jan 12, 2026",6415,0
2024-11-16,UqllanMkHvo,재미로 하는 Vibe Coding - AI와 함께 Claude Skills 효율적으로 공부하기 이어서 진행합니다.,"Jan 12, 2026",6415,0
2024-11-17,UqllanMkHvo,재미로 하는 Vibe Coding - AI와 함께 Claude Skills 효율적으로 공부하기 이어서 진행합니다.,"Jan 12, 2026",6415,0
2024-11-18,UqllanMkHvo,재미로 하는 Vibe Coding - AI와 함께 Claude Skills 효율적으로 공부하기 이어서 진행합니다.,"Jan 12, 2026",6415,0
2024-11-19,UqllanMkHvo,재미로 하는 Vibe Coding - AI와 함께 Claude Skills 효율적으로 공부하기 이어서 진행합니다.,"Jan 12, 2026",6415,0
2024-11-20,UqllanMkHvo,재미로 하는 Vibe Coding - AI와 함께 Claude Skills 효율적으로 공부하기 이어서 진행합니다.,"Jan 12, 2026",6415,0
2024-11-21,UqllanMkHvo,재미로 하는 Vibe Coding - AI와 함께 Claude Skills 효율적으로 공부하기 이어서 진행합니다.,"Jan 12, 2026",6415,0
2024-11-22,UqllanMkHvo,재미로 하는 Vibe Coding - AI와 함께 Claude Skills 효율적으로 공부하기 이어서 진행합니다.,"Jan 12, 2026",6415,0
2024-11-23,UqllanMkHvo,재미로 하는 Vibe Coding - AI와 함께 Claude Skills 효율적으로 공부하기 이어서 진행합니다.,"Jan 12, 2026",6415,0
2024-11-24,UqllanMkHvo,재미로 하는 Vibe Coding - AI와 함께 Claude Skills 효율적으로 공부하기 이어서 진행합니다.,"Jan 12, 2026",6415,0
2024-11-25,UqllanMkHvo,재미로 하는 Vibe Coding - AI와 함께 Claude Skills 효율적으로 공부하기 이어서 진행합니다.,"Jan 12, 2026",6415,0
2024-11-26,UqllanMkHvo,재미로 하는 Vibe Coding - AI와 함께 Claude Skills 효율적으로 공부하기 이어서 진행합니다.,"Jan 12, 2026",6415,0
2024-11-27,UqllanMkHvo,재미로 하는 Vibe Coding - AI와 함께 Claude Skills 효율적으로 공부하기 이어서 진행합니다.,"Jan 12, 2026",6415,0
2024-11-28,UqllanMkHvo,재미로 하는 Vibe Coding - AI와 함께 Claude Skills 효율적으로 공부하기 이어서 진행합니다.,"Jan 12, 2026",6415,0
2024-11-29,UqllanMkHvo,재미로 하는 Vibe Coding - AI와 함께 Claude Skills 효율적으로 공부하기 이어서 진행합니다.,"Jan 12, 2026",6415,0
2024-11-30,UqllanMkHvo,재미로 하는 Vibe Coding - AI와 함께 Claude Skills 효율적으로 공부하기 이어서 진행합니다.,"Jan 12, 2026",6415,0
2024-12-01,UqllanMkHvo,재미로 하는 Vibe Coding - AI와 함께 Claude Skills 효율적으로 공부하기 이어서 진행합니다.,"Jan 12, 2026",6415,0
2024-12-02,UqllanMkHvo,재미로 하는 Vibe Coding - AI와 함께 Claude Skills 효율적으로 공부하기 이어서 진행합니다.,"Jan 12, 2026",6415,0
2024-12-03,UqllanMkHvo,재미로 하는 Vibe Coding - AI와 함께 Claude Skills 효율적으로 공부하기 이어서 진행합니다.,"Jan 12, 2026",6415,0
2024-12-04,UqllanMkHvo,재미로 하는 Vibe Coding - AI와 함께 Claude Skills 효율적으로 공부하기 이어서 진행합니다.,"Jan 12, 2026",6415,0
2024-12-05,UqllanMkHvo,재미로 하는 Vibe Coding - AI와 함께 Claude Skills 효율적으로 공부하기 이어서 진행합니다.,"Jan 12, 2026",6415,0
2024-12-06,UqllanMkHvo,재미로 하는 Vibe Coding - AI와 함께 Claude Skills 효율적으로 공부하기 이어서 진행합니다.,"Jan 12, 2026",6415,0
2024-12-07,UqllanMkHvo,재미로 하는 Vibe Coding - AI와 함께 Claude Skills 효율적으로 공부하기 이어서 진행합니다.,"Jan 12, 2026",6415,0
2024-12-08,UqllanMkHvo,재미로 하는 Vibe Coding - AI와 함께 Claude Skills 효율적으로 공부하기 이어서 진행합니다.,"Jan 12, 2026",6415,0
2024-12-09,UqllanMkHvo,재미로 하는 Vibe Coding - AI와 함께 Claude Skills 효율적으로 공부하기 이어서 진행합니다.,"Jan 12, 2026",6415,0
2024-12-10,UqllanMkHvo,재미로 하는 Vibe Coding - AI와 함께 Claude Skills 효율적으로 공부하기 이어서 진행합니다.,"Jan 12, 2026",6415,0
2024-12-11,UqllanMkHvo,재미로 하는 Vibe Coding - AI와 함께 Claude Skills 효율적으로 공부하기 이어서 진행합니다.,"Jan 12, 2026",6415,0
2024-12-12,UqllanMkHvo,재미로 하는 Vibe Coding - AI와 함께 Claude Skills 효율적으로 공부하기 이어서 진행합니다.,"Jan 12, 2026",6415,0
2024-12-13,UqllanMkHvo,재미로 하는 Vibe Coding - AI와 함께 Claude Skills 효율적으로 공부하기 이어서 진행합니다.,"Jan 12, 2026",6415,0
2024-12-14,UqllanMkHvo,재미로 하는 Vibe Coding - AI와 함께 Claude Skills 효율적으로 공부하기 이어서 진행합니다.,"Jan 12, 2026",6415,0
2024-12-15,UqllanMkHvo,재미로 하는 Vibe Coding - AI와 함께 Claude Skills 효율적으로 공부하기 이어서 진행합니다.,"Jan 12, 2026",6415,0
2024-12-16,UqllanMkHvo,재미로 하는 Vibe Coding - AI와 함께 Claude Skills 효율적으로 공부하기 이어서 진행합니다.,"Jan 12, 2026",6415,0
2024-12-17,UqllanMkHvo,재미로 하는 Vibe Coding - AI와 함께 Claude Skills 효율적으로 공부하기 이어서 진행합니다.,"Jan 12, 2026",6415,0
2024-12-18,UqllanMkHvo,재미로 하는 Vibe Coding - AI와 함께 Claude Skills 효율적으로 공부하기 이어서 진행합니다.,"Jan 12, 2026",6415,0
2024-12-19,UqllanMkHvo,재미로 하는 Vibe Coding - AI와 함께 Claude Skills 효율적으로 공부하기 이어서 진행합니다.,"Jan 12, 2026",6415,0
2024-12-20,UqllanMkHvo,재미로 하는 Vibe Coding - AI와 함께 Claude Skills 효율적으로 공부하기 이어서 진행합니다.,"Jan 12, 2026",6415,0
2024-12-21,UqllanMkHvo,재미로 하는 Vibe Coding - AI와 함께 Claude Skills 효율적으로 공부하기 이어서 진행합니다.,"Jan 12, 2026",6415,0
2024-12-22,UqllanMkHvo,재미로 하는 Vibe Coding - AI와 함께 Claude Skills 효율적으로 공부하기 이어서 진행합니다.,"Jan 12, 2026",6415,0
2024-12-23,UqllanMkHvo,재미로 하는 Vibe Coding - AI와 함께 Claude Skills 효율적으로 공부하기 이어서 진행합니다.,"Jan 12, 2026",6415,0
2024-12-24,UqllanMkHvo,재미로 하는 Vibe Coding - AI와 함께 Claude Skills 효율적으로 공부하기 이어서 진행합니다.,"Jan 12, 2026",6415,0
2024-12-25,UqllanMkHvo,재미로 하는 Vibe Coding - AI와 함께 Claude Skills 효율적으로 공부하기 이어서 진행합니다.,"Jan 12, 2026",6415,0
2024-12-26,UqllanMkHvo,재미로 하는 Vibe Coding - AI와 함께 Claude Skills 효율적으로 공부하기 이어서 진행합니다.,"Jan 12, 2026",6415,0
2024-12-27,UqllanMkHvo,재미로 하는 Vibe Coding - AI와 함께 Claude Skills 효율적으로 공부하기 이어서 진행합니다.,"Jan 12, 2026",6415,0
2024-12-28,UqllanMkHvo,재미로 하는 Vibe Coding - AI와 함께 Claude Skills 효율적으로 공부하기 이어서 진행합니다.,"Jan 12, 2026",6415,0
2024-12-29,UqllanMkHvo,재미로 하는 Vibe Coding - AI와 함께 Claude Skills 효율적으로 공부하기 이어서 진행합니다.,"Jan 12, 2026",6415,0
2024-12-30,UqllanMkHvo,재미로 하는 Vibe Coding - AI와 함께 Claude Skills 효율적으로 공부하기 이어서 진행합니다.,"Jan 12, 2026",6415,0
2024-12-31,UqllanMkHvo,재미로 하는 Vibe Coding - AI와 함께 Claude Skills 효율적으로 공부하기 이어서 진행합니다.,"Jan 12, 2026",6415,0
2025-01-01,UqllanMkHvo,재미로 하는 Vibe Coding - AI와 함께 Claude Skills 효율적으로 공부하기 이어서 진행합니다.,"Jan 12, 2026",6415,0
2025-01-02,UqllanMkHvo,재미로 하는 Vibe Coding - AI와 함께 Claude Skills 효율적으로 공부하기 이어서 진행합니다.,"Jan 12, 2026",6415,0
2025-01-03,UqllanMkHvo,재미로 하는 Vibe Coding - AI와 함께 Claude Skills 효율적으로 공부하기 이어서 진행합니다.,"Jan 12, 2026",6415,0
2025-01-04,UqllanMkHvo,재미로 하는 Vibe Coding - AI와 함께 Claude Skills 효율적으로 공부하기 이어서 진행합니다.,"Jan 12, 2026",6415,0
2025-01-05,UqllanMkHvo,재미로 하는 Vibe Coding - AI와 함께 Claude Skills 효율적으로 공부하기 이어서 진행합니다.,"Jan 12, 2026",6415,0
2025-01-06,UqllanMkHvo,재미로 하는 Vibe Coding - AI와 함께 Claude Skills 효율적으로 공부하기 이어서 진행합니다.,"Jan 12, 2026",6415,0
2025-01-07,UqllanMkHvo,재미로 하는 Vibe Coding - AI와 함께 Claude Skills 효율적으로 공부하기 이어서 진행합니다.,"Jan 12, 2026",6415,0
2025-01-08,UqllanMkHvo,재미로 하는 Vibe Coding - AI와 함께 Claude Skills 효율적으로 공부하기 이어서 진행합니다.,"Jan 12, 2026",6415,0
2025-01-09,UqllanMkHvo,재미로 하는 Vibe Coding - AI와 함께 Claude Skills 효율적으로 공부하기 이어서 진행합니다.,"Jan 12, 2026",6415,0
2025-01-10,UqllanMkHvo,재미로 하는 Vibe Coding - AI와 함께 Claude Skills 효율적으로 공부하기 이어서 진행합니다.,"Jan 12, 2026",6415,0
2025-01-11,UqllanMkHvo,재미로 하는 Vibe Coding - AI와 함께 Claude Skills 효율적으로 공부하기 이어서 진행합니다.,"Jan 12, 2026",6415,0
2025-01-12,UqllanMkHvo,재미로 하는 Vibe Coding - AI와 함께 Claude Skills 효율적으로 공부하기 이어서 진행합니다.,"Jan 12, 2026",6415,0
2025-01-13,UqllanMkHvo,재미로 하는 Vibe Coding - AI와 함께 Claude Skills 효율적으로 공부하기 이어서 진행합니다.,"Jan 12, 2026",6415,0
2025-01-14,UqllanMkHvo,재미로 하는 Vibe Coding - AI와 함께 Claude Skills 효율적으로 공부하기 이어서 진행합니다.,"Jan 12, 2026",6415,0
2025-01-15,UqllanMkHvo,재미로 하는 Vibe Coding - AI와 함께 Claude Skills 효율적으로 공부하기 이어서 진행합니다.,"Jan 12, 2026",6415,0
2025-01-16,UqllanMkHvo,재미로 하는 Vibe Coding - AI와 함께 Claude Skills 효율적으로 공부하기 이어서 진행합니다.,"Jan 12, 2026",6415,0
2025-01-17,UqllanMkHvo,재미로 하는 Vibe Coding - AI와 함께 Claude Skills 효율적으로 공부하기 이어서 진행합니다.,"Jan 12, 2026",6415,0
2025-01-18,UqllanMkHvo,재미로 하는 Vibe Coding - AI와 함께 Claude Skills 효율적으로 공부하기 이어서 진행합니다.,"Jan 12, 2026",6415,0
2025-01-19,UqllanMkHvo,재미로 하는 Vibe Coding - AI와 함께 Claude Skills 효율적으로 공부하기 이어서 진행합니다.,"Jan 12, 2026",6415,0
2025-01-20,UqllanMkHvo,재미로 하는 Vibe Coding - AI와 함께 Claude Skills 효율적으로 공부하기 이어서 진행합니다.,"Jan 12, 2026",6415,0
2025-01-21,UqllanMkHvo,재미로 하는 Vibe Coding - AI와 함께 Claude Skills 효율적으로 공부하기 이어서 진행합니다.,"Jan 12, 2026",6415,0
2025-01-22,UqllanMkHvo,재미로 하는 Vibe Coding - AI와 함께 Claude Skills 효율적으로 공부하기 이어서 진행합니다.,"Jan 12, 2026",6415,0
2025-01-23,UqllanMkHvo,재미로 하는 Vibe Coding - AI와 함께 Claude Skills 효율적으로 공부하기 이어서 진행합니다.,"Jan 12, 2026",6415,0
2025-01-24,UqllanMkHvo,재미로 하는 Vibe Coding - AI와 함께 Claude Skills 효율적으로 공부하기 이어서 진행합니다.,"Jan 12, 2026",6415,0
2025-01-25,UqllanMkHvo,재미로 하는 Vibe Coding - AI와 함께 Claude Skills 효율적으로 공부하기 이어서 진행합니다.,"Jan 12, 2026",6415,0
2025-01-26,UqllanMkHvo,재미로 하는 Vibe Coding - AI와 함께 Claude Skills 효율적으로 공부하기 이어서 진행합니다.,"Jan 12, 2026",6415,0
2025-01-27,UqllanMkHvo,재미로 하는 Vibe Coding - AI와 함께 Claude Skills 효율적으로 공부하기 이어서 진행합니다.,"Jan 12, 2026",6415,0
2025-01-28,UqllanMkHvo,재미로 하는 Vibe Coding - AI와 함께 Claude Skills 효율적으로 공부하기 이어서 진행합니다.,"Jan 12, 2026",6415,0
2025-01-29,UqllanMkHvo,재미로 하는 Vibe Coding - AI와 함께 Claude Skills 효율적으로 공부하기 이어서 진행합니다.,"Jan 12, 2026",6415,0
2025-01-30,UqllanMkHvo,재미로 하는 Vibe Coding - AI와 함께 Claude Skills 효율적으로 공부하기 이어서 진행합니다.,"Jan 12, 2026",6415,0
2025-01-31,UqllanMkHvo,재미로 하는 Vibe Coding - AI와 함께 Claude Skills 효율적으로 공부하기 이어서 진행합니다.,"Jan 12, 2026",6415,0
2025-02-01,UqllanMkHvo,재미로 하는 Vibe Coding - AI와 함께 Claude Skills 효율적으로 공부하기 이어서 진행합니다.,"Jan 12, 2026",6415,0
2025-02-02,UqllanMkHvo,재미로 하는 Vibe Coding - AI와 함께 Claude Skills 효율적으로 공부하기 이어서 진행합니다.,"Jan 12, 2026",6415,0
2025-02-03,UqllanMkHvo,재미로 하는 Vibe Coding - AI와 함께 Claude Skills 효율적으로 공부하기 이어서 진행합니다.,"Jan 12, 2026",6415,0
2025-02-04,UqllanMkHvo,재미로 하는 Vibe Coding - AI와 함께 Claude Skills 효율적으로 공부하기 이어서 진행합니다.,"Jan 12, 2026",6415,0
2025-02-05,UqllanMkHvo,재미로 하는 Vibe Coding - AI와 함께 Claude Skills 효율적으로 공부하기 이어서 진행합니다.,"Jan 12, 2026",6415,0
2025-02-06,UqllanMkHvo,재미로 하는 Vibe Coding - AI와 함께 Claude Skills 효율적으로 공부하기 이어서 진행합니다.,"Jan 12, 2026",6415,0
2025-02-07,UqllanMkHvo,재미로 하는 Vibe Coding - AI와 함께 Claude Skills 효율적으로 공부하기 이어서 진행합니다.,"Jan 12, 2026",6415,0
2025-02-08,UqllanMkHvo,재미로 하는 Vibe Coding - AI와 함께 Claude Skills 효율적으로 공부하기 이어서 진행합니다.,"Jan 12, 2026",6415,0
2025-02-09,UqllanMkHvo,재미로 하는 Vibe Coding - AI와 함께 Claude Skills 효율적으로 공부하기 이어서 진행합니다.,"Jan 12, 2026",6415,0
2025-02-10,UqllanMkHvo,재미로 하는 Vibe Coding - AI와 함께 Claude Skills 효율적으로 공부하기 이어서 진행합니다.,"Jan 12, 2026",6415,0
2025-02-11,UqllanMkHvo,재미로 하는 Vibe Coding - AI와 함께 Claude Skills 효율적으로 공부하기 이어서 진행합니다.,"Jan 12, 2026",6415,0
2025-02-12,UqllanMkHvo,재미로 하는 Vibe Coding - AI와 함께 Claude Skills 효율적으로 공부하기 이어서 진행합니다.,"Jan 12, 2026",6415,0
2025-02-13,UqllanMkHvo,재미로 하는 Vibe Coding - AI와 함께 Claude Skills 효율적으로 공부하기 이어서 진행합니다.,"Jan 12, 2026",6415,0
2025-02-14,UqllanMkHvo,재미로 하는 Vibe Coding - AI와 함께 Claude Skills 효율적으로 공부하기 이어서 진행합니다.,"Jan 12, 2026",6415,0
2025-02-15,UqllanMkHvo,재미로 하는 Vibe Coding - AI와 함께 Claude Skills 효율적으로 공부하기 이어서 진행합니다.,"Jan 12, 2026",6415,0
2025-02-16,UqllanMkHvo,재미로 하는 Vibe Coding - AI와 함께 Claude Skills 효율적으로 공부하기 이어서 진행합니다.,"Jan 12, 2026",6415,0
2025-02-17,UqllanMkHvo,재미로 하는 Vibe Coding - AI와 함께 Claude Skills 효율적으로 공부하기 이어서 진행합니다.,"Jan 12, 2026",6415,0
2025-02-18,UqllanMkHvo,재미로 하는 Vibe Coding - AI와 함께 Claude Skills 효율적으로 공부하기 이어서 진행합니다.,"Jan 12, 2026",6415,0
2025-02-19,UqllanMkHvo,재미로 하는 Vibe Coding - AI와 함께 Claude Skills 효율적으로 공부하기 이어서 진행합니다.,"Jan 12, 2026",6415,0
2025-02-20,UqllanMkHvo,재미로 하는 Vibe Coding - AI와 함께 Claude Skills 효율적으로 공부하기 이어서 진행합니다.,"Jan 12, 2026",6415,0
2025-02-21,UqllanMkHvo,재미로 하는 Vibe Coding - AI와 함께 Claude Skills 효율적으로 공부하기 이어서 진행합니다.,"Jan 12, 2026",6415,0
2025-02-22,UqllanMkHvo,재미로 하는 Vibe Coding - AI와 함께 Claude Skills 효율적으로 공부하기 이어서 진행합니다.,"Jan 12, 2026",6415,0
2025-02-23,UqllanMkHvo,재미로 하는 Vibe Coding - AI와 함께 Claude Skills 효율적으로 공부하기 이어서 진행합니다.,"Jan 12, 2026",6415,0
2025-02-24,UqllanMkHvo,재미로 하는 Vibe Coding - AI와 함께 Claude Skills 효율적으로 공부하기 이어서 진행합니다.,"Jan 12, 2026",6415,0
2025-02-25,UqllanMkHvo,재미로 하는 Vibe Coding - AI와 함께 Claude Skills 효율적으로 공부하기 이어서 진행합니다.,"Jan 12, 2026",6415,0
2025-02-26,UqllanMkHvo,재미로 하는 Vibe Coding - AI와 함께 Claude Skills 효율적으로 공부하기 이어서 진행합니다.,"Jan 12, 2026",6415,0
2025-02-27,UqllanMkHvo,재미로 하는 Vibe Coding - AI와 함께 Claude Skills 효율적으로 공부하기 이어서 진행합니다.,"Jan 12, 2026",6415,0
2025-02-28,UqllanMkHvo,재미로 하는 Vibe Coding - AI와 함께 Claude Skills 효율적으로 공부하기 이어서 진행합니다.,"Jan 12, 2026",6415,0
2025-03-01,UqllanMkHvo,재미로 하는 Vibe Coding - AI와 함께 Claude Skills 효율적으로 공부하기 이어서 진행합니다.,"Jan 12, 2026",6415,0
2025-03-02,UqllanMkHvo,재미로 하는 Vibe Coding - AI와 함께 Claude Skills 효율적으로 공부하기 이어서 진행합니다.,"Jan 12, 2026",6415,0
2025-03-03,UqllanMkHvo,재미로 하는 Vibe Coding - AI와 함께 Claude Skills 효율적으로 공부하기 이어서 진행합니다.,"Jan 12, 2026",6415,0
2025-03-04,UqllanMkHvo,재미로 하는 Vibe Coding - AI와 함께 Claude Skills 효율적으로 공부하기 이어서 진행합니다.,"Jan 12, 2026",6415,0
2025-03-05,UqllanMkHvo,재미로 하는 Vibe Coding - AI와 함께 Claude Skills 효율적으로 공부하기 이어서 진행합니다.,"Jan 12, 2026",6415,0
2025-03-06,UqllanMkHvo,재미로 하는 Vibe Coding - AI와 함께 Claude Skills 효율적으로 공부하기 이어서 진행합니다.,"Jan 12, 2026",6415,0
2025-03-07,UqllanMkHvo,재미로 하는 Vibe Coding - AI와 함께 Claude Skills 효율적으로 공부하기 이어서 진행합니다.,"Jan 12, 2026",6415,0
2025-03-08,UqllanMkHvo,재미로 하는 Vibe Coding - AI와 함께 Claude Skills 효율적으로 공부하기 이어서 진행합니다.,"Jan 12, 2026",6415,0
2025-03-09,UqllanMkHvo,재미로 하는 Vibe Coding - AI와 함께 Claude Skills 효율적으로 공부하기 이어서 진행합니다.,"Jan 12, 2026",6415,0
2025-03-10,UqllanMkHvo,재미로 하는 Vibe Coding - AI와 함께 Claude Skills 효율적으로 공부하기 이어서 진행합니다.,"Jan 12, 2026",6415,0
2025-03-11,UqllanMkHvo,재미로 하는 Vibe Coding - AI와 함께 Claude Skills 효율적으로 공부하기 이어서 진행합니다.,"Jan 12, 2026",6415,0
2025-03-12,UqllanMkHvo,재미로 하는 Vibe Coding - AI와 함께 Claude Skills 효율적으로 공부하기 이어서 진행합니다.,"Jan 12, 2026",6415,0
2025-03-13,UqllanMkHvo,재미로 하는 Vibe Coding - AI와 함께 Claude Skills 효율적으로 공부하기 이어서 진행합니다.,"Jan 12, 2026",6415,0
2025-03-14,UqllanMkHvo,재미로 하는 Vibe Coding - AI와 함께 Claude Skills 효율적으로 공부하기 이어서 진행합니다.,"Jan 12, 2026",6415,0
2025-03-15,UqllanMkHvo,재미로 하는 Vibe Coding - AI와 함께 Claude Skills 효율적으로 공부하기 이어서 진행합니다.,"Jan 12, 2026",6415,0
2025-03-16,UqllanMkHvo,재미로 하는 Vibe Coding - AI와 함께 Claude Skills 효율적으로 공부하기 이어서 진행합니다.,"Jan 12, 2026",6415,0
2025-03-17,UqllanMkHvo,재미로 하는 Vibe Coding - AI와 함께 Claude Skills 효율적으로 공부하기 이어서 진행합니다.,"Jan 12, 2026",6415,0
2025-03-18,UqllanMkHvo,재미로 하는 Vibe Coding - AI와 함께 Claude Skills 효율적으로 공부하기 이어서 진행합니다.,"Jan 12, 2026",6415,0
2025-03-19,UqllanMkHvo,재미로 하는 Vibe Coding - AI와 함께 Claude Skills 효율적으로 공부하기 이어서 진행합니다.,"Jan 12, 2026",6415,0
2025-03-20,UqllanMkHvo,재미로 하는 Vibe Coding - AI와 함께 Claude Skills 효율적으로 공부하기 이어서 진행합니다.,"Jan 12, 2026",6415,0
2025-03-21,UqllanMkHvo,재미로 하는 Vibe Coding - AI와 함께 Claude Skills 효율적으로 공부하기 이어서 진행합니다.,"Jan 12, 2026",6415,0
2025-03-22,UqllanMkHvo,재미로 하는 Vibe Coding - AI와 함께 Claude Skills 효율적으로 공부하기 이어서 진행합니다.,"Jan 12, 2026",6415,0
2025-03-23,UqllanMkHvo,재미로 하는 Vibe Coding - AI와 함께 Claude Skills 효율적으로 공부하기 이어서 진행합니다.,"Jan 12, 2026",6415,0
2025-03-24,UqllanMkHvo,재미로 하는 Vibe Coding - AI와 함께 Claude Skills 효율적으로 공부하기 이어서 진행합니다.,"Jan 12, 2026",6415,0
2025-03-25,UqllanMkHvo,재미로 하는 Vibe Coding - AI와 함께 Claude Skills 효율적으로 공부하기 이어서 진행합니다.,"Jan 12, 2026",6415,0
2025-03-26,UqllanMkHvo,재미로 하는 Vibe Coding - AI와 함께 Claude Skills 효율적으로 공부하기 이어서 진행합니다.,"Jan 12, 2026",6415,0
2025-03-27,UqllanMkHvo,재미로 하는 Vibe Coding - AI와 함께 Claude Skills 효율적으로 공부하기 이어서 진행합니다.,"Jan 12, 2026",6415,0
2025-03-28,UqllanMkHvo,재미로 하는 Vibe Coding - AI와 함께 Claude Skills 효율적으로 공부하기 이어서 진행합니다.,"Jan 12, 2026",6415,0
2025-03-29,UqllanMkHvo,재미로 하는 Vibe Coding - AI와 함께 Claude Skills 효율적으로 공부하기 이어서 진행합니다.,"Jan 12, 2026",6415,0
2025-03-30,UqllanMkHvo,재미로 하는 Vibe Coding - AI와 함께 Claude Skills 효율적으로 공부하기 이어서 진행합니다.,"Jan 12, 2026",6415,0
2025-03-31,UqllanMkHvo,재미로 하는 Vibe Coding - AI와 함께 Claude Skills 효율적으로 공부하기 이어서 진행합니다.,"Jan 12, 2026",6415,0
2025-04-01,UqllanMkHvo,재미로 하는 Vibe Coding - AI와 함께 Claude Skills 효율적으로 공부하기 이어서 진행합니다.,"Jan 12, 2026",6415,0
2025-04-02,UqllanMkHvo,재미로 하는 Vibe Coding - AI와 함께 Claude Skills 효율적으로 공부하기 이어서 진행합니다.,"Jan 12, 2026",6415,0
2025-04-03,UqllanMkHvo,재미로 하는 Vibe Coding - AI와 함께 Claude Skills 효율적으로 공부하기 이어서 진행합니다.,"Jan 12, 2026",6415,0
2025-04-04,UqllanMkHvo,재미로 하는 Vibe Coding - AI와 함께 Claude Skills 효율적으로 공부하기 이어서 진행합니다.,"Jan 12, 2026",6415,0
2025-04-05,UqllanMkHvo,재미로 하는 Vibe Coding - AI와 함께 Claude Skills 효율적으로 공부하기 이어서 진행합니다.,"Jan 12, 2026",6415,0
2025-04-06,UqllanMkHvo,재미로 하는 Vibe Coding - AI와 함께 Claude Skills 효율적으로 공부하기 이어서 진행합니다.,"Jan 12, 2026",6415,0
2025-04-07,UqllanMkHvo,재미로 하는 Vibe Coding - AI와 함께 Claude Skills 효율적으로 공부하기 이어서 진행합니다.,"Jan 12, 2026",6415,0
2025-04-08,UqllanMkHvo,재미로 하는 Vibe Coding - AI와 함께 Claude Skills 효율적으로 공부하기 이어서 진행합니다.,"Jan 12, 2026",6415,0
2025-04-09,UqllanMkHvo,재미로 하는 Vibe Coding - AI와 함께 Claude Skills 효율적으로 공부하기 이어서 진행합니다.,"Jan 12, 2026",6415,0
2025-04-10,UqllanMkHvo,재미로 하는 Vibe Coding - AI와 함께 Claude Skills 효율적으로 공부하기 이어서 진행합니다.,"Jan 12, 2026",6415,0
2025-04-11,UqllanMkHvo,재미로 하는 Vibe Coding - AI와 함께 Claude Skills 효율적으로 공부하기 이어서 진행합니다.,"Jan 12, 2026",6415,0
2025-04-12,UqllanMkHvo,재미로 하는 Vibe Coding - AI와 함께 Claude Skills 효율적으로 공부하기 이어서 진행합니다.,"Jan 12, 2026",6415,0
2025-04-13,UqllanMkHvo,재미로 하는 Vibe Coding - AI와 함께 Claude Skills 효율적으로 공부하기 이어서 진행합니다.,"Jan 12, 2026",6415,0
2025-04-14,UqllanMkHvo,재미로 하는 Vibe Coding - AI와 함께 Claude Skills 효율적으로 공부하기 이어서 진행합니다.,"Jan 12, 2026",6415,0
2025-04-15,UqllanMkHvo,재미로 하는 Vibe Coding - AI와 함께 Claude Skills 효율적으로 공부하기 이어서 진행합니다.,"Jan 12, 2026",6415,0
2025-04-16,UqllanMkHvo,재미로 하는 Vibe Coding - AI와 함께 Claude Skills 효율적으로 공부하기 이어서 진행합니다.,"Jan 12, 2026",6415,0
2025-04-17,UqllanMkHvo,재미로 하는 Vibe Coding - AI와 함께 Claude Skills 효율적으로 공부하기 이어서 진행합니다.,"Jan 12, 2026",6415,0
2025-04-18,UqllanMkHvo,재미로 하는 Vibe Coding - AI와 함께 Claude Skills 효율적으로 공부하기 이어서 진행합니다.,"Jan 12, 2026",6415,0
2025-04-19,UqllanMkHvo,재미로 하는 Vibe Coding - AI와 함께 Claude Skills 효율적으로 공부하기 이어서 진행합니다.,"Jan 12, 2026",6415,0
2025-04-20,UqllanMkHvo,재미로 하는 Vibe Coding - AI와 함께 Claude Skills 효율적으로 공부하기 이어서 진행합니다.,"Jan 12, 2026",6415,0
2025-04-21,UqllanMkHvo,재미로 하는 Vibe Coding - AI와 함께 Claude Skills 효율적으로 공부하기 이어서 진행합니다.,"Jan 12, 2026",6415,0
2025-04-22,UqllanMkHvo,재미로 하는 Vibe Coding - AI와 함께 Claude Skills 효율적으로 공부하기 이어서 진행합니다.,"Jan 12, 2026",6415,0
2025-04-23,UqllanMkHvo,재미로 하는 Vibe Coding - AI와 함께 Claude Skills 효율적으로 공부하기 이어서 진행합니다.,"Jan 12, 2026",6415,0
2025-04-24,UqllanMkHvo,재미로 하는 Vibe Coding - AI와 함께 Claude Skills 효율적으로 공부하기 이어서 진행합니다.,"Jan 12, 2026",6415,0
2025-04-25,UqllanMkHvo,재미로 하는 Vibe Coding - AI와 함께 Claude Skills 효율적으로 공부하기 이어서 진행합니다.,"Jan 12, 2026",6415,0
2025-04-26,UqllanMkHvo,재미로 하는 Vibe Coding - AI와 함께 Claude Skills 효율적으로 공부하기 이어서 진행합니다.,"Jan 12, 2026",6415,0
2025-04-27,UqllanMkHvo,재미로 하는 Vibe Coding - AI와 함께 Claude Skills 효율적으로 공부하기 이어서 진행합니다.,"Jan 12, 2026",6415,0
2025-04-28,UqllanMkHvo,재미로 하는 Vibe Coding - AI와 함께 Claude Skills 효율적으로 공부하기 이어서 진행합니다.,"Jan 12, 2026",6415,0
2025-04-29,UqllanMkHvo,재미로 하는 Vibe Coding - AI와 함께 Claude Skills 효율적으로 공부하기 이어서 진행합니다.,"Jan 12, 2026",6415,0
2025-04-30,UqllanMkHvo,재미로 하는 Vibe Coding - AI와 함께 Claude Skills 효율적으로 공부하기 이어서 진행합니다.,"Jan 12, 2026",6415,0
2025-05-01,UqllanMkHvo,재미로 하는 Vibe Coding - AI와 함께 Claude Skills 효율적으로 공부하기 이어서 진행합니다.,"Jan 12, 2026",6415,0
2025-05-02,UqllanMkHvo,재미로 하는 Vibe Coding - AI와 함께 Claude Skills 효율적으로 공부하기 이어서 진행합니다.,"Jan 12, 2026",6415,0
2025-05-03,UqllanMkHvo,재미로 하는 Vibe Coding - AI와 함께 Claude Skills 효율적으로 공부하기 이어서 진행합니다.,"Jan 12, 2026",6415,0
2025-05-04,UqllanMkHvo,재미로 하는 Vibe Coding - AI와 함께 Claude Skills 효율적으로 공부하기 이어서 진행합니다.,"Jan 12, 2026",6415,0
2025-05-05,UqllanMkHvo,재미로 하는 Vibe Coding - AI와 함께 Claude Skills 효율적으로 공부하기 이어서 진행합니다.,"Jan 12, 2026",6415,0
2025-05-06,UqllanMkHvo,재미로 하는 Vibe Coding - AI와 함께 Claude Skills 효율적으로 공부하기 이어서 진행합니다.,"Jan 12, 2026",6415,0
2025-05-07,UqllanMkHvo,재미로 하는 Vibe Coding - AI와 함께 Claude Skills 효율적으로 공부하기 이어서 진행합니다.,"Jan 12, 2026",6415,0
2025-05-08,UqllanMkHvo,재미로 하는 Vibe Coding - AI와 함께 Claude Skills 효율적으로 공부하기 이어서 진행합니다.,"Jan 12, 2026",6415,0
2025-05-09,UqllanMkHvo,재미로 하는 Vibe Coding - AI와 함께 Claude Skills 효율적으로 공부하기 이어서 진행합니다.,"Jan 12, 2026",6415,0
2025-05-10,UqllanMkHvo,재미로 하는 Vibe Coding - AI와 함께 Claude Skills 효율적으로 공부하기 이어서 진행합니다.,"Jan 12, 2026",6415,0
2025-05-11,UqllanMkHvo,재미로 하는 Vibe Coding - AI와 함께 Claude Skills 효율적으로 공부하기 이어서 진행합니다.,"Jan 12, 2026",6415,0
2025-05-12,UqllanMkHvo,재미로 하는 Vibe Coding - AI와 함께 Claude Skills 효율적으로 공부하기 이어서 진행합니다.,"Jan 12, 2026",6415,0
2025-05-13,UqllanMkHvo,재미로 하는 Vibe Coding - AI와 함께 Claude Skills 효율적으로 공부하기 이어서 진행합니다.,"Jan 12, 2026",6415,0
2025-05-14,UqllanMkHvo,재미로 하는 Vibe Coding - AI와 함께 Claude Skills 효율적으로 공부하기 이어서 진행합니다.,"Jan 12, 2026",6415,0
2025-05-15,UqllanMkHvo,재미로 하는 Vibe Coding - AI와 함께 Claude Skills 효율적으로 공부하기 이어서 진행합니다.,"Jan 12, 2026",6415,0
2025-05-16,UqllanMkHvo,재미로 하는 Vibe Coding - AI와 함께 Claude Skills 효율적으로 공부하기 이어서 진행합니다.,"Jan 12, 2026",6415,0
2025-05-17,UqllanMkHvo,재미로 하는 Vibe Coding - AI와 함께 Claude Skills 효율적으로 공부하기 이어서 진행합니다.,"Jan 12, 2026",6415,0
2025-05-18,UqllanMkHvo,재미로 하는 Vibe Coding - AI와 함께 Claude Skills 효율적으로 공부하기 이어서 진행합니다.,"Jan 12, 2026",6415,0
2025-05-19,UqllanMkHvo,재미로 하는 Vibe Coding - AI와 함께 Claude Skills 효율적으로 공부하기 이어서 진행합니다.,"Jan 12, 2026",6415,0
2025-05-20,UqllanMkHvo,재미로 하는 Vibe Coding - AI와 함께 Claude Skills 효율적으로 공부하기 이어서 진행합니다.,"Jan 12, 2026",6415,0
2025-05-21,UqllanMkHvo,재미로 하는 Vibe Coding - AI와 함께 Claude Skills 효율적으로 공부하기 이어서 진행합니다.,"Jan 12, 2026",6415,0
2025-05-22,UqllanMkHvo,재미로 하는 Vibe Coding - AI와 함께 Claude Skills 효율적으로 공부하기 이어서 진행합니다.,"Jan 12, 2026",6415,0
2025-05-23,UqllanMkHvo,재미로 하는 Vibe Coding - AI와 함께 Claude Skills 효율적으로 공부하기 이어서 진행합니다.,"Jan 12, 2026",6415,0
2025-05-24,UqllanMkHvo,재미로 하는 Vibe Coding - AI와 함께 Claude Skills 효율적으로 공부하기 이어서 진행합니다.,"Jan 12, 2026",6415,0
2025-05-25,UqllanMkHvo,재미로 하는 Vibe Coding - AI와 함께 Claude Skills 효율적으로 공부하기 이어서 진행합니다.,"Jan 12, 2026",6415,0
2025-05-26,UqllanMkHvo,재미로 하는 Vibe Coding - AI와 함께 Claude Skills 효율적으로 공부하기 이어서 진행합니다.,"Jan 12, 2026",6415,0
2025-05-27,UqllanMkHvo,재미로 하는 Vibe Coding - AI와 함께 Claude Skills 효율적으로 공부하기 이어서 진행합니다.,"Jan 12, 2026",6415,0
2025-05-28,UqllanMkHvo,재미로 하는 Vibe Coding - AI와 함께 Claude Skills 효율적으로 공부하기 이어서 진행합니다.,"Jan 12, 2026",6415,0
2025-05-29,UqllanMkHvo,재미로 하는 Vibe Coding - AI와 함께 Claude Skills 효율적으로 공부하기 이어서 진행합니다.,"Jan 12, 2026",6415,0
2025-05-30,UqllanMkHvo,재미로 하는 Vibe Coding - AI와 함께 Claude Skills 효율적으로 공부하기 이어서 진행합니다.,"Jan 12, 2026",6415,0
2025-05-31,UqllanMkHvo,재미로 하는 Vibe Coding - AI와 함께 Claude Skills 효율적으로 공부하기 이어서 진행합니다.,"Jan 12, 2026",6415,0
2025-06-01,UqllanMkHvo,재미로 하는 Vibe Coding - AI와 함께 Claude Skills 효율적으로 공부하기 이어서 진행합니다.,"Jan 12, 2026",6415,0
2025-06-02,UqllanMkHvo,재미로 하는 Vibe Coding - AI와 함께 Claude Skills 효율적으로 공부하기 이어서 진행합니다.,"Jan 12, 2026",6415,0
2025-06-03,UqllanMkHvo,재미로 하는 Vibe Coding - AI와 함께 Claude Skills 효율적으로 공부하기 이어서 진행합니다.,"Jan 12, 2026",6415,0
2025-06-04,UqllanMkHvo,재미로 하는 Vibe Coding - AI와 함께 Claude Skills 효율적으로 공부하기 이어서 진행합니다.,"Jan 12, 2026",6415,0
2025-06-05,UqllanMkHvo,재미로 하는 Vibe Coding - AI와 함께 Claude Skills 효율적으로 공부하기 이어서 진행합니다.,"Jan 12, 2026",6415,0
2025-06-06,UqllanMkHvo,재미로 하는 Vibe Coding - AI와 함께 Claude Skills 효율적으로 공부하기 이어서 진행합니다.,"Jan 12, 2026",6415,0
2025-06-07,UqllanMkHvo,재미로 하는 Vibe Coding - AI와 함께 Claude Skills 효율적으로 공부하기 이어서 진행합니다.,"Jan 12, 2026",6415,0
2025-06-08,UqllanMkHvo,재미로 하는 Vibe Coding - AI와 함께 Claude Skills 효율적으로 공부하기 이어서 진행합니다.,"Jan 12, 2026",6415,0
2025-06-09,UqllanMkHvo,재미로 하는 Vibe Coding - AI와 함께 Claude Skills 효율적으로 공부하기 이어서 진행합니다.,"Jan 12, 2026",6415,0
2025-06-10,UqllanMkHvo,재미로 하는 Vibe Coding - AI와 함께 Claude Skills 효율적으로 공부하기 이어서 진행합니다.,"Jan 12, 2026",6415,0
2025-06-11,UqllanMkHvo,재미로 하는 Vibe Coding - AI와 함께 Claude Skills 효율적으로 공부하기 이어서 진행합니다.,"Jan 12, 2026",6415,0
2025-06-12,UqllanMkHvo,재미로 하는 Vibe Coding - AI와 함께 Claude Skills 효율적으로 공부하기 이어서 진행합니다.,"Jan 12, 2026",6415,0
2025-06-13,UqllanMkHvo,재미로 하는 Vibe Coding - AI와 함께 Claude Skills 효율적으로 공부하기 이어서 진행합니다.,"Jan 12, 2026",6415,0
2025-06-14,UqllanMkHvo,재미로 하는 Vibe Coding - AI와 함께 Claude Skills 효율적으로 공부하기 이어서 진행합니다.,"Jan 12, 2026",6415,0
2025-06-15,UqllanMkHvo,재미로 하는 Vibe Coding - AI와 함께 Claude Skills 효율적으로 공부하기 이어서 진행합니다.,"Jan 12, 2026",6415,0
2025-06-16,UqllanMkHvo,재미로 하는 Vibe Coding - AI와 함께 Claude Skills 효율적으로 공부하기 이어서 진행합니다.,"Jan 12, 2026",6415,0
2025-06-17,UqllanMkHvo,재미로 하는 Vibe Coding - AI와 함께 Claude Skills 효율적으로 공부하기 이어서 진행합니다.,"Jan 12, 2026",6415,0
2025-06-18,UqllanMkHvo,재미로 하는 Vibe Coding - AI와 함께 Claude Skills 효율적으로 공부하기 이어서 진행합니다.,"Jan 12, 2026",6415,0
2025-06-19,UqllanMkHvo,재미로 하는 Vibe Coding - AI와 함께 Claude Skills 효율적으로 공부하기 이어서 진행합니다.,"Jan 12, 2026",6415,0
2025-06-20,UqllanMkHvo,재미로 하는 Vibe Coding - AI와 함께 Claude Skills 효율적으로 공부하기 이어서 진행합니다.,"Jan 12, 2026",6415,0
2025-06-21,UqllanMkHvo,재미로 하는 Vibe Coding - AI와 함께 Claude Skills 효율적으로 공부하기 이어서 진행합니다.,"Jan 12, 2026",6415,0
2025-06-22,UqllanMkHvo,재미로 하는 Vibe Coding - AI와 함께 Claude Skills 효율적으로 공부하기 이어서 진행합니다.,"Jan 12, 2026",6415,0
2025-06-23,UqllanMkHvo,재미로 하는 Vibe Coding - AI와 함께 Claude Skills 효율적으로 공부하기 이어서 진행합니다.,"Jan 12, 2026",6415,0
2025-06-24,UqllanMkHvo,재미로 하는 Vibe Coding - AI와 함께 Claude Skills 효율적으로 공부하기 이어서 진행합니다.,"Jan 12, 2026",6415,0
2025-06-25,UqllanMkHvo,재미로 하는 Vibe Coding - AI와 함께 Claude Skills 효율적으로 공부하기 이어서 진행합니다.,"Jan 12, 2026",6415,0
2025-06-26,UqllanMkHvo,재미로 하는 Vibe Coding - AI와 함께 Claude Skills 효율적으로 공부하기 이어서 진행합니다.,"Jan 12, 2026",6415,0
2025-06-27,UqllanMkHvo,재미로 하는 Vibe Coding - AI와 함께 Claude Skills 효율적으로 공부하기 이어서 진행합니다.,"Jan 12, 2026",6415,0
2025-06-28,UqllanMkHvo,재미로 하는 Vibe Coding - AI와 함께 Claude Skills 효율적으로 공부하기 이어서 진행합니다.,"Jan 12, 2026",6415,0
2025-06-29,UqllanMkHvo,재미로 하는 Vibe Coding - AI와 함께 Claude Skills 효율적으로 공부하기 이어서 진행합니다.,"Jan 12, 2026",6415,0
2025-06-30,UqllanMkHvo,재미로 하는 Vibe Coding - AI와 함께 Claude Skills 효율적으로 공부하기 이어서 진행합니다.,"Jan 12, 2026",6415,0
2025-07-01,UqllanMkHvo,재미로 하는 Vibe Coding - AI와 함께 Claude Skills 효율적으로 공부하기 이어서 진행합니다.,"Jan 12, 2026",6415,0
2025-07-02,UqllanMkHvo,재미로 하는 Vibe Coding - AI와 함께 Claude Skills 효율적으로 공부하기 이어서 진행합니다.,"Jan 12, 2026",6415,0
2025-07-03,UqllanMkHvo,재미로 하는 Vibe Coding - AI와 함께 Claude Skills 효율적으로 공부하기 이어서 진행합니다.,"Jan 12, 2026",6415,0
2025-07-04,UqllanMkHvo,재미로 하는 Vibe Coding - AI와 함께 Claude Skills 효율적으로 공부하기 이어서 진행합니다.,"Jan 12, 2026",6415,0
2025-07-05,UqllanMkHvo,재미로 하는 Vibe Coding - AI와 함께 Claude Skills 효율적으로 공부하기 이어서 진행합니다.,"Jan 12, 2026",6415,0
2025-07-06,UqllanMkHvo,재미로 하는 Vibe Coding - AI와 함께 Claude Skills 효율적으로 공부하기 이어서 진행합니다.,"Jan 12, 2026",6415,0
2025-07-07,UqllanMkHvo,재미로 하는 Vibe Coding - AI와 함께 Claude Skills 효율적으로 공부하기 이어서 진행합니다.,"Jan 12, 2026",6415,0
2025-07-08,UqllanMkHvo,재미로 하는 Vibe Coding - AI와 함께 Claude Skills 효율적으로 공부하기 이어서 진행합니다.,"Jan 12, 2026",6415,0
2025-07-09,UqllanMkHvo,재미로 하는 Vibe Coding - AI와 함께 Claude Skills 효율적으로 공부하기 이어서 진행합니다.,"Jan 12, 2026",6415,0
2025-07-10,UqllanMkHvo,재미로 하는 Vibe Coding - AI와 함께 Claude Skills 효율적으로 공부하기 이어서 진행합니다.,"Jan 12, 2026",6415,0
2025-07-11,UqllanMkHvo,재미로 하는 Vibe Coding - AI와 함께 Claude Skills 효율적으로 공부하기 이어서 진행합니다.,"Jan 12, 2026",6415,0
2025-07-12,UqllanMkHvo,재미로 하는 Vibe Coding - AI와 함께 Claude Skills 효율적으로 공부하기 이어서 진행합니다.,"Jan 12, 2026",6415,0
2025-07-13,UqllanMkHvo,재미로 하는 Vibe Coding - AI와 함께 Claude Skills 효율적으로 공부하기 이어서 진행합니다.,"Jan 12, 2026",6415,0
2025-07-14,UqllanMkHvo,재미로 하는 Vibe Coding - AI와 함께 Claude Skills 효율적으로 공부하기 이어서 진행합니다.,"Jan 12, 2026",6415,0
2025-07-15,UqllanMkHvo,재미로 하는 Vibe Coding - AI와 함께 Claude Skills 효율적으로 공부하기 이어서 진행합니다.,"Jan 12, 2026",6415,0
2025-07-16,UqllanMkHvo,재미로 하는 Vibe Coding - AI와 함께 Claude Skills 효율적으로 공부하기 이어서 진행합니다.,"Jan 12, 2026",6415,0
2025-07-17,UqllanMkHvo,재미로 하는 Vibe Coding - AI와 함께 Claude Skills 효율적으로 공부하기 이어서 진행합니다.,"Jan 12, 2026",6415,0
2025-07-18,UqllanMkHvo,재미로 하는 Vibe Coding - AI와 함께 Claude Skills 효율적으로 공부하기 이어서 진행합니다.,"Jan 12, 2026",6415,0
2025-07-19,UqllanMkHvo,재미로 하는 Vibe Coding - AI와 함께 Claude Skills 효율적으로 공부하기 이어서 진행합니다.,"Jan 12, 2026",6415,0
2025-07-20,UqllanMkHvo,재미로 하는 Vibe Coding - AI와 함께 Claude Skills 효율적으로 공부하기 이어서 진행합니다.,"Jan 12, 2026",6415,0
2025-07-21,UqllanMkHvo,재미로 하는 Vibe Coding - AI와 함께 Claude Skills 효율적으로 공부하기 이어서 진행합니다.,"Jan 12, 2026",6415,0
2025-07-22,UqllanMkHvo,재미로 하는 Vibe Coding - AI와 함께 Claude Skills 효율적으로 공부하기 이어서 진행합니다.,"Jan 12, 2026",6415,0
2025-07-23,UqllanMkHvo,재미로 하는 Vibe Coding - AI와 함께 Claude Skills 효율적으로 공부하기 이어서 진행합니다.,"Jan 12, 2026",6415,0
2025-07-24,UqllanMkHvo,재미로 하는 Vibe Coding - AI와 함께 Claude Skills 효율적으로 공부하기 이어서 진행합니다.,"Jan 12, 2026",6415,0
2025-07-25,UqllanMkHvo,재미로 하는 Vibe Coding - AI와 함께 Claude Skills 효율적으로 공부하기 이어서 진행합니다.,"Jan 12, 2026",6415,0
2025-07-26,UqllanMkHvo,재미로 하는 Vibe Coding - AI와 함께 Claude Skills 효율적으로 공부하기 이어서 진행합니다.,"Jan 12, 2026",6415,0
2025-07-27,UqllanMkHvo,재미로 하는 Vibe Coding - AI와 함께 Claude Skills 효율적으로 공부하기 이어서 진행합니다.,"Jan 12, 2026",6415,0
2025-07-28,UqllanMkHvo,재미로 하는 Vibe Coding - AI와 함께 Claude Skills 효율적으로 공부하기 이어서 진행합니다.,"Jan 12, 2026",6415,0
2025-07-29,UqllanMkHvo,재미로 하는 Vibe Coding - AI와 함께 Claude Skills 효율적으로 공부하기 이어서 진행합니다.,"Jan 12, 2026",6415,0
2025-07-30,UqllanMkHvo,재미로 하는 Vibe Coding - AI와 함께 Claude Skills 효율적으로 공부하기 이어서 진행합니다.,"Jan 12, 2026",6415,0
2025-07-31,UqllanMkHvo,재미로 하는 Vibe Coding - AI와 함께 Claude Skills 효율적으로 공부하기 이어서 진행합니다.,"Jan 12, 2026",6415,0
2025-08-01,UqllanMkHvo,재미로 하는 Vibe Coding - AI와 함께 Claude Skills 효율적으로 공부하기 이어서 진행합니다.,"Jan 12, 2026",6415,0
2025-08-02,UqllanMkHvo,재미로 하는 Vibe Coding - AI와 함께 Claude Skills 효율적으로 공부하기 이어서 진행합니다.,"Jan 12, 2026",6415,0
2025-08-03,UqllanMkHvo,재미로 하는 Vibe Coding - AI와 함께 Claude Skills 효율적으로 공부하기 이어서 진행합니다.,"Jan 12, 2026",6415,0
2025-08-04,UqllanMkHvo,재미로 하는 Vibe Coding - AI와 함께 Claude Skills 효율적으로 공부하기 이어서 진행합니다.,"Jan 12, 2026",6415,0
2025-08-05,UqllanMkHvo,재미로 하는 Vibe Coding - AI와 함께 Claude Skills 효율적으로 공부하기 이어서 진행합니다.,"Jan 12, 2026",6415,0
2025-08-06,UqllanMkHvo,재미로 하는 Vibe Coding - AI와 함께 Claude Skills 효율적으로 공부하기 이어서 진행합니다.,"Jan 12, 2026",6415,0
2025-08-07,UqllanMkHvo,재미로 하는 Vibe Coding - AI와 함께 Claude Skills 효율적으로 공부하기 이어서 진행합니다.,"Jan 12, 2026",6415,0
2025-08-08,UqllanMkHvo,재미로 하는 Vibe Coding - AI와 함께 Claude Skills 효율적으로 공부하기 이어서 진행합니다.,"Jan 12, 2026",6415,0
2025-08-09,UqllanMkHvo,재미로 하는 Vibe Coding - AI와 함께 Claude Skills 효율적으로 공부하기 이어서 진행합니다.,"Jan 12, 2026",6415,0
2025-08-10,UqllanMkHvo,재미로 하는 Vibe Coding - AI와 함께 Claude Skills 효율적으로 공부하기 이어서 진행합니다.,"Jan 12, 2026",6415,0
2025-08-11,UqllanMkHvo,재미로 하는 Vibe Coding - AI와 함께 Claude Skills 효율적으로 공부하기 이어서 진행합니다.,"Jan 12, 2026",6415,0
2025-08-12,UqllanMkHvo,재미로 하는 Vibe Coding - AI와 함께 Claude Skills 효율적으로 공부하기 이어서 진행합니다.,"Jan 12, 2026",6415,0
2025-08-13,UqllanMkHvo,재미로 하는 Vibe Coding - AI와 함께 Claude Skills 효율적으로 공부하기 이어서 진행합니다.,"Jan 12, 2026",6415,0
2025-08-14,UqllanMkHvo,재미로 하는 Vibe Coding - AI와 함께 Claude Skills 효율적으로 공부하기 이어서 진행합니다.,"Jan 12, 2026",6415,0
2025-08-15,UqllanMkHvo,재미로 하는 Vibe Coding - AI와 함께 Claude Skills 효율적으로 공부하기 이어서 진행합니다.,"Jan 12, 2026",6415,0
2025-08-16,UqllanMkHvo,재미로 하는 Vibe Coding - AI와 함께 Claude Skills 효율적으로 공부하기 이어서 진행합니다.,"Jan 12, 2026",6415,0
2025-08-17,UqllanMkHvo,재미로 하는 Vibe Coding - AI와 함께 Claude Skills 효율적으로 공부하기 이어서 진행합니다.,"Jan 12, 2026",6415,0
2025-08-18,UqllanMkHvo,재미로 하는 Vibe Coding - AI와 함께 Claude Skills 효율적으로 공부하기 이어서 진행합니다.,"Jan 12, 2026",6415,0
2025-08-19,UqllanMkHvo,재미로 하는 Vibe Coding - AI와 함께 Claude Skills 효율적으로 공부하기 이어서 진행합니다.,"Jan 12, 2026",6415,0
2025-08-20,UqllanMkHvo,재미로 하는 Vibe Coding - AI와 함께 Claude Skills 효율적으로 공부하기 이어서 진행합니다.,"Jan 12, 2026",6415,0
2025-08-21,UqllanMkHvo,재미로 하는 Vibe Coding - AI와 함께 Claude Skills 효율적으로 공부하기 이어서 진행합니다.,"Jan 12, 2026",6415,0
2025-08-22,UqllanMkHvo,재미로 하는 Vibe Coding - AI와 함께 Claude Skills 효율적으로 공부하기 이어서 진행합니다.,"Jan 12, 2026",6415,0
2025-08-23,UqllanMkHvo,재미로 하는 Vibe Coding - AI와 함께 Claude Skills 효율적으로 공부하기 이어서 진행합니다.,"Jan 12, 2026",6415,0
2025-08-24,UqllanMkHvo,재미로 하는 Vibe Coding - AI와 함께 Claude Skills 효율적으로 공부하기 이어서 진행합니다.,"Jan 12, 2026",6415,0
2025-08-25,UqllanMkHvo,재미로 하는 Vibe Coding - AI와 함께 Claude Skills 효율적으로 공부하기 이어서 진행합니다.,"Jan 12, 2026",6415,0
2025-08-26,UqllanMkHvo,재미로 하는 Vibe Coding - AI와 함께 Claude Skills 효율적으로 공부하기 이어서 진행합니다.,"Jan 12, 2026",6415,0
2025-08-27,UqllanMkHvo,재미로 하는 Vibe Coding - AI와 함께 Claude Skills 효율적으로 공부하기 이어서 진행합니다.,"Jan 12, 2026",6415,0
2025-08-28,UqllanMkHvo,재미로 하는 Vibe Coding - AI와 함께 Claude Skills 효율적으로 공부하기 이어서 진행합니다.,"Jan 12, 2026",6415,0
2025-08-29,UqllanMkHvo,재미로 하는 Vibe Coding - AI와 함께 Claude Skills 효율적으로 공부하기 이어서 진행합니다.,"Jan 12, 2026",6415,0
2025-08-30,UqllanMkHvo,재미로 하는 Vibe Coding - AI와 함께 Claude Skills 효율적으로 공부하기 이어서 진행합니다.,"Jan 12, 2026",6415,0
2025-08-31,UqllanMkHvo,재미로 하는 Vibe Coding - AI와 함께 Claude Skills 효율적으로 공부하기 이어서 진행합니다.,"Jan 12, 2026",6415,0
2025-09-01,UqllanMkHvo,재미로 하는 Vibe Coding - AI와 함께 Claude Skills 효율적으로 공부하기 이어서 진행합니다.,"Jan 12, 2026",6415,0
2025-09-02,UqllanMkHvo,재미로 하는 Vibe Coding - AI와 함께 Claude Skills 효율적으로 공부하기 이어서 진행합니다.,"Jan 12, 2026",6415,0
2025-09-03,UqllanMkHvo,재미로 하는 Vibe Coding - AI와 함께 Claude Skills 효율적으로 공부하기 이어서 진행합니다.,"Jan 12, 2026",6415,0
2025-09-04,UqllanMkHvo,재미로 하는 Vibe Coding - AI와 함께 Claude Skills 효율적으로 공부하기 이어서 진행합니다.,"Jan 12, 2026",6415,0
2025-09-05,UqllanMkHvo,재미로 하는 Vibe Coding - AI와 함께 Claude Skills 효율적으로 공부하기 이어서 진행합니다.,"Jan 12, 2026",6415,0
2025-09-06,UqllanMkHvo,재미로 하는 Vibe Coding - AI와 함께 Claude Skills 효율적으로 공부하기 이어서 진행합니다.,"Jan 12, 2026",6415,0
2025-09-07,UqllanMkHvo,재미로 하는 Vibe Coding - AI와 함께 Claude Skills 효율적으로 공부하기 이어서 진행합니다.,"Jan 12, 2026",6415,0
2025-09-08,UqllanMkHvo,재미로 하는 Vibe Coding - AI와 함께 Claude Skills 효율적으로 공부하기 이어서 진행합니다.,"Jan 12, 2026",6415,0
2025-09-09,UqllanMkHvo,재미로 하는 Vibe Coding - AI와 함께 Claude Skills 효율적으로 공부하기 이어서 진행합니다.,"Jan 12, 2026",6415,0
2025-09-10,UqllanMkHvo,재미로 하는 Vibe Coding - AI와 함께 Claude Skills 효율적으로 공부하기 이어서 진행합니다.,"Jan 12, 2026",6415,0
2025-09-11,UqllanMkHvo,재미로 하는 Vibe Coding - AI와 함께 Claude Skills 효율적으로 공부하기 이어서 진행합니다.,"Jan 12, 2026",6415,0
2025-09-12,UqllanMkHvo,재미로 하는 Vibe Coding - AI와 함께 Claude Skills 효율적으로 공부하기 이어서 진행합니다.,"Jan 12, 2026",6415,0
2025-09-13,UqllanMkHvo,재미로 하는 Vibe Coding - AI와 함께 Claude Skills 효율적으로 공부하기 이어서 진행합니다.,"Jan 12, 2026",6415,0
2025-09-14,UqllanMkHvo,재미로 하는 Vibe Coding - AI와 함께 Claude Skills 효율적으로 공부하기 이어서 진행합니다.,"Jan 12, 2026",6415,0
2025-09-15,UqllanMkHvo,재미로 하는 Vibe Coding - AI와 함께 Claude Skills 효율적으로 공부하기 이어서 진행합니다.,"Jan 12, 2026",6415,0
2025-09-16,UqllanMkHvo,재미로 하는 Vibe Coding - AI와 함께 Claude Skills 효율적으로 공부하기 이어서 진행합니다.,"Jan 12, 2026",6415,0
2025-09-17,UqllanMkHvo,재미로 하는 Vibe Coding - AI와 함께 Claude Skills 효율적으로 공부하기 이어서 진행합니다.,"Jan 12, 2026",6415,0
2025-09-18,UqllanMkHvo,재미로 하는 Vibe Coding - AI와 함께 Claude Skills 효율적으로 공부하기 이어서 진행합니다.,"Jan 12, 2026",6415,0
2025-09-19,UqllanMkHvo,재미로 하는 Vibe Coding - AI와 함께 Claude Skills 효율적으로 공부하기 이어서 진행합니다.,"Jan 12, 2026",6415,0
2025-09-20,UqllanMkHvo,재미로 하는 Vibe Coding - AI와 함께 Claude Skills 효율적으로 공부하기 이어서 진행합니다.,"Jan 12, 2026",6415,0
2025-09-21,UqllanMkHvo,재미로 하는 Vibe Coding - AI와 함께 Claude Skills 효율적으로 공부하기 이어서 진행합니다.,"Jan 12, 2026",6415,0
2025-09-22,UqllanMkHvo,재미로 하는 Vibe Coding - AI와 함께 Claude Skills 효율적으로 공부하기 이어서 진행합니다.,"Jan 12, 2026",6415,0
2025-09-23,UqllanMkHvo,재미로 하는 Vibe Coding - AI와 함께 Claude Skills 효율적으로 공부하기 이어서 진행합니다.,"Jan 12, 2026",6415,0
2025-09-24,UqllanMkHvo,재미로 하는 Vibe Coding - AI와 함께 Claude Skills 효율적으로 공부하기 이어서 진행합니다.,"Jan 12, 2026",6415,0
2025-09-25,UqllanMkHvo,재미로 하는 Vibe Coding - AI와 함께 Claude Skills 효율적으로 공부하기 이어서 진행합니다.,"Jan 12, 2026",6415,0
2025-09-26,UqllanMkHvo,재미로 하는 Vibe Coding - AI와 함께 Claude Skills 효율적으로 공부하기 이어서 진행합니다.,"Jan 12, 2026",6415,0
2025-09-27,UqllanMkHvo,재미로 하는 Vibe Coding - AI와 함께 Claude Skills 효율적으로 공부하기 이어서 진행합니다.,"Jan 12, 2026",6415,0
2025-09-28,UqllanMkHvo,재미로 하는 Vibe Coding - AI와 함께 Claude Skills 효율적으로 공부하기 이어서 진행합니다.,"Jan 12, 2026",6415,0
2025-09-29,UqllanMkHvo,재미로 하는 Vibe Coding - AI와 함께 Claude Skills 효율적으로 공부하기 이어서 진행합니다.,"Jan 12, 2026",6415,0
2025-09-30,UqllanMkHvo,재미로 하는 Vibe Coding - AI와 함께 Claude Skills 효율적으로 공부하기 이어서 진행합니다.,"Jan 12, 2026",6415,0
2025-10-01,UqllanMkHvo,재미로 하는 Vibe Coding - AI와 함께 Claude Skills 효율적으로 공부하기 이어서 진행합니다.,"Jan 12, 2026",6415,0
2025-10-02,UqllanMkHvo,재미로 하는 Vibe Coding - AI와 함께 Claude Skills 효율적으로 공부하기 이어서 진행합니다.,"Jan 12, 2026",6415,0
2025-10-03,UqllanMkHvo,재미로 하는 Vibe Coding - AI와 함께 Claude Skills 효율적으로 공부하기 이어서 진행합니다.,"Jan 12, 2026",6415,0
2025-10-04,UqllanMkHvo,재미로 하는 Vibe Coding - AI와 함께 Claude Skills 효율적으로 공부하기 이어서 진행합니다.,"Jan 12, 2026",6415,0
2025-10-05,UqllanMkHvo,재미로 하는 Vibe Coding - AI와 함께 Claude Skills 효율적으로 공부하기 이어서 진행합니다.,"Jan 12, 2026",6415,0
2025-10-06,UqllanMkHvo,재미로 하는 Vibe Coding - AI와 함께 Claude Skills 효율적으로 공부하기 이어서 진행합니다.,"Jan 12, 2026",6415,0
2025-10-07,UqllanMkHvo,재미로 하는 Vibe Coding - AI와 함께 Claude Skills 효율적으로 공부하기 이어서 진행합니다.,"Jan 12, 2026",6415,0
2025-10-08,UqllanMkHvo,재미로 하는 Vibe Coding - AI와 함께 Claude Skills 효율적으로 공부하기 이어서 진행합니다.,"Jan 12, 2026",6415,0
2025-10-09,UqllanMkHvo,재미로 하는 Vibe Coding - AI와 함께 Claude Skills 효율적으로 공부하기 이어서 진행합니다.,"Jan 12, 2026",6415,0
2025-10-10,UqllanMkHvo,재미로 하는 Vibe Coding - AI와 함께 Claude Skills 효율적으로 공부하기 이어서 진행합니다.,"Jan 12, 2026",6415,0
2025-10-11,UqllanMkHvo,재미로 하는 Vibe Coding - AI와 함께 Claude Skills 효율적으로 공부하기 이어서 진행합니다.,"Jan 12, 2026",6415,0
2025-10-12,UqllanMkHvo,재미로 하는 Vibe Coding - AI와 함께 Claude Skills 효율적으로 공부하기 이어서 진행합니다.,"Jan 12, 2026",6415,0
2025-10-13,UqllanMkHvo,재미로 하는 Vibe Coding - AI와 함께 Claude Skills 효율적으로 공부하기 이어서 진행합니다.,"Jan 12, 2026",6415,0
2025-10-14,UqllanMkHvo,재미로 하는 Vibe Coding - AI와 함께 Claude Skills 효율적으로 공부하기 이어서 진행합니다.,"Jan 12, 2026",6415,0
2025-10-15,UqllanMkHvo,재미로 하는 Vibe Coding - AI와 함께 Claude Skills 효율적으로 공부하기 이어서 진행합니다.,"Jan 12, 2026",6415,0
2025-10-16,UqllanMkHvo,재미로 하는 Vibe Coding - AI와 함께 Claude Skills 효율적으로 공부하기 이어서 진행합니다.,"Jan 12, 2026",6415,0
2025-10-17,UqllanMkHvo,재미로 하는 Vibe Coding - AI와 함께 Claude Skills 효율적으로 공부하기 이어서 진행합니다.,"Jan 12, 2026",6415,0
2025-10-18,UqllanMkHvo,재미로 하는 Vibe Coding - AI와 함께 Claude Skills 효율적으로 공부하기 이어서 진행합니다.,"Jan 12, 2026",6415,0
2025-10-19,UqllanMkHvo,재미로 하는 Vibe Coding - AI와 함께 Claude Skills 효율적으로 공부하기 이어서 진행합니다.,"Jan 12, 2026",6415,0
2025-10-20,UqllanMkHvo,재미로 하는 Vibe Coding - AI와 함께 Claude Skills 효율적으로 공부하기 이어서 진행합니다.,"Jan 12, 2026",6415,0
2025-10-21,UqllanMkHvo,재미로 하는 Vibe Coding - AI와 함께 Claude Skills 효율적으로 공부하기 이어서 진행합니다.,"Jan 12, 2026",6415,0
2025-10-22,UqllanMkHvo,재미로 하는 Vibe Coding - AI와 함께 Claude Skills 효율적으로 공부하기 이어서 진행합니다.,"Jan 12, 2026",6415,0
2025-10-23,UqllanMkHvo,재미로 하는 Vibe Coding - AI와 함께 Claude Skills 효율적으로 공부하기 이어서 진행합니다.,"Jan 12, 2026",6415,0
2025-10-24,UqllanMkHvo,재미로 하는 Vibe Coding - AI와 함께 Claude Skills 효율적으로 공부하기 이어서 진행합니다.,"Jan 12, 2026",6415,0
2025-10-25,UqllanMkHvo,재미로 하는 Vibe Coding - AI와 함께 Claude Skills 효율적으로 공부하기 이어서 진행합니다.,"Jan 12, 2026",6415,0
2025-10-26,UqllanMkHvo,재미로 하는 Vibe Coding - AI와 함께 Claude Skills 효율적으로 공부하기 이어서 진행합니다.,"Jan 12, 2026",6415,0
2025-10-27,UqllanMkHvo,재미로 하는 Vibe Coding - AI와 함께 Claude Skills 효율적으로 공부하기 이어서 진행합니다.,"Jan 12, 2026",6415,0
2025-10-28,UqllanMkHvo,재미로 하는 Vibe Coding - AI와 함께 Claude Skills 효율적으로 공부하기 이어서 진행합니다.,"Jan 12, 2026",6415,0
2025-10-29,UqllanMkHvo,재미로 하는 Vibe Coding - AI와 함께 Claude Skills 효율적으로 공부하기 이어서 진행합니다.,"Jan 12, 2026",6415,0
2025-10-30,UqllanMkHvo,재미로 하는 Vibe Coding - AI와 함께 Claude Skills 효율적으로 공부하기 이어서 진행합니다.,"Jan 12, 2026",6415,0
2025-10-31,UqllanMkHvo,재미로 하는 Vibe Coding - AI와 함께 Claude Skills 효율적으로 공부하기 이어서 진행합니다.,"Jan 12, 2026",6415,0
2025-11-01,UqllanMkHvo,재미로 하는 Vibe Coding - AI와 함께 Claude Skills 효율적으로 공부하기 이어서 진행합니다.,"Jan 12, 2026",6415,0
2025-11-02,UqllanMkHvo,재미로 하는 Vibe Coding - AI와 함께 Claude Skills 효율적으로 공부하기 이어서 진행합니다.,"Jan 12, 2026",6415,0
2025-11-03,UqllanMkHvo,재미로 하는 Vibe Coding - AI와 함께 Claude Skills 효율적으로 공부하기 이어서 진행합니다.,"Jan 12, 2026",6415,0
2025-11-04,UqllanMkHvo,재미로 하는 Vibe Coding - AI와 함께 Claude Skills 효율적으로 공부하기 이어서 진행합니다.,"Jan 12, 2026",6415,0
2025-11-05,UqllanMkHvo,재미로 하는 Vibe Coding - AI와 함께 Claude Skills 효율적으로 공부하기 이어서 진행합니다.,"Jan 12, 2026",6415,0
2025-11-06,UqllanMkHvo,재미로 하는 Vibe Coding - AI와 함께 Claude Skills 효율적으로 공부하기 이어서 진행합니다.,"Jan 12, 2026",6415,0
2025-11-07,UqllanMkHvo,재미로 하는 Vibe Coding - AI와 함께 Claude Skills 효율적으로 공부하기 이어서 진행합니다.,"Jan 12, 2026",6415,0
2025-11-08,UqllanMkHvo,재미로 하는 Vibe Coding - AI와 함께 Claude Skills 효율적으로 공부하기 이어서 진행합니다.,"Jan 12, 2026",6415,0
2025-11-09,UqllanMkHvo,재미로 하는 Vibe Coding - AI와 함께 Claude Skills 효율적으로 공부하기 이어서 진행합니다.,"Jan 12, 2026",6415,0
2025-11-10,UqllanMkHvo,재미로 하는 Vibe Coding - AI와 함께 Claude Skills 효율적으로 공부하기 이어서 진행합니다.,"Jan 12, 2026",6415,0
2025-11-11,UqllanMkHvo,재미로 하는 Vibe Coding - AI와 함께 Claude Skills 효율적으로 공부하기 이어서 진행합니다.,"Jan 12, 2026",6415,0
2025-11-12,UqllanMkHvo,재미로 하는 Vibe Coding - AI와 함께 Claude Skills 효율적으로 공부하기 이어서 진행합니다.,"Jan 12, 2026",6415,0
2025-11-13,UqllanMkHvo,재미로 하는 Vibe Coding - AI와 함께 Claude Skills 효율적으로 공부하기 이어서 진행합니다.,"Jan 12, 2026",6415,0
2025-11-14,UqllanMkHvo,재미로 하는 Vibe Coding - AI와 함께 Claude Skills 효율적으로 공부하기 이어서 진행합니다.,"Jan 12, 2026",6415,0
2025-11-15,UqllanMkHvo,재미로 하는 Vibe Coding - AI와 함께 Claude Skills 효율적으로 공부하기 이어서 진행합니다.,"Jan 12, 2026",6415,0
2025-11-16,UqllanMkHvo,재미로 하는 Vibe Coding - AI와 함께 Claude Skills 효율적으로 공부하기 이어서 진행합니다.,"Jan 12, 2026",6415,0
2025-11-17,UqllanMkHvo,재미로 하는 Vibe Coding - AI와 함께 Claude Skills 효율적으로 공부하기 이어서 진행합니다.,"Jan 12, 2026",6415,0
2025-11-18,UqllanMkHvo,재미로 하는 Vibe Coding - AI와 함께 Claude Skills 효율적으로 공부하기 이어서 진행합니다.,"Jan 12, 2026",6415,0
2025-11-19,UqllanMkHvo,재미로 하는 Vibe Coding - AI와 함께 Claude Skills 효율적으로 공부하기 이어서 진행합니다.,"Jan 12, 2026",6415,0
2025-11-20,UqllanMkHvo,재미로 하는 Vibe Coding - AI와 함께 Claude Skills 효율적으로 공부하기 이어서 진행합니다.,"Jan 12, 2026",6415,0
2025-11-21,UqllanMkHvo,재미로 하는 Vibe Coding - AI와 함께 Claude Skills 효율적으로 공부하기 이어서 진행합니다.,"Jan 12, 2026",6415,0
2025-11-22,UqllanMkHvo,재미로 하는 Vibe Coding - AI와 함께 Claude Skills 효율적으로 공부하기 이어서 진행합니다.,"Jan 12, 2026",6415,0
2025-11-23,UqllanMkHvo,재미로 하는 Vibe Coding - AI와 함께 Claude Skills 효율적으로 공부하기 이어서 진행합니다.,"Jan 12, 2026",6415,0
2025-11-24,UqllanMkHvo,재미로 하는 Vibe Coding - AI와 함께 Claude Skills 효율적으로 공부하기 이어서 진행합니다.,"Jan 12, 2026",6415,0
2025-11-25,UqllanMkHvo,재미로 하는 Vibe Coding - AI와 함께 Claude Skills 효율적으로 공부하기 이어서 진행합니다.,"Jan 12, 2026",6415,0
2025-11-26,UqllanMkHvo,재미로 하는 Vibe Coding - AI와 함께 Claude Skills 효율적으로 공부하기 이어서 진행합니다.,"Jan 12, 2026",6415,0
2025-11-27,UqllanMkHvo,재미로 하는 Vibe Coding - AI와 함께 Claude Skills 효율적으로 공부하기 이어서 진행합니다.,"Jan 12, 2026",6415,0
2025-11-28,UqllanMkHvo,재미로 하는 Vibe Coding - AI와 함께 Claude Skills 효율적으로 공부하기 이어서 진행합니다.,"Jan 12, 2026",6415,0
2025-11-29,UqllanMkHvo,재미로 하는 Vibe Coding - AI와 함께 Claude Skills 효율적으로 공부하기 이어서 진행합니다.,"Jan 12, 2026",6415,0
2025-11-30,UqllanMkHvo,재미로 하는 Vibe Coding - AI와 함께 Claude Skills 효율적으로 공부하기 이어서 진행합니다.,"Jan 12, 2026",6415,0
2025-12-01,UqllanMkHvo,재미로 하는 Vibe Coding - AI와 함께 Claude Skills 효율적으로 공부하기 이어서 진행합니다.,"Jan 12, 2026",6415,0
2025-12-02,UqllanMkHvo,재미로 하는 Vibe Coding - AI와 함께 Claude Skills 효율적으로 공부하기 이어서 진행합니다.,"Jan 12, 2026",6415,0
2025-12-03,UqllanMkHvo,재미로 하는 Vibe Coding - AI와 함께 Claude Skills 효율적으로 공부하기 이어서 진행합니다.,"Jan 12, 2026",6415,0
2025-12-04,UqllanMkHvo,재미로 하는 Vibe Coding - AI와 함께 Claude Skills 효율적으로 공부하기 이어서 진행합니다.,"Jan 12, 2026",6415,0
2025-12-05,UqllanMkHvo,재미로 하는 Vibe Coding - AI와 함께 Claude Skills 효율적으로 공부하기 이어서 진행합니다.,"Jan 12, 2026",6415,0
2025-12-06,UqllanMkHvo,재미로 하는 Vibe Coding - AI와 함께 Claude Skills 효율적으로 공부하기 이어서 진행합니다.,"Jan 12, 2026",6415,0
2025-12-07,UqllanMkHvo,재미로 하는 Vibe Coding - AI와 함께 Claude Skills 효율적으로 공부하기 이어서 진행합니다.,"Jan 12, 2026",6415,0
2025-12-08,UqllanMkHvo,재미로 하는 Vibe Coding - AI와 함께 Claude Skills 효율적으로 공부하기 이어서 진행합니다.,"Jan 12, 2026",6415,0
2025-12-09,UqllanMkHvo,재미로 하는 Vibe Coding - AI와 함께 Claude Skills 효율적으로 공부하기 이어서 진행합니다.,"Jan 12, 2026",6415,0
2025-12-10,UqllanMkHvo,재미로 하는 Vibe Coding - AI와 함께 Claude Skills 효율적으로 공부하기 이어서 진행합니다.,"Jan 12, 2026",6415,0
2025-12-11,UqllanMkHvo,재미로 하는 Vibe Coding - AI와 함께 Claude Skills 효율적으로 공부하기 이어서 진행합니다.,"Jan 12, 2026",6415,0
2025-12-12,UqllanMkHvo,재미로 하는 Vibe Coding - AI와 함께 Claude Skills 효율적으로 공부하기 이어서 진행합니다.,"Jan 12, 2026",6415,0
2025-12-13,UqllanMkHvo,재미로 하는 Vibe Coding - AI와 함께 Claude Skills 효율적으로 공부하기 이어서 진행합니다.,"Jan 12, 2026",6415,0
2025-12-14,UqllanMkHvo,재미로 하는 Vibe Coding - AI와 함께 Claude Skills 효율적으로 공부하기 이어서 진행합니다.,"Jan 12, 2026",6415,0
2025-12-15,UqllanMkHvo,재미로 하는 Vibe Coding - AI와 함께 Claude Skills 효율적으로 공부하기 이어서 진행합니다.,"Jan 12, 2026",6415,0
2025-12-16,UqllanMkHvo,재미로 하는 Vibe Coding - AI와 함께 Claude Skills 효율적으로 공부하기 이어서 진행합니다.,"Jan 12, 2026",6415,0
2025-12-17,UqllanMkHvo,재미로 하는 Vibe Coding - AI와 함께 Claude Skills 효율적으로 공부하기 이어서 진행합니다.,"Jan 12, 2026",6415,0
2025-12-18,UqllanMkHvo,재미로 하는 Vibe Coding - AI와 함께 Claude Skills 효율적으로 공부하기 이어서 진행합니다.,"Jan 12, 2026",6415,0
2025-12-19,UqllanMkHvo,재미로 하는 Vibe Coding - AI와 함께 Claude Skills 효율적으로 공부하기 이어서 진행합니다.,"Jan 12, 2026",6415,0
2025-12-20,UqllanMkHvo,재미로 하는 Vibe Coding - AI와 함께 Claude Skills 효율적으로 공부하기 이어서 진행합니다.,"Jan 12, 2026",6415,0
2025-12-21,UqllanMkHvo,재미로 하는 Vibe Coding - AI와 함께 Claude Skills 효율적으로 공부하기 이어서 진행합니다.,"Jan 12, 2026",6415,0
2025-12-22,UqllanMkHvo,재미로 하는 Vibe Coding - AI와 함께 Claude Skills 효율적으로 공부하기 이어서 진행합니다.,"Jan 12, 2026",6415,0
2025-12-23,UqllanMkHvo,재미로 하는 Vibe Coding - AI와 함께 Claude Skills 효율적으로 공부하기 이어서 진행합니다.,"Jan 12, 2026",6415,0
2025-12-24,UqllanMkHvo,재미로 하는 Vibe Coding - AI와 함께 Claude Skills 효율적으로 공부하기 이어서 진행합니다.,"Jan 12, 2026",6415,0
2025-12-25,UqllanMkHvo,재미로 하는 Vibe Coding - AI와 함께 Claude Skills 효율적으로 공부하기 이어서 진행합니다.,"Jan 12, 2026",6415,0
2025-12-26,UqllanMkHvo,재미로 하는 Vibe Coding - AI와 함께 Claude Skills 효율적으로 공부하기 이어서 진행합니다.,"Jan 12, 2026",6415,0
2025-12-27,UqllanMkHvo,재미로 하는 Vibe Coding - AI와 함께 Claude Skills 효율적으로 공부하기 이어서 진행합니다.,"Jan 12, 2026",6415,0
2025-12-28,UqllanMkHvo,재미로 하는 Vibe Coding - AI와 함께 Claude Skills 효율적으로 공부하기 이어서 진행합니다.,"Jan 12, 2026",6415,0
2025-12-29,UqllanMkHvo,재미로 하는 Vibe Coding - AI와 함께 Claude Skills 효율적으로 공부하기 이어서 진행합니다.,"Jan 12, 2026",6415,0
2025-12-30,UqllanMkHvo,재미로 하는 Vibe Coding - AI와 함께 Claude Skills 효율적으로 공부하기 이어서 진행합니다.,"Jan 12, 2026",6415,0
2025-12-31,UqllanMkHvo,재미로 하는 Vibe Coding - AI와 함께 Claude Skills 효율적으로 공부하기 이어서 진행합니다.,"Jan 12, 2026",6415,0
2026-01-01,UqllanMkHvo,재미로 하는 Vibe Coding - AI와 함께 Claude Skills 효율적으로 공부하기 이어서 진행합니다.,"Jan 12, 2026",6415,0
2026-01-02,UqllanMkHvo,재미로 하는 Vibe Coding - AI와 함께 Claude Skills 효율적으로 공부하기 이어서 진행합니다.,"Jan 12, 2026",6415,0
2026-01-03,UqllanMkHvo,재미로 하는 Vibe Coding - AI와 함께 Claude Skills 효율적으로 공부하기 이어서 진행합니다.,"Jan 12, 2026",6415,0
2026-01-04,UqllanMkHvo,재미로 하는 Vibe Coding - AI와 함께 Claude Skills 효율적으로 공부하기 이어서 진행합니다.,"Jan 12, 2026",6415,0
2026-01-05,UqllanMkHvo,재미로 하는 Vibe Coding - AI와 함께 Claude Skills 효율적으로 공부하기 이어서 진행합니다.,"Jan 12, 2026",6415,0
2026-01-06,UqllanMkHvo,재미로 하는 Vibe Coding - AI와 함께 Claude Skills 효율적으로 공부하기 이어서 진행합니다.,"Jan 12, 2026",6415,0
2026-01-07,UqllanMkHvo,재미로 하는 Vibe Coding - AI와 함께 Claude Skills 효율적으로 공부하기 이어서 진행합니다.,"Jan 12, 2026",6415,0
2026-01-08,UqllanMkHvo,재미로 하는 Vibe Coding - AI와 함께 Claude Skills 효율적으로 공부하기 이어서 진행합니다.,"Jan 12, 2026",6415,0
2026-01-09,UqllanMkHvo,재미로 하는 Vibe Coding - AI와 함께 Claude Skills 효율적으로 공부하기 이어서 진행합니다.,"Jan 12, 2026",6415,0
2026-01-10,UqllanMkHvo,재미로 하는 Vibe Coding - AI와 함께 Claude Skills 효율적으로 공부하기 이어서 진행합니다.,"Jan 12, 2026",6415,0.001
2026-01-11,UqllanMkHvo,재미로 하는 Vibe Coding - AI와 함께 Claude Skills 효율적으로 공부하기 이어서 진행합니다.,"Jan 12, 2026",6415,1.266
2026-01-12,UqllanMkHvo,재미로 하는 Vibe Coding - AI와 함께 Claude Skills 효율적으로 공부하기 이어서 진행합니다.,"Jan 12, 2026",6415,0
2026-01-13,UqllanMkHvo,재미로 하는 Vibe Coding - AI와 함께 Claude Skills 효율적으로 공부하기 이어서 진행합니다.,"Jan 12, 2026",6415,0
2026-01-14,UqllanMkHvo,재미로 하는 Vibe Coding - AI와 함께 Claude Skills 효율적으로 공부하기 이어서 진행합니다.,"Jan 12, 2026",6415,0.003
2026-01-15,UqllanMkHvo,재미로 하는 Vibe Coding - AI와 함께 Claude Skills 효율적으로 공부하기 이어서 진행합니다.,"Jan 12, 2026",6415,0.001
2026-01-16,UqllanMkHvo,재미로 하는 Vibe Coding - AI와 함께 Claude Skills 효율적으로 공부하기 이어서 진행합니다.,"Jan 12, 2026",6415,0.004
2026-01-17,UqllanMkHvo,재미로 하는 Vibe Coding - AI와 함께 Claude Skills 효율적으로 공부하기 이어서 진행합니다.,"Jan 12, 2026",6415,0.004
2026-01-18,UqllanMkHvo,재미로 하는 Vibe Coding - AI와 함께 Claude Skills 효율적으로 공부하기 이어서 진행합니다.,"Jan 12, 2026",6415,0.007
2026-01-19,UqllanMkHvo,재미로 하는 Vibe Coding - AI와 함께 Claude Skills 효율적으로 공부하기 이어서 진행합니다.,"Jan 12, 2026",6415,0
2026-01-20,UqllanMkHvo,재미로 하는 Vibe Coding - AI와 함께 Claude Skills 효율적으로 공부하기 이어서 진행합니다.,"Jan 12, 2026",6415,0.003
2026-01-21,UqllanMkHvo,재미로 하는 Vibe Coding - AI와 함께 Claude Skills 효율적으로 공부하기 이어서 진행합니다.,"Jan 12, 2026",6415,0
2026-01-22,UqllanMkHvo,재미로 하는 Vibe Coding - AI와 함께 Claude Skills 효율적으로 공부하기 이어서 진행합니다.,"Jan 12, 2026",6415,0.02
2026-01-23,UqllanMkHvo,재미로 하는 Vibe Coding - AI와 함께 Claude Skills 효율적으로 공부하기 이어서 진행합니다.,"Jan 12, 2026",6415,0
2026-01-24,UqllanMkHvo,재미로 하는 Vibe Coding - AI와 함께 Claude Skills 효율적으로 공부하기 이어서 진행합니다.,"Jan 12, 2026",6415,0
2026-01-25,UqllanMkHvo,재미로 하는 Vibe Coding - AI와 함께 Claude Skills 효율적으로 공부하기 이어서 진행합니다.,"Jan 12, 2026",6415,0
2026-01-26,UqllanMkHvo,재미로 하는 Vibe Coding - AI와 함께 Claude Skills 효율적으로 공부하기 이어서 진행합니다.,"Jan 12, 2026",6415,0
2026-01-27,UqllanMkHvo,재미로 하는 Vibe Coding - AI와 함께 Claude Skills 효율적으로 공부하기 이어서 진행합니다.,"Jan 12, 2026",6415,0
2026-01-28,UqllanMkHvo,재미로 하는 Vibe Coding - AI와 함께 Claude Skills 효율적으로 공부하기 이어서 진행합니다.,"Jan 12, 2026",6415,0
2026-01-29,UqllanMkHvo,재미로 하는 Vibe Coding - AI와 함께 Claude Skills 효율적으로 공부하기 이어서 진행합니다.,"Jan 12, 2026",6415,0.006
2026-01-30,UqllanMkHvo,재미로 하는 Vibe Coding - AI와 함께 Claude Skills 효율적으로 공부하기 이어서 진행합니다.,"Jan 12, 2026",6415,0
2026-01-31,UqllanMkHvo,재미로 하는 Vibe Coding - AI와 함께 Claude Skills 효율적으로 공부하기 이어서 진행합니다.,"Jan 12, 2026",6415,0
2026-02-01,UqllanMkHvo,재미로 하는 Vibe Coding - AI와 함께 Claude Skills 효율적으로 공부하기 이어서 진행합니다.,"Jan 12, 2026",6415,0
2026-02-02,UqllanMkHvo,재미로 하는 Vibe Coding - AI와 함께 Claude Skills 효율적으로 공부하기 이어서 진행합니다.,"Jan 12, 2026",6415,0
2026-02-03,UqllanMkHvo,재미로 하는 Vibe Coding - AI와 함께 Claude Skills 효율적으로 공부하기 이어서 진행합니다.,"Jan 12, 2026",6415,0
2026-02-04,UqllanMkHvo,재미로 하는 Vibe Coding - AI와 함께 Claude Skills 효율적으로 공부하기 이어서 진행합니다.,"Jan 12, 2026",6415,0
2026-02-05,UqllanMkHvo,재미로 하는 Vibe Coding - AI와 함께 Claude Skills 효율적으로 공부하기 이어서 진행합니다.,"Jan 12, 2026",6415,0
2026-02-06,UqllanMkHvo,재미로 하는 Vibe Coding - AI와 함께 Claude Skills 효율적으로 공부하기 이어서 진행합니다.,"Jan 12, 2026",6415,0
2026-02-07,UqllanMkHvo,재미로 하는 Vibe Coding - AI와 함께 Claude Skills 효율적으로 공부하기 이어서 진행합니다.,"Jan 12, 2026",6415,0
2026-02-08,UqllanMkHvo,재미로 하는 Vibe Coding - AI와 함께 Claude Skills 효율적으로 공부하기 이어서 진행합니다.,"Jan 12, 2026",6415,0
2026-02-09,UqllanMkHvo,재미로 하는 Vibe Coding - AI와 함께 Claude Skills 효율적으로 공부하기 이어서 진행합니다.,"Jan 12, 2026",6415,0
2026-02-10,UqllanMkHvo,재미로 하는 Vibe Coding - AI와 함께 Claude Skills 효율적으로 공부하기 이어서 진행합니다.,"Jan 12, 2026",6415,0
2026-02-11,UqllanMkHvo,재미로 하는 Vibe Coding - AI와 함께 Claude Skills 효율적으로 공부하기 이어서 진행합니다.,"Jan 12, 2026",6415,0.874
2026-02-12,UqllanMkHvo,재미로 하는 Vibe Coding - AI와 함께 Claude Skills 효율적으로 공부하기 이어서 진행합니다.,"Jan 12, 2026",6415,0
2026-02-13,UqllanMkHvo,재미로 하는 Vibe Coding - AI와 함께 Claude Skills 효율적으로 공부하기 이어서 진행합니다.,"Jan 12, 2026",6415,0
2026-02-14,UqllanMkHvo,재미로 하는 Vibe Coding - AI와 함께 Claude Skills 효율적으로 공부하기 이어서 진행합니다.,"Jan 12, 2026",6415,0
2026-02-15,UqllanMkHvo,재미로 하는 Vibe Coding - AI와 함께 Claude Skills 효율적으로 공부하기 이어서 진행합니다.,"Jan 12, 2026",6415,0
2026-02-16,UqllanMkHvo,재미로 하는 Vibe Coding - AI와 함께 Claude Skills 효율적으로 공부하기 이어서 진행합니다.,"Jan 12, 2026",6415,0
2026-02-17,UqllanMkHvo,재미로 하는 Vibe Coding - AI와 함께 Claude Skills 효율적으로 공부하기 이어서 진행합니다.,"Jan 12, 2026",6415,0
2026-02-18,UqllanMkHvo,재미로 하는 Vibe Coding - AI와 함께 Claude Skills 효율적으로 공부하기 이어서 진행합니다.,"Jan 12, 2026",6415,0
2026-02-19,UqllanMkHvo,재미로 하는 Vibe Coding - AI와 함께 Claude Skills 효율적으로 공부하기 이어서 진행합니다.,"Jan 12, 2026",6415,0
2026-02-20,UqllanMkHvo,재미로 하는 Vibe Coding - AI와 함께 Claude Skills 효율적으로 공부하기 이어서 진행합니다.,"Jan 12, 2026",6415,0
2026-02-21,UqllanMkHvo,재미로 하는 Vibe Coding - AI와 함께 Claude Skills 효율적으로 공부하기 이어서 진행합니다.,"Jan 12, 2026",6415,0
2026-02-22,UqllanMkHvo,재미로 하는 Vibe Coding - AI와 함께 Claude Skills 효율적으로 공부하기 이어서 진행합니다.,"Jan 12, 2026",6415,0
2026-02-23,UqllanMkHvo,재미로 하는 Vibe Coding - AI와 함께 Claude Skills 효율적으로 공부하기 이어서 진행합니다.,"Jan 12, 2026",6415,0
2026-02-24,UqllanMkHvo,재미로 하는 Vibe Coding - AI와 함께 Claude Skills 효율적으로 공부하기 이어서 진행합니다.,"Jan 12, 2026",6415,0
2026-02-25,UqllanMkHvo,재미로 하는 Vibe Coding - AI와 함께 Claude Skills 효율적으로 공부하기 이어서 진행합니다.,"Jan 12, 2026",6415,0
2026-02-26,UqllanMkHvo,재미로 하는 Vibe Coding - AI와 함께 Claude Skills 효율적으로 공부하기 이어서 진행합니다.,"Jan 12, 2026",6415,0
2026-02-27,UqllanMkHvo,재미로 하는 Vibe Coding - AI와 함께 Claude Skills 효율적으로 공부하기 이어서 진행합니다.,"Jan 12, 2026",6415,0
2026-02-28,UqllanMkHvo,재미로 하는 Vibe Coding - AI와 함께 Claude Skills 효율적으로 공부하기 이어서 진행합니다.,"Jan 12, 2026",6415,0
2026-03-01,UqllanMkHvo,재미로 하는 Vibe Coding - AI와 함께 Claude Skills 효율적으로 공부하기 이어서 진행합니다.,"Jan 12, 2026",6415,0
2026-03-02,UqllanMkHvo,재미로 하는 Vibe Coding - AI와 함께 Claude Skills 효율적으로 공부하기 이어서 진행합니다.,"Jan 12, 2026",6415,0
2026-03-03,UqllanMkHvo,재미로 하는 Vibe Coding - AI와 함께 Claude Skills 효율적으로 공부하기 이어서 진행합니다.,"Jan 12, 2026",6415,0
2026-03-04,UqllanMkHvo,재미로 하는 Vibe Coding - AI와 함께 Claude Skills 효율적으로 공부하기 이어서 진행합니다.,"Jan 12, 2026",6415,0
2026-03-05,UqllanMkHvo,재미로 하는 Vibe Coding - AI와 함께 Claude Skills 효율적으로 공부하기 이어서 진행합니다.,"Jan 12, 2026",6415,0.009
2026-03-06,UqllanMkHvo,재미로 하는 Vibe Coding - AI와 함께 Claude Skills 효율적으로 공부하기 이어서 진행합니다.,"Jan 12, 2026",6415,0
2026-03-07,UqllanMkHvo,재미로 하는 Vibe Coding - AI와 함께 Claude Skills 효율적으로 공부하기 이어서 진행합니다.,"Jan 12, 2026",6415,0
2026-03-08,UqllanMkHvo,재미로 하는 Vibe Coding - AI와 함께 Claude Skills 효율적으로 공부하기 이어서 진행합니다.,"Jan 12, 2026",6415,0
2026-03-09,UqllanMkHvo,재미로 하는 Vibe Coding - AI와 함께 Claude Skills 효율적으로 공부하기 이어서 진행합니다.,"Jan 12, 2026",6415,0
2026-03-10,UqllanMkHvo,재미로 하는 Vibe Coding - AI와 함께 Claude Skills 효율적으로 공부하기 이어서 진행합니다.,"Jan 12, 2026",6415,0
2026-03-11,UqllanMkHvo,재미로 하는 Vibe Coding - AI와 함께 Claude Skills 효율적으로 공부하기 이어서 진행합니다.,"Jan 12, 2026",6415,0.858
2026-03-12,UqllanMkHvo,재미로 하는 Vibe Coding - AI와 함께 Claude Skills 효율적으로 공부하기 이어서 진행합니다.,"Jan 12, 2026",6415,0
2026-03-13,UqllanMkHvo,재미로 하는 Vibe Coding - AI와 함께 Claude Skills 효율적으로 공부하기 이어서 진행합니다.,"Jan 12, 2026",6415,0
2026-03-14,UqllanMkHvo,재미로 하는 Vibe Coding - AI와 함께 Claude Skills 효율적으로 공부하기 이어서 진행합니다.,"Jan 12, 2026",6415,0
2026-03-15,UqllanMkHvo,재미로 하는 Vibe Coding - AI와 함께 Claude Skills 효율적으로 공부하기 이어서 진행합니다.,"Jan 12, 2026",6415,0
2026-03-16,UqllanMkHvo,재미로 하는 Vibe Coding - AI와 함께 Claude Skills 효율적으로 공부하기 이어서 진행합니다.,"Jan 12, 2026",6415,0
2026-03-17,UqllanMkHvo,재미로 하는 Vibe Coding - AI와 함께 Claude Skills 효율적으로 공부하기 이어서 진행합니다.,"Jan 12, 2026",6415,0
2026-03-18,UqllanMkHvo,재미로 하는 Vibe Coding - AI와 함께 Claude Skills 효율적으로 공부하기 이어서 진행합니다.,"Jan 12, 2026",6415,0
2026-03-19,UqllanMkHvo,재미로 하는 Vibe Coding - AI와 함께 Claude Skills 효율적으로 공부하기 이어서 진행합니다.,"Jan 12, 2026",6415,0
2026-03-20,UqllanMkHvo,재미로 하는 Vibe Coding - AI와 함께 Claude Skills 효율적으로 공부하기 이어서 진행합니다.,"Jan 12, 2026",6415,0
2026-03-21,UqllanMkHvo,재미로 하는 Vibe Coding - AI와 함께 Claude Skills 효율적으로 공부하기 이어서 진행합니다.,"Jan 12, 2026",6415,0
2026-03-22,UqllanMkHvo,재미로 하는 Vibe Coding - AI와 함께 Claude Skills 효율적으로 공부하기 이어서 진행합니다.,"Jan 12, 2026",6415,0
2026-03-23,UqllanMkHvo,재미로 하는 Vibe Coding - AI와 함께 Claude Skills 효율적으로 공부하기 이어서 진행합니다.,"Jan 12, 2026",6415,0
2026-03-24,UqllanMkHvo,재미로 하는 Vibe Coding - AI와 함께 Claude Skills 효율적으로 공부하기 이어서 진행합니다.,"Jan 12, 2026",6415,0
2026-03-25,UqllanMkHvo,재미로 하는 Vibe Coding - AI와 함께 Claude Skills 효율적으로 공부하기 이어서 진행합니다.,"Jan 12, 2026",6415,0
2026-03-26,UqllanMkHvo,재미로 하는 Vibe Coding - AI와 함께 Claude Skills 효율적으로 공부하기 이어서 진행합니다.,"Jan 12, 2026",6415,0
2026-03-27,UqllanMkHvo,재미로 하는 Vibe Coding - AI와 함께 Claude Skills 효율적으로 공부하기 이어서 진행합니다.,"Jan 12, 2026",6415,0
2026-03-28,UqllanMkHvo,재미로 하는 Vibe Coding - AI와 함께 Claude Skills 효율적으로 공부하기 이어서 진행합니다.,"Jan 12, 2026",6415,0
2026-03-29,UqllanMkHvo,재미로 하는 Vibe Coding - AI와 함께 Claude Skills 효율적으로 공부하기 이어서 진행합니다.,"Jan 12, 2026",6415,0
2026-03-30,UqllanMkHvo,재미로 하는 Vibe Coding - AI와 함께 Claude Skills 효율적으로 공부하기 이어서 진행합니다.,"Jan 12, 2026",6415,0
2026-03-31,UqllanMkHvo,재미로 하는 Vibe Coding - AI와 함께 Claude Skills 효율적으로 공부하기 이어서 진행합니다.,"Jan 12, 2026",6415,0
2026-04-01,UqllanMkHvo,재미로 하는 Vibe Coding - AI와 함께 Claude Skills 효율적으로 공부하기 이어서 진행합니다.,"Jan 12, 2026",6415,0
2026-04-02,UqllanMkHvo,재미로 하는 Vibe Coding - AI와 함께 Claude Skills 효율적으로 공부하기 이어서 진행합니다.,"Jan 12, 2026",6415,0
2026-04-03,UqllanMkHvo,재미로 하는 Vibe Coding - AI와 함께 Claude Skills 효율적으로 공부하기 이어서 진행합니다.,"Jan 12, 2026",6415,0
2026-04-04,UqllanMkHvo,재미로 하는 Vibe Coding - AI와 함께 Claude Skills 효율적으로 공부하기 이어서 진행합니다.,"Jan 12, 2026",6415,0
2026-04-05,UqllanMkHvo,재미로 하는 Vibe Coding - AI와 함께 Claude Skills 효율적으로 공부하기 이어서 진행합니다.,"Jan 12, 2026",6415,0
2026-04-06,UqllanMkHvo,재미로 하는 Vibe Coding - AI와 함께 Claude Skills 효율적으로 공부하기 이어서 진행합니다.,"Jan 12, 2026",6415,0
2026-04-07,UqllanMkHvo,재미로 하는 Vibe Coding - AI와 함께 Claude Skills 효율적으로 공부하기 이어서 진행합니다.,"Jan 12, 2026",6415,0
2026-04-08,UqllanMkHvo,재미로 하는 Vibe Coding - AI와 함께 Claude Skills 효율적으로 공부하기 이어서 진행합니다.,"Jan 12, 2026",6415,0
2026-04-09,UqllanMkHvo,재미로 하는 Vibe Coding - AI와 함께 Claude Skills 효율적으로 공부하기 이어서 진행합니다.,"Jan 12, 2026",6415,0
2026-04-10,UqllanMkHvo,재미로 하는 Vibe Coding - AI와 함께 Claude Skills 효율적으로 공부하기 이어서 진행합니다.,"Jan 12, 2026",6415,0
2026-04-11,UqllanMkHvo,재미로 하는 Vibe Coding - AI와 함께 Claude Skills 효율적으로 공부하기 이어서 진행합니다.,"Jan 12, 2026",6415,0.854
2026-04-12,UqllanMkHvo,재미로 하는 Vibe Coding - AI와 함께 Claude Skills 효율적으로 공부하기 이어서 진행합니다.,"Jan 12, 2026",6415,0
2026-04-13,UqllanMkHvo,재미로 하는 Vibe Coding - AI와 함께 Claude Skills 효율적으로 공부하기 이어서 진행합니다.,"Jan 12, 2026",6415,0
2026-04-14,UqllanMkHvo,재미로 하는 Vibe Coding - AI와 함께 Claude Skills 효율적으로 공부하기 이어서 진행합니다.,"Jan 12, 2026",6415,0
2026-04-15,UqllanMkHvo,재미로 하는 Vibe Coding - AI와 함께 Claude Skills 효율적으로 공부하기 이어서 진행합니다.,"Jan 12, 2026",6415,0
2026-04-16,UqllanMkHvo,재미로 하는 Vibe Coding - AI와 함께 Claude Skills 효율적으로 공부하기 이어서 진행합니다.,"Jan 12, 2026",6415,0
2026-04-17,UqllanMkHvo,재미로 하는 Vibe Coding - AI와 함께 Claude Skills 효율적으로 공부하기 이어서 진행합니다.,"Jan 12, 2026",6415,0
2026-04-18,UqllanMkHvo,재미로 하는 Vibe Coding - AI와 함께 Claude Skills 효율적으로 공부하기 이어서 진행합니다.,"Jan 12, 2026",6415,0
2026-04-19,UqllanMkHvo,재미로 하는 Vibe Coding - AI와 함께 Claude Skills 효율적으로 공부하기 이어서 진행합니다.,"Jan 12, 2026",6415,0
2026-04-20,UqllanMkHvo,재미로 하는 Vibe Coding - AI와 함께 Claude Skills 효율적으로 공부하기 이어서 진행합니다.,"Jan 12, 2026",6415,0
2026-04-21,UqllanMkHvo,재미로 하는 Vibe Coding - AI와 함께 Claude Skills 효율적으로 공부하기 이어서 진행합니다.,"Jan 12, 2026",6415,0
2026-04-22,UqllanMkHvo,재미로 하는 Vibe Coding - AI와 함께 Claude Skills 효율적으로 공부하기 이어서 진행합니다.,"Jan 12, 2026",6415,0
2026-04-23,UqllanMkHvo,재미로 하는 Vibe Coding - AI와 함께 Claude Skills 효율적으로 공부하기 이어서 진행합니다.,"Jan 12, 2026",6415,0
2026-04-24,UqllanMkHvo,재미로 하는 Vibe Coding - AI와 함께 Claude Skills 효율적으로 공부하기 이어서 진행합니다.,"Jan 12, 2026",6415,0
2026-04-25,UqllanMkHvo,재미로 하는 Vibe Coding - AI와 함께 Claude Skills 효율적으로 공부하기 이어서 진행합니다.,"Jan 12, 2026",6415,0
2026-04-26,UqllanMkHvo,재미로 하는 Vibe Coding - AI와 함께 Claude Skills 효율적으로 공부하기 이어서 진행합니다.,"Jan 12, 2026",6415,0
2026-04-27,UqllanMkHvo,재미로 하는 Vibe Coding - AI와 함께 Claude Skills 효율적으로 공부하기 이어서 진행합니다.,"Jan 12, 2026",6415,0
2026-04-28,UqllanMkHvo,재미로 하는 Vibe Coding - AI와 함께 Claude Skills 효율적으로 공부하기 이어서 진행합니다.,"Jan 12, 2026",6415,0
2026-04-29,UqllanMkHvo,재미로 하는 Vibe Coding - AI와 함께 Claude Skills 효율적으로 공부하기 이어서 진행합니다.,"Jan 12, 2026",6415,0
2026-04-30,UqllanMkHvo,재미로 하는 Vibe Coding - AI와 함께 Claude Skills 효율적으로 공부하기 이어서 진행합니다.,"Jan 12, 2026",6415,0
2026-05-01,UqllanMkHvo,재미로 하는 Vibe Coding - AI와 함께 Claude Skills 효율적으로 공부하기 이어서 진행합니다.,"Jan 12, 2026",6415,0
2026-05-02,UqllanMkHvo,재미로 하는 Vibe Coding - AI와 함께 Claude Skills 효율적으로 공부하기 이어서 진행합니다.,"Jan 12, 2026",6415,0
2026-05-03,UqllanMkHvo,재미로 하는 Vibe Coding - AI와 함께 Claude Skills 효율적으로 공부하기 이어서 진행합니다.,"Jan 12, 2026",6415,0
2026-05-04,UqllanMkHvo,재미로 하는 Vibe Coding - AI와 함께 Claude Skills 효율적으로 공부하기 이어서 진행합니다.,"Jan 12, 2026",6415,0
2026-05-05,UqllanMkHvo,재미로 하는 Vibe Coding - AI와 함께 Claude Skills 효율적으로 공부하기 이어서 진행합니다.,"Jan 12, 2026",6415,0
2026-05-06,UqllanMkHvo,재미로 하는 Vibe Coding - AI와 함께 Claude Skills 효율적으로 공부하기 이어서 진행합니다.,"Jan 12, 2026",6415,0
2026-05-07,UqllanMkHvo,재미로 하는 Vibe Coding - AI와 함께 Claude Skills 효율적으로 공부하기 이어서 진행합니다.,"Jan 12, 2026",6415,0
2026-05-08,UqllanMkHvo,재미로 하는 Vibe Coding - AI와 함께 Claude Skills 효율적으로 공부하기 이어서 진행합니다.,"Jan 12, 2026",6415,0
2026-05-09,UqllanMkHvo,재미로 하는 Vibe Coding - AI와 함께 Claude Skills 효율적으로 공부하기 이어서 진행합니다.,"Jan 12, 2026",6415,0
2026-05-10,UqllanMkHvo,재미로 하는 Vibe Coding - AI와 함께 Claude Skills 효율적으로 공부하기 이어서 진행합니다.,"Jan 12, 2026",6415,0
2026-05-11,UqllanMkHvo,재미로 하는 Vibe Coding - AI와 함께 Claude Skills 효율적으로 공부하기 이어서 진행합니다.,"Jan 12, 2026",6415,0.859
2026-05-12,UqllanMkHvo,재미로 하는 Vibe Coding - AI와 함께 Claude Skills 효율적으로 공부하기 이어서 진행합니다.,"Jan 12, 2026",6415,0
2026-05-13,UqllanMkHvo,재미로 하는 Vibe Coding - AI와 함께 Claude Skills 효율적으로 공부하기 이어서 진행합니다.,"Jan 12, 2026",6415,0
2026-05-14,UqllanMkHvo,재미로 하는 Vibe Coding - AI와 함께 Claude Skills 효율적으로 공부하기 이어서 진행합니다.,"Jan 12, 2026",6415,0
2026-05-15,UqllanMkHvo,재미로 하는 Vibe Coding - AI와 함께 Claude Skills 효율적으로 공부하기 이어서 진행합니다.,"Jan 12, 2026",6415,0
2026-05-16,UqllanMkHvo,재미로 하는 Vibe Coding - AI와 함께 Claude Skills 효율적으로 공부하기 이어서 진행합니다.,"Jan 12, 2026",6415,0
2026-05-17,UqllanMkHvo,재미로 하는 Vibe Coding - AI와 함께 Claude Skills 효율적으로 공부하기 이어서 진행합니다.,"Jan 12, 2026",6415,0
2026-05-18,UqllanMkHvo,재미로 하는 Vibe Coding - AI와 함께 Claude Skills 효율적으로 공부하기 이어서 진행합니다.,"Jan 12, 2026",6415,0
2026-05-19,UqllanMkHvo,재미로 하는 Vibe Coding - AI와 함께 Claude Skills 효율적으로 공부하기 이어서 진행합니다.,"Jan 12, 2026",6415,0
2026-05-20,UqllanMkHvo,재미로 하는 Vibe Coding - AI와 함께 Claude Skills 효율적으로 공부하기 이어서 진행합니다.,"Jan 12, 2026",6415,0
2026-05-21,UqllanMkHvo,재미로 하는 Vibe Coding - AI와 함께 Claude Skills 효율적으로 공부하기 이어서 진행합니다.,"Jan 12, 2026",6415,0
2026-05-22,UqllanMkHvo,재미로 하는 Vibe Coding - AI와 함께 Claude Skills 효율적으로 공부하기 이어서 진행합니다.,"Jan 12, 2026",6415,0
2026-05-23,UqllanMkHvo,재미로 하는 Vibe Coding - AI와 함께 Claude Skills 효율적으로 공부하기 이어서 진행합니다.,"Jan 12, 2026",6415,0
2026-05-24,UqllanMkHvo,재미로 하는 Vibe Coding - AI와 함께 Claude Skills 효율적으로 공부하기 이어서 진행합니다.,"Jan 12, 2026",6415,0
2026-05-25,UqllanMkHvo,재미로 하는 Vibe Coding - AI와 함께 Claude Skills 효율적으로 공부하기 이어서 진행합니다.,"Jan 12, 2026",6415,0
2026-05-26,UqllanMkHvo,재미로 하는 Vibe Coding - AI와 함께 Claude Skills 효율적으로 공부하기 이어서 진행합니다.,"Jan 12, 2026",6415,0
2026-05-27,UqllanMkHvo,재미로 하는 Vibe Coding - AI와 함께 Claude Skills 효율적으로 공부하기 이어서 진행합니다.,"Jan 12, 2026",6415,0
2026-05-28,UqllanMkHvo,재미로 하는 Vibe Coding - AI와 함께 Claude Skills 효율적으로 공부하기 이어서 진행합니다.,"Jan 12, 2026",6415,0
2026-05-29,UqllanMkHvo,재미로 하는 Vibe Coding - AI와 함께 Claude Skills 효율적으로 공부하기 이어서 진행합니다.,"Jan 12, 2026",6415,0
2026-05-30,UqllanMkHvo,재미로 하는 Vibe Coding - AI와 함께 Claude Skills 효율적으로 공부하기 이어서 진행합니다.,"Jan 12, 2026",6415,0
2026-05-31,UqllanMkHvo,재미로 하는 Vibe Coding - AI와 함께 Claude Skills 효율적으로 공부하기 이어서 진행합니다.,"Jan 12, 2026",6415,0
2026-06-01,UqllanMkHvo,재미로 하는 Vibe Coding - AI와 함께 Claude Skills 효율적으로 공부하기 이어서 진행합니다.,"Jan 12, 2026",6415,0
2026-06-02,UqllanMkHvo,재미로 하는 Vibe Coding - AI와 함께 Claude Skills 효율적으로 공부하기 이어서 진행합니다.,"Jan 12, 2026",6415,0
2026-06-03,UqllanMkHvo,재미로 하는 Vibe Coding - AI와 함께 Claude Skills 효율적으로 공부하기 이어서 진행합니다.,"Jan 12, 2026",6415,0
2026-06-04,UqllanMkHvo,재미로 하는 Vibe Coding - AI와 함께 Claude Skills 효율적으로 공부하기 이어서 진행합니다.,"Jan 12, 2026",6415,0
2026-06-05,UqllanMkHvo,재미로 하는 Vibe Coding - AI와 함께 Claude Skills 효율적으로 공부하기 이어서 진행합니다.,"Jan 12, 2026",6415,0
2026-06-06,UqllanMkHvo,재미로 하는 Vibe Coding - AI와 함께 Claude Skills 효율적으로 공부하기 이어서 진행합니다.,"Jan 12, 2026",6415,0
2026-06-07,UqllanMkHvo,재미로 하는 Vibe Coding - AI와 함께 Claude Skills 효율적으로 공부하기 이어서 진행합니다.,"Jan 12, 2026",6415,0
2026-06-08,UqllanMkHvo,재미로 하는 Vibe Coding - AI와 함께 Claude Skills 효율적으로 공부하기 이어서 진행합니다.,"Jan 12, 2026",6415,0
2026-06-09,UqllanMkHvo,재미로 하는 Vibe Coding - AI와 함께 Claude Skills 효율적으로 공부하기 이어서 진행합니다.,"Jan 12, 2026",6415,0
2026-06-10,UqllanMkHvo,재미로 하는 Vibe Coding - AI와 함께 Claude Skills 효율적으로 공부하기 이어서 진행합니다.,"Jan 12, 2026",6415,0
2026-06-11,UqllanMkHvo,재미로 하는 Vibe Coding - AI와 함께 Claude Skills 효율적으로 공부하기 이어서 진행합니다.,"Jan 12, 2026",6415,0.827
2026-06-12,UqllanMkHvo,재미로 하는 Vibe Coding - AI와 함께 Claude Skills 효율적으로 공부하기 이어서 진행합니다.,"Jan 12, 2026",6415,0
2026-06-13,UqllanMkHvo,재미로 하는 Vibe Coding - AI와 함께 Claude Skills 효율적으로 공부하기 이어서 진행합니다.,"Jan 12, 2026",6415,0
2026-06-14,UqllanMkHvo,재미로 하는 Vibe Coding - AI와 함께 Claude Skills 효율적으로 공부하기 이어서 진행합니다.,"Jan 12, 2026",6415,0
2026-06-15,UqllanMkHvo,재미로 하는 Vibe Coding - AI와 함께 Claude Skills 효율적으로 공부하기 이어서 진행합니다.,"Jan 12, 2026",6415,0
2026-06-16,UqllanMkHvo,재미로 하는 Vibe Coding - AI와 함께 Claude Skills 효율적으로 공부하기 이어서 진행합니다.,"Jan 12, 2026",6415,0
2026-06-17,UqllanMkHvo,재미로 하는 Vibe Coding - AI와 함께 Claude Skills 효율적으로 공부하기 이어서 진행합니다.,"Jan 12, 2026",6415,0
2026-06-18,UqllanMkHvo,재미로 하는 Vibe Coding - AI와 함께 Claude Skills 효율적으로 공부하기 이어서 진행합니다.,"Jan 12, 2026",6415,0
2026-06-19,UqllanMkHvo,재미로 하는 Vibe Coding - AI와 함께 Claude Skills 효율적으로 공부하기 이어서 진행합니다.,"Jan 12, 2026",6415,0
2026-06-20,UqllanMkHvo,재미로 하는 Vibe Coding - AI와 함께 Claude Skills 효율적으로 공부하기 이어서 진행합니다.,"Jan 12, 2026",6415,0
2026-06-21,UqllanMkHvo,재미로 하는 Vibe Coding - AI와 함께 Claude Skills 효율적으로 공부하기 이어서 진행합니다.,"Jan 12, 2026",6415,0
2026-06-22,UqllanMkHvo,재미로 하는 Vibe Coding - AI와 함께 Claude Skills 효율적으로 공부하기 이어서 진행합니다.,"Jan 12, 2026",6415,0
2026-06-23,UqllanMkHvo,재미로 하는 Vibe Coding - AI와 함께 Claude Skills 효율적으로 공부하기 이어서 진행합니다.,"Jan 12, 2026",6415,0
2023-03-15,lhsVY2sx0j4,"Gen AI Zoo - Seattle : Introducing Generative UI, Thesys","Apr 3, 2026",1804,0
2023-03-16,lhsVY2sx0j4,"Gen AI Zoo - Seattle : Introducing Generative UI, Thesys","Apr 3, 2026",1804,0
2023-03-17,lhsVY2sx0j4,"Gen AI Zoo - Seattle : Introducing Generative UI, Thesys","Apr 3, 2026",1804,0
2023-03-18,lhsVY2sx0j4,"Gen AI Zoo - Seattle : Introducing Generative UI, Thesys","Apr 3, 2026",1804,0
2023-03-19,lhsVY2sx0j4,"Gen AI Zoo - Seattle : Introducing Generative UI, Thesys","Apr 3, 2026",1804,0
2023-03-20,lhsVY2sx0j4,"Gen AI Zoo - Seattle : Introducing Generative UI, Thesys","Apr 3, 2026",1804,0
2023-03-21,lhsVY2sx0j4,"Gen AI Zoo - Seattle : Introducing Generative UI, Thesys","Apr 3, 2026",1804,0
2023-03-22,lhsVY2sx0j4,"Gen AI Zoo - Seattle : Introducing Generative UI, Thesys","Apr 3, 2026",1804,0
2023-03-23,lhsVY2sx0j4,"Gen AI Zoo - Seattle : Introducing Generative UI, Thesys","Apr 3, 2026",1804,0
2023-03-24,lhsVY2sx0j4,"Gen AI Zoo - Seattle : Introducing Generative UI, Thesys","Apr 3, 2026",1804,0
2023-03-25,lhsVY2sx0j4,"Gen AI Zoo - Seattle : Introducing Generative UI, Thesys","Apr 3, 2026",1804,0
2023-03-26,lhsVY2sx0j4,"Gen AI Zoo - Seattle : Introducing Generative UI, Thesys","Apr 3, 2026",1804,0
2023-03-27,lhsVY2sx0j4,"Gen AI Zoo - Seattle : Introducing Generative UI, Thesys","Apr 3, 2026",1804,0
2023-03-28,lhsVY2sx0j4,"Gen AI Zoo - Seattle : Introducing Generative UI, Thesys","Apr 3, 2026",1804,0
2023-03-29,lhsVY2sx0j4,"Gen AI Zoo - Seattle : Introducing Generative UI, Thesys","Apr 3, 2026",1804,0
2023-03-30,lhsVY2sx0j4,"Gen AI Zoo - Seattle : Introducing Generative UI, Thesys","Apr 3, 2026",1804,0
2023-03-31,lhsVY2sx0j4,"Gen AI Zoo - Seattle : Introducing Generative UI, Thesys","Apr 3, 2026",1804,0
2023-04-01,lhsVY2sx0j4,"Gen AI Zoo - Seattle : Introducing Generative UI, Thesys","Apr 3, 2026",1804,0
2023-04-02,lhsVY2sx0j4,"Gen AI Zoo - Seattle : Introducing Generative UI, Thesys","Apr 3, 2026",1804,0
2023-04-03,lhsVY2sx0j4,"Gen AI Zoo - Seattle : Introducing Generative UI, Thesys","Apr 3, 2026",1804,0
2023-04-04,lhsVY2sx0j4,"Gen AI Zoo - Seattle : Introducing Generative UI, Thesys","Apr 3, 2026",1804,0
2023-04-05,lhsVY2sx0j4,"Gen AI Zoo - Seattle : Introducing Generative UI, Thesys","Apr 3, 2026",1804,0
2023-04-06,lhsVY2sx0j4,"Gen AI Zoo - Seattle : Introducing Generative UI, Thesys","Apr 3, 2026",1804,0
2023-04-07,lhsVY2sx0j4,"Gen AI Zoo - Seattle : Introducing Generative UI, Thesys","Apr 3, 2026",1804,0
2023-04-08,lhsVY2sx0j4,"Gen AI Zoo - Seattle : Introducing Generative UI, Thesys","Apr 3, 2026",1804,0
2023-04-09,lhsVY2sx0j4,"Gen AI Zoo - Seattle : Introducing Generative UI, Thesys","Apr 3, 2026",1804,0
2023-04-10,lhsVY2sx0j4,"Gen AI Zoo - Seattle : Introducing Generative UI, Thesys","Apr 3, 2026",1804,0
2023-04-11,lhsVY2sx0j4,"Gen AI Zoo - Seattle : Introducing Generative UI, Thesys","Apr 3, 2026",1804,0
2023-04-12,lhsVY2sx0j4,"Gen AI Zoo - Seattle : Introducing Generative UI, Thesys","Apr 3, 2026",1804,0
2023-04-13,lhsVY2sx0j4,"Gen AI Zoo - Seattle : Introducing Generative UI, Thesys","Apr 3, 2026",1804,0
2023-04-14,lhsVY2sx0j4,"Gen AI Zoo - Seattle : Introducing Generative UI, Thesys","Apr 3, 2026",1804,0
2023-04-15,lhsVY2sx0j4,"Gen AI Zoo - Seattle : Introducing Generative UI, Thesys","Apr 3, 2026",1804,0
2023-04-16,lhsVY2sx0j4,"Gen AI Zoo - Seattle : Introducing Generative UI, Thesys","Apr 3, 2026",1804,0
2023-04-17,lhsVY2sx0j4,"Gen AI Zoo - Seattle : Introducing Generative UI, Thesys","Apr 3, 2026",1804,0
2023-04-18,lhsVY2sx0j4,"Gen AI Zoo - Seattle : Introducing Generative UI, Thesys","Apr 3, 2026",1804,0
2023-04-19,lhsVY2sx0j4,"Gen AI Zoo - Seattle : Introducing Generative UI, Thesys","Apr 3, 2026",1804,0
2023-04-20,lhsVY2sx0j4,"Gen AI Zoo - Seattle : Introducing Generative UI, Thesys","Apr 3, 2026",1804,0
2023-04-21,lhsVY2sx0j4,"Gen AI Zoo - Seattle : Introducing Generative UI, Thesys","Apr 3, 2026",1804,0
2023-04-22,lhsVY2sx0j4,"Gen AI Zoo - Seattle : Introducing Generative UI, Thesys","Apr 3, 2026",1804,0
2023-04-23,lhsVY2sx0j4,"Gen AI Zoo - Seattle : Introducing Generative UI, Thesys","Apr 3, 2026",1804,0
2023-04-24,lhsVY2sx0j4,"Gen AI Zoo - Seattle : Introducing Generative UI, Thesys","Apr 3, 2026",1804,0
2023-04-25,lhsVY2sx0j4,"Gen AI Zoo - Seattle : Introducing Generative UI, Thesys","Apr 3, 2026",1804,0
2023-04-26,lhsVY2sx0j4,"Gen AI Zoo - Seattle : Introducing Generative UI, Thesys","Apr 3, 2026",1804,0
2023-04-27,lhsVY2sx0j4,"Gen AI Zoo - Seattle : Introducing Generative UI, Thesys","Apr 3, 2026",1804,0
2023-04-28,lhsVY2sx0j4,"Gen AI Zoo - Seattle : Introducing Generative UI, Thesys","Apr 3, 2026",1804,0
2023-04-29,lhsVY2sx0j4,"Gen AI Zoo - Seattle : Introducing Generative UI, Thesys","Apr 3, 2026",1804,0
2023-04-30,lhsVY2sx0j4,"Gen AI Zoo - Seattle : Introducing Generative UI, Thesys","Apr 3, 2026",1804,0
2023-05-01,lhsVY2sx0j4,"Gen AI Zoo - Seattle : Introducing Generative UI, Thesys","Apr 3, 2026",1804,0
2023-05-02,lhsVY2sx0j4,"Gen AI Zoo - Seattle : Introducing Generative UI, Thesys","Apr 3, 2026",1804,0
2023-05-03,lhsVY2sx0j4,"Gen AI Zoo - Seattle : Introducing Generative UI, Thesys","Apr 3, 2026",1804,0
2023-05-04,lhsVY2sx0j4,"Gen AI Zoo - Seattle : Introducing Generative UI, Thesys","Apr 3, 2026",1804,0
2023-05-05,lhsVY2sx0j4,"Gen AI Zoo - Seattle : Introducing Generative UI, Thesys","Apr 3, 2026",1804,0
2023-05-06,lhsVY2sx0j4,"Gen AI Zoo - Seattle : Introducing Generative UI, Thesys","Apr 3, 2026",1804,0
2023-05-07,lhsVY2sx0j4,"Gen AI Zoo - Seattle : Introducing Generative UI, Thesys","Apr 3, 2026",1804,0
2023-05-08,lhsVY2sx0j4,"Gen AI Zoo - Seattle : Introducing Generative UI, Thesys","Apr 3, 2026",1804,0
2023-05-09,lhsVY2sx0j4,"Gen AI Zoo - Seattle : Introducing Generative UI, Thesys","Apr 3, 2026",1804,0
2023-05-10,lhsVY2sx0j4,"Gen AI Zoo - Seattle : Introducing Generative UI, Thesys","Apr 3, 2026",1804,0
2023-05-11,lhsVY2sx0j4,"Gen AI Zoo - Seattle : Introducing Generative UI, Thesys","Apr 3, 2026",1804,0
2023-05-12,lhsVY2sx0j4,"Gen AI Zoo - Seattle : Introducing Generative UI, Thesys","Apr 3, 2026",1804,0
2023-05-13,lhsVY2sx0j4,"Gen AI Zoo - Seattle : Introducing Generative UI, Thesys","Apr 3, 2026",1804,0
2023-05-14,lhsVY2sx0j4,"Gen AI Zoo - Seattle : Introducing Generative UI, Thesys","Apr 3, 2026",1804,0
2023-05-15,lhsVY2sx0j4,"Gen AI Zoo - Seattle : Introducing Generative UI, Thesys","Apr 3, 2026",1804,0
2023-05-16,lhsVY2sx0j4,"Gen AI Zoo - Seattle : Introducing Generative UI, Thesys","Apr 3, 2026",1804,0
2023-05-17,lhsVY2sx0j4,"Gen AI Zoo - Seattle : Introducing Generative UI, Thesys","Apr 3, 2026",1804,0
2023-05-18,lhsVY2sx0j4,"Gen AI Zoo - Seattle : Introducing Generative UI, Thesys","Apr 3, 2026",1804,0
2023-05-19,lhsVY2sx0j4,"Gen AI Zoo - Seattle : Introducing Generative UI, Thesys","Apr 3, 2026",1804,0
2023-05-20,lhsVY2sx0j4,"Gen AI Zoo - Seattle : Introducing Generative UI, Thesys","Apr 3, 2026",1804,0
2023-05-21,lhsVY2sx0j4,"Gen AI Zoo - Seattle : Introducing Generative UI, Thesys","Apr 3, 2026",1804,0
2023-05-22,lhsVY2sx0j4,"Gen AI Zoo - Seattle : Introducing Generative UI, Thesys","Apr 3, 2026",1804,0
2023-05-23,lhsVY2sx0j4,"Gen AI Zoo - Seattle : Introducing Generative UI, Thesys","Apr 3, 2026",1804,0
2023-05-24,lhsVY2sx0j4,"Gen AI Zoo - Seattle : Introducing Generative UI, Thesys","Apr 3, 2026",1804,0
2023-05-25,lhsVY2sx0j4,"Gen AI Zoo - Seattle : Introducing Generative UI, Thesys","Apr 3, 2026",1804,0
2023-05-26,lhsVY2sx0j4,"Gen AI Zoo - Seattle : Introducing Generative UI, Thesys","Apr 3, 2026",1804,0
2023-05-27,lhsVY2sx0j4,"Gen AI Zoo - Seattle : Introducing Generative UI, Thesys","Apr 3, 2026",1804,0
2023-05-28,lhsVY2sx0j4,"Gen AI Zoo - Seattle : Introducing Generative UI, Thesys","Apr 3, 2026",1804,0
2023-05-29,lhsVY2sx0j4,"Gen AI Zoo - Seattle : Introducing Generative UI, Thesys","Apr 3, 2026",1804,0
2023-05-30,lhsVY2sx0j4,"Gen AI Zoo - Seattle : Introducing Generative UI, Thesys","Apr 3, 2026",1804,0
2023-05-31,lhsVY2sx0j4,"Gen AI Zoo - Seattle : Introducing Generative UI, Thesys","Apr 3, 2026",1804,0
2023-06-01,lhsVY2sx0j4,"Gen AI Zoo - Seattle : Introducing Generative UI, Thesys","Apr 3, 2026",1804,0
2023-06-02,lhsVY2sx0j4,"Gen AI Zoo - Seattle : Introducing Generative UI, Thesys","Apr 3, 2026",1804,0
2023-06-03,lhsVY2sx0j4,"Gen AI Zoo - Seattle : Introducing Generative UI, Thesys","Apr 3, 2026",1804,0
2023-06-04,lhsVY2sx0j4,"Gen AI Zoo - Seattle : Introducing Generative UI, Thesys","Apr 3, 2026",1804,0
2023-06-05,lhsVY2sx0j4,"Gen AI Zoo - Seattle : Introducing Generative UI, Thesys","Apr 3, 2026",1804,0
2023-06-06,lhsVY2sx0j4,"Gen AI Zoo - Seattle : Introducing Generative UI, Thesys","Apr 3, 2026",1804,0
2023-06-07,lhsVY2sx0j4,"Gen AI Zoo - Seattle : Introducing Generative UI, Thesys","Apr 3, 2026",1804,0
2023-06-08,lhsVY2sx0j4,"Gen AI Zoo - Seattle : Introducing Generative UI, Thesys","Apr 3, 2026",1804,0
2023-06-09,lhsVY2sx0j4,"Gen AI Zoo - Seattle : Introducing Generative UI, Thesys","Apr 3, 2026",1804,0
2023-06-10,lhsVY2sx0j4,"Gen AI Zoo - Seattle : Introducing Generative UI, Thesys","Apr 3, 2026",1804,0
2023-06-11,lhsVY2sx0j4,"Gen AI Zoo - Seattle : Introducing Generative UI, Thesys","Apr 3, 2026",1804,0
2023-06-12,lhsVY2sx0j4,"Gen AI Zoo - Seattle : Introducing Generative UI, Thesys","Apr 3, 2026",1804,0
2023-06-13,lhsVY2sx0j4,"Gen AI Zoo - Seattle : Introducing Generative UI, Thesys","Apr 3, 2026",1804,0
2023-06-14,lhsVY2sx0j4,"Gen AI Zoo - Seattle : Introducing Generative UI, Thesys","Apr 3, 2026",1804,0
2023-06-15,lhsVY2sx0j4,"Gen AI Zoo - Seattle : Introducing Generative UI, Thesys","Apr 3, 2026",1804,0
2023-06-16,lhsVY2sx0j4,"Gen AI Zoo - Seattle : Introducing Generative UI, Thesys","Apr 3, 2026",1804,0
2023-06-17,lhsVY2sx0j4,"Gen AI Zoo - Seattle : Introducing Generative UI, Thesys","Apr 3, 2026",1804,0
2023-06-18,lhsVY2sx0j4,"Gen AI Zoo - Seattle : Introducing Generative UI, Thesys","Apr 3, 2026",1804,0
2023-06-19,lhsVY2sx0j4,"Gen AI Zoo - Seattle : Introducing Generative UI, Thesys","Apr 3, 2026",1804,0
2023-06-20,lhsVY2sx0j4,"Gen AI Zoo - Seattle : Introducing Generative UI, Thesys","Apr 3, 2026",1804,0
2023-06-21,lhsVY2sx0j4,"Gen AI Zoo - Seattle : Introducing Generative UI, Thesys","Apr 3, 2026",1804,0
2023-06-22,lhsVY2sx0j4,"Gen AI Zoo - Seattle : Introducing Generative UI, Thesys","Apr 3, 2026",1804,0
2023-06-23,lhsVY2sx0j4,"Gen AI Zoo - Seattle : Introducing Generative UI, Thesys","Apr 3, 2026",1804,0
2023-06-24,lhsVY2sx0j4,"Gen AI Zoo - Seattle : Introducing Generative UI, Thesys","Apr 3, 2026",1804,0
2023-06-25,lhsVY2sx0j4,"Gen AI Zoo - Seattle : Introducing Generative UI, Thesys","Apr 3, 2026",1804,0
2023-06-26,lhsVY2sx0j4,"Gen AI Zoo - Seattle : Introducing Generative UI, Thesys","Apr 3, 2026",1804,0
2023-06-27,lhsVY2sx0j4,"Gen AI Zoo - Seattle : Introducing Generative UI, Thesys","Apr 3, 2026",1804,0
2023-06-28,lhsVY2sx0j4,"Gen AI Zoo - Seattle : Introducing Generative UI, Thesys","Apr 3, 2026",1804,0
2023-06-29,lhsVY2sx0j4,"Gen AI Zoo - Seattle : Introducing Generative UI, Thesys","Apr 3, 2026",1804,0
2023-06-30,lhsVY2sx0j4,"Gen AI Zoo - Seattle : Introducing Generative UI, Thesys","Apr 3, 2026",1804,0
2023-07-01,lhsVY2sx0j4,"Gen AI Zoo - Seattle : Introducing Generative UI, Thesys","Apr 3, 2026",1804,0
2023-07-02,lhsVY2sx0j4,"Gen AI Zoo - Seattle : Introducing Generative UI, Thesys","Apr 3, 2026",1804,0
2023-07-03,lhsVY2sx0j4,"Gen AI Zoo - Seattle : Introducing Generative UI, Thesys","Apr 3, 2026",1804,0
2023-07-04,lhsVY2sx0j4,"Gen AI Zoo - Seattle : Introducing Generative UI, Thesys","Apr 3, 2026",1804,0
2023-07-05,lhsVY2sx0j4,"Gen AI Zoo - Seattle : Introducing Generative UI, Thesys","Apr 3, 2026",1804,0
2023-07-06,lhsVY2sx0j4,"Gen AI Zoo - Seattle : Introducing Generative UI, Thesys","Apr 3, 2026",1804,0
2023-07-07,lhsVY2sx0j4,"Gen AI Zoo - Seattle : Introducing Generative UI, Thesys","Apr 3, 2026",1804,0
2023-07-08,lhsVY2sx0j4,"Gen AI Zoo - Seattle : Introducing Generative UI, Thesys","Apr 3, 2026",1804,0
2023-07-09,lhsVY2sx0j4,"Gen AI Zoo - Seattle : Introducing Generative UI, Thesys","Apr 3, 2026",1804,0
2023-07-10,lhsVY2sx0j4,"Gen AI Zoo - Seattle : Introducing Generative UI, Thesys","Apr 3, 2026",1804,0
2023-07-11,lhsVY2sx0j4,"Gen AI Zoo - Seattle : Introducing Generative UI, Thesys","Apr 3, 2026",1804,0
2023-07-12,lhsVY2sx0j4,"Gen AI Zoo - Seattle : Introducing Generative UI, Thesys","Apr 3, 2026",1804,0
2023-07-13,lhsVY2sx0j4,"Gen AI Zoo - Seattle : Introducing Generative UI, Thesys","Apr 3, 2026",1804,0
2023-07-14,lhsVY2sx0j4,"Gen AI Zoo - Seattle : Introducing Generative UI, Thesys","Apr 3, 2026",1804,0
2023-07-15,lhsVY2sx0j4,"Gen AI Zoo - Seattle : Introducing Generative UI, Thesys","Apr 3, 2026",1804,0
2023-07-16,lhsVY2sx0j4,"Gen AI Zoo - Seattle : Introducing Generative UI, Thesys","Apr 3, 2026",1804,0
2023-07-17,lhsVY2sx0j4,"Gen AI Zoo - Seattle : Introducing Generative UI, Thesys","Apr 3, 2026",1804,0
2023-07-18,lhsVY2sx0j4,"Gen AI Zoo - Seattle : Introducing Generative UI, Thesys","Apr 3, 2026",1804,0
2023-07-19,lhsVY2sx0j4,"Gen AI Zoo - Seattle : Introducing Generative UI, Thesys","Apr 3, 2026",1804,0
2023-07-20,lhsVY2sx0j4,"Gen AI Zoo - Seattle : Introducing Generative UI, Thesys","Apr 3, 2026",1804,0
2023-07-21,lhsVY2sx0j4,"Gen AI Zoo - Seattle : Introducing Generative UI, Thesys","Apr 3, 2026",1804,0
2023-07-22,lhsVY2sx0j4,"Gen AI Zoo - Seattle : Introducing Generative UI, Thesys","Apr 3, 2026",1804,0
2023-07-23,lhsVY2sx0j4,"Gen AI Zoo - Seattle : Introducing Generative UI, Thesys","Apr 3, 2026",1804,0
2023-07-24,lhsVY2sx0j4,"Gen AI Zoo - Seattle : Introducing Generative UI, Thesys","Apr 3, 2026",1804,0
2023-07-25,lhsVY2sx0j4,"Gen AI Zoo - Seattle : Introducing Generative UI, Thesys","Apr 3, 2026",1804,0
2023-07-26,lhsVY2sx0j4,"Gen AI Zoo - Seattle : Introducing Generative UI, Thesys","Apr 3, 2026",1804,0
2023-07-27,lhsVY2sx0j4,"Gen AI Zoo - Seattle : Introducing Generative UI, Thesys","Apr 3, 2026",1804,0
2023-07-28,lhsVY2sx0j4,"Gen AI Zoo - Seattle : Introducing Generative UI, Thesys","Apr 3, 2026",1804,0
2023-07-29,lhsVY2sx0j4,"Gen AI Zoo - Seattle : Introducing Generative UI, Thesys","Apr 3, 2026",1804,0
2023-07-30,lhsVY2sx0j4,"Gen AI Zoo - Seattle : Introducing Generative UI, Thesys","Apr 3, 2026",1804,0
2023-07-31,lhsVY2sx0j4,"Gen AI Zoo - Seattle : Introducing Generative UI, Thesys","Apr 3, 2026",1804,0
2023-08-01,lhsVY2sx0j4,"Gen AI Zoo - Seattle : Introducing Generative UI, Thesys","Apr 3, 2026",1804,0
2023-08-02,lhsVY2sx0j4,"Gen AI Zoo - Seattle : Introducing Generative UI, Thesys","Apr 3, 2026",1804,0
2023-08-03,lhsVY2sx0j4,"Gen AI Zoo - Seattle : Introducing Generative UI, Thesys","Apr 3, 2026",1804,0
2023-08-04,lhsVY2sx0j4,"Gen AI Zoo - Seattle : Introducing Generative UI, Thesys","Apr 3, 2026",1804,0
2023-08-05,lhsVY2sx0j4,"Gen AI Zoo - Seattle : Introducing Generative UI, Thesys","Apr 3, 2026",1804,0
2023-08-06,lhsVY2sx0j4,"Gen AI Zoo - Seattle : Introducing Generative UI, Thesys","Apr 3, 2026",1804,0
2023-08-07,lhsVY2sx0j4,"Gen AI Zoo - Seattle : Introducing Generative UI, Thesys","Apr 3, 2026",1804,0
2023-08-08,lhsVY2sx0j4,"Gen AI Zoo - Seattle : Introducing Generative UI, Thesys","Apr 3, 2026",1804,0
2023-08-09,lhsVY2sx0j4,"Gen AI Zoo - Seattle : Introducing Generative UI, Thesys","Apr 3, 2026",1804,0
2023-08-10,lhsVY2sx0j4,"Gen AI Zoo - Seattle : Introducing Generative UI, Thesys","Apr 3, 2026",1804,0
2023-08-11,lhsVY2sx0j4,"Gen AI Zoo - Seattle : Introducing Generative UI, Thesys","Apr 3, 2026",1804,0
2023-08-12,lhsVY2sx0j4,"Gen AI Zoo - Seattle : Introducing Generative UI, Thesys","Apr 3, 2026",1804,0
2023-08-13,lhsVY2sx0j4,"Gen AI Zoo - Seattle : Introducing Generative UI, Thesys","Apr 3, 2026",1804,0
2023-08-14,lhsVY2sx0j4,"Gen AI Zoo - Seattle : Introducing Generative UI, Thesys","Apr 3, 2026",1804,0
2023-08-15,lhsVY2sx0j4,"Gen AI Zoo - Seattle : Introducing Generative UI, Thesys","Apr 3, 2026",1804,0
2023-08-16,lhsVY2sx0j4,"Gen AI Zoo - Seattle : Introducing Generative UI, Thesys","Apr 3, 2026",1804,0
2023-08-17,lhsVY2sx0j4,"Gen AI Zoo - Seattle : Introducing Generative UI, Thesys","Apr 3, 2026",1804,0
2023-08-18,lhsVY2sx0j4,"Gen AI Zoo - Seattle : Introducing Generative UI, Thesys","Apr 3, 2026",1804,0
2023-08-19,lhsVY2sx0j4,"Gen AI Zoo - Seattle : Introducing Generative UI, Thesys","Apr 3, 2026",1804,0
2023-08-20,lhsVY2sx0j4,"Gen AI Zoo - Seattle : Introducing Generative UI, Thesys","Apr 3, 2026",1804,0
2023-08-21,lhsVY2sx0j4,"Gen AI Zoo - Seattle : Introducing Generative UI, Thesys","Apr 3, 2026",1804,0
2023-08-22,lhsVY2sx0j4,"Gen AI Zoo - Seattle : Introducing Generative UI, Thesys","Apr 3, 2026",1804,0
2023-08-23,lhsVY2sx0j4,"Gen AI Zoo - Seattle : Introducing Generative UI, Thesys","Apr 3, 2026",1804,0
2023-08-24,lhsVY2sx0j4,"Gen AI Zoo - Seattle : Introducing Generative UI, Thesys","Apr 3, 2026",1804,0
2023-08-25,lhsVY2sx0j4,"Gen AI Zoo - Seattle : Introducing Generative UI, Thesys","Apr 3, 2026",1804,0
2023-08-26,lhsVY2sx0j4,"Gen AI Zoo - Seattle : Introducing Generative UI, Thesys","Apr 3, 2026",1804,0
2023-08-27,lhsVY2sx0j4,"Gen AI Zoo - Seattle : Introducing Generative UI, Thesys","Apr 3, 2026",1804,0
2023-08-28,lhsVY2sx0j4,"Gen AI Zoo - Seattle : Introducing Generative UI, Thesys","Apr 3, 2026",1804,0
2023-08-29,lhsVY2sx0j4,"Gen AI Zoo - Seattle : Introducing Generative UI, Thesys","Apr 3, 2026",1804,0
2023-08-30,lhsVY2sx0j4,"Gen AI Zoo - Seattle : Introducing Generative UI, Thesys","Apr 3, 2026",1804,0
2023-08-31,lhsVY2sx0j4,"Gen AI Zoo - Seattle : Introducing Generative UI, Thesys","Apr 3, 2026",1804,0
2023-09-01,lhsVY2sx0j4,"Gen AI Zoo - Seattle : Introducing Generative UI, Thesys","Apr 3, 2026",1804,0
2023-09-02,lhsVY2sx0j4,"Gen AI Zoo - Seattle : Introducing Generative UI, Thesys","Apr 3, 2026",1804,0
2023-09-03,lhsVY2sx0j4,"Gen AI Zoo - Seattle : Introducing Generative UI, Thesys","Apr 3, 2026",1804,0
2023-09-04,lhsVY2sx0j4,"Gen AI Zoo - Seattle : Introducing Generative UI, Thesys","Apr 3, 2026",1804,0
2023-09-05,lhsVY2sx0j4,"Gen AI Zoo - Seattle : Introducing Generative UI, Thesys","Apr 3, 2026",1804,0
2023-09-06,lhsVY2sx0j4,"Gen AI Zoo - Seattle : Introducing Generative UI, Thesys","Apr 3, 2026",1804,0
2023-09-07,lhsVY2sx0j4,"Gen AI Zoo - Seattle : Introducing Generative UI, Thesys","Apr 3, 2026",1804,0
2023-09-08,lhsVY2sx0j4,"Gen AI Zoo - Seattle : Introducing Generative UI, Thesys","Apr 3, 2026",1804,0
2023-09-09,lhsVY2sx0j4,"Gen AI Zoo - Seattle : Introducing Generative UI, Thesys","Apr 3, 2026",1804,0
2023-09-10,lhsVY2sx0j4,"Gen AI Zoo - Seattle : Introducing Generative UI, Thesys","Apr 3, 2026",1804,0
2023-09-11,lhsVY2sx0j4,"Gen AI Zoo - Seattle : Introducing Generative UI, Thesys","Apr 3, 2026",1804,0
2023-09-12,lhsVY2sx0j4,"Gen AI Zoo - Seattle : Introducing Generative UI, Thesys","Apr 3, 2026",1804,0
2023-09-13,lhsVY2sx0j4,"Gen AI Zoo - Seattle : Introducing Generative UI, Thesys","Apr 3, 2026",1804,0
2023-09-14,lhsVY2sx0j4,"Gen AI Zoo - Seattle : Introducing Generative UI, Thesys","Apr 3, 2026",1804,0
2023-09-15,lhsVY2sx0j4,"Gen AI Zoo - Seattle : Introducing Generative UI, Thesys","Apr 3, 2026",1804,0
2023-09-16,lhsVY2sx0j4,"Gen AI Zoo - Seattle : Introducing Generative UI, Thesys","Apr 3, 2026",1804,0
2023-09-17,lhsVY2sx0j4,"Gen AI Zoo - Seattle : Introducing Generative UI, Thesys","Apr 3, 2026",1804,0
2023-09-18,lhsVY2sx0j4,"Gen AI Zoo - Seattle : Introducing Generative UI, Thesys","Apr 3, 2026",1804,0
2023-09-19,lhsVY2sx0j4,"Gen AI Zoo - Seattle : Introducing Generative UI, Thesys","Apr 3, 2026",1804,0
2023-09-20,lhsVY2sx0j4,"Gen AI Zoo - Seattle : Introducing Generative UI, Thesys","Apr 3, 2026",1804,0
2023-09-21,lhsVY2sx0j4,"Gen AI Zoo - Seattle : Introducing Generative UI, Thesys","Apr 3, 2026",1804,0
2023-09-22,lhsVY2sx0j4,"Gen AI Zoo - Seattle : Introducing Generative UI, Thesys","Apr 3, 2026",1804,0
2023-09-23,lhsVY2sx0j4,"Gen AI Zoo - Seattle : Introducing Generative UI, Thesys","Apr 3, 2026",1804,0
2023-09-24,lhsVY2sx0j4,"Gen AI Zoo - Seattle : Introducing Generative UI, Thesys","Apr 3, 2026",1804,0
2023-09-25,lhsVY2sx0j4,"Gen AI Zoo - Seattle : Introducing Generative UI, Thesys","Apr 3, 2026",1804,0
2023-09-26,lhsVY2sx0j4,"Gen AI Zoo - Seattle : Introducing Generative UI, Thesys","Apr 3, 2026",1804,0
2023-09-27,lhsVY2sx0j4,"Gen AI Zoo - Seattle : Introducing Generative UI, Thesys","Apr 3, 2026",1804,0
2023-09-28,lhsVY2sx0j4,"Gen AI Zoo - Seattle : Introducing Generative UI, Thesys","Apr 3, 2026",1804,0
2023-09-29,lhsVY2sx0j4,"Gen AI Zoo - Seattle : Introducing Generative UI, Thesys","Apr 3, 2026",1804,0
2023-09-30,lhsVY2sx0j4,"Gen AI Zoo - Seattle : Introducing Generative UI, Thesys","Apr 3, 2026",1804,0
2023-10-01,lhsVY2sx0j4,"Gen AI Zoo - Seattle : Introducing Generative UI, Thesys","Apr 3, 2026",1804,0
2023-10-02,lhsVY2sx0j4,"Gen AI Zoo - Seattle : Introducing Generative UI, Thesys","Apr 3, 2026",1804,0
2023-10-03,lhsVY2sx0j4,"Gen AI Zoo - Seattle : Introducing Generative UI, Thesys","Apr 3, 2026",1804,0
2023-10-04,lhsVY2sx0j4,"Gen AI Zoo - Seattle : Introducing Generative UI, Thesys","Apr 3, 2026",1804,0
2023-10-05,lhsVY2sx0j4,"Gen AI Zoo - Seattle : Introducing Generative UI, Thesys","Apr 3, 2026",1804,0
2023-10-06,lhsVY2sx0j4,"Gen AI Zoo - Seattle : Introducing Generative UI, Thesys","Apr 3, 2026",1804,0
2023-10-07,lhsVY2sx0j4,"Gen AI Zoo - Seattle : Introducing Generative UI, Thesys","Apr 3, 2026",1804,0
2023-10-08,lhsVY2sx0j4,"Gen AI Zoo - Seattle : Introducing Generative UI, Thesys","Apr 3, 2026",1804,0
2023-10-09,lhsVY2sx0j4,"Gen AI Zoo - Seattle : Introducing Generative UI, Thesys","Apr 3, 2026",1804,0
2023-10-10,lhsVY2sx0j4,"Gen AI Zoo - Seattle : Introducing Generative UI, Thesys","Apr 3, 2026",1804,0
2023-10-11,lhsVY2sx0j4,"Gen AI Zoo - Seattle : Introducing Generative UI, Thesys","Apr 3, 2026",1804,0
2023-10-12,lhsVY2sx0j4,"Gen AI Zoo - Seattle : Introducing Generative UI, Thesys","Apr 3, 2026",1804,0
2023-10-13,lhsVY2sx0j4,"Gen AI Zoo - Seattle : Introducing Generative UI, Thesys","Apr 3, 2026",1804,0
2023-10-14,lhsVY2sx0j4,"Gen AI Zoo - Seattle : Introducing Generative UI, Thesys","Apr 3, 2026",1804,0
2023-10-15,lhsVY2sx0j4,"Gen AI Zoo - Seattle : Introducing Generative UI, Thesys","Apr 3, 2026",1804,0
2023-10-16,lhsVY2sx0j4,"Gen AI Zoo - Seattle : Introducing Generative UI, Thesys","Apr 3, 2026",1804,0
2023-10-17,lhsVY2sx0j4,"Gen AI Zoo - Seattle : Introducing Generative UI, Thesys","Apr 3, 2026",1804,0
2023-10-18,lhsVY2sx0j4,"Gen AI Zoo - Seattle : Introducing Generative UI, Thesys","Apr 3, 2026",1804,0
2023-10-19,lhsVY2sx0j4,"Gen AI Zoo - Seattle : Introducing Generative UI, Thesys","Apr 3, 2026",1804,0
2023-10-20,lhsVY2sx0j4,"Gen AI Zoo - Seattle : Introducing Generative UI, Thesys","Apr 3, 2026",1804,0
2023-10-21,lhsVY2sx0j4,"Gen AI Zoo - Seattle : Introducing Generative UI, Thesys","Apr 3, 2026",1804,0
2023-10-22,lhsVY2sx0j4,"Gen AI Zoo - Seattle : Introducing Generative UI, Thesys","Apr 3, 2026",1804,0
2023-10-23,lhsVY2sx0j4,"Gen AI Zoo - Seattle : Introducing Generative UI, Thesys","Apr 3, 2026",1804,0
2023-10-24,lhsVY2sx0j4,"Gen AI Zoo - Seattle : Introducing Generative UI, Thesys","Apr 3, 2026",1804,0
2023-10-25,lhsVY2sx0j4,"Gen AI Zoo - Seattle : Introducing Generative UI, Thesys","Apr 3, 2026",1804,0
2023-10-26,lhsVY2sx0j4,"Gen AI Zoo - Seattle : Introducing Generative UI, Thesys","Apr 3, 2026",1804,0
2023-10-27,lhsVY2sx0j4,"Gen AI Zoo - Seattle : Introducing Generative UI, Thesys","Apr 3, 2026",1804,0
2023-10-28,lhsVY2sx0j4,"Gen AI Zoo - Seattle : Introducing Generative UI, Thesys","Apr 3, 2026",1804,0
2023-10-29,lhsVY2sx0j4,"Gen AI Zoo - Seattle : Introducing Generative UI, Thesys","Apr 3, 2026",1804,0
2023-10-30,lhsVY2sx0j4,"Gen AI Zoo - Seattle : Introducing Generative UI, Thesys","Apr 3, 2026",1804,0
2023-10-31,lhsVY2sx0j4,"Gen AI Zoo - Seattle : Introducing Generative UI, Thesys","Apr 3, 2026",1804,0
2023-11-01,lhsVY2sx0j4,"Gen AI Zoo - Seattle : Introducing Generative UI, Thesys","Apr 3, 2026",1804,0
2023-11-02,lhsVY2sx0j4,"Gen AI Zoo - Seattle : Introducing Generative UI, Thesys","Apr 3, 2026",1804,0
2023-11-03,lhsVY2sx0j4,"Gen AI Zoo - Seattle : Introducing Generative UI, Thesys","Apr 3, 2026",1804,0
2023-11-04,lhsVY2sx0j4,"Gen AI Zoo - Seattle : Introducing Generative UI, Thesys","Apr 3, 2026",1804,0
2023-11-05,lhsVY2sx0j4,"Gen AI Zoo - Seattle : Introducing Generative UI, Thesys","Apr 3, 2026",1804,0
2023-11-06,lhsVY2sx0j4,"Gen AI Zoo - Seattle : Introducing Generative UI, Thesys","Apr 3, 2026",1804,0
2023-11-07,lhsVY2sx0j4,"Gen AI Zoo - Seattle : Introducing Generative UI, Thesys","Apr 3, 2026",1804,0
2023-11-08,lhsVY2sx0j4,"Gen AI Zoo - Seattle : Introducing Generative UI, Thesys","Apr 3, 2026",1804,0
2023-11-09,lhsVY2sx0j4,"Gen AI Zoo - Seattle : Introducing Generative UI, Thesys","Apr 3, 2026",1804,0
2023-11-10,lhsVY2sx0j4,"Gen AI Zoo - Seattle : Introducing Generative UI, Thesys","Apr 3, 2026",1804,0
2023-11-11,lhsVY2sx0j4,"Gen AI Zoo - Seattle : Introducing Generative UI, Thesys","Apr 3, 2026",1804,0
2023-11-12,lhsVY2sx0j4,"Gen AI Zoo - Seattle : Introducing Generative UI, Thesys","Apr 3, 2026",1804,0
2023-11-13,lhsVY2sx0j4,"Gen AI Zoo - Seattle : Introducing Generative UI, Thesys","Apr 3, 2026",1804,0
2023-11-14,lhsVY2sx0j4,"Gen AI Zoo - Seattle : Introducing Generative UI, Thesys","Apr 3, 2026",1804,0
2023-11-15,lhsVY2sx0j4,"Gen AI Zoo - Seattle : Introducing Generative UI, Thesys","Apr 3, 2026",1804,0
2023-11-16,lhsVY2sx0j4,"Gen AI Zoo - Seattle : Introducing Generative UI, Thesys","Apr 3, 2026",1804,0
2023-11-17,lhsVY2sx0j4,"Gen AI Zoo - Seattle : Introducing Generative UI, Thesys","Apr 3, 2026",1804,0
2023-11-18,lhsVY2sx0j4,"Gen AI Zoo - Seattle : Introducing Generative UI, Thesys","Apr 3, 2026",1804,0
2023-11-19,lhsVY2sx0j4,"Gen AI Zoo - Seattle : Introducing Generative UI, Thesys","Apr 3, 2026",1804,0
2023-11-20,lhsVY2sx0j4,"Gen AI Zoo - Seattle : Introducing Generative UI, Thesys","Apr 3, 2026",1804,0
2023-11-21,lhsVY2sx0j4,"Gen AI Zoo - Seattle : Introducing Generative UI, Thesys","Apr 3, 2026",1804,0
2023-11-22,lhsVY2sx0j4,"Gen AI Zoo - Seattle : Introducing Generative UI, Thesys","Apr 3, 2026",1804,0
2023-11-23,lhsVY2sx0j4,"Gen AI Zoo - Seattle : Introducing Generative UI, Thesys","Apr 3, 2026",1804,0
2023-11-24,lhsVY2sx0j4,"Gen AI Zoo - Seattle : Introducing Generative UI, Thesys","Apr 3, 2026",1804,0
2023-11-25,lhsVY2sx0j4,"Gen AI Zoo - Seattle : Introducing Generative UI, Thesys","Apr 3, 2026",1804,0
2023-11-26,lhsVY2sx0j4,"Gen AI Zoo - Seattle : Introducing Generative UI, Thesys","Apr 3, 2026",1804,0
2023-11-27,lhsVY2sx0j4,"Gen AI Zoo - Seattle : Introducing Generative UI, Thesys","Apr 3, 2026",1804,0
2023-11-28,lhsVY2sx0j4,"Gen AI Zoo - Seattle : Introducing Generative UI, Thesys","Apr 3, 2026",1804,0
2023-11-29,lhsVY2sx0j4,"Gen AI Zoo - Seattle : Introducing Generative UI, Thesys","Apr 3, 2026",1804,0
2023-11-30,lhsVY2sx0j4,"Gen AI Zoo - Seattle : Introducing Generative UI, Thesys","Apr 3, 2026",1804,0
2023-12-01,lhsVY2sx0j4,"Gen AI Zoo - Seattle : Introducing Generative UI, Thesys","Apr 3, 2026",1804,0
2023-12-02,lhsVY2sx0j4,"Gen AI Zoo - Seattle : Introducing Generative UI, Thesys","Apr 3, 2026",1804,0
2023-12-03,lhsVY2sx0j4,"Gen AI Zoo - Seattle : Introducing Generative UI, Thesys","Apr 3, 2026",1804,0
2023-12-04,lhsVY2sx0j4,"Gen AI Zoo - Seattle : Introducing Generative UI, Thesys","Apr 3, 2026",1804,0
2023-12-05,lhsVY2sx0j4,"Gen AI Zoo - Seattle : Introducing Generative UI, Thesys","Apr 3, 2026",1804,0
2023-12-06,lhsVY2sx0j4,"Gen AI Zoo - Seattle : Introducing Generative UI, Thesys","Apr 3, 2026",1804,0
2023-12-07,lhsVY2sx0j4,"Gen AI Zoo - Seattle : Introducing Generative UI, Thesys","Apr 3, 2026",1804,0
2023-12-08,lhsVY2sx0j4,"Gen AI Zoo - Seattle : Introducing Generative UI, Thesys","Apr 3, 2026",1804,0
2023-12-09,lhsVY2sx0j4,"Gen AI Zoo - Seattle : Introducing Generative UI, Thesys","Apr 3, 2026",1804,0
2023-12-10,lhsVY2sx0j4,"Gen AI Zoo - Seattle : Introducing Generative UI, Thesys","Apr 3, 2026",1804,0
2023-12-11,lhsVY2sx0j4,"Gen AI Zoo - Seattle : Introducing Generative UI, Thesys","Apr 3, 2026",1804,0
2023-12-12,lhsVY2sx0j4,"Gen AI Zoo - Seattle : Introducing Generative UI, Thesys","Apr 3, 2026",1804,0
2023-12-13,lhsVY2sx0j4,"Gen AI Zoo - Seattle : Introducing Generative UI, Thesys","Apr 3, 2026",1804,0
2023-12-14,lhsVY2sx0j4,"Gen AI Zoo - Seattle : Introducing Generative UI, Thesys","Apr 3, 2026",1804,0
2023-12-15,lhsVY2sx0j4,"Gen AI Zoo - Seattle : Introducing Generative UI, Thesys","Apr 3, 2026",1804,0
2023-12-16,lhsVY2sx0j4,"Gen AI Zoo - Seattle : Introducing Generative UI, Thesys","Apr 3, 2026",1804,0
2023-12-17,lhsVY2sx0j4,"Gen AI Zoo - Seattle : Introducing Generative UI, Thesys","Apr 3, 2026",1804,0
2023-12-18,lhsVY2sx0j4,"Gen AI Zoo - Seattle : Introducing Generative UI, Thesys","Apr 3, 2026",1804,0
2023-12-19,lhsVY2sx0j4,"Gen AI Zoo - Seattle : Introducing Generative UI, Thesys","Apr 3, 2026",1804,0
2023-12-20,lhsVY2sx0j4,"Gen AI Zoo - Seattle : Introducing Generative UI, Thesys","Apr 3, 2026",1804,0
2023-12-21,lhsVY2sx0j4,"Gen AI Zoo - Seattle : Introducing Generative UI, Thesys","Apr 3, 2026",1804,0
2023-12-22,lhsVY2sx0j4,"Gen AI Zoo - Seattle : Introducing Generative UI, Thesys","Apr 3, 2026",1804,0
2023-12-23,lhsVY2sx0j4,"Gen AI Zoo - Seattle : Introducing Generative UI, Thesys","Apr 3, 2026",1804,0
2023-12-24,lhsVY2sx0j4,"Gen AI Zoo - Seattle : Introducing Generative UI, Thesys","Apr 3, 2026",1804,0
2023-12-25,lhsVY2sx0j4,"Gen AI Zoo - Seattle : Introducing Generative UI, Thesys","Apr 3, 2026",1804,0
2023-12-26,lhsVY2sx0j4,"Gen AI Zoo - Seattle : Introducing Generative UI, Thesys","Apr 3, 2026",1804,0
2023-12-27,lhsVY2sx0j4,"Gen AI Zoo - Seattle : Introducing Generative UI, Thesys","Apr 3, 2026",1804,0
2023-12-28,lhsVY2sx0j4,"Gen AI Zoo - Seattle : Introducing Generative UI, Thesys","Apr 3, 2026",1804,0
2023-12-29,lhsVY2sx0j4,"Gen AI Zoo - Seattle : Introducing Generative UI, Thesys","Apr 3, 2026",1804,0
2023-12-30,lhsVY2sx0j4,"Gen AI Zoo - Seattle : Introducing Generative UI, Thesys","Apr 3, 2026",1804,0
2023-12-31,lhsVY2sx0j4,"Gen AI Zoo - Seattle : Introducing Generative UI, Thesys","Apr 3, 2026",1804,0
2024-01-01,lhsVY2sx0j4,"Gen AI Zoo - Seattle : Introducing Generative UI, Thesys","Apr 3, 2026",1804,0
2024-01-02,lhsVY2sx0j4,"Gen AI Zoo - Seattle : Introducing Generative UI, Thesys","Apr 3, 2026",1804,0
2024-01-03,lhsVY2sx0j4,"Gen AI Zoo - Seattle : Introducing Generative UI, Thesys","Apr 3, 2026",1804,0
2024-01-04,lhsVY2sx0j4,"Gen AI Zoo - Seattle : Introducing Generative UI, Thesys","Apr 3, 2026",1804,0
2024-01-05,lhsVY2sx0j4,"Gen AI Zoo - Seattle : Introducing Generative UI, Thesys","Apr 3, 2026",1804,0
2024-01-06,lhsVY2sx0j4,"Gen AI Zoo - Seattle : Introducing Generative UI, Thesys","Apr 3, 2026",1804,0
2024-01-07,lhsVY2sx0j4,"Gen AI Zoo - Seattle : Introducing Generative UI, Thesys","Apr 3, 2026",1804,0
2024-01-08,lhsVY2sx0j4,"Gen AI Zoo - Seattle : Introducing Generative UI, Thesys","Apr 3, 2026",1804,0
2024-01-09,lhsVY2sx0j4,"Gen AI Zoo - Seattle : Introducing Generative UI, Thesys","Apr 3, 2026",1804,0
2024-01-10,lhsVY2sx0j4,"Gen AI Zoo - Seattle : Introducing Generative UI, Thesys","Apr 3, 2026",1804,0
2024-01-11,lhsVY2sx0j4,"Gen AI Zoo - Seattle : Introducing Generative UI, Thesys","Apr 3, 2026",1804,0
2024-01-12,lhsVY2sx0j4,"Gen AI Zoo - Seattle : Introducing Generative UI, Thesys","Apr 3, 2026",1804,0
2024-01-13,lhsVY2sx0j4,"Gen AI Zoo - Seattle : Introducing Generative UI, Thesys","Apr 3, 2026",1804,0
2024-01-14,lhsVY2sx0j4,"Gen AI Zoo - Seattle : Introducing Generative UI, Thesys","Apr 3, 2026",1804,0
2024-01-15,lhsVY2sx0j4,"Gen AI Zoo - Seattle : Introducing Generative UI, Thesys","Apr 3, 2026",1804,0
2024-01-16,lhsVY2sx0j4,"Gen AI Zoo - Seattle : Introducing Generative UI, Thesys","Apr 3, 2026",1804,0
2024-01-17,lhsVY2sx0j4,"Gen AI Zoo - Seattle : Introducing Generative UI, Thesys","Apr 3, 2026",1804,0
2024-01-18,lhsVY2sx0j4,"Gen AI Zoo - Seattle : Introducing Generative UI, Thesys","Apr 3, 2026",1804,0
2024-01-19,lhsVY2sx0j4,"Gen AI Zoo - Seattle : Introducing Generative UI, Thesys","Apr 3, 2026",1804,0
2024-01-20,lhsVY2sx0j4,"Gen AI Zoo - Seattle : Introducing Generative UI, Thesys","Apr 3, 2026",1804,0
2024-01-21,lhsVY2sx0j4,"Gen AI Zoo - Seattle : Introducing Generative UI, Thesys","Apr 3, 2026",1804,0
2024-01-22,lhsVY2sx0j4,"Gen AI Zoo - Seattle : Introducing Generative UI, Thesys","Apr 3, 2026",1804,0
2024-01-23,lhsVY2sx0j4,"Gen AI Zoo - Seattle : Introducing Generative UI, Thesys","Apr 3, 2026",1804,0
2024-01-24,lhsVY2sx0j4,"Gen AI Zoo - Seattle : Introducing Generative UI, Thesys","Apr 3, 2026",1804,0
2024-01-25,lhsVY2sx0j4,"Gen AI Zoo - Seattle : Introducing Generative UI, Thesys","Apr 3, 2026",1804,0
2024-01-26,lhsVY2sx0j4,"Gen AI Zoo - Seattle : Introducing Generative UI, Thesys","Apr 3, 2026",1804,0
2024-01-27,lhsVY2sx0j4,"Gen AI Zoo - Seattle : Introducing Generative UI, Thesys","Apr 3, 2026",1804,0
2024-01-28,lhsVY2sx0j4,"Gen AI Zoo - Seattle : Introducing Generative UI, Thesys","Apr 3, 2026",1804,0
2024-01-29,lhsVY2sx0j4,"Gen AI Zoo - Seattle : Introducing Generative UI, Thesys","Apr 3, 2026",1804,0
2024-01-30,lhsVY2sx0j4,"Gen AI Zoo - Seattle : Introducing Generative UI, Thesys","Apr 3, 2026",1804,0
2024-01-31,lhsVY2sx0j4,"Gen AI Zoo - Seattle : Introducing Generative UI, Thesys","Apr 3, 2026",1804,0
2024-02-01,lhsVY2sx0j4,"Gen AI Zoo - Seattle : Introducing Generative UI, Thesys","Apr 3, 2026",1804,0
2024-02-02,lhsVY2sx0j4,"Gen AI Zoo - Seattle : Introducing Generative UI, Thesys","Apr 3, 2026",1804,0
2024-02-03,lhsVY2sx0j4,"Gen AI Zoo - Seattle : Introducing Generative UI, Thesys","Apr 3, 2026",1804,0
2024-02-04,lhsVY2sx0j4,"Gen AI Zoo - Seattle : Introducing Generative UI, Thesys","Apr 3, 2026",1804,0
2024-02-05,lhsVY2sx0j4,"Gen AI Zoo - Seattle : Introducing Generative UI, Thesys","Apr 3, 2026",1804,0
2024-02-06,lhsVY2sx0j4,"Gen AI Zoo - Seattle : Introducing Generative UI, Thesys","Apr 3, 2026",1804,0
2024-02-07,lhsVY2sx0j4,"Gen AI Zoo - Seattle : Introducing Generative UI, Thesys","Apr 3, 2026",1804,0
2024-02-08,lhsVY2sx0j4,"Gen AI Zoo - Seattle : Introducing Generative UI, Thesys","Apr 3, 2026",1804,0
2024-02-09,lhsVY2sx0j4,"Gen AI Zoo - Seattle : Introducing Generative UI, Thesys","Apr 3, 2026",1804,0
2024-02-10,lhsVY2sx0j4,"Gen AI Zoo - Seattle : Introducing Generative UI, Thesys","Apr 3, 2026",1804,0
2024-02-11,lhsVY2sx0j4,"Gen AI Zoo - Seattle : Introducing Generative UI, Thesys","Apr 3, 2026",1804,0
2024-02-12,lhsVY2sx0j4,"Gen AI Zoo - Seattle : Introducing Generative UI, Thesys","Apr 3, 2026",1804,0
2024-02-13,lhsVY2sx0j4,"Gen AI Zoo - Seattle : Introducing Generative UI, Thesys","Apr 3, 2026",1804,0
2024-02-14,lhsVY2sx0j4,"Gen AI Zoo - Seattle : Introducing Generative UI, Thesys","Apr 3, 2026",1804,0
2024-02-15,lhsVY2sx0j4,"Gen AI Zoo - Seattle : Introducing Generative UI, Thesys","Apr 3, 2026",1804,0
2024-02-16,lhsVY2sx0j4,"Gen AI Zoo - Seattle : Introducing Generative UI, Thesys","Apr 3, 2026",1804,0
2024-02-17,lhsVY2sx0j4,"Gen AI Zoo - Seattle : Introducing Generative UI, Thesys","Apr 3, 2026",1804,0
2024-02-18,lhsVY2sx0j4,"Gen AI Zoo - Seattle : Introducing Generative UI, Thesys","Apr 3, 2026",1804,0
2024-02-19,lhsVY2sx0j4,"Gen AI Zoo - Seattle : Introducing Generative UI, Thesys","Apr 3, 2026",1804,0
2024-02-20,lhsVY2sx0j4,"Gen AI Zoo - Seattle : Introducing Generative UI, Thesys","Apr 3, 2026",1804,0
2024-02-21,lhsVY2sx0j4,"Gen AI Zoo - Seattle : Introducing Generative UI, Thesys","Apr 3, 2026",1804,0
2024-02-22,lhsVY2sx0j4,"Gen AI Zoo - Seattle : Introducing Generative UI, Thesys","Apr 3, 2026",1804,0
2024-02-23,lhsVY2sx0j4,"Gen AI Zoo - Seattle : Introducing Generative UI, Thesys","Apr 3, 2026",1804,0
2024-02-24,lhsVY2sx0j4,"Gen AI Zoo - Seattle : Introducing Generative UI, Thesys","Apr 3, 2026",1804,0
2024-02-25,lhsVY2sx0j4,"Gen AI Zoo - Seattle : Introducing Generative UI, Thesys","Apr 3, 2026",1804,0
2024-02-26,lhsVY2sx0j4,"Gen AI Zoo - Seattle : Introducing Generative UI, Thesys","Apr 3, 2026",1804,0
2024-02-27,lhsVY2sx0j4,"Gen AI Zoo - Seattle : Introducing Generative UI, Thesys","Apr 3, 2026",1804,0
2024-02-28,lhsVY2sx0j4,"Gen AI Zoo - Seattle : Introducing Generative UI, Thesys","Apr 3, 2026",1804,0
2024-02-29,lhsVY2sx0j4,"Gen AI Zoo - Seattle : Introducing Generative UI, Thesys","Apr 3, 2026",1804,0
2024-03-01,lhsVY2sx0j4,"Gen AI Zoo - Seattle : Introducing Generative UI, Thesys","Apr 3, 2026",1804,0
2024-03-02,lhsVY2sx0j4,"Gen AI Zoo - Seattle : Introducing Generative UI, Thesys","Apr 3, 2026",1804,0
2024-03-03,lhsVY2sx0j4,"Gen AI Zoo - Seattle : Introducing Generative UI, Thesys","Apr 3, 2026",1804,0
2024-03-04,lhsVY2sx0j4,"Gen AI Zoo - Seattle : Introducing Generative UI, Thesys","Apr 3, 2026",1804,0
2024-03-05,lhsVY2sx0j4,"Gen AI Zoo - Seattle : Introducing Generative UI, Thesys","Apr 3, 2026",1804,0
2024-03-06,lhsVY2sx0j4,"Gen AI Zoo - Seattle : Introducing Generative UI, Thesys","Apr 3, 2026",1804,0
2024-03-07,lhsVY2sx0j4,"Gen AI Zoo - Seattle : Introducing Generative UI, Thesys","Apr 3, 2026",1804,0
2024-03-08,lhsVY2sx0j4,"Gen AI Zoo - Seattle : Introducing Generative UI, Thesys","Apr 3, 2026",1804,0
2024-03-09,lhsVY2sx0j4,"Gen AI Zoo - Seattle : Introducing Generative UI, Thesys","Apr 3, 2026",1804,0
2024-03-10,lhsVY2sx0j4,"Gen AI Zoo - Seattle : Introducing Generative UI, Thesys","Apr 3, 2026",1804,0
2024-03-11,lhsVY2sx0j4,"Gen AI Zoo - Seattle : Introducing Generative UI, Thesys","Apr 3, 2026",1804,0
2024-03-12,lhsVY2sx0j4,"Gen AI Zoo - Seattle : Introducing Generative UI, Thesys","Apr 3, 2026",1804,0
2024-03-13,lhsVY2sx0j4,"Gen AI Zoo - Seattle : Introducing Generative UI, Thesys","Apr 3, 2026",1804,0
2024-03-14,lhsVY2sx0j4,"Gen AI Zoo - Seattle : Introducing Generative UI, Thesys","Apr 3, 2026",1804,0
2024-03-15,lhsVY2sx0j4,"Gen AI Zoo - Seattle : Introducing Generative UI, Thesys","Apr 3, 2026",1804,0
2024-03-16,lhsVY2sx0j4,"Gen AI Zoo - Seattle : Introducing Generative UI, Thesys","Apr 3, 2026",1804,0
2024-03-17,lhsVY2sx0j4,"Gen AI Zoo - Seattle : Introducing Generative UI, Thesys","Apr 3, 2026",1804,0
2024-03-18,lhsVY2sx0j4,"Gen AI Zoo - Seattle : Introducing Generative UI, Thesys","Apr 3, 2026",1804,0
2024-03-19,lhsVY2sx0j4,"Gen AI Zoo - Seattle : Introducing Generative UI, Thesys","Apr 3, 2026",1804,0
2024-03-20,lhsVY2sx0j4,"Gen AI Zoo - Seattle : Introducing Generative UI, Thesys","Apr 3, 2026",1804,0
2024-03-21,lhsVY2sx0j4,"Gen AI Zoo - Seattle : Introducing Generative UI, Thesys","Apr 3, 2026",1804,0
2024-03-22,lhsVY2sx0j4,"Gen AI Zoo - Seattle : Introducing Generative UI, Thesys","Apr 3, 2026",1804,0
2024-03-23,lhsVY2sx0j4,"Gen AI Zoo - Seattle : Introducing Generative UI, Thesys","Apr 3, 2026",1804,0
2024-03-24,lhsVY2sx0j4,"Gen AI Zoo - Seattle : Introducing Generative UI, Thesys","Apr 3, 2026",1804,0
2024-03-25,lhsVY2sx0j4,"Gen AI Zoo - Seattle : Introducing Generative UI, Thesys","Apr 3, 2026",1804,0
2024-03-26,lhsVY2sx0j4,"Gen AI Zoo - Seattle : Introducing Generative UI, Thesys","Apr 3, 2026",1804,0
2024-03-27,lhsVY2sx0j4,"Gen AI Zoo - Seattle : Introducing Generative UI, Thesys","Apr 3, 2026",1804,0
2024-03-28,lhsVY2sx0j4,"Gen AI Zoo - Seattle : Introducing Generative UI, Thesys","Apr 3, 2026",1804,0
2024-03-29,lhsVY2sx0j4,"Gen AI Zoo - Seattle : Introducing Generative UI, Thesys","Apr 3, 2026",1804,0
2024-03-30,lhsVY2sx0j4,"Gen AI Zoo - Seattle : Introducing Generative UI, Thesys","Apr 3, 2026",1804,0
2024-03-31,lhsVY2sx0j4,"Gen AI Zoo - Seattle : Introducing Generative UI, Thesys","Apr 3, 2026",1804,0
2024-04-01,lhsVY2sx0j4,"Gen AI Zoo - Seattle : Introducing Generative UI, Thesys","Apr 3, 2026",1804,0
2024-04-02,lhsVY2sx0j4,"Gen AI Zoo - Seattle : Introducing Generative UI, Thesys","Apr 3, 2026",1804,0
2024-04-03,lhsVY2sx0j4,"Gen AI Zoo - Seattle : Introducing Generative UI, Thesys","Apr 3, 2026",1804,0
2024-04-04,lhsVY2sx0j4,"Gen AI Zoo - Seattle : Introducing Generative UI, Thesys","Apr 3, 2026",1804,0
2024-04-05,lhsVY2sx0j4,"Gen AI Zoo - Seattle : Introducing Generative UI, Thesys","Apr 3, 2026",1804,0
2024-04-06,lhsVY2sx0j4,"Gen AI Zoo - Seattle : Introducing Generative UI, Thesys","Apr 3, 2026",1804,0
2024-04-07,lhsVY2sx0j4,"Gen AI Zoo - Seattle : Introducing Generative UI, Thesys","Apr 3, 2026",1804,0
2024-04-08,lhsVY2sx0j4,"Gen AI Zoo - Seattle : Introducing Generative UI, Thesys","Apr 3, 2026",1804,0
2024-04-09,lhsVY2sx0j4,"Gen AI Zoo - Seattle : Introducing Generative UI, Thesys","Apr 3, 2026",1804,0
2024-04-10,lhsVY2sx0j4,"Gen AI Zoo - Seattle : Introducing Generative UI, Thesys","Apr 3, 2026",1804,0
2024-04-11,lhsVY2sx0j4,"Gen AI Zoo - Seattle : Introducing Generative UI, Thesys","Apr 3, 2026",1804,0
2024-04-12,lhsVY2sx0j4,"Gen AI Zoo - Seattle : Introducing Generative UI, Thesys","Apr 3, 2026",1804,0
2024-04-13,lhsVY2sx0j4,"Gen AI Zoo - Seattle : Introducing Generative UI, Thesys","Apr 3, 2026",1804,0
2024-04-14,lhsVY2sx0j4,"Gen AI Zoo - Seattle : Introducing Generative UI, Thesys","Apr 3, 2026",1804,0
2024-04-15,lhsVY2sx0j4,"Gen AI Zoo - Seattle : Introducing Generative UI, Thesys","Apr 3, 2026",1804,0
2024-04-16,lhsVY2sx0j4,"Gen AI Zoo - Seattle : Introducing Generative UI, Thesys","Apr 3, 2026",1804,0
2024-04-17,lhsVY2sx0j4,"Gen AI Zoo - Seattle : Introducing Generative UI, Thesys","Apr 3, 2026",1804,0
2024-04-18,lhsVY2sx0j4,"Gen AI Zoo - Seattle : Introducing Generative UI, Thesys","Apr 3, 2026",1804,0
2024-04-19,lhsVY2sx0j4,"Gen AI Zoo - Seattle : Introducing Generative UI, Thesys","Apr 3, 2026",1804,0
2024-04-20,lhsVY2sx0j4,"Gen AI Zoo - Seattle : Introducing Generative UI, Thesys","Apr 3, 2026",1804,0
2024-04-21,lhsVY2sx0j4,"Gen AI Zoo - Seattle : Introducing Generative UI, Thesys","Apr 3, 2026",1804,0
2024-04-22,lhsVY2sx0j4,"Gen AI Zoo - Seattle : Introducing Generative UI, Thesys","Apr 3, 2026",1804,0
2024-04-23,lhsVY2sx0j4,"Gen AI Zoo - Seattle : Introducing Generative UI, Thesys","Apr 3, 2026",1804,0
2024-04-24,lhsVY2sx0j4,"Gen AI Zoo - Seattle : Introducing Generative UI, Thesys","Apr 3, 2026",1804,0
2024-04-25,lhsVY2sx0j4,"Gen AI Zoo - Seattle : Introducing Generative UI, Thesys","Apr 3, 2026",1804,0
2024-04-26,lhsVY2sx0j4,"Gen AI Zoo - Seattle : Introducing Generative UI, Thesys","Apr 3, 2026",1804,0
2024-04-27,lhsVY2sx0j4,"Gen AI Zoo - Seattle : Introducing Generative UI, Thesys","Apr 3, 2026",1804,0
2024-04-28,lhsVY2sx0j4,"Gen AI Zoo - Seattle : Introducing Generative UI, Thesys","Apr 3, 2026",1804,0
2024-04-29,lhsVY2sx0j4,"Gen AI Zoo - Seattle : Introducing Generative UI, Thesys","Apr 3, 2026",1804,0
2024-04-30,lhsVY2sx0j4,"Gen AI Zoo - Seattle : Introducing Generative UI, Thesys","Apr 3, 2026",1804,0
2024-05-01,lhsVY2sx0j4,"Gen AI Zoo - Seattle : Introducing Generative UI, Thesys","Apr 3, 2026",1804,0
2024-05-02,lhsVY2sx0j4,"Gen AI Zoo - Seattle : Introducing Generative UI, Thesys","Apr 3, 2026",1804,0
2024-05-03,lhsVY2sx0j4,"Gen AI Zoo - Seattle : Introducing Generative UI, Thesys","Apr 3, 2026",1804,0
2024-05-04,lhsVY2sx0j4,"Gen AI Zoo - Seattle : Introducing Generative UI, Thesys","Apr 3, 2026",1804,0
2024-05-05,lhsVY2sx0j4,"Gen AI Zoo - Seattle : Introducing Generative UI, Thesys","Apr 3, 2026",1804,0
2024-05-06,lhsVY2sx0j4,"Gen AI Zoo - Seattle : Introducing Generative UI, Thesys","Apr 3, 2026",1804,0
2024-05-07,lhsVY2sx0j4,"Gen AI Zoo - Seattle : Introducing Generative UI, Thesys","Apr 3, 2026",1804,0
2024-05-08,lhsVY2sx0j4,"Gen AI Zoo - Seattle : Introducing Generative UI, Thesys","Apr 3, 2026",1804,0
2024-05-09,lhsVY2sx0j4,"Gen AI Zoo - Seattle : Introducing Generative UI, Thesys","Apr 3, 2026",1804,0
2024-05-10,lhsVY2sx0j4,"Gen AI Zoo - Seattle : Introducing Generative UI, Thesys","Apr 3, 2026",1804,0
2024-05-11,lhsVY2sx0j4,"Gen AI Zoo - Seattle : Introducing Generative UI, Thesys","Apr 3, 2026",1804,0
2024-05-12,lhsVY2sx0j4,"Gen AI Zoo - Seattle : Introducing Generative UI, Thesys","Apr 3, 2026",1804,0
2024-05-13,lhsVY2sx0j4,"Gen AI Zoo - Seattle : Introducing Generative UI, Thesys","Apr 3, 2026",1804,0
2024-05-14,lhsVY2sx0j4,"Gen AI Zoo - Seattle : Introducing Generative UI, Thesys","Apr 3, 2026",1804,0
2024-05-15,lhsVY2sx0j4,"Gen AI Zoo - Seattle : Introducing Generative UI, Thesys","Apr 3, 2026",1804,0
2024-05-16,lhsVY2sx0j4,"Gen AI Zoo - Seattle : Introducing Generative UI, Thesys","Apr 3, 2026",1804,0
2024-05-17,lhsVY2sx0j4,"Gen AI Zoo - Seattle : Introducing Generative UI, Thesys","Apr 3, 2026",1804,0
2024-05-18,lhsVY2sx0j4,"Gen AI Zoo - Seattle : Introducing Generative UI, Thesys","Apr 3, 2026",1804,0
2024-05-19,lhsVY2sx0j4,"Gen AI Zoo - Seattle : Introducing Generative UI, Thesys","Apr 3, 2026",1804,0
2024-05-20,lhsVY2sx0j4,"Gen AI Zoo - Seattle : Introducing Generative UI, Thesys","Apr 3, 2026",1804,0
2024-05-21,lhsVY2sx0j4,"Gen AI Zoo - Seattle : Introducing Generative UI, Thesys","Apr 3, 2026",1804,0
2024-05-22,lhsVY2sx0j4,"Gen AI Zoo - Seattle : Introducing Generative UI, Thesys","Apr 3, 2026",1804,0
2024-05-23,lhsVY2sx0j4,"Gen AI Zoo - Seattle : Introducing Generative UI, Thesys","Apr 3, 2026",1804,0
2024-05-24,lhsVY2sx0j4,"Gen AI Zoo - Seattle : Introducing Generative UI, Thesys","Apr 3, 2026",1804,0
2024-05-25,lhsVY2sx0j4,"Gen AI Zoo - Seattle : Introducing Generative UI, Thesys","Apr 3, 2026",1804,0
2024-05-26,lhsVY2sx0j4,"Gen AI Zoo - Seattle : Introducing Generative UI, Thesys","Apr 3, 2026",1804,0
2024-05-27,lhsVY2sx0j4,"Gen AI Zoo - Seattle : Introducing Generative UI, Thesys","Apr 3, 2026",1804,0
2024-05-28,lhsVY2sx0j4,"Gen AI Zoo - Seattle : Introducing Generative UI, Thesys","Apr 3, 2026",1804,0
2024-05-29,lhsVY2sx0j4,"Gen AI Zoo - Seattle : Introducing Generative UI, Thesys","Apr 3, 2026",1804,0
2024-05-30,lhsVY2sx0j4,"Gen AI Zoo - Seattle : Introducing Generative UI, Thesys","Apr 3, 2026",1804,0
2024-05-31,lhsVY2sx0j4,"Gen AI Zoo - Seattle : Introducing Generative UI, Thesys","Apr 3, 2026",1804,0
2024-06-01,lhsVY2sx0j4,"Gen AI Zoo - Seattle : Introducing Generative UI, Thesys","Apr 3, 2026",1804,0
2024-06-02,lhsVY2sx0j4,"Gen AI Zoo - Seattle : Introducing Generative UI, Thesys","Apr 3, 2026",1804,0
2024-06-03,lhsVY2sx0j4,"Gen AI Zoo - Seattle : Introducing Generative UI, Thesys","Apr 3, 2026",1804,0
2024-06-04,lhsVY2sx0j4,"Gen AI Zoo - Seattle : Introducing Generative UI, Thesys","Apr 3, 2026",1804,0
2024-06-05,lhsVY2sx0j4,"Gen AI Zoo - Seattle : Introducing Generative UI, Thesys","Apr 3, 2026",1804,0
2024-06-06,lhsVY2sx0j4,"Gen AI Zoo - Seattle : Introducing Generative UI, Thesys","Apr 3, 2026",1804,0
2024-06-07,lhsVY2sx0j4,"Gen AI Zoo - Seattle : Introducing Generative UI, Thesys","Apr 3, 2026",1804,0
2024-06-08,lhsVY2sx0j4,"Gen AI Zoo - Seattle : Introducing Generative UI, Thesys","Apr 3, 2026",1804,0
2024-06-09,lhsVY2sx0j4,"Gen AI Zoo - Seattle : Introducing Generative UI, Thesys","Apr 3, 2026",1804,0
2024-06-10,lhsVY2sx0j4,"Gen AI Zoo - Seattle : Introducing Generative UI, Thesys","Apr 3, 2026",1804,0
2024-06-11,lhsVY2sx0j4,"Gen AI Zoo - Seattle : Introducing Generative UI, Thesys","Apr 3, 2026",1804,0
2024-06-12,lhsVY2sx0j4,"Gen AI Zoo - Seattle : Introducing Generative UI, Thesys","Apr 3, 2026",1804,0
2024-06-13,lhsVY2sx0j4,"Gen AI Zoo - Seattle : Introducing Generative UI, Thesys","Apr 3, 2026",1804,0
2024-06-14,lhsVY2sx0j4,"Gen AI Zoo - Seattle : Introducing Generative UI, Thesys","Apr 3, 2026",1804,0
2024-06-15,lhsVY2sx0j4,"Gen AI Zoo - Seattle : Introducing Generative UI, Thesys","Apr 3, 2026",1804,0
2024-06-16,lhsVY2sx0j4,"Gen AI Zoo - Seattle : Introducing Generative UI, Thesys","Apr 3, 2026",1804,0
2024-06-17,lhsVY2sx0j4,"Gen AI Zoo - Seattle : Introducing Generative UI, Thesys","Apr 3, 2026",1804,0
2024-06-18,lhsVY2sx0j4,"Gen AI Zoo - Seattle : Introducing Generative UI, Thesys","Apr 3, 2026",1804,0
2024-06-19,lhsVY2sx0j4,"Gen AI Zoo - Seattle : Introducing Generative UI, Thesys","Apr 3, 2026",1804,0
2024-06-20,lhsVY2sx0j4,"Gen AI Zoo - Seattle : Introducing Generative UI, Thesys","Apr 3, 2026",1804,0
2024-06-21,lhsVY2sx0j4,"Gen AI Zoo - Seattle : Introducing Generative UI, Thesys","Apr 3, 2026",1804,0
2024-06-22,lhsVY2sx0j4,"Gen AI Zoo - Seattle : Introducing Generative UI, Thesys","Apr 3, 2026",1804,0
2024-06-23,lhsVY2sx0j4,"Gen AI Zoo - Seattle : Introducing Generative UI, Thesys","Apr 3, 2026",1804,0
2024-06-24,lhsVY2sx0j4,"Gen AI Zoo - Seattle : Introducing Generative UI, Thesys","Apr 3, 2026",1804,0
2024-06-25,lhsVY2sx0j4,"Gen AI Zoo - Seattle : Introducing Generative UI, Thesys","Apr 3, 2026",1804,0
2024-06-26,lhsVY2sx0j4,"Gen AI Zoo - Seattle : Introducing Generative UI, Thesys","Apr 3, 2026",1804,0
2024-06-27,lhsVY2sx0j4,"Gen AI Zoo - Seattle : Introducing Generative UI, Thesys","Apr 3, 2026",1804,0
2024-06-28,lhsVY2sx0j4,"Gen AI Zoo - Seattle : Introducing Generative UI, Thesys","Apr 3, 2026",1804,0
2024-06-29,lhsVY2sx0j4,"Gen AI Zoo - Seattle : Introducing Generative UI, Thesys","Apr 3, 2026",1804,0
2024-06-30,lhsVY2sx0j4,"Gen AI Zoo - Seattle : Introducing Generative UI, Thesys","Apr 3, 2026",1804,0
2024-07-01,lhsVY2sx0j4,"Gen AI Zoo - Seattle : Introducing Generative UI, Thesys","Apr 3, 2026",1804,0
2024-07-02,lhsVY2sx0j4,"Gen AI Zoo - Seattle : Introducing Generative UI, Thesys","Apr 3, 2026",1804,0
2024-07-03,lhsVY2sx0j4,"Gen AI Zoo - Seattle : Introducing Generative UI, Thesys","Apr 3, 2026",1804,0
2024-07-04,lhsVY2sx0j4,"Gen AI Zoo - Seattle : Introducing Generative UI, Thesys","Apr 3, 2026",1804,0
2024-07-05,lhsVY2sx0j4,"Gen AI Zoo - Seattle : Introducing Generative UI, Thesys","Apr 3, 2026",1804,0
2024-07-06,lhsVY2sx0j4,"Gen AI Zoo - Seattle : Introducing Generative UI, Thesys","Apr 3, 2026",1804,0
2024-07-07,lhsVY2sx0j4,"Gen AI Zoo - Seattle : Introducing Generative UI, Thesys","Apr 3, 2026",1804,0
2024-07-08,lhsVY2sx0j4,"Gen AI Zoo - Seattle : Introducing Generative UI, Thesys","Apr 3, 2026",1804,0
2024-07-09,lhsVY2sx0j4,"Gen AI Zoo - Seattle : Introducing Generative UI, Thesys","Apr 3, 2026",1804,0
2024-07-10,lhsVY2sx0j4,"Gen AI Zoo - Seattle : Introducing Generative UI, Thesys","Apr 3, 2026",1804,0
2024-07-11,lhsVY2sx0j4,"Gen AI Zoo - Seattle : Introducing Generative UI, Thesys","Apr 3, 2026",1804,0
2024-07-12,lhsVY2sx0j4,"Gen AI Zoo - Seattle : Introducing Generative UI, Thesys","Apr 3, 2026",1804,0
2024-07-13,lhsVY2sx0j4,"Gen AI Zoo - Seattle : Introducing Generative UI, Thesys","Apr 3, 2026",1804,0
2024-07-14,lhsVY2sx0j4,"Gen AI Zoo - Seattle : Introducing Generative UI, Thesys","Apr 3, 2026",1804,0
2024-07-15,lhsVY2sx0j4,"Gen AI Zoo - Seattle : Introducing Generative UI, Thesys","Apr 3, 2026",1804,0
2024-07-16,lhsVY2sx0j4,"Gen AI Zoo - Seattle : Introducing Generative UI, Thesys","Apr 3, 2026",1804,0
2024-07-17,lhsVY2sx0j4,"Gen AI Zoo - Seattle : Introducing Generative UI, Thesys","Apr 3, 2026",1804,0
2024-07-18,lhsVY2sx0j4,"Gen AI Zoo - Seattle : Introducing Generative UI, Thesys","Apr 3, 2026",1804,0
2024-07-19,lhsVY2sx0j4,"Gen AI Zoo - Seattle : Introducing Generative UI, Thesys","Apr 3, 2026",1804,0
2024-07-20,lhsVY2sx0j4,"Gen AI Zoo - Seattle : Introducing Generative UI, Thesys","Apr 3, 2026",1804,0
2024-07-21,lhsVY2sx0j4,"Gen AI Zoo - Seattle : Introducing Generative UI, Thesys","Apr 3, 2026",1804,0
2024-07-22,lhsVY2sx0j4,"Gen AI Zoo - Seattle : Introducing Generative UI, Thesys","Apr 3, 2026",1804,0
2024-07-23,lhsVY2sx0j4,"Gen AI Zoo - Seattle : Introducing Generative UI, Thesys","Apr 3, 2026",1804,0
2024-07-24,lhsVY2sx0j4,"Gen AI Zoo - Seattle : Introducing Generative UI, Thesys","Apr 3, 2026",1804,0
2024-07-25,lhsVY2sx0j4,"Gen AI Zoo - Seattle : Introducing Generative UI, Thesys","Apr 3, 2026",1804,0
2024-07-26,lhsVY2sx0j4,"Gen AI Zoo - Seattle : Introducing Generative UI, Thesys","Apr 3, 2026",1804,0
2024-07-27,lhsVY2sx0j4,"Gen AI Zoo - Seattle : Introducing Generative UI, Thesys","Apr 3, 2026",1804,0
2024-07-28,lhsVY2sx0j4,"Gen AI Zoo - Seattle : Introducing Generative UI, Thesys","Apr 3, 2026",1804,0
2024-07-29,lhsVY2sx0j4,"Gen AI Zoo - Seattle : Introducing Generative UI, Thesys","Apr 3, 2026",1804,0
2024-07-30,lhsVY2sx0j4,"Gen AI Zoo - Seattle : Introducing Generative UI, Thesys","Apr 3, 2026",1804,0
2024-07-31,lhsVY2sx0j4,"Gen AI Zoo - Seattle : Introducing Generative UI, Thesys","Apr 3, 2026",1804,0
2024-08-01,lhsVY2sx0j4,"Gen AI Zoo - Seattle : Introducing Generative UI, Thesys","Apr 3, 2026",1804,0
2024-08-02,lhsVY2sx0j4,"Gen AI Zoo - Seattle : Introducing Generative UI, Thesys","Apr 3, 2026",1804,0
2024-08-03,lhsVY2sx0j4,"Gen AI Zoo - Seattle : Introducing Generative UI, Thesys","Apr 3, 2026",1804,0
2024-08-04,lhsVY2sx0j4,"Gen AI Zoo - Seattle : Introducing Generative UI, Thesys","Apr 3, 2026",1804,0
2024-08-05,lhsVY2sx0j4,"Gen AI Zoo - Seattle : Introducing Generative UI, Thesys","Apr 3, 2026",1804,0
2024-08-06,lhsVY2sx0j4,"Gen AI Zoo - Seattle : Introducing Generative UI, Thesys","Apr 3, 2026",1804,0
2024-08-07,lhsVY2sx0j4,"Gen AI Zoo - Seattle : Introducing Generative UI, Thesys","Apr 3, 2026",1804,0
2024-08-08,lhsVY2sx0j4,"Gen AI Zoo - Seattle : Introducing Generative UI, Thesys","Apr 3, 2026",1804,0
2024-08-09,lhsVY2sx0j4,"Gen AI Zoo - Seattle : Introducing Generative UI, Thesys","Apr 3, 2026",1804,0
2024-08-10,lhsVY2sx0j4,"Gen AI Zoo - Seattle : Introducing Generative UI, Thesys","Apr 3, 2026",1804,0
2024-08-11,lhsVY2sx0j4,"Gen AI Zoo - Seattle : Introducing Generative UI, Thesys","Apr 3, 2026",1804,0
2024-08-12,lhsVY2sx0j4,"Gen AI Zoo - Seattle : Introducing Generative UI, Thesys","Apr 3, 2026",1804,0
2024-08-13,lhsVY2sx0j4,"Gen AI Zoo - Seattle : Introducing Generative UI, Thesys","Apr 3, 2026",1804,0
2024-08-14,lhsVY2sx0j4,"Gen AI Zoo - Seattle : Introducing Generative UI, Thesys","Apr 3, 2026",1804,0
2024-08-15,lhsVY2sx0j4,"Gen AI Zoo - Seattle : Introducing Generative UI, Thesys","Apr 3, 2026",1804,0
2024-08-16,lhsVY2sx0j4,"Gen AI Zoo - Seattle : Introducing Generative UI, Thesys","Apr 3, 2026",1804,0
2024-08-17,lhsVY2sx0j4,"Gen AI Zoo - Seattle : Introducing Generative UI, Thesys","Apr 3, 2026",1804,0
2024-08-18,lhsVY2sx0j4,"Gen AI Zoo - Seattle : Introducing Generative UI, Thesys","Apr 3, 2026",1804,0
2024-08-19,lhsVY2sx0j4,"Gen AI Zoo - Seattle : Introducing Generative UI, Thesys","Apr 3, 2026",1804,0
2024-08-20,lhsVY2sx0j4,"Gen AI Zoo - Seattle : Introducing Generative UI, Thesys","Apr 3, 2026",1804,0
2024-08-21,lhsVY2sx0j4,"Gen AI Zoo - Seattle : Introducing Generative UI, Thesys","Apr 3, 2026",1804,0
2024-08-22,lhsVY2sx0j4,"Gen AI Zoo - Seattle : Introducing Generative UI, Thesys","Apr 3, 2026",1804,0
2024-08-23,lhsVY2sx0j4,"Gen AI Zoo - Seattle : Introducing Generative UI, Thesys","Apr 3, 2026",1804,0
2024-08-24,lhsVY2sx0j4,"Gen AI Zoo - Seattle : Introducing Generative UI, Thesys","Apr 3, 2026",1804,0
2024-08-25,lhsVY2sx0j4,"Gen AI Zoo - Seattle : Introducing Generative UI, Thesys","Apr 3, 2026",1804,0
2024-08-26,lhsVY2sx0j4,"Gen AI Zoo - Seattle : Introducing Generative UI, Thesys","Apr 3, 2026",1804,0
2024-08-27,lhsVY2sx0j4,"Gen AI Zoo - Seattle : Introducing Generative UI, Thesys","Apr 3, 2026",1804,0
2024-08-28,lhsVY2sx0j4,"Gen AI Zoo - Seattle : Introducing Generative UI, Thesys","Apr 3, 2026",1804,0
2024-08-29,lhsVY2sx0j4,"Gen AI Zoo - Seattle : Introducing Generative UI, Thesys","Apr 3, 2026",1804,0
2024-08-30,lhsVY2sx0j4,"Gen AI Zoo - Seattle : Introducing Generative UI, Thesys","Apr 3, 2026",1804,0
2024-08-31,lhsVY2sx0j4,"Gen AI Zoo - Seattle : Introducing Generative UI, Thesys","Apr 3, 2026",1804,0
2024-09-01,lhsVY2sx0j4,"Gen AI Zoo - Seattle : Introducing Generative UI, Thesys","Apr 3, 2026",1804,0
2024-09-02,lhsVY2sx0j4,"Gen AI Zoo - Seattle : Introducing Generative UI, Thesys","Apr 3, 2026",1804,0
2024-09-03,lhsVY2sx0j4,"Gen AI Zoo - Seattle : Introducing Generative UI, Thesys","Apr 3, 2026",1804,0
2024-09-04,lhsVY2sx0j4,"Gen AI Zoo - Seattle : Introducing Generative UI, Thesys","Apr 3, 2026",1804,0
2024-09-05,lhsVY2sx0j4,"Gen AI Zoo - Seattle : Introducing Generative UI, Thesys","Apr 3, 2026",1804,0
2024-09-06,lhsVY2sx0j4,"Gen AI Zoo - Seattle : Introducing Generative UI, Thesys","Apr 3, 2026",1804,0
2024-09-07,lhsVY2sx0j4,"Gen AI Zoo - Seattle : Introducing Generative UI, Thesys","Apr 3, 2026",1804,0
2024-09-08,lhsVY2sx0j4,"Gen AI Zoo - Seattle : Introducing Generative UI, Thesys","Apr 3, 2026",1804,0
2024-09-09,lhsVY2sx0j4,"Gen AI Zoo - Seattle : Introducing Generative UI, Thesys","Apr 3, 2026",1804,0
2024-09-10,lhsVY2sx0j4,"Gen AI Zoo - Seattle : Introducing Generative UI, Thesys","Apr 3, 2026",1804,0
2024-09-11,lhsVY2sx0j4,"Gen AI Zoo - Seattle : Introducing Generative UI, Thesys","Apr 3, 2026",1804,0
2024-09-12,lhsVY2sx0j4,"Gen AI Zoo - Seattle : Introducing Generative UI, Thesys","Apr 3, 2026",1804,0
2024-09-13,lhsVY2sx0j4,"Gen AI Zoo - Seattle : Introducing Generative UI, Thesys","Apr 3, 2026",1804,0
2024-09-14,lhsVY2sx0j4,"Gen AI Zoo - Seattle : Introducing Generative UI, Thesys","Apr 3, 2026",1804,0
2024-09-15,lhsVY2sx0j4,"Gen AI Zoo - Seattle : Introducing Generative UI, Thesys","Apr 3, 2026",1804,0
2024-09-16,lhsVY2sx0j4,"Gen AI Zoo - Seattle : Introducing Generative UI, Thesys","Apr 3, 2026",1804,0
2024-09-17,lhsVY2sx0j4,"Gen AI Zoo - Seattle : Introducing Generative UI, Thesys","Apr 3, 2026",1804,0
2024-09-18,lhsVY2sx0j4,"Gen AI Zoo - Seattle : Introducing Generative UI, Thesys","Apr 3, 2026",1804,0
2024-09-19,lhsVY2sx0j4,"Gen AI Zoo - Seattle : Introducing Generative UI, Thesys","Apr 3, 2026",1804,0
2024-09-20,lhsVY2sx0j4,"Gen AI Zoo - Seattle : Introducing Generative UI, Thesys","Apr 3, 2026",1804,0
2024-09-21,lhsVY2sx0j4,"Gen AI Zoo - Seattle : Introducing Generative UI, Thesys","Apr 3, 2026",1804,0
2024-09-22,lhsVY2sx0j4,"Gen AI Zoo - Seattle : Introducing Generative UI, Thesys","Apr 3, 2026",1804,0
2024-09-23,lhsVY2sx0j4,"Gen AI Zoo - Seattle : Introducing Generative UI, Thesys","Apr 3, 2026",1804,0
2024-09-24,lhsVY2sx0j4,"Gen AI Zoo - Seattle : Introducing Generative UI, Thesys","Apr 3, 2026",1804,0
2024-09-25,lhsVY2sx0j4,"Gen AI Zoo - Seattle : Introducing Generative UI, Thesys","Apr 3, 2026",1804,0
2024-09-26,lhsVY2sx0j4,"Gen AI Zoo - Seattle : Introducing Generative UI, Thesys","Apr 3, 2026",1804,0
2024-09-27,lhsVY2sx0j4,"Gen AI Zoo - Seattle : Introducing Generative UI, Thesys","Apr 3, 2026",1804,0
2024-09-28,lhsVY2sx0j4,"Gen AI Zoo - Seattle : Introducing Generative UI, Thesys","Apr 3, 2026",1804,0
2024-09-29,lhsVY2sx0j4,"Gen AI Zoo - Seattle : Introducing Generative UI, Thesys","Apr 3, 2026",1804,0
2024-09-30,lhsVY2sx0j4,"Gen AI Zoo - Seattle : Introducing Generative UI, Thesys","Apr 3, 2026",1804,0
2024-10-01,lhsVY2sx0j4,"Gen AI Zoo - Seattle : Introducing Generative UI, Thesys","Apr 3, 2026",1804,0
2024-10-02,lhsVY2sx0j4,"Gen AI Zoo - Seattle : Introducing Generative UI, Thesys","Apr 3, 2026",1804,0
2024-10-03,lhsVY2sx0j4,"Gen AI Zoo - Seattle : Introducing Generative UI, Thesys","Apr 3, 2026",1804,0
2024-10-04,lhsVY2sx0j4,"Gen AI Zoo - Seattle : Introducing Generative UI, Thesys","Apr 3, 2026",1804,0
2024-10-05,lhsVY2sx0j4,"Gen AI Zoo - Seattle : Introducing Generative UI, Thesys","Apr 3, 2026",1804,0
2024-10-06,lhsVY2sx0j4,"Gen AI Zoo - Seattle : Introducing Generative UI, Thesys","Apr 3, 2026",1804,0
2024-10-07,lhsVY2sx0j4,"Gen AI Zoo - Seattle : Introducing Generative UI, Thesys","Apr 3, 2026",1804,0
2024-10-08,lhsVY2sx0j4,"Gen AI Zoo - Seattle : Introducing Generative UI, Thesys","Apr 3, 2026",1804,0
2024-10-09,lhsVY2sx0j4,"Gen AI Zoo - Seattle : Introducing Generative UI, Thesys","Apr 3, 2026",1804,0
2024-10-10,lhsVY2sx0j4,"Gen AI Zoo - Seattle : Introducing Generative UI, Thesys","Apr 3, 2026",1804,0
2024-10-11,lhsVY2sx0j4,"Gen AI Zoo - Seattle : Introducing Generative UI, Thesys","Apr 3, 2026",1804,0
2024-10-12,lhsVY2sx0j4,"Gen AI Zoo - Seattle : Introducing Generative UI, Thesys","Apr 3, 2026",1804,0
2024-10-13,lhsVY2sx0j4,"Gen AI Zoo - Seattle : Introducing Generative UI, Thesys","Apr 3, 2026",1804,0
2024-10-14,lhsVY2sx0j4,"Gen AI Zoo - Seattle : Introducing Generative UI, Thesys","Apr 3, 2026",1804,0
2024-10-15,lhsVY2sx0j4,"Gen AI Zoo - Seattle : Introducing Generative UI, Thesys","Apr 3, 2026",1804,0
2024-10-16,lhsVY2sx0j4,"Gen AI Zoo - Seattle : Introducing Generative UI, Thesys","Apr 3, 2026",1804,0
2024-10-17,lhsVY2sx0j4,"Gen AI Zoo - Seattle : Introducing Generative UI, Thesys","Apr 3, 2026",1804,0
2024-10-18,lhsVY2sx0j4,"Gen AI Zoo - Seattle : Introducing Generative UI, Thesys","Apr 3, 2026",1804,0
2024-10-19,lhsVY2sx0j4,"Gen AI Zoo - Seattle : Introducing Generative UI, Thesys","Apr 3, 2026",1804,0
2024-10-20,lhsVY2sx0j4,"Gen AI Zoo - Seattle : Introducing Generative UI, Thesys","Apr 3, 2026",1804,0
2024-10-21,lhsVY2sx0j4,"Gen AI Zoo - Seattle : Introducing Generative UI, Thesys","Apr 3, 2026",1804,0
2024-10-22,lhsVY2sx0j4,"Gen AI Zoo - Seattle : Introducing Generative UI, Thesys","Apr 3, 2026",1804,0
2024-10-23,lhsVY2sx0j4,"Gen AI Zoo - Seattle : Introducing Generative UI, Thesys","Apr 3, 2026",1804,0
2024-10-24,lhsVY2sx0j4,"Gen AI Zoo - Seattle : Introducing Generative UI, Thesys","Apr 3, 2026",1804,0
2024-10-25,lhsVY2sx0j4,"Gen AI Zoo - Seattle : Introducing Generative UI, Thesys","Apr 3, 2026",1804,0
2024-10-26,lhsVY2sx0j4,"Gen AI Zoo - Seattle : Introducing Generative UI, Thesys","Apr 3, 2026",1804,0
2024-10-27,lhsVY2sx0j4,"Gen AI Zoo - Seattle : Introducing Generative UI, Thesys","Apr 3, 2026",1804,0
2024-10-28,lhsVY2sx0j4,"Gen AI Zoo - Seattle : Introducing Generative UI, Thesys","Apr 3, 2026",1804,0
2024-10-29,lhsVY2sx0j4,"Gen AI Zoo - Seattle : Introducing Generative UI, Thesys","Apr 3, 2026",1804,0
2024-10-30,lhsVY2sx0j4,"Gen AI Zoo - Seattle : Introducing Generative UI, Thesys","Apr 3, 2026",1804,0
2024-10-31,lhsVY2sx0j4,"Gen AI Zoo - Seattle : Introducing Generative UI, Thesys","Apr 3, 2026",1804,0
2024-11-01,lhsVY2sx0j4,"Gen AI Zoo - Seattle : Introducing Generative UI, Thesys","Apr 3, 2026",1804,0
2024-11-02,lhsVY2sx0j4,"Gen AI Zoo - Seattle : Introducing Generative UI, Thesys","Apr 3, 2026",1804,0
2024-11-03,lhsVY2sx0j4,"Gen AI Zoo - Seattle : Introducing Generative UI, Thesys","Apr 3, 2026",1804,0
2024-11-04,lhsVY2sx0j4,"Gen AI Zoo - Seattle : Introducing Generative UI, Thesys","Apr 3, 2026",1804,0
2024-11-05,lhsVY2sx0j4,"Gen AI Zoo - Seattle : Introducing Generative UI, Thesys","Apr 3, 2026",1804,0
2024-11-06,lhsVY2sx0j4,"Gen AI Zoo - Seattle : Introducing Generative UI, Thesys","Apr 3, 2026",1804,0
2024-11-07,lhsVY2sx0j4,"Gen AI Zoo - Seattle : Introducing Generative UI, Thesys","Apr 3, 2026",1804,0
2024-11-08,lhsVY2sx0j4,"Gen AI Zoo - Seattle : Introducing Generative UI, Thesys","Apr 3, 2026",1804,0
2024-11-09,lhsVY2sx0j4,"Gen AI Zoo - Seattle : Introducing Generative UI, Thesys","Apr 3, 2026",1804,0
2024-11-10,lhsVY2sx0j4,"Gen AI Zoo - Seattle : Introducing Generative UI, Thesys","Apr 3, 2026",1804,0
2024-11-11,lhsVY2sx0j4,"Gen AI Zoo - Seattle : Introducing Generative UI, Thesys","Apr 3, 2026",1804,0
2024-11-12,lhsVY2sx0j4,"Gen AI Zoo - Seattle : Introducing Generative UI, Thesys","Apr 3, 2026",1804,0
2024-11-13,lhsVY2sx0j4,"Gen AI Zoo - Seattle : Introducing Generative UI, Thesys","Apr 3, 2026",1804,0
2024-11-14,lhsVY2sx0j4,"Gen AI Zoo - Seattle : Introducing Generative UI, Thesys","Apr 3, 2026",1804,0
2024-11-15,lhsVY2sx0j4,"Gen AI Zoo - Seattle : Introducing Generative UI, Thesys","Apr 3, 2026",1804,0
2024-11-16,lhsVY2sx0j4,"Gen AI Zoo - Seattle : Introducing Generative UI, Thesys","Apr 3, 2026",1804,0
2024-11-17,lhsVY2sx0j4,"Gen AI Zoo - Seattle : Introducing Generative UI, Thesys","Apr 3, 2026",1804,0
2024-11-18,lhsVY2sx0j4,"Gen AI Zoo - Seattle : Introducing Generative UI, Thesys","Apr 3, 2026",1804,0
2024-11-19,lhsVY2sx0j4,"Gen AI Zoo - Seattle : Introducing Generative UI, Thesys","Apr 3, 2026",1804,0
2024-11-20,lhsVY2sx0j4,"Gen AI Zoo - Seattle : Introducing Generative UI, Thesys","Apr 3, 2026",1804,0
2024-11-21,lhsVY2sx0j4,"Gen AI Zoo - Seattle : Introducing Generative UI, Thesys","Apr 3, 2026",1804,0
2024-11-22,lhsVY2sx0j4,"Gen AI Zoo - Seattle : Introducing Generative UI, Thesys","Apr 3, 2026",1804,0
2024-11-23,lhsVY2sx0j4,"Gen AI Zoo - Seattle : Introducing Generative UI, Thesys","Apr 3, 2026",1804,0
2024-11-24,lhsVY2sx0j4,"Gen AI Zoo - Seattle : Introducing Generative UI, Thesys","Apr 3, 2026",1804,0
2024-11-25,lhsVY2sx0j4,"Gen AI Zoo - Seattle : Introducing Generative UI, Thesys","Apr 3, 2026",1804,0
2024-11-26,lhsVY2sx0j4,"Gen AI Zoo - Seattle : Introducing Generative UI, Thesys","Apr 3, 2026",1804,0
2024-11-27,lhsVY2sx0j4,"Gen AI Zoo - Seattle : Introducing Generative UI, Thesys","Apr 3, 2026",1804,0
2024-11-28,lhsVY2sx0j4,"Gen AI Zoo - Seattle : Introducing Generative UI, Thesys","Apr 3, 2026",1804,0
2024-11-29,lhsVY2sx0j4,"Gen AI Zoo - Seattle : Introducing Generative UI, Thesys","Apr 3, 2026",1804,0
2024-11-30,lhsVY2sx0j4,"Gen AI Zoo - Seattle : Introducing Generative UI, Thesys","Apr 3, 2026",1804,0
2024-12-01,lhsVY2sx0j4,"Gen AI Zoo - Seattle : Introducing Generative UI, Thesys","Apr 3, 2026",1804,0
2024-12-02,lhsVY2sx0j4,"Gen AI Zoo - Seattle : Introducing Generative UI, Thesys","Apr 3, 2026",1804,0
2024-12-03,lhsVY2sx0j4,"Gen AI Zoo - Seattle : Introducing Generative UI, Thesys","Apr 3, 2026",1804,0
2024-12-04,lhsVY2sx0j4,"Gen AI Zoo - Seattle : Introducing Generative UI, Thesys","Apr 3, 2026",1804,0
2024-12-05,lhsVY2sx0j4,"Gen AI Zoo - Seattle : Introducing Generative UI, Thesys","Apr 3, 2026",1804,0
2024-12-06,lhsVY2sx0j4,"Gen AI Zoo - Seattle : Introducing Generative UI, Thesys","Apr 3, 2026",1804,0
2024-12-07,lhsVY2sx0j4,"Gen AI Zoo - Seattle : Introducing Generative UI, Thesys","Apr 3, 2026",1804,0
2024-12-08,lhsVY2sx0j4,"Gen AI Zoo - Seattle : Introducing Generative UI, Thesys","Apr 3, 2026",1804,0
2024-12-09,lhsVY2sx0j4,"Gen AI Zoo - Seattle : Introducing Generative UI, Thesys","Apr 3, 2026",1804,0
2024-12-10,lhsVY2sx0j4,"Gen AI Zoo - Seattle : Introducing Generative UI, Thesys","Apr 3, 2026",1804,0
2024-12-11,lhsVY2sx0j4,"Gen AI Zoo - Seattle : Introducing Generative UI, Thesys","Apr 3, 2026",1804,0
2024-12-12,lhsVY2sx0j4,"Gen AI Zoo - Seattle : Introducing Generative UI, Thesys","Apr 3, 2026",1804,0
2024-12-13,lhsVY2sx0j4,"Gen AI Zoo - Seattle : Introducing Generative UI, Thesys","Apr 3, 2026",1804,0
2024-12-14,lhsVY2sx0j4,"Gen AI Zoo - Seattle : Introducing Generative UI, Thesys","Apr 3, 2026",1804,0
2024-12-15,lhsVY2sx0j4,"Gen AI Zoo - Seattle : Introducing Generative UI, Thesys","Apr 3, 2026",1804,0
2024-12-16,lhsVY2sx0j4,"Gen AI Zoo - Seattle : Introducing Generative UI, Thesys","Apr 3, 2026",1804,0
2024-12-17,lhsVY2sx0j4,"Gen AI Zoo - Seattle : Introducing Generative UI, Thesys","Apr 3, 2026",1804,0
2024-12-18,lhsVY2sx0j4,"Gen AI Zoo - Seattle : Introducing Generative UI, Thesys","Apr 3, 2026",1804,0
2024-12-19,lhsVY2sx0j4,"Gen AI Zoo - Seattle : Introducing Generative UI, Thesys","Apr 3, 2026",1804,0
2024-12-20,lhsVY2sx0j4,"Gen AI Zoo - Seattle : Introducing Generative UI, Thesys","Apr 3, 2026",1804,0
2024-12-21,lhsVY2sx0j4,"Gen AI Zoo - Seattle : Introducing Generative UI, Thesys","Apr 3, 2026",1804,0
2024-12-22,lhsVY2sx0j4,"Gen AI Zoo - Seattle : Introducing Generative UI, Thesys","Apr 3, 2026",1804,0
2024-12-23,lhsVY2sx0j4,"Gen AI Zoo - Seattle : Introducing Generative UI, Thesys","Apr 3, 2026",1804,0
2024-12-24,lhsVY2sx0j4,"Gen AI Zoo - Seattle : Introducing Generative UI, Thesys","Apr 3, 2026",1804,0
2024-12-25,lhsVY2sx0j4,"Gen AI Zoo - Seattle : Introducing Generative UI, Thesys","Apr 3, 2026",1804,0
2024-12-26,lhsVY2sx0j4,"Gen AI Zoo - Seattle : Introducing Generative UI, Thesys","Apr 3, 2026",1804,0
2024-12-27,lhsVY2sx0j4,"Gen AI Zoo - Seattle : Introducing Generative UI, Thesys","Apr 3, 2026",1804,0
2024-12-28,lhsVY2sx0j4,"Gen AI Zoo - Seattle : Introducing Generative UI, Thesys","Apr 3, 2026",1804,0
2024-12-29,lhsVY2sx0j4,"Gen AI Zoo - Seattle : Introducing Generative UI, Thesys","Apr 3, 2026",1804,0
2024-12-30,lhsVY2sx0j4,"Gen AI Zoo - Seattle : Introducing Generative UI, Thesys","Apr 3, 2026",1804,0
2024-12-31,lhsVY2sx0j4,"Gen AI Zoo - Seattle : Introducing Generative UI, Thesys","Apr 3, 2026",1804,0
2025-01-01,lhsVY2sx0j4,"Gen AI Zoo - Seattle : Introducing Generative UI, Thesys","Apr 3, 2026",1804,0
2025-01-02,lhsVY2sx0j4,"Gen AI Zoo - Seattle : Introducing Generative UI, Thesys","Apr 3, 2026",1804,0
2025-01-03,lhsVY2sx0j4,"Gen AI Zoo - Seattle : Introducing Generative UI, Thesys","Apr 3, 2026",1804,0
2025-01-04,lhsVY2sx0j4,"Gen AI Zoo - Seattle : Introducing Generative UI, Thesys","Apr 3, 2026",1804,0
2025-01-05,lhsVY2sx0j4,"Gen AI Zoo - Seattle : Introducing Generative UI, Thesys","Apr 3, 2026",1804,0
2025-01-06,lhsVY2sx0j4,"Gen AI Zoo - Seattle : Introducing Generative UI, Thesys","Apr 3, 2026",1804,0
2025-01-07,lhsVY2sx0j4,"Gen AI Zoo - Seattle : Introducing Generative UI, Thesys","Apr 3, 2026",1804,0
2025-01-08,lhsVY2sx0j4,"Gen AI Zoo - Seattle : Introducing Generative UI, Thesys","Apr 3, 2026",1804,0
2025-01-09,lhsVY2sx0j4,"Gen AI Zoo - Seattle : Introducing Generative UI, Thesys","Apr 3, 2026",1804,0
2025-01-10,lhsVY2sx0j4,"Gen AI Zoo - Seattle : Introducing Generative UI, Thesys","Apr 3, 2026",1804,0
2025-01-11,lhsVY2sx0j4,"Gen AI Zoo - Seattle : Introducing Generative UI, Thesys","Apr 3, 2026",1804,0
2025-01-12,lhsVY2sx0j4,"Gen AI Zoo - Seattle : Introducing Generative UI, Thesys","Apr 3, 2026",1804,0
2025-01-13,lhsVY2sx0j4,"Gen AI Zoo - Seattle : Introducing Generative UI, Thesys","Apr 3, 2026",1804,0
2025-01-14,lhsVY2sx0j4,"Gen AI Zoo - Seattle : Introducing Generative UI, Thesys","Apr 3, 2026",1804,0
2025-01-15,lhsVY2sx0j4,"Gen AI Zoo - Seattle : Introducing Generative UI, Thesys","Apr 3, 2026",1804,0
2025-01-16,lhsVY2sx0j4,"Gen AI Zoo - Seattle : Introducing Generative UI, Thesys","Apr 3, 2026",1804,0
2025-01-17,lhsVY2sx0j4,"Gen AI Zoo - Seattle : Introducing Generative UI, Thesys","Apr 3, 2026",1804,0
2025-01-18,lhsVY2sx0j4,"Gen AI Zoo - Seattle : Introducing Generative UI, Thesys","Apr 3, 2026",1804,0
2025-01-19,lhsVY2sx0j4,"Gen AI Zoo - Seattle : Introducing Generative UI, Thesys","Apr 3, 2026",1804,0
2025-01-20,lhsVY2sx0j4,"Gen AI Zoo - Seattle : Introducing Generative UI, Thesys","Apr 3, 2026",1804,0
2025-01-21,lhsVY2sx0j4,"Gen AI Zoo - Seattle : Introducing Generative UI, Thesys","Apr 3, 2026",1804,0
2025-01-22,lhsVY2sx0j4,"Gen AI Zoo - Seattle : Introducing Generative UI, Thesys","Apr 3, 2026",1804,0
2025-01-23,lhsVY2sx0j4,"Gen AI Zoo - Seattle : Introducing Generative UI, Thesys","Apr 3, 2026",1804,0
2025-01-24,lhsVY2sx0j4,"Gen AI Zoo - Seattle : Introducing Generative UI, Thesys","Apr 3, 2026",1804,0
2025-01-25,lhsVY2sx0j4,"Gen AI Zoo - Seattle : Introducing Generative UI, Thesys","Apr 3, 2026",1804,0
2025-01-26,lhsVY2sx0j4,"Gen AI Zoo - Seattle : Introducing Generative UI, Thesys","Apr 3, 2026",1804,0
2025-01-27,lhsVY2sx0j4,"Gen AI Zoo - Seattle : Introducing Generative UI, Thesys","Apr 3, 2026",1804,0
2025-01-28,lhsVY2sx0j4,"Gen AI Zoo - Seattle : Introducing Generative UI, Thesys","Apr 3, 2026",1804,0
2025-01-29,lhsVY2sx0j4,"Gen AI Zoo - Seattle : Introducing Generative UI, Thesys","Apr 3, 2026",1804,0
2025-01-30,lhsVY2sx0j4,"Gen AI Zoo - Seattle : Introducing Generative UI, Thesys","Apr 3, 2026",1804,0
2025-01-31,lhsVY2sx0j4,"Gen AI Zoo - Seattle : Introducing Generative UI, Thesys","Apr 3, 2026",1804,0
2025-02-01,lhsVY2sx0j4,"Gen AI Zoo - Seattle : Introducing Generative UI, Thesys","Apr 3, 2026",1804,0
2025-02-02,lhsVY2sx0j4,"Gen AI Zoo - Seattle : Introducing Generative UI, Thesys","Apr 3, 2026",1804,0
2025-02-03,lhsVY2sx0j4,"Gen AI Zoo - Seattle : Introducing Generative UI, Thesys","Apr 3, 2026",1804,0
2025-02-04,lhsVY2sx0j4,"Gen AI Zoo - Seattle : Introducing Generative UI, Thesys","Apr 3, 2026",1804,0
2025-02-05,lhsVY2sx0j4,"Gen AI Zoo - Seattle : Introducing Generative UI, Thesys","Apr 3, 2026",1804,0
2025-02-06,lhsVY2sx0j4,"Gen AI Zoo - Seattle : Introducing Generative UI, Thesys","Apr 3, 2026",1804,0
2025-02-07,lhsVY2sx0j4,"Gen AI Zoo - Seattle : Introducing Generative UI, Thesys","Apr 3, 2026",1804,0
2025-02-08,lhsVY2sx0j4,"Gen AI Zoo - Seattle : Introducing Generative UI, Thesys","Apr 3, 2026",1804,0
2025-02-09,lhsVY2sx0j4,"Gen AI Zoo - Seattle : Introducing Generative UI, Thesys","Apr 3, 2026",1804,0
2025-02-10,lhsVY2sx0j4,"Gen AI Zoo - Seattle : Introducing Generative UI, Thesys","Apr 3, 2026",1804,0
2025-02-11,lhsVY2sx0j4,"Gen AI Zoo - Seattle : Introducing Generative UI, Thesys","Apr 3, 2026",1804,0
2025-02-12,lhsVY2sx0j4,"Gen AI Zoo - Seattle : Introducing Generative UI, Thesys","Apr 3, 2026",1804,0
2025-02-13,lhsVY2sx0j4,"Gen AI Zoo - Seattle : Introducing Generative UI, Thesys","Apr 3, 2026",1804,0
2025-02-14,lhsVY2sx0j4,"Gen AI Zoo - Seattle : Introducing Generative UI, Thesys","Apr 3, 2026",1804,0
2025-02-15,lhsVY2sx0j4,"Gen AI Zoo - Seattle : Introducing Generative UI, Thesys","Apr 3, 2026",1804,0
2025-02-16,lhsVY2sx0j4,"Gen AI Zoo - Seattle : Introducing Generative UI, Thesys","Apr 3, 2026",1804,0
2025-02-17,lhsVY2sx0j4,"Gen AI Zoo - Seattle : Introducing Generative UI, Thesys","Apr 3, 2026",1804,0
2025-02-18,lhsVY2sx0j4,"Gen AI Zoo - Seattle : Introducing Generative UI, Thesys","Apr 3, 2026",1804,0
2025-02-19,lhsVY2sx0j4,"Gen AI Zoo - Seattle : Introducing Generative UI, Thesys","Apr 3, 2026",1804,0
2025-02-20,lhsVY2sx0j4,"Gen AI Zoo - Seattle : Introducing Generative UI, Thesys","Apr 3, 2026",1804,0
2025-02-21,lhsVY2sx0j4,"Gen AI Zoo - Seattle : Introducing Generative UI, Thesys","Apr 3, 2026",1804,0
2025-02-22,lhsVY2sx0j4,"Gen AI Zoo - Seattle : Introducing Generative UI, Thesys","Apr 3, 2026",1804,0
2025-02-23,lhsVY2sx0j4,"Gen AI Zoo - Seattle : Introducing Generative UI, Thesys","Apr 3, 2026",1804,0
2025-02-24,lhsVY2sx0j4,"Gen AI Zoo - Seattle : Introducing Generative UI, Thesys","Apr 3, 2026",1804,0
2025-02-25,lhsVY2sx0j4,"Gen AI Zoo - Seattle : Introducing Generative UI, Thesys","Apr 3, 2026",1804,0
2025-02-26,lhsVY2sx0j4,"Gen AI Zoo - Seattle : Introducing Generative UI, Thesys","Apr 3, 2026",1804,0
2025-02-27,lhsVY2sx0j4,"Gen AI Zoo - Seattle : Introducing Generative UI, Thesys","Apr 3, 2026",1804,0
2025-02-28,lhsVY2sx0j4,"Gen AI Zoo - Seattle : Introducing Generative UI, Thesys","Apr 3, 2026",1804,0
2025-03-01,lhsVY2sx0j4,"Gen AI Zoo - Seattle : Introducing Generative UI, Thesys","Apr 3, 2026",1804,0
2025-03-02,lhsVY2sx0j4,"Gen AI Zoo - Seattle : Introducing Generative UI, Thesys","Apr 3, 2026",1804,0
2025-03-03,lhsVY2sx0j4,"Gen AI Zoo - Seattle : Introducing Generative UI, Thesys","Apr 3, 2026",1804,0
2025-03-04,lhsVY2sx0j4,"Gen AI Zoo - Seattle : Introducing Generative UI, Thesys","Apr 3, 2026",1804,0
2025-03-05,lhsVY2sx0j4,"Gen AI Zoo - Seattle : Introducing Generative UI, Thesys","Apr 3, 2026",1804,0
2025-03-06,lhsVY2sx0j4,"Gen AI Zoo - Seattle : Introducing Generative UI, Thesys","Apr 3, 2026",1804,0
2025-03-07,lhsVY2sx0j4,"Gen AI Zoo - Seattle : Introducing Generative UI, Thesys","Apr 3, 2026",1804,0
2025-03-08,lhsVY2sx0j4,"Gen AI Zoo - Seattle : Introducing Generative UI, Thesys","Apr 3, 2026",1804,0
2025-03-09,lhsVY2sx0j4,"Gen AI Zoo - Seattle : Introducing Generative UI, Thesys","Apr 3, 2026",1804,0
2025-03-10,lhsVY2sx0j4,"Gen AI Zoo - Seattle : Introducing Generative UI, Thesys","Apr 3, 2026",1804,0
2025-03-11,lhsVY2sx0j4,"Gen AI Zoo - Seattle : Introducing Generative UI, Thesys","Apr 3, 2026",1804,0
2025-03-12,lhsVY2sx0j4,"Gen AI Zoo - Seattle : Introducing Generative UI, Thesys","Apr 3, 2026",1804,0
2025-03-13,lhsVY2sx0j4,"Gen AI Zoo - Seattle : Introducing Generative UI, Thesys","Apr 3, 2026",1804,0
2025-03-14,lhsVY2sx0j4,"Gen AI Zoo - Seattle : Introducing Generative UI, Thesys","Apr 3, 2026",1804,0
2025-03-15,lhsVY2sx0j4,"Gen AI Zoo - Seattle : Introducing Generative UI, Thesys","Apr 3, 2026",1804,0
2025-03-16,lhsVY2sx0j4,"Gen AI Zoo - Seattle : Introducing Generative UI, Thesys","Apr 3, 2026",1804,0
2025-03-17,lhsVY2sx0j4,"Gen AI Zoo - Seattle : Introducing Generative UI, Thesys","Apr 3, 2026",1804,0
2025-03-18,lhsVY2sx0j4,"Gen AI Zoo - Seattle : Introducing Generative UI, Thesys","Apr 3, 2026",1804,0
2025-03-19,lhsVY2sx0j4,"Gen AI Zoo - Seattle : Introducing Generative UI, Thesys","Apr 3, 2026",1804,0
2025-03-20,lhsVY2sx0j4,"Gen AI Zoo - Seattle : Introducing Generative UI, Thesys","Apr 3, 2026",1804,0
2025-03-21,lhsVY2sx0j4,"Gen AI Zoo - Seattle : Introducing Generative UI, Thesys","Apr 3, 2026",1804,0
2025-03-22,lhsVY2sx0j4,"Gen AI Zoo - Seattle : Introducing Generative UI, Thesys","Apr 3, 2026",1804,0
2025-03-23,lhsVY2sx0j4,"Gen AI Zoo - Seattle : Introducing Generative UI, Thesys","Apr 3, 2026",1804,0
2025-03-24,lhsVY2sx0j4,"Gen AI Zoo - Seattle : Introducing Generative UI, Thesys","Apr 3, 2026",1804,0
2025-03-25,lhsVY2sx0j4,"Gen AI Zoo - Seattle : Introducing Generative UI, Thesys","Apr 3, 2026",1804,0
2025-03-26,lhsVY2sx0j4,"Gen AI Zoo - Seattle : Introducing Generative UI, Thesys","Apr 3, 2026",1804,0
2025-03-27,lhsVY2sx0j4,"Gen AI Zoo - Seattle : Introducing Generative UI, Thesys","Apr 3, 2026",1804,0
2025-03-28,lhsVY2sx0j4,"Gen AI Zoo - Seattle : Introducing Generative UI, Thesys","Apr 3, 2026",1804,0
2025-03-29,lhsVY2sx0j4,"Gen AI Zoo - Seattle : Introducing Generative UI, Thesys","Apr 3, 2026",1804,0
2025-03-30,lhsVY2sx0j4,"Gen AI Zoo - Seattle : Introducing Generative UI, Thesys","Apr 3, 2026",1804,0
2025-03-31,lhsVY2sx0j4,"Gen AI Zoo - Seattle : Introducing Generative UI, Thesys","Apr 3, 2026",1804,0
2025-04-01,lhsVY2sx0j4,"Gen AI Zoo - Seattle : Introducing Generative UI, Thesys","Apr 3, 2026",1804,0
2025-04-02,lhsVY2sx0j4,"Gen AI Zoo - Seattle : Introducing Generative UI, Thesys","Apr 3, 2026",1804,0
2025-04-03,lhsVY2sx0j4,"Gen AI Zoo - Seattle : Introducing Generative UI, Thesys","Apr 3, 2026",1804,0
2025-04-04,lhsVY2sx0j4,"Gen AI Zoo - Seattle : Introducing Generative UI, Thesys","Apr 3, 2026",1804,0
2025-04-05,lhsVY2sx0j4,"Gen AI Zoo - Seattle : Introducing Generative UI, Thesys","Apr 3, 2026",1804,0
2025-04-06,lhsVY2sx0j4,"Gen AI Zoo - Seattle : Introducing Generative UI, Thesys","Apr 3, 2026",1804,0
2025-04-07,lhsVY2sx0j4,"Gen AI Zoo - Seattle : Introducing Generative UI, Thesys","Apr 3, 2026",1804,0
2025-04-08,lhsVY2sx0j4,"Gen AI Zoo - Seattle : Introducing Generative UI, Thesys","Apr 3, 2026",1804,0
2025-04-09,lhsVY2sx0j4,"Gen AI Zoo - Seattle : Introducing Generative UI, Thesys","Apr 3, 2026",1804,0
2025-04-10,lhsVY2sx0j4,"Gen AI Zoo - Seattle : Introducing Generative UI, Thesys","Apr 3, 2026",1804,0
2025-04-11,lhsVY2sx0j4,"Gen AI Zoo - Seattle : Introducing Generative UI, Thesys","Apr 3, 2026",1804,0
2025-04-12,lhsVY2sx0j4,"Gen AI Zoo - Seattle : Introducing Generative UI, Thesys","Apr 3, 2026",1804,0
2025-04-13,lhsVY2sx0j4,"Gen AI Zoo - Seattle : Introducing Generative UI, Thesys","Apr 3, 2026",1804,0
2025-04-14,lhsVY2sx0j4,"Gen AI Zoo - Seattle : Introducing Generative UI, Thesys","Apr 3, 2026",1804,0
2025-04-15,lhsVY2sx0j4,"Gen AI Zoo - Seattle : Introducing Generative UI, Thesys","Apr 3, 2026",1804,0
2025-04-16,lhsVY2sx0j4,"Gen AI Zoo - Seattle : Introducing Generative UI, Thesys","Apr 3, 2026",1804,0
2025-04-17,lhsVY2sx0j4,"Gen AI Zoo - Seattle : Introducing Generative UI, Thesys","Apr 3, 2026",1804,0
2025-04-18,lhsVY2sx0j4,"Gen AI Zoo - Seattle : Introducing Generative UI, Thesys","Apr 3, 2026",1804,0
2025-04-19,lhsVY2sx0j4,"Gen AI Zoo - Seattle : Introducing Generative UI, Thesys","Apr 3, 2026",1804,0
2025-04-20,lhsVY2sx0j4,"Gen AI Zoo - Seattle : Introducing Generative UI, Thesys","Apr 3, 2026",1804,0
2025-04-21,lhsVY2sx0j4,"Gen AI Zoo - Seattle : Introducing Generative UI, Thesys","Apr 3, 2026",1804,0
2025-04-22,lhsVY2sx0j4,"Gen AI Zoo - Seattle : Introducing Generative UI, Thesys","Apr 3, 2026",1804,0
2025-04-23,lhsVY2sx0j4,"Gen AI Zoo - Seattle : Introducing Generative UI, Thesys","Apr 3, 2026",1804,0
2025-04-24,lhsVY2sx0j4,"Gen AI Zoo - Seattle : Introducing Generative UI, Thesys","Apr 3, 2026",1804,0
2025-04-25,lhsVY2sx0j4,"Gen AI Zoo - Seattle : Introducing Generative UI, Thesys","Apr 3, 2026",1804,0
2025-04-26,lhsVY2sx0j4,"Gen AI Zoo - Seattle : Introducing Generative UI, Thesys","Apr 3, 2026",1804,0
2025-04-27,lhsVY2sx0j4,"Gen AI Zoo - Seattle : Introducing Generative UI, Thesys","Apr 3, 2026",1804,0
2025-04-28,lhsVY2sx0j4,"Gen AI Zoo - Seattle : Introducing Generative UI, Thesys","Apr 3, 2026",1804,0
2025-04-29,lhsVY2sx0j4,"Gen AI Zoo - Seattle : Introducing Generative UI, Thesys","Apr 3, 2026",1804,0
2025-04-30,lhsVY2sx0j4,"Gen AI Zoo - Seattle : Introducing Generative UI, Thesys","Apr 3, 2026",1804,0
2025-05-01,lhsVY2sx0j4,"Gen AI Zoo - Seattle : Introducing Generative UI, Thesys","Apr 3, 2026",1804,0
2025-05-02,lhsVY2sx0j4,"Gen AI Zoo - Seattle : Introducing Generative UI, Thesys","Apr 3, 2026",1804,0
2025-05-03,lhsVY2sx0j4,"Gen AI Zoo - Seattle : Introducing Generative UI, Thesys","Apr 3, 2026",1804,0
2025-05-04,lhsVY2sx0j4,"Gen AI Zoo - Seattle : Introducing Generative UI, Thesys","Apr 3, 2026",1804,0
2025-05-05,lhsVY2sx0j4,"Gen AI Zoo - Seattle : Introducing Generative UI, Thesys","Apr 3, 2026",1804,0
2025-05-06,lhsVY2sx0j4,"Gen AI Zoo - Seattle : Introducing Generative UI, Thesys","Apr 3, 2026",1804,0
2025-05-07,lhsVY2sx0j4,"Gen AI Zoo - Seattle : Introducing Generative UI, Thesys","Apr 3, 2026",1804,0
2025-05-08,lhsVY2sx0j4,"Gen AI Zoo - Seattle : Introducing Generative UI, Thesys","Apr 3, 2026",1804,0
2025-05-09,lhsVY2sx0j4,"Gen AI Zoo - Seattle : Introducing Generative UI, Thesys","Apr 3, 2026",1804,0
2025-05-10,lhsVY2sx0j4,"Gen AI Zoo - Seattle : Introducing Generative UI, Thesys","Apr 3, 2026",1804,0
2025-05-11,lhsVY2sx0j4,"Gen AI Zoo - Seattle : Introducing Generative UI, Thesys","Apr 3, 2026",1804,0
2025-05-12,lhsVY2sx0j4,"Gen AI Zoo - Seattle : Introducing Generative UI, Thesys","Apr 3, 2026",1804,0
2025-05-13,lhsVY2sx0j4,"Gen AI Zoo - Seattle : Introducing Generative UI, Thesys","Apr 3, 2026",1804,0
2025-05-14,lhsVY2sx0j4,"Gen AI Zoo - Seattle : Introducing Generative UI, Thesys","Apr 3, 2026",1804,0
2025-05-15,lhsVY2sx0j4,"Gen AI Zoo - Seattle : Introducing Generative UI, Thesys","Apr 3, 2026",1804,0
2025-05-16,lhsVY2sx0j4,"Gen AI Zoo - Seattle : Introducing Generative UI, Thesys","Apr 3, 2026",1804,0
2025-05-17,lhsVY2sx0j4,"Gen AI Zoo - Seattle : Introducing Generative UI, Thesys","Apr 3, 2026",1804,0
2025-05-18,lhsVY2sx0j4,"Gen AI Zoo - Seattle : Introducing Generative UI, Thesys","Apr 3, 2026",1804,0
2025-05-19,lhsVY2sx0j4,"Gen AI Zoo - Seattle : Introducing Generative UI, Thesys","Apr 3, 2026",1804,0
2025-05-20,lhsVY2sx0j4,"Gen AI Zoo - Seattle : Introducing Generative UI, Thesys","Apr 3, 2026",1804,0
2025-05-21,lhsVY2sx0j4,"Gen AI Zoo - Seattle : Introducing Generative UI, Thesys","Apr 3, 2026",1804,0
2025-05-22,lhsVY2sx0j4,"Gen AI Zoo - Seattle : Introducing Generative UI, Thesys","Apr 3, 2026",1804,0
2025-05-23,lhsVY2sx0j4,"Gen AI Zoo - Seattle : Introducing Generative UI, Thesys","Apr 3, 2026",1804,0
2025-05-24,lhsVY2sx0j4,"Gen AI Zoo - Seattle : Introducing Generative UI, Thesys","Apr 3, 2026",1804,0
2025-05-25,lhsVY2sx0j4,"Gen AI Zoo - Seattle : Introducing Generative UI, Thesys","Apr 3, 2026",1804,0
2025-05-26,lhsVY2sx0j4,"Gen AI Zoo - Seattle : Introducing Generative UI, Thesys","Apr 3, 2026",1804,0
2025-05-27,lhsVY2sx0j4,"Gen AI Zoo - Seattle : Introducing Generative UI, Thesys","Apr 3, 2026",1804,0
2025-05-28,lhsVY2sx0j4,"Gen AI Zoo - Seattle : Introducing Generative UI, Thesys","Apr 3, 2026",1804,0
2025-05-29,lhsVY2sx0j4,"Gen AI Zoo - Seattle : Introducing Generative UI, Thesys","Apr 3, 2026",1804,0
2025-05-30,lhsVY2sx0j4,"Gen AI Zoo - Seattle : Introducing Generative UI, Thesys","Apr 3, 2026",1804,0
2025-05-31,lhsVY2sx0j4,"Gen AI Zoo - Seattle : Introducing Generative UI, Thesys","Apr 3, 2026",1804,0
2025-06-01,lhsVY2sx0j4,"Gen AI Zoo - Seattle : Introducing Generative UI, Thesys","Apr 3, 2026",1804,0
2025-06-02,lhsVY2sx0j4,"Gen AI Zoo - Seattle : Introducing Generative UI, Thesys","Apr 3, 2026",1804,0
2025-06-03,lhsVY2sx0j4,"Gen AI Zoo - Seattle : Introducing Generative UI, Thesys","Apr 3, 2026",1804,0
2025-06-04,lhsVY2sx0j4,"Gen AI Zoo - Seattle : Introducing Generative UI, Thesys","Apr 3, 2026",1804,0
2025-06-05,lhsVY2sx0j4,"Gen AI Zoo - Seattle : Introducing Generative UI, Thesys","Apr 3, 2026",1804,0
2025-06-06,lhsVY2sx0j4,"Gen AI Zoo - Seattle : Introducing Generative UI, Thesys","Apr 3, 2026",1804,0
2025-06-07,lhsVY2sx0j4,"Gen AI Zoo - Seattle : Introducing Generative UI, Thesys","Apr 3, 2026",1804,0
2025-06-08,lhsVY2sx0j4,"Gen AI Zoo - Seattle : Introducing Generative UI, Thesys","Apr 3, 2026",1804,0
2025-06-09,lhsVY2sx0j4,"Gen AI Zoo - Seattle : Introducing Generative UI, Thesys","Apr 3, 2026",1804,0
2025-06-10,lhsVY2sx0j4,"Gen AI Zoo - Seattle : Introducing Generative UI, Thesys","Apr 3, 2026",1804,0
2025-06-11,lhsVY2sx0j4,"Gen AI Zoo - Seattle : Introducing Generative UI, Thesys","Apr 3, 2026",1804,0
2025-06-12,lhsVY2sx0j4,"Gen AI Zoo - Seattle : Introducing Generative UI, Thesys","Apr 3, 2026",1804,0
2025-06-13,lhsVY2sx0j4,"Gen AI Zoo - Seattle : Introducing Generative UI, Thesys","Apr 3, 2026",1804,0
2025-06-14,lhsVY2sx0j4,"Gen AI Zoo - Seattle : Introducing Generative UI, Thesys","Apr 3, 2026",1804,0
2025-06-15,lhsVY2sx0j4,"Gen AI Zoo - Seattle : Introducing Generative UI, Thesys","Apr 3, 2026",1804,0
2025-06-16,lhsVY2sx0j4,"Gen AI Zoo - Seattle : Introducing Generative UI, Thesys","Apr 3, 2026",1804,0
2025-06-17,lhsVY2sx0j4,"Gen AI Zoo - Seattle : Introducing Generative UI, Thesys","Apr 3, 2026",1804,0
2025-06-18,lhsVY2sx0j4,"Gen AI Zoo - Seattle : Introducing Generative UI, Thesys","Apr 3, 2026",1804,0
2025-06-19,lhsVY2sx0j4,"Gen AI Zoo - Seattle : Introducing Generative UI, Thesys","Apr 3, 2026",1804,0
2025-06-20,lhsVY2sx0j4,"Gen AI Zoo - Seattle : Introducing Generative UI, Thesys","Apr 3, 2026",1804,0
2025-06-21,lhsVY2sx0j4,"Gen AI Zoo - Seattle : Introducing Generative UI, Thesys","Apr 3, 2026",1804,0
2025-06-22,lhsVY2sx0j4,"Gen AI Zoo - Seattle : Introducing Generative UI, Thesys","Apr 3, 2026",1804,0
2025-06-23,lhsVY2sx0j4,"Gen AI Zoo - Seattle : Introducing Generative UI, Thesys","Apr 3, 2026",1804,0
2025-06-24,lhsVY2sx0j4,"Gen AI Zoo - Seattle : Introducing Generative UI, Thesys","Apr 3, 2026",1804,0
2025-06-25,lhsVY2sx0j4,"Gen AI Zoo - Seattle : Introducing Generative UI, Thesys","Apr 3, 2026",1804,0
2025-06-26,lhsVY2sx0j4,"Gen AI Zoo - Seattle : Introducing Generative UI, Thesys","Apr 3, 2026",1804,0
2025-06-27,lhsVY2sx0j4,"Gen AI Zoo - Seattle : Introducing Generative UI, Thesys","Apr 3, 2026",1804,0
2025-06-28,lhsVY2sx0j4,"Gen AI Zoo - Seattle : Introducing Generative UI, Thesys","Apr 3, 2026",1804,0
2025-06-29,lhsVY2sx0j4,"Gen AI Zoo - Seattle : Introducing Generative UI, Thesys","Apr 3, 2026",1804,0
2025-06-30,lhsVY2sx0j4,"Gen AI Zoo - Seattle : Introducing Generative UI, Thesys","Apr 3, 2026",1804,0
2025-07-01,lhsVY2sx0j4,"Gen AI Zoo - Seattle : Introducing Generative UI, Thesys","Apr 3, 2026",1804,0
2025-07-02,lhsVY2sx0j4,"Gen AI Zoo - Seattle : Introducing Generative UI, Thesys","Apr 3, 2026",1804,0
2025-07-03,lhsVY2sx0j4,"Gen AI Zoo - Seattle : Introducing Generative UI, Thesys","Apr 3, 2026",1804,0
2025-07-04,lhsVY2sx0j4,"Gen AI Zoo - Seattle : Introducing Generative UI, Thesys","Apr 3, 2026",1804,0
2025-07-05,lhsVY2sx0j4,"Gen AI Zoo - Seattle : Introducing Generative UI, Thesys","Apr 3, 2026",1804,0
2025-07-06,lhsVY2sx0j4,"Gen AI Zoo - Seattle : Introducing Generative UI, Thesys","Apr 3, 2026",1804,0
2025-07-07,lhsVY2sx0j4,"Gen AI Zoo - Seattle : Introducing Generative UI, Thesys","Apr 3, 2026",1804,0
2025-07-08,lhsVY2sx0j4,"Gen AI Zoo - Seattle : Introducing Generative UI, Thesys","Apr 3, 2026",1804,0
2025-07-09,lhsVY2sx0j4,"Gen AI Zoo - Seattle : Introducing Generative UI, Thesys","Apr 3, 2026",1804,0
2025-07-10,lhsVY2sx0j4,"Gen AI Zoo - Seattle : Introducing Generative UI, Thesys","Apr 3, 2026",1804,0
2025-07-11,lhsVY2sx0j4,"Gen AI Zoo - Seattle : Introducing Generative UI, Thesys","Apr 3, 2026",1804,0
2025-07-12,lhsVY2sx0j4,"Gen AI Zoo - Seattle : Introducing Generative UI, Thesys","Apr 3, 2026",1804,0
2025-07-13,lhsVY2sx0j4,"Gen AI Zoo - Seattle : Introducing Generative UI, Thesys","Apr 3, 2026",1804,0
2025-07-14,lhsVY2sx0j4,"Gen AI Zoo - Seattle : Introducing Generative UI, Thesys","Apr 3, 2026",1804,0
2025-07-15,lhsVY2sx0j4,"Gen AI Zoo - Seattle : Introducing Generative UI, Thesys","Apr 3, 2026",1804,0
2025-07-16,lhsVY2sx0j4,"Gen AI Zoo - Seattle : Introducing Generative UI, Thesys","Apr 3, 2026",1804,0
2025-07-17,lhsVY2sx0j4,"Gen AI Zoo - Seattle : Introducing Generative UI, Thesys","Apr 3, 2026",1804,0
2025-07-18,lhsVY2sx0j4,"Gen AI Zoo - Seattle : Introducing Generative UI, Thesys","Apr 3, 2026",1804,0
2025-07-19,lhsVY2sx0j4,"Gen AI Zoo - Seattle : Introducing Generative UI, Thesys","Apr 3, 2026",1804,0
2025-07-20,lhsVY2sx0j4,"Gen AI Zoo - Seattle : Introducing Generative UI, Thesys","Apr 3, 2026",1804,0
2025-07-21,lhsVY2sx0j4,"Gen AI Zoo - Seattle : Introducing Generative UI, Thesys","Apr 3, 2026",1804,0
2025-07-22,lhsVY2sx0j4,"Gen AI Zoo - Seattle : Introducing Generative UI, Thesys","Apr 3, 2026",1804,0
2025-07-23,lhsVY2sx0j4,"Gen AI Zoo - Seattle : Introducing Generative UI, Thesys","Apr 3, 2026",1804,0
2025-07-24,lhsVY2sx0j4,"Gen AI Zoo - Seattle : Introducing Generative UI, Thesys","Apr 3, 2026",1804,0
2025-07-25,lhsVY2sx0j4,"Gen AI Zoo - Seattle : Introducing Generative UI, Thesys","Apr 3, 2026",1804,0
2025-07-26,lhsVY2sx0j4,"Gen AI Zoo - Seattle : Introducing Generative UI, Thesys","Apr 3, 2026",1804,0
2025-07-27,lhsVY2sx0j4,"Gen AI Zoo - Seattle : Introducing Generative UI, Thesys","Apr 3, 2026",1804,0
2025-07-28,lhsVY2sx0j4,"Gen AI Zoo - Seattle : Introducing Generative UI, Thesys","Apr 3, 2026",1804,0
2025-07-29,lhsVY2sx0j4,"Gen AI Zoo - Seattle : Introducing Generative UI, Thesys","Apr 3, 2026",1804,0
2025-07-30,lhsVY2sx0j4,"Gen AI Zoo - Seattle : Introducing Generative UI, Thesys","Apr 3, 2026",1804,0
2025-07-31,lhsVY2sx0j4,"Gen AI Zoo - Seattle : Introducing Generative UI, Thesys","Apr 3, 2026",1804,0
2025-08-01,lhsVY2sx0j4,"Gen AI Zoo - Seattle : Introducing Generative UI, Thesys","Apr 3, 2026",1804,0
2025-08-02,lhsVY2sx0j4,"Gen AI Zoo - Seattle : Introducing Generative UI, Thesys","Apr 3, 2026",1804,0
2025-08-03,lhsVY2sx0j4,"Gen AI Zoo - Seattle : Introducing Generative UI, Thesys","Apr 3, 2026",1804,0
2025-08-04,lhsVY2sx0j4,"Gen AI Zoo - Seattle : Introducing Generative UI, Thesys","Apr 3, 2026",1804,0
2025-08-05,lhsVY2sx0j4,"Gen AI Zoo - Seattle : Introducing Generative UI, Thesys","Apr 3, 2026",1804,0
2025-08-06,lhsVY2sx0j4,"Gen AI Zoo - Seattle : Introducing Generative UI, Thesys","Apr 3, 2026",1804,0
2025-08-07,lhsVY2sx0j4,"Gen AI Zoo - Seattle : Introducing Generative UI, Thesys","Apr 3, 2026",1804,0
2025-08-08,lhsVY2sx0j4,"Gen AI Zoo - Seattle : Introducing Generative UI, Thesys","Apr 3, 2026",1804,0
2025-08-09,lhsVY2sx0j4,"Gen AI Zoo - Seattle : Introducing Generative UI, Thesys","Apr 3, 2026",1804,0
2025-08-10,lhsVY2sx0j4,"Gen AI Zoo - Seattle : Introducing Generative UI, Thesys","Apr 3, 2026",1804,0
2025-08-11,lhsVY2sx0j4,"Gen AI Zoo - Seattle : Introducing Generative UI, Thesys","Apr 3, 2026",1804,0
2025-08-12,lhsVY2sx0j4,"Gen AI Zoo - Seattle : Introducing Generative UI, Thesys","Apr 3, 2026",1804,0
2025-08-13,lhsVY2sx0j4,"Gen AI Zoo - Seattle : Introducing Generative UI, Thesys","Apr 3, 2026",1804,0.919
2025-08-14,lhsVY2sx0j4,"Gen AI Zoo - Seattle : Introducing Generative UI, Thesys","Apr 3, 2026",1804,0
2025-08-15,lhsVY2sx0j4,"Gen AI Zoo - Seattle : Introducing Generative UI, Thesys","Apr 3, 2026",1804,0
2025-08-16,lhsVY2sx0j4,"Gen AI Zoo - Seattle : Introducing Generative UI, Thesys","Apr 3, 2026",1804,0
2025-08-17,lhsVY2sx0j4,"Gen AI Zoo - Seattle : Introducing Generative UI, Thesys","Apr 3, 2026",1804,0
2025-08-18,lhsVY2sx0j4,"Gen AI Zoo - Seattle : Introducing Generative UI, Thesys","Apr 3, 2026",1804,0
2025-08-19,lhsVY2sx0j4,"Gen AI Zoo - Seattle : Introducing Generative UI, Thesys","Apr 3, 2026",1804,0
2025-08-20,lhsVY2sx0j4,"Gen AI Zoo - Seattle : Introducing Generative UI, Thesys","Apr 3, 2026",1804,0
2025-08-21,lhsVY2sx0j4,"Gen AI Zoo - Seattle : Introducing Generative UI, Thesys","Apr 3, 2026",1804,0
2025-08-22,lhsVY2sx0j4,"Gen AI Zoo - Seattle : Introducing Generative UI, Thesys","Apr 3, 2026",1804,0
2025-08-23,lhsVY2sx0j4,"Gen AI Zoo - Seattle : Introducing Generative UI, Thesys","Apr 3, 2026",1804,0
2025-08-24,lhsVY2sx0j4,"Gen AI Zoo - Seattle : Introducing Generative UI, Thesys","Apr 3, 2026",1804,0
2025-08-25,lhsVY2sx0j4,"Gen AI Zoo - Seattle : Introducing Generative UI, Thesys","Apr 3, 2026",1804,0
2025-08-26,lhsVY2sx0j4,"Gen AI Zoo - Seattle : Introducing Generative UI, Thesys","Apr 3, 2026",1804,0
2025-08-27,lhsVY2sx0j4,"Gen AI Zoo - Seattle : Introducing Generative UI, Thesys","Apr 3, 2026",1804,0
2025-08-28,lhsVY2sx0j4,"Gen AI Zoo - Seattle : Introducing Generative UI, Thesys","Apr 3, 2026",1804,0
2025-08-29,lhsVY2sx0j4,"Gen AI Zoo - Seattle : Introducing Generative UI, Thesys","Apr 3, 2026",1804,0
2025-08-30,lhsVY2sx0j4,"Gen AI Zoo - Seattle : Introducing Generative UI, Thesys","Apr 3, 2026",1804,0
2025-08-31,lhsVY2sx0j4,"Gen AI Zoo - Seattle : Introducing Generative UI, Thesys","Apr 3, 2026",1804,0
2025-09-01,lhsVY2sx0j4,"Gen AI Zoo - Seattle : Introducing Generative UI, Thesys","Apr 3, 2026",1804,0
2025-09-02,lhsVY2sx0j4,"Gen AI Zoo - Seattle : Introducing Generative UI, Thesys","Apr 3, 2026",1804,0
2025-09-03,lhsVY2sx0j4,"Gen AI Zoo - Seattle : Introducing Generative UI, Thesys","Apr 3, 2026",1804,0
2025-09-04,lhsVY2sx0j4,"Gen AI Zoo - Seattle : Introducing Generative UI, Thesys","Apr 3, 2026",1804,0
2025-09-05,lhsVY2sx0j4,"Gen AI Zoo - Seattle : Introducing Generative UI, Thesys","Apr 3, 2026",1804,0
2025-09-06,lhsVY2sx0j4,"Gen AI Zoo - Seattle : Introducing Generative UI, Thesys","Apr 3, 2026",1804,0
2025-09-07,lhsVY2sx0j4,"Gen AI Zoo - Seattle : Introducing Generative UI, Thesys","Apr 3, 2026",1804,0
2025-09-08,lhsVY2sx0j4,"Gen AI Zoo - Seattle : Introducing Generative UI, Thesys","Apr 3, 2026",1804,0
2025-09-09,lhsVY2sx0j4,"Gen AI Zoo - Seattle : Introducing Generative UI, Thesys","Apr 3, 2026",1804,0
2025-09-10,lhsVY2sx0j4,"Gen AI Zoo - Seattle : Introducing Generative UI, Thesys","Apr 3, 2026",1804,0
2025-09-11,lhsVY2sx0j4,"Gen AI Zoo - Seattle : Introducing Generative UI, Thesys","Apr 3, 2026",1804,0
2025-09-12,lhsVY2sx0j4,"Gen AI Zoo - Seattle : Introducing Generative UI, Thesys","Apr 3, 2026",1804,0
2025-09-13,lhsVY2sx0j4,"Gen AI Zoo - Seattle : Introducing Generative UI, Thesys","Apr 3, 2026",1804,0.908
2025-09-14,lhsVY2sx0j4,"Gen AI Zoo - Seattle : Introducing Generative UI, Thesys","Apr 3, 2026",1804,0
2025-09-15,lhsVY2sx0j4,"Gen AI Zoo - Seattle : Introducing Generative UI, Thesys","Apr 3, 2026",1804,0
2025-09-16,lhsVY2sx0j4,"Gen AI Zoo - Seattle : Introducing Generative UI, Thesys","Apr 3, 2026",1804,0
2025-09-17,lhsVY2sx0j4,"Gen AI Zoo - Seattle : Introducing Generative UI, Thesys","Apr 3, 2026",1804,0
2025-09-18,lhsVY2sx0j4,"Gen AI Zoo - Seattle : Introducing Generative UI, Thesys","Apr 3, 2026",1804,0
2025-09-19,lhsVY2sx0j4,"Gen AI Zoo - Seattle : Introducing Generative UI, Thesys","Apr 3, 2026",1804,0
2025-09-20,lhsVY2sx0j4,"Gen AI Zoo - Seattle : Introducing Generative UI, Thesys","Apr 3, 2026",1804,0
2025-09-21,lhsVY2sx0j4,"Gen AI Zoo - Seattle : Introducing Generative UI, Thesys","Apr 3, 2026",1804,0
2025-09-22,lhsVY2sx0j4,"Gen AI Zoo - Seattle : Introducing Generative UI, Thesys","Apr 3, 2026",1804,0
2025-09-23,lhsVY2sx0j4,"Gen AI Zoo - Seattle : Introducing Generative UI, Thesys","Apr 3, 2026",1804,0
2025-09-24,lhsVY2sx0j4,"Gen AI Zoo - Seattle : Introducing Generative UI, Thesys","Apr 3, 2026",1804,0
2025-09-25,lhsVY2sx0j4,"Gen AI Zoo - Seattle : Introducing Generative UI, Thesys","Apr 3, 2026",1804,0
2025-09-26,lhsVY2sx0j4,"Gen AI Zoo - Seattle : Introducing Generative UI, Thesys","Apr 3, 2026",1804,0
2025-09-27,lhsVY2sx0j4,"Gen AI Zoo - Seattle : Introducing Generative UI, Thesys","Apr 3, 2026",1804,0
2025-09-28,lhsVY2sx0j4,"Gen AI Zoo - Seattle : Introducing Generative UI, Thesys","Apr 3, 2026",1804,0
2025-09-29,lhsVY2sx0j4,"Gen AI Zoo - Seattle : Introducing Generative UI, Thesys","Apr 3, 2026",1804,0
2025-09-30,lhsVY2sx0j4,"Gen AI Zoo - Seattle : Introducing Generative UI, Thesys","Apr 3, 2026",1804,0
2025-10-01,lhsVY2sx0j4,"Gen AI Zoo - Seattle : Introducing Generative UI, Thesys","Apr 3, 2026",1804,0
2025-10-02,lhsVY2sx0j4,"Gen AI Zoo - Seattle : Introducing Generative UI, Thesys","Apr 3, 2026",1804,0
2025-10-03,lhsVY2sx0j4,"Gen AI Zoo - Seattle : Introducing Generative UI, Thesys","Apr 3, 2026",1804,0
2025-10-04,lhsVY2sx0j4,"Gen AI Zoo - Seattle : Introducing Generative UI, Thesys","Apr 3, 2026",1804,0
2025-10-05,lhsVY2sx0j4,"Gen AI Zoo - Seattle : Introducing Generative UI, Thesys","Apr 3, 2026",1804,0
2025-10-06,lhsVY2sx0j4,"Gen AI Zoo - Seattle : Introducing Generative UI, Thesys","Apr 3, 2026",1804,0
2025-10-07,lhsVY2sx0j4,"Gen AI Zoo - Seattle : Introducing Generative UI, Thesys","Apr 3, 2026",1804,0
2025-10-08,lhsVY2sx0j4,"Gen AI Zoo - Seattle : Introducing Generative UI, Thesys","Apr 3, 2026",1804,0
2025-10-09,lhsVY2sx0j4,"Gen AI Zoo - Seattle : Introducing Generative UI, Thesys","Apr 3, 2026",1804,0
2025-10-10,lhsVY2sx0j4,"Gen AI Zoo - Seattle : Introducing Generative UI, Thesys","Apr 3, 2026",1804,0
2025-10-11,lhsVY2sx0j4,"Gen AI Zoo - Seattle : Introducing Generative UI, Thesys","Apr 3, 2026",1804,0
2025-10-12,lhsVY2sx0j4,"Gen AI Zoo - Seattle : Introducing Generative UI, Thesys","Apr 3, 2026",1804,0
2025-10-13,lhsVY2sx0j4,"Gen AI Zoo - Seattle : Introducing Generative UI, Thesys","Apr 3, 2026",1804,0.887
2025-10-14,lhsVY2sx0j4,"Gen AI Zoo - Seattle : Introducing Generative UI, Thesys","Apr 3, 2026",1804,0
2025-10-15,lhsVY2sx0j4,"Gen AI Zoo - Seattle : Introducing Generative UI, Thesys","Apr 3, 2026",1804,0
2025-10-16,lhsVY2sx0j4,"Gen AI Zoo - Seattle : Introducing Generative UI, Thesys","Apr 3, 2026",1804,0
2025-10-17,lhsVY2sx0j4,"Gen AI Zoo - Seattle : Introducing Generative UI, Thesys","Apr 3, 2026",1804,0
2025-10-18,lhsVY2sx0j4,"Gen AI Zoo - Seattle : Introducing Generative UI, Thesys","Apr 3, 2026",1804,0
2025-10-19,lhsVY2sx0j4,"Gen AI Zoo - Seattle : Introducing Generative UI, Thesys","Apr 3, 2026",1804,0
2025-10-20,lhsVY2sx0j4,"Gen AI Zoo - Seattle : Introducing Generative UI, Thesys","Apr 3, 2026",1804,0
2025-10-21,lhsVY2sx0j4,"Gen AI Zoo - Seattle : Introducing Generative UI, Thesys","Apr 3, 2026",1804,0
2025-10-22,lhsVY2sx0j4,"Gen AI Zoo - Seattle : Introducing Generative UI, Thesys","Apr 3, 2026",1804,0
2025-10-23,lhsVY2sx0j4,"Gen AI Zoo - Seattle : Introducing Generative UI, Thesys","Apr 3, 2026",1804,0
2025-10-24,lhsVY2sx0j4,"Gen AI Zoo - Seattle : Introducing Generative UI, Thesys","Apr 3, 2026",1804,0
2025-10-25,lhsVY2sx0j4,"Gen AI Zoo - Seattle : Introducing Generative UI, Thesys","Apr 3, 2026",1804,0
2025-10-26,lhsVY2sx0j4,"Gen AI Zoo - Seattle : Introducing Generative UI, Thesys","Apr 3, 2026",1804,0
2025-10-27,lhsVY2sx0j4,"Gen AI Zoo - Seattle : Introducing Generative UI, Thesys","Apr 3, 2026",1804,0
2025-10-28,lhsVY2sx0j4,"Gen AI Zoo - Seattle : Introducing Generative UI, Thesys","Apr 3, 2026",1804,0
2025-10-29,lhsVY2sx0j4,"Gen AI Zoo - Seattle : Introducing Generative UI, Thesys","Apr 3, 2026",1804,0
2025-10-30,lhsVY2sx0j4,"Gen AI Zoo - Seattle : Introducing Generative UI, Thesys","Apr 3, 2026",1804,0
2025-10-31,lhsVY2sx0j4,"Gen AI Zoo - Seattle : Introducing Generative UI, Thesys","Apr 3, 2026",1804,0
2025-11-01,lhsVY2sx0j4,"Gen AI Zoo - Seattle : Introducing Generative UI, Thesys","Apr 3, 2026",1804,0
2025-11-02,lhsVY2sx0j4,"Gen AI Zoo - Seattle : Introducing Generative UI, Thesys","Apr 3, 2026",1804,0
2025-11-03,lhsVY2sx0j4,"Gen AI Zoo - Seattle : Introducing Generative UI, Thesys","Apr 3, 2026",1804,0
2025-11-04,lhsVY2sx0j4,"Gen AI Zoo - Seattle : Introducing Generative UI, Thesys","Apr 3, 2026",1804,0
2025-11-05,lhsVY2sx0j4,"Gen AI Zoo - Seattle : Introducing Generative UI, Thesys","Apr 3, 2026",1804,0
2025-11-06,lhsVY2sx0j4,"Gen AI Zoo - Seattle : Introducing Generative UI, Thesys","Apr 3, 2026",1804,0
2025-11-07,lhsVY2sx0j4,"Gen AI Zoo - Seattle : Introducing Generative UI, Thesys","Apr 3, 2026",1804,0
2025-11-08,lhsVY2sx0j4,"Gen AI Zoo - Seattle : Introducing Generative UI, Thesys","Apr 3, 2026",1804,0
2025-11-09,lhsVY2sx0j4,"Gen AI Zoo - Seattle : Introducing Generative UI, Thesys","Apr 3, 2026",1804,0
2025-11-10,lhsVY2sx0j4,"Gen AI Zoo - Seattle : Introducing Generative UI, Thesys","Apr 3, 2026",1804,0
2025-11-11,lhsVY2sx0j4,"Gen AI Zoo - Seattle : Introducing Generative UI, Thesys","Apr 3, 2026",1804,0
2025-11-12,lhsVY2sx0j4,"Gen AI Zoo - Seattle : Introducing Generative UI, Thesys","Apr 3, 2026",1804,0.863
2025-11-13,lhsVY2sx0j4,"Gen AI Zoo - Seattle : Introducing Generative UI, Thesys","Apr 3, 2026",1804,0
2025-11-14,lhsVY2sx0j4,"Gen AI Zoo - Seattle : Introducing Generative UI, Thesys","Apr 3, 2026",1804,0
2025-11-15,lhsVY2sx0j4,"Gen AI Zoo - Seattle : Introducing Generative UI, Thesys","Apr 3, 2026",1804,0
2025-11-16,lhsVY2sx0j4,"Gen AI Zoo - Seattle : Introducing Generative UI, Thesys","Apr 3, 2026",1804,0
2025-11-17,lhsVY2sx0j4,"Gen AI Zoo - Seattle : Introducing Generative UI, Thesys","Apr 3, 2026",1804,0
2025-11-18,lhsVY2sx0j4,"Gen AI Zoo - Seattle : Introducing Generative UI, Thesys","Apr 3, 2026",1804,0
2025-11-19,lhsVY2sx0j4,"Gen AI Zoo - Seattle : Introducing Generative UI, Thesys","Apr 3, 2026",1804,0
2025-11-20,lhsVY2sx0j4,"Gen AI Zoo - Seattle : Introducing Generative UI, Thesys","Apr 3, 2026",1804,0
2025-11-21,lhsVY2sx0j4,"Gen AI Zoo - Seattle : Introducing Generative UI, Thesys","Apr 3, 2026",1804,0
2025-11-22,lhsVY2sx0j4,"Gen AI Zoo - Seattle : Introducing Generative UI, Thesys","Apr 3, 2026",1804,0
2025-11-23,lhsVY2sx0j4,"Gen AI Zoo - Seattle : Introducing Generative UI, Thesys","Apr 3, 2026",1804,0
2025-11-24,lhsVY2sx0j4,"Gen AI Zoo - Seattle : Introducing Generative UI, Thesys","Apr 3, 2026",1804,0
2025-11-25,lhsVY2sx0j4,"Gen AI Zoo - Seattle : Introducing Generative UI, Thesys","Apr 3, 2026",1804,0
2025-11-26,lhsVY2sx0j4,"Gen AI Zoo - Seattle : Introducing Generative UI, Thesys","Apr 3, 2026",1804,0
2025-11-27,lhsVY2sx0j4,"Gen AI Zoo - Seattle : Introducing Generative UI, Thesys","Apr 3, 2026",1804,0
2025-11-28,lhsVY2sx0j4,"Gen AI Zoo - Seattle : Introducing Generative UI, Thesys","Apr 3, 2026",1804,0
2025-11-29,lhsVY2sx0j4,"Gen AI Zoo - Seattle : Introducing Generative UI, Thesys","Apr 3, 2026",1804,0
2025-11-30,lhsVY2sx0j4,"Gen AI Zoo - Seattle : Introducing Generative UI, Thesys","Apr 3, 2026",1804,0
2025-12-01,lhsVY2sx0j4,"Gen AI Zoo - Seattle : Introducing Generative UI, Thesys","Apr 3, 2026",1804,0
2025-12-02,lhsVY2sx0j4,"Gen AI Zoo - Seattle : Introducing Generative UI, Thesys","Apr 3, 2026",1804,0
2025-12-03,lhsVY2sx0j4,"Gen AI Zoo - Seattle : Introducing Generative UI, Thesys","Apr 3, 2026",1804,0
2025-12-04,lhsVY2sx0j4,"Gen AI Zoo - Seattle : Introducing Generative UI, Thesys","Apr 3, 2026",1804,0
2025-12-05,lhsVY2sx0j4,"Gen AI Zoo - Seattle : Introducing Generative UI, Thesys","Apr 3, 2026",1804,0
2025-12-06,lhsVY2sx0j4,"Gen AI Zoo - Seattle : Introducing Generative UI, Thesys","Apr 3, 2026",1804,0
2025-12-07,lhsVY2sx0j4,"Gen AI Zoo - Seattle : Introducing Generative UI, Thesys","Apr 3, 2026",1804,0
2025-12-08,lhsVY2sx0j4,"Gen AI Zoo - Seattle : Introducing Generative UI, Thesys","Apr 3, 2026",1804,0
2025-12-09,lhsVY2sx0j4,"Gen AI Zoo - Seattle : Introducing Generative UI, Thesys","Apr 3, 2026",1804,0
2025-12-10,lhsVY2sx0j4,"Gen AI Zoo - Seattle : Introducing Generative UI, Thesys","Apr 3, 2026",1804,0
2025-12-11,lhsVY2sx0j4,"Gen AI Zoo - Seattle : Introducing Generative UI, Thesys","Apr 3, 2026",1804,0
2025-12-12,lhsVY2sx0j4,"Gen AI Zoo - Seattle : Introducing Generative UI, Thesys","Apr 3, 2026",1804,0.856
2025-12-13,lhsVY2sx0j4,"Gen AI Zoo - Seattle : Introducing Generative UI, Thesys","Apr 3, 2026",1804,0
2025-12-14,lhsVY2sx0j4,"Gen AI Zoo - Seattle : Introducing Generative UI, Thesys","Apr 3, 2026",1804,0
2025-12-15,lhsVY2sx0j4,"Gen AI Zoo - Seattle : Introducing Generative UI, Thesys","Apr 3, 2026",1804,0
2025-12-16,lhsVY2sx0j4,"Gen AI Zoo - Seattle : Introducing Generative UI, Thesys","Apr 3, 2026",1804,0
2025-12-17,lhsVY2sx0j4,"Gen AI Zoo - Seattle : Introducing Generative UI, Thesys","Apr 3, 2026",1804,0
2025-12-18,lhsVY2sx0j4,"Gen AI Zoo - Seattle : Introducing Generative UI, Thesys","Apr 3, 2026",1804,0
2025-12-19,lhsVY2sx0j4,"Gen AI Zoo - Seattle : Introducing Generative UI, Thesys","Apr 3, 2026",1804,0
2025-12-20,lhsVY2sx0j4,"Gen AI Zoo - Seattle : Introducing Generative UI, Thesys","Apr 3, 2026",1804,0
2025-12-21,lhsVY2sx0j4,"Gen AI Zoo - Seattle : Introducing Generative UI, Thesys","Apr 3, 2026",1804,0
2025-12-22,lhsVY2sx0j4,"Gen AI Zoo - Seattle : Introducing Generative UI, Thesys","Apr 3, 2026",1804,0
2025-12-23,lhsVY2sx0j4,"Gen AI Zoo - Seattle : Introducing Generative UI, Thesys","Apr 3, 2026",1804,0
2025-12-24,lhsVY2sx0j4,"Gen AI Zoo - Seattle : Introducing Generative UI, Thesys","Apr 3, 2026",1804,0
2025-12-25,lhsVY2sx0j4,"Gen AI Zoo - Seattle : Introducing Generative UI, Thesys","Apr 3, 2026",1804,0
2025-12-26,lhsVY2sx0j4,"Gen AI Zoo - Seattle : Introducing Generative UI, Thesys","Apr 3, 2026",1804,0
2025-12-27,lhsVY2sx0j4,"Gen AI Zoo - Seattle : Introducing Generative UI, Thesys","Apr 3, 2026",1804,0
2025-12-28,lhsVY2sx0j4,"Gen AI Zoo - Seattle : Introducing Generative UI, Thesys","Apr 3, 2026",1804,0
2025-12-29,lhsVY2sx0j4,"Gen AI Zoo - Seattle : Introducing Generative UI, Thesys","Apr 3, 2026",1804,0
2025-12-30,lhsVY2sx0j4,"Gen AI Zoo - Seattle : Introducing Generative UI, Thesys","Apr 3, 2026",1804,0
2025-12-31,lhsVY2sx0j4,"Gen AI Zoo - Seattle : Introducing Generative UI, Thesys","Apr 3, 2026",1804,0
2026-01-01,lhsVY2sx0j4,"Gen AI Zoo - Seattle : Introducing Generative UI, Thesys","Apr 3, 2026",1804,0
2026-01-02,lhsVY2sx0j4,"Gen AI Zoo - Seattle : Introducing Generative UI, Thesys","Apr 3, 2026",1804,0
2026-01-03,lhsVY2sx0j4,"Gen AI Zoo - Seattle : Introducing Generative UI, Thesys","Apr 3, 2026",1804,0
2026-01-04,lhsVY2sx0j4,"Gen AI Zoo - Seattle : Introducing Generative UI, Thesys","Apr 3, 2026",1804,0
2026-01-05,lhsVY2sx0j4,"Gen AI Zoo - Seattle : Introducing Generative UI, Thesys","Apr 3, 2026",1804,0
2026-01-06,lhsVY2sx0j4,"Gen AI Zoo - Seattle : Introducing Generative UI, Thesys","Apr 3, 2026",1804,0
2026-01-07,lhsVY2sx0j4,"Gen AI Zoo - Seattle : Introducing Generative UI, Thesys","Apr 3, 2026",1804,0
2026-01-08,lhsVY2sx0j4,"Gen AI Zoo - Seattle : Introducing Generative UI, Thesys","Apr 3, 2026",1804,0
2026-01-09,lhsVY2sx0j4,"Gen AI Zoo - Seattle : Introducing Generative UI, Thesys","Apr 3, 2026",1804,0
2026-01-10,lhsVY2sx0j4,"Gen AI Zoo - Seattle : Introducing Generative UI, Thesys","Apr 3, 2026",1804,0
2026-01-11,lhsVY2sx0j4,"Gen AI Zoo - Seattle : Introducing Generative UI, Thesys","Apr 3, 2026",1804,0
2026-01-12,lhsVY2sx0j4,"Gen AI Zoo - Seattle : Introducing Generative UI, Thesys","Apr 3, 2026",1804,0.862
2026-01-13,lhsVY2sx0j4,"Gen AI Zoo - Seattle : Introducing Generative UI, Thesys","Apr 3, 2026",1804,0
2026-01-14,lhsVY2sx0j4,"Gen AI Zoo - Seattle : Introducing Generative UI, Thesys","Apr 3, 2026",1804,0
2026-01-15,lhsVY2sx0j4,"Gen AI Zoo - Seattle : Introducing Generative UI, Thesys","Apr 3, 2026",1804,0
2026-01-16,lhsVY2sx0j4,"Gen AI Zoo - Seattle : Introducing Generative UI, Thesys","Apr 3, 2026",1804,0
2026-01-17,lhsVY2sx0j4,"Gen AI Zoo - Seattle : Introducing Generative UI, Thesys","Apr 3, 2026",1804,0
2026-01-18,lhsVY2sx0j4,"Gen AI Zoo - Seattle : Introducing Generative UI, Thesys","Apr 3, 2026",1804,0
2026-01-19,lhsVY2sx0j4,"Gen AI Zoo - Seattle : Introducing Generative UI, Thesys","Apr 3, 2026",1804,0
2026-01-20,lhsVY2sx0j4,"Gen AI Zoo - Seattle : Introducing Generative UI, Thesys","Apr 3, 2026",1804,0
2026-01-21,lhsVY2sx0j4,"Gen AI Zoo - Seattle : Introducing Generative UI, Thesys","Apr 3, 2026",1804,0
2026-01-22,lhsVY2sx0j4,"Gen AI Zoo - Seattle : Introducing Generative UI, Thesys","Apr 3, 2026",1804,0
2026-01-23,lhsVY2sx0j4,"Gen AI Zoo - Seattle : Introducing Generative UI, Thesys","Apr 3, 2026",1804,0
2026-01-24,lhsVY2sx0j4,"Gen AI Zoo - Seattle : Introducing Generative UI, Thesys","Apr 3, 2026",1804,0
2026-01-25,lhsVY2sx0j4,"Gen AI Zoo - Seattle : Introducing Generative UI, Thesys","Apr 3, 2026",1804,0
2026-01-26,lhsVY2sx0j4,"Gen AI Zoo - Seattle : Introducing Generative UI, Thesys","Apr 3, 2026",1804,0
2026-01-27,lhsVY2sx0j4,"Gen AI Zoo - Seattle : Introducing Generative UI, Thesys","Apr 3, 2026",1804,0
2026-01-28,lhsVY2sx0j4,"Gen AI Zoo - Seattle : Introducing Generative UI, Thesys","Apr 3, 2026",1804,0
2026-01-29,lhsVY2sx0j4,"Gen AI Zoo - Seattle : Introducing Generative UI, Thesys","Apr 3, 2026",1804,0
2026-01-30,lhsVY2sx0j4,"Gen AI Zoo - Seattle : Introducing Generative UI, Thesys","Apr 3, 2026",1804,0
2026-01-31,lhsVY2sx0j4,"Gen AI Zoo - Seattle : Introducing Generative UI, Thesys","Apr 3, 2026",1804,0
2026-02-01,lhsVY2sx0j4,"Gen AI Zoo - Seattle : Introducing Generative UI, Thesys","Apr 3, 2026",1804,0
2026-02-02,lhsVY2sx0j4,"Gen AI Zoo - Seattle : Introducing Generative UI, Thesys","Apr 3, 2026",1804,0
2026-02-03,lhsVY2sx0j4,"Gen AI Zoo - Seattle : Introducing Generative UI, Thesys","Apr 3, 2026",1804,0
2026-02-04,lhsVY2sx0j4,"Gen AI Zoo - Seattle : Introducing Generative UI, Thesys","Apr 3, 2026",1804,0
2026-02-05,lhsVY2sx0j4,"Gen AI Zoo - Seattle : Introducing Generative UI, Thesys","Apr 3, 2026",1804,0
2026-02-06,lhsVY2sx0j4,"Gen AI Zoo - Seattle : Introducing Generative UI, Thesys","Apr 3, 2026",1804,0
2026-02-07,lhsVY2sx0j4,"Gen AI Zoo - Seattle : Introducing Generative UI, Thesys","Apr 3, 2026",1804,0
2026-02-08,lhsVY2sx0j4,"Gen AI Zoo - Seattle : Introducing Generative UI, Thesys","Apr 3, 2026",1804,0
2026-02-09,lhsVY2sx0j4,"Gen AI Zoo - Seattle : Introducing Generative UI, Thesys","Apr 3, 2026",1804,0
2026-02-10,lhsVY2sx0j4,"Gen AI Zoo - Seattle : Introducing Generative UI, Thesys","Apr 3, 2026",1804,0
2026-02-11,lhsVY2sx0j4,"Gen AI Zoo - Seattle : Introducing Generative UI, Thesys","Apr 3, 2026",1804,0
2026-02-12,lhsVY2sx0j4,"Gen AI Zoo - Seattle : Introducing Generative UI, Thesys","Apr 3, 2026",1804,0.879
2026-02-13,lhsVY2sx0j4,"Gen AI Zoo - Seattle : Introducing Generative UI, Thesys","Apr 3, 2026",1804,0
2026-02-14,lhsVY2sx0j4,"Gen AI Zoo - Seattle : Introducing Generative UI, Thesys","Apr 3, 2026",1804,0
2026-02-15,lhsVY2sx0j4,"Gen AI Zoo - Seattle : Introducing Generative UI, Thesys","Apr 3, 2026",1804,0
2026-02-16,lhsVY2sx0j4,"Gen AI Zoo - Seattle : Introducing Generative UI, Thesys","Apr 3, 2026",1804,0
2026-02-17,lhsVY2sx0j4,"Gen AI Zoo - Seattle : Introducing Generative UI, Thesys","Apr 3, 2026",1804,0
2026-02-18,lhsVY2sx0j4,"Gen AI Zoo - Seattle : Introducing Generative UI, Thesys","Apr 3, 2026",1804,0
2026-02-19,lhsVY2sx0j4,"Gen AI Zoo - Seattle : Introducing Generative UI, Thesys","Apr 3, 2026",1804,0
2026-02-20,lhsVY2sx0j4,"Gen AI Zoo - Seattle : Introducing Generative UI, Thesys","Apr 3, 2026",1804,0
2026-02-21,lhsVY2sx0j4,"Gen AI Zoo - Seattle : Introducing Generative UI, Thesys","Apr 3, 2026",1804,0
2026-02-22,lhsVY2sx0j4,"Gen AI Zoo - Seattle : Introducing Generative UI, Thesys","Apr 3, 2026",1804,0
2026-02-23,lhsVY2sx0j4,"Gen AI Zoo - Seattle : Introducing Generative UI, Thesys","Apr 3, 2026",1804,0
2026-02-24,lhsVY2sx0j4,"Gen AI Zoo - Seattle : Introducing Generative UI, Thesys","Apr 3, 2026",1804,0
2026-02-25,lhsVY2sx0j4,"Gen AI Zoo - Seattle : Introducing Generative UI, Thesys","Apr 3, 2026",1804,0
2026-02-26,lhsVY2sx0j4,"Gen AI Zoo - Seattle : Introducing Generative UI, Thesys","Apr 3, 2026",1804,0
2026-02-27,lhsVY2sx0j4,"Gen AI Zoo - Seattle : Introducing Generative UI, Thesys","Apr 3, 2026",1804,0
2026-02-28,lhsVY2sx0j4,"Gen AI Zoo - Seattle : Introducing Generative UI, Thesys","Apr 3, 2026",1804,0
2026-03-01,lhsVY2sx0j4,"Gen AI Zoo - Seattle : Introducing Generative UI, Thesys","Apr 3, 2026",1804,0
2026-03-02,lhsVY2sx0j4,"Gen AI Zoo - Seattle : Introducing Generative UI, Thesys","Apr 3, 2026",1804,0
2026-03-03,lhsVY2sx0j4,"Gen AI Zoo - Seattle : Introducing Generative UI, Thesys","Apr 3, 2026",1804,0
2026-03-04,lhsVY2sx0j4,"Gen AI Zoo - Seattle : Introducing Generative UI, Thesys","Apr 3, 2026",1804,0
2026-03-05,lhsVY2sx0j4,"Gen AI Zoo - Seattle : Introducing Generative UI, Thesys","Apr 3, 2026",1804,0
2026-03-06,lhsVY2sx0j4,"Gen AI Zoo - Seattle : Introducing Generative UI, Thesys","Apr 3, 2026",1804,0
2026-03-07,lhsVY2sx0j4,"Gen AI Zoo - Seattle : Introducing Generative UI, Thesys","Apr 3, 2026",1804,0
2026-03-08,lhsVY2sx0j4,"Gen AI Zoo - Seattle : Introducing Generative UI, Thesys","Apr 3, 2026",1804,0
2026-03-09,lhsVY2sx0j4,"Gen AI Zoo - Seattle : Introducing Generative UI, Thesys","Apr 3, 2026",1804,0
2026-03-10,lhsVY2sx0j4,"Gen AI Zoo - Seattle : Introducing Generative UI, Thesys","Apr 3, 2026",1804,0
2026-03-11,lhsVY2sx0j4,"Gen AI Zoo - Seattle : Introducing Generative UI, Thesys","Apr 3, 2026",1804,0
2026-03-12,lhsVY2sx0j4,"Gen AI Zoo - Seattle : Introducing Generative UI, Thesys","Apr 3, 2026",1804,0
2026-03-13,lhsVY2sx0j4,"Gen AI Zoo - Seattle : Introducing Generative UI, Thesys","Apr 3, 2026",1804,0.846
2026-03-14,lhsVY2sx0j4,"Gen AI Zoo - Seattle : Introducing Generative UI, Thesys","Apr 3, 2026",1804,0
2026-03-15,lhsVY2sx0j4,"Gen AI Zoo - Seattle : Introducing Generative UI, Thesys","Apr 3, 2026",1804,0
2026-03-16,lhsVY2sx0j4,"Gen AI Zoo - Seattle : Introducing Generative UI, Thesys","Apr 3, 2026",1804,0
2026-03-17,lhsVY2sx0j4,"Gen AI Zoo - Seattle : Introducing Generative UI, Thesys","Apr 3, 2026",1804,0
2026-03-18,lhsVY2sx0j4,"Gen AI Zoo - Seattle : Introducing Generative UI, Thesys","Apr 3, 2026",1804,0
2026-03-19,lhsVY2sx0j4,"Gen AI Zoo - Seattle : Introducing Generative UI, Thesys","Apr 3, 2026",1804,0
2026-03-20,lhsVY2sx0j4,"Gen AI Zoo - Seattle : Introducing Generative UI, Thesys","Apr 3, 2026",1804,0
2026-03-21,lhsVY2sx0j4,"Gen AI Zoo - Seattle : Introducing Generative UI, Thesys","Apr 3, 2026",1804,0
2026-03-22,lhsVY2sx0j4,"Gen AI Zoo - Seattle : Introducing Generative UI, Thesys","Apr 3, 2026",1804,0
2026-03-23,lhsVY2sx0j4,"Gen AI Zoo - Seattle : Introducing Generative UI, Thesys","Apr 3, 2026",1804,0
2026-03-24,lhsVY2sx0j4,"Gen AI Zoo - Seattle : Introducing Generative UI, Thesys","Apr 3, 2026",1804,0
2026-03-25,lhsVY2sx0j4,"Gen AI Zoo - Seattle : Introducing Generative UI, Thesys","Apr 3, 2026",1804,0
2026-03-26,lhsVY2sx0j4,"Gen AI Zoo - Seattle : Introducing Generative UI, Thesys","Apr 3, 2026",1804,0
2026-03-27,lhsVY2sx0j4,"Gen AI Zoo - Seattle : Introducing Generative UI, Thesys","Apr 3, 2026",1804,0
2026-03-28,lhsVY2sx0j4,"Gen AI Zoo - Seattle : Introducing Generative UI, Thesys","Apr 3, 2026",1804,0
2026-03-29,lhsVY2sx0j4,"Gen AI Zoo - Seattle : Introducing Generative UI, Thesys","Apr 3, 2026",1804,0
2026-03-30,lhsVY2sx0j4,"Gen AI Zoo - Seattle : Introducing Generative UI, Thesys","Apr 3, 2026",1804,0
2026-03-31,lhsVY2sx0j4,"Gen AI Zoo - Seattle : Introducing Generative UI, Thesys","Apr 3, 2026",1804,0
2026-04-01,lhsVY2sx0j4,"Gen AI Zoo - Seattle : Introducing Generative UI, Thesys","Apr 3, 2026",1804,0
2026-04-02,lhsVY2sx0j4,"Gen AI Zoo - Seattle : Introducing Generative UI, Thesys","Apr 3, 2026",1804,0
2026-04-03,lhsVY2sx0j4,"Gen AI Zoo - Seattle : Introducing Generative UI, Thesys","Apr 3, 2026",1804,0.12
2026-04-04,lhsVY2sx0j4,"Gen AI Zoo - Seattle : Introducing Generative UI, Thesys","Apr 3, 2026",1804,0
2026-04-05,lhsVY2sx0j4,"Gen AI Zoo - Seattle : Introducing Generative UI, Thesys","Apr 3, 2026",1804,0.005
2026-04-06,lhsVY2sx0j4,"Gen AI Zoo - Seattle : Introducing Generative UI, Thesys","Apr 3, 2026",1804,0.004
2026-04-07,lhsVY2sx0j4,"Gen AI Zoo - Seattle : Introducing Generative UI, Thesys","Apr 3, 2026",1804,0
2026-04-08,lhsVY2sx0j4,"Gen AI Zoo - Seattle : Introducing Generative UI, Thesys","Apr 3, 2026",1804,0
2026-04-09,lhsVY2sx0j4,"Gen AI Zoo - Seattle : Introducing Generative UI, Thesys","Apr 3, 2026",1804,0
2026-04-10,lhsVY2sx0j4,"Gen AI Zoo - Seattle : Introducing Generative UI, Thesys","Apr 3, 2026",1804,0
2026-04-11,lhsVY2sx0j4,"Gen AI Zoo - Seattle : Introducing Generative UI, Thesys","Apr 3, 2026",1804,0
2026-04-12,lhsVY2sx0j4,"Gen AI Zoo - Seattle : Introducing Generative UI, Thesys","Apr 3, 2026",1804,0
2026-04-13,lhsVY2sx0j4,"Gen AI Zoo - Seattle : Introducing Generative UI, Thesys","Apr 3, 2026",1804,0.853
2026-04-14,lhsVY2sx0j4,"Gen AI Zoo - Seattle : Introducing Generative UI, Thesys","Apr 3, 2026",1804,0
2026-04-15,lhsVY2sx0j4,"Gen AI Zoo - Seattle : Introducing Generative UI, Thesys","Apr 3, 2026",1804,0
2026-04-16,lhsVY2sx0j4,"Gen AI Zoo - Seattle : Introducing Generative UI, Thesys","Apr 3, 2026",1804,0
2026-04-17,lhsVY2sx0j4,"Gen AI Zoo - Seattle : Introducing Generative UI, Thesys","Apr 3, 2026",1804,0
2026-04-18,lhsVY2sx0j4,"Gen AI Zoo - Seattle : Introducing Generative UI, Thesys","Apr 3, 2026",1804,0
2026-04-19,lhsVY2sx0j4,"Gen AI Zoo - Seattle : Introducing Generative UI, Thesys","Apr 3, 2026",1804,0
2026-04-20,lhsVY2sx0j4,"Gen AI Zoo - Seattle : Introducing Generative UI, Thesys","Apr 3, 2026",1804,0
2026-04-21,lhsVY2sx0j4,"Gen AI Zoo - Seattle : Introducing Generative UI, Thesys","Apr 3, 2026",1804,0
2026-04-22,lhsVY2sx0j4,"Gen AI Zoo - Seattle : Introducing Generative UI, Thesys","Apr 3, 2026",1804,0
2026-04-23,lhsVY2sx0j4,"Gen AI Zoo - Seattle : Introducing Generative UI, Thesys","Apr 3, 2026",1804,0
2026-04-24,lhsVY2sx0j4,"Gen AI Zoo - Seattle : Introducing Generative UI, Thesys","Apr 3, 2026",1804,0
2026-04-25,lhsVY2sx0j4,"Gen AI Zoo - Seattle : Introducing Generative UI, Thesys","Apr 3, 2026",1804,0
2026-04-26,lhsVY2sx0j4,"Gen AI Zoo - Seattle : Introducing Generative UI, Thesys","Apr 3, 2026",1804,0
2026-04-27,lhsVY2sx0j4,"Gen AI Zoo - Seattle : Introducing Generative UI, Thesys","Apr 3, 2026",1804,0
2026-04-28,lhsVY2sx0j4,"Gen AI Zoo - Seattle : Introducing Generative UI, Thesys","Apr 3, 2026",1804,0
2026-04-29,lhsVY2sx0j4,"Gen AI Zoo - Seattle : Introducing Generative UI, Thesys","Apr 3, 2026",1804,0
2026-04-30,lhsVY2sx0j4,"Gen AI Zoo - Seattle : Introducing Generative UI, Thesys","Apr 3, 2026",1804,0
2026-05-01,lhsVY2sx0j4,"Gen AI Zoo - Seattle : Introducing Generative UI, Thesys","Apr 3, 2026",1804,0
2026-05-02,lhsVY2sx0j4,"Gen AI Zoo - Seattle : Introducing Generative UI, Thesys","Apr 3, 2026",1804,0
2026-05-03,lhsVY2sx0j4,"Gen AI Zoo - Seattle : Introducing Generative UI, Thesys","Apr 3, 2026",1804,0
2026-05-04,lhsVY2sx0j4,"Gen AI Zoo - Seattle : Introducing Generative UI, Thesys","Apr 3, 2026",1804,0
2026-05-05,lhsVY2sx0j4,"Gen AI Zoo - Seattle : Introducing Generative UI, Thesys","Apr 3, 2026",1804,0
2026-05-06,lhsVY2sx0j4,"Gen AI Zoo - Seattle : Introducing Generative UI, Thesys","Apr 3, 2026",1804,0
2026-05-07,lhsVY2sx0j4,"Gen AI Zoo - Seattle : Introducing Generative UI, Thesys","Apr 3, 2026",1804,0
2026-05-08,lhsVY2sx0j4,"Gen AI Zoo - Seattle : Introducing Generative UI, Thesys","Apr 3, 2026",1804,0
2026-05-09,lhsVY2sx0j4,"Gen AI Zoo - Seattle : Introducing Generative UI, Thesys","Apr 3, 2026",1804,0
2026-05-10,lhsVY2sx0j4,"Gen AI Zoo - Seattle : Introducing Generative UI, Thesys","Apr 3, 2026",1804,0
2026-05-11,lhsVY2sx0j4,"Gen AI Zoo - Seattle : Introducing Generative UI, Thesys","Apr 3, 2026",1804,0
2026-05-12,lhsVY2sx0j4,"Gen AI Zoo - Seattle : Introducing Generative UI, Thesys","Apr 3, 2026",1804,0
2026-05-13,lhsVY2sx0j4,"Gen AI Zoo - Seattle : Introducing Generative UI, Thesys","Apr 3, 2026",1804,0.85
2026-05-14,lhsVY2sx0j4,"Gen AI Zoo - Seattle : Introducing Generative UI, Thesys","Apr 3, 2026",1804,0
2026-05-15,lhsVY2sx0j4,"Gen AI Zoo - Seattle : Introducing Generative UI, Thesys","Apr 3, 2026",1804,0
2026-05-16,lhsVY2sx0j4,"Gen AI Zoo - Seattle : Introducing Generative UI, Thesys","Apr 3, 2026",1804,0
2026-05-17,lhsVY2sx0j4,"Gen AI Zoo - Seattle : Introducing Generative UI, Thesys","Apr 3, 2026",1804,0
2026-05-18,lhsVY2sx0j4,"Gen AI Zoo - Seattle : Introducing Generative UI, Thesys","Apr 3, 2026",1804,0
2026-05-19,lhsVY2sx0j4,"Gen AI Zoo - Seattle : Introducing Generative UI, Thesys","Apr 3, 2026",1804,0
2026-05-20,lhsVY2sx0j4,"Gen AI Zoo - Seattle : Introducing Generative UI, Thesys","Apr 3, 2026",1804,0
2026-05-21,lhsVY2sx0j4,"Gen AI Zoo - Seattle : Introducing Generative UI, Thesys","Apr 3, 2026",1804,0
2026-05-22,lhsVY2sx0j4,"Gen AI Zoo - Seattle : Introducing Generative UI, Thesys","Apr 3, 2026",1804,0
2026-05-23,lhsVY2sx0j4,"Gen AI Zoo - Seattle : Introducing Generative UI, Thesys","Apr 3, 2026",1804,0
2026-05-24,lhsVY2sx0j4,"Gen AI Zoo - Seattle : Introducing Generative UI, Thesys","Apr 3, 2026",1804,0
2026-05-25,lhsVY2sx0j4,"Gen AI Zoo - Seattle : Introducing Generative UI, Thesys","Apr 3, 2026",1804,0
2026-05-26,lhsVY2sx0j4,"Gen AI Zoo - Seattle : Introducing Generative UI, Thesys","Apr 3, 2026",1804,0
2026-05-27,lhsVY2sx0j4,"Gen AI Zoo - Seattle : Introducing Generative UI, Thesys","Apr 3, 2026",1804,0
2026-05-28,lhsVY2sx0j4,"Gen AI Zoo - Seattle : Introducing Generative UI, Thesys","Apr 3, 2026",1804,0
2026-05-29,lhsVY2sx0j4,"Gen AI Zoo - Seattle : Introducing Generative UI, Thesys","Apr 3, 2026",1804,0
2026-05-30,lhsVY2sx0j4,"Gen AI Zoo - Seattle : Introducing Generative UI, Thesys","Apr 3, 2026",1804,0
2026-05-31,lhsVY2sx0j4,"Gen AI Zoo - Seattle : Introducing Generative UI, Thesys","Apr 3, 2026",1804,0
2026-06-01,lhsVY2sx0j4,"Gen AI Zoo - Seattle : Introducing Generative UI, Thesys","Apr 3, 2026",1804,0
2026-06-02,lhsVY2sx0j4,"Gen AI Zoo - Seattle : Introducing Generative UI, Thesys","Apr 3, 2026",1804,0
2026-06-03,lhsVY2sx0j4,"Gen AI Zoo - Seattle : Introducing Generative UI, Thesys","Apr 3, 2026",1804,0
2026-06-04,lhsVY2sx0j4,"Gen AI Zoo - Seattle : Introducing Generative UI, Thesys","Apr 3, 2026",1804,0
2026-06-05,lhsVY2sx0j4,"Gen AI Zoo - Seattle : Introducing Generative UI, Thesys","Apr 3, 2026",1804,0
2026-06-06,lhsVY2sx0j4,"Gen AI Zoo - Seattle : Introducing Generative UI, Thesys","Apr 3, 2026",1804,0
2026-06-07,lhsVY2sx0j4,"Gen AI Zoo - Seattle : Introducing Generative UI, Thesys","Apr 3, 2026",1804,0
2026-06-08,lhsVY2sx0j4,"Gen AI Zoo - Seattle : Introducing Generative UI, Thesys","Apr 3, 2026",1804,0
2026-06-09,lhsVY2sx0j4,"Gen AI Zoo - Seattle : Introducing Generative UI, Thesys","Apr 3, 2026",1804,0
2026-06-10,lhsVY2sx0j4,"Gen AI Zoo - Seattle : Introducing Generative UI, Thesys","Apr 3, 2026",1804,0
2026-06-11,lhsVY2sx0j4,"Gen AI Zoo - Seattle : Introducing Generative UI, Thesys","Apr 3, 2026",1804,0
2026-06-12,lhsVY2sx0j4,"Gen AI Zoo - Seattle : Introducing Generative UI, Thesys","Apr 3, 2026",1804,0
2026-06-13,lhsVY2sx0j4,"Gen AI Zoo - Seattle : Introducing Generative UI, Thesys","Apr 3, 2026",1804,0.835
2026-06-14,lhsVY2sx0j4,"Gen AI Zoo - Seattle : Introducing Generative UI, Thesys","Apr 3, 2026",1804,0
2026-06-15,lhsVY2sx0j4,"Gen AI Zoo - Seattle : Introducing Generative UI, Thesys","Apr 3, 2026",1804,0
2026-06-16,lhsVY2sx0j4,"Gen AI Zoo - Seattle : Introducing Generative UI, Thesys","Apr 3, 2026",1804,0
2026-06-17,lhsVY2sx0j4,"Gen AI Zoo - Seattle : Introducing Generative UI, Thesys","Apr 3, 2026",1804,0
2026-06-18,lhsVY2sx0j4,"Gen AI Zoo - Seattle : Introducing Generative UI, Thesys","Apr 3, 2026",1804,0
2026-06-19,lhsVY2sx0j4,"Gen AI Zoo - Seattle : Introducing Generative UI, Thesys","Apr 3, 2026",1804,0
2026-06-20,lhsVY2sx0j4,"Gen AI Zoo - Seattle : Introducing Generative UI, Thesys","Apr 3, 2026",1804,0
2026-06-21,lhsVY2sx0j4,"Gen AI Zoo - Seattle : Introducing Generative UI, Thesys","Apr 3, 2026",1804,0
2026-06-22,lhsVY2sx0j4,"Gen AI Zoo - Seattle : Introducing Generative UI, Thesys","Apr 3, 2026",1804,0
2026-06-23,lhsVY2sx0j4,"Gen AI Zoo - Seattle : Introducing Generative UI, Thesys","Apr 3, 2026",1804,0
