Date,Content,Video title,Video publish time,Duration,Watch time (hours)
2023-03-15,KpBnknONb48,"Plan & Execute - 요즘 AI계의 핫 이슈인 추론에 대해 배웁니다 , Inference 와 Reasoning 의 차이점은?","Feb 4, 2025",1007,0
2023-03-16,KpBnknONb48,"Plan & Execute - 요즘 AI계의 핫 이슈인 추론에 대해 배웁니다 , Inference 와 Reasoning 의 차이점은?","Feb 4, 2025",1007,0
2023-03-17,KpBnknONb48,"Plan & Execute - 요즘 AI계의 핫 이슈인 추론에 대해 배웁니다 , Inference 와 Reasoning 의 차이점은?","Feb 4, 2025",1007,0
2023-03-18,KpBnknONb48,"Plan & Execute - 요즘 AI계의 핫 이슈인 추론에 대해 배웁니다 , Inference 와 Reasoning 의 차이점은?","Feb 4, 2025",1007,0
2023-03-19,KpBnknONb48,"Plan & Execute - 요즘 AI계의 핫 이슈인 추론에 대해 배웁니다 , Inference 와 Reasoning 의 차이점은?","Feb 4, 2025",1007,0
2023-03-20,KpBnknONb48,"Plan & Execute - 요즘 AI계의 핫 이슈인 추론에 대해 배웁니다 , Inference 와 Reasoning 의 차이점은?","Feb 4, 2025",1007,0
2023-03-21,KpBnknONb48,"Plan & Execute - 요즘 AI계의 핫 이슈인 추론에 대해 배웁니다 , Inference 와 Reasoning 의 차이점은?","Feb 4, 2025",1007,0
2023-03-22,KpBnknONb48,"Plan & Execute - 요즘 AI계의 핫 이슈인 추론에 대해 배웁니다 , Inference 와 Reasoning 의 차이점은?","Feb 4, 2025",1007,0
2023-03-23,KpBnknONb48,"Plan & Execute - 요즘 AI계의 핫 이슈인 추론에 대해 배웁니다 , Inference 와 Reasoning 의 차이점은?","Feb 4, 2025",1007,0
2023-03-24,KpBnknONb48,"Plan & Execute - 요즘 AI계의 핫 이슈인 추론에 대해 배웁니다 , Inference 와 Reasoning 의 차이점은?","Feb 4, 2025",1007,0
2023-03-25,KpBnknONb48,"Plan & Execute - 요즘 AI계의 핫 이슈인 추론에 대해 배웁니다 , Inference 와 Reasoning 의 차이점은?","Feb 4, 2025",1007,0
2023-03-26,KpBnknONb48,"Plan & Execute - 요즘 AI계의 핫 이슈인 추론에 대해 배웁니다 , Inference 와 Reasoning 의 차이점은?","Feb 4, 2025",1007,0
2023-03-27,KpBnknONb48,"Plan & Execute - 요즘 AI계의 핫 이슈인 추론에 대해 배웁니다 , Inference 와 Reasoning 의 차이점은?","Feb 4, 2025",1007,0
2023-03-28,KpBnknONb48,"Plan & Execute - 요즘 AI계의 핫 이슈인 추론에 대해 배웁니다 , Inference 와 Reasoning 의 차이점은?","Feb 4, 2025",1007,0
2023-03-29,KpBnknONb48,"Plan & Execute - 요즘 AI계의 핫 이슈인 추론에 대해 배웁니다 , Inference 와 Reasoning 의 차이점은?","Feb 4, 2025",1007,0
2023-03-30,KpBnknONb48,"Plan & Execute - 요즘 AI계의 핫 이슈인 추론에 대해 배웁니다 , Inference 와 Reasoning 의 차이점은?","Feb 4, 2025",1007,0
2023-03-31,KpBnknONb48,"Plan & Execute - 요즘 AI계의 핫 이슈인 추론에 대해 배웁니다 , Inference 와 Reasoning 의 차이점은?","Feb 4, 2025",1007,0
2023-04-01,KpBnknONb48,"Plan & Execute - 요즘 AI계의 핫 이슈인 추론에 대해 배웁니다 , Inference 와 Reasoning 의 차이점은?","Feb 4, 2025",1007,0
2023-04-02,KpBnknONb48,"Plan & Execute - 요즘 AI계의 핫 이슈인 추론에 대해 배웁니다 , Inference 와 Reasoning 의 차이점은?","Feb 4, 2025",1007,0
2023-04-03,KpBnknONb48,"Plan & Execute - 요즘 AI계의 핫 이슈인 추론에 대해 배웁니다 , Inference 와 Reasoning 의 차이점은?","Feb 4, 2025",1007,0
2023-04-04,KpBnknONb48,"Plan & Execute - 요즘 AI계의 핫 이슈인 추론에 대해 배웁니다 , Inference 와 Reasoning 의 차이점은?","Feb 4, 2025",1007,0
2023-04-05,KpBnknONb48,"Plan & Execute - 요즘 AI계의 핫 이슈인 추론에 대해 배웁니다 , Inference 와 Reasoning 의 차이점은?","Feb 4, 2025",1007,0
2023-04-06,KpBnknONb48,"Plan & Execute - 요즘 AI계의 핫 이슈인 추론에 대해 배웁니다 , Inference 와 Reasoning 의 차이점은?","Feb 4, 2025",1007,0
2023-04-07,KpBnknONb48,"Plan & Execute - 요즘 AI계의 핫 이슈인 추론에 대해 배웁니다 , Inference 와 Reasoning 의 차이점은?","Feb 4, 2025",1007,0
2023-04-08,KpBnknONb48,"Plan & Execute - 요즘 AI계의 핫 이슈인 추론에 대해 배웁니다 , Inference 와 Reasoning 의 차이점은?","Feb 4, 2025",1007,0
2023-04-09,KpBnknONb48,"Plan & Execute - 요즘 AI계의 핫 이슈인 추론에 대해 배웁니다 , Inference 와 Reasoning 의 차이점은?","Feb 4, 2025",1007,0
2023-04-10,KpBnknONb48,"Plan & Execute - 요즘 AI계의 핫 이슈인 추론에 대해 배웁니다 , Inference 와 Reasoning 의 차이점은?","Feb 4, 2025",1007,0
2023-04-11,KpBnknONb48,"Plan & Execute - 요즘 AI계의 핫 이슈인 추론에 대해 배웁니다 , Inference 와 Reasoning 의 차이점은?","Feb 4, 2025",1007,0
2023-04-12,KpBnknONb48,"Plan & Execute - 요즘 AI계의 핫 이슈인 추론에 대해 배웁니다 , Inference 와 Reasoning 의 차이점은?","Feb 4, 2025",1007,0
2023-04-13,KpBnknONb48,"Plan & Execute - 요즘 AI계의 핫 이슈인 추론에 대해 배웁니다 , Inference 와 Reasoning 의 차이점은?","Feb 4, 2025",1007,0
2023-04-14,KpBnknONb48,"Plan & Execute - 요즘 AI계의 핫 이슈인 추론에 대해 배웁니다 , Inference 와 Reasoning 의 차이점은?","Feb 4, 2025",1007,0
2023-04-15,KpBnknONb48,"Plan & Execute - 요즘 AI계의 핫 이슈인 추론에 대해 배웁니다 , Inference 와 Reasoning 의 차이점은?","Feb 4, 2025",1007,0
2023-04-16,KpBnknONb48,"Plan & Execute - 요즘 AI계의 핫 이슈인 추론에 대해 배웁니다 , Inference 와 Reasoning 의 차이점은?","Feb 4, 2025",1007,0
2023-04-17,KpBnknONb48,"Plan & Execute - 요즘 AI계의 핫 이슈인 추론에 대해 배웁니다 , Inference 와 Reasoning 의 차이점은?","Feb 4, 2025",1007,0
2023-04-18,KpBnknONb48,"Plan & Execute - 요즘 AI계의 핫 이슈인 추론에 대해 배웁니다 , Inference 와 Reasoning 의 차이점은?","Feb 4, 2025",1007,0
2023-04-19,KpBnknONb48,"Plan & Execute - 요즘 AI계의 핫 이슈인 추론에 대해 배웁니다 , Inference 와 Reasoning 의 차이점은?","Feb 4, 2025",1007,0
2023-04-20,KpBnknONb48,"Plan & Execute - 요즘 AI계의 핫 이슈인 추론에 대해 배웁니다 , Inference 와 Reasoning 의 차이점은?","Feb 4, 2025",1007,0
2023-04-21,KpBnknONb48,"Plan & Execute - 요즘 AI계의 핫 이슈인 추론에 대해 배웁니다 , Inference 와 Reasoning 의 차이점은?","Feb 4, 2025",1007,0
2023-04-22,KpBnknONb48,"Plan & Execute - 요즘 AI계의 핫 이슈인 추론에 대해 배웁니다 , Inference 와 Reasoning 의 차이점은?","Feb 4, 2025",1007,0
2023-04-23,KpBnknONb48,"Plan & Execute - 요즘 AI계의 핫 이슈인 추론에 대해 배웁니다 , Inference 와 Reasoning 의 차이점은?","Feb 4, 2025",1007,0
2023-04-24,KpBnknONb48,"Plan & Execute - 요즘 AI계의 핫 이슈인 추론에 대해 배웁니다 , Inference 와 Reasoning 의 차이점은?","Feb 4, 2025",1007,0
2023-04-25,KpBnknONb48,"Plan & Execute - 요즘 AI계의 핫 이슈인 추론에 대해 배웁니다 , Inference 와 Reasoning 의 차이점은?","Feb 4, 2025",1007,0
2023-04-26,KpBnknONb48,"Plan & Execute - 요즘 AI계의 핫 이슈인 추론에 대해 배웁니다 , Inference 와 Reasoning 의 차이점은?","Feb 4, 2025",1007,0
2023-04-27,KpBnknONb48,"Plan & Execute - 요즘 AI계의 핫 이슈인 추론에 대해 배웁니다 , Inference 와 Reasoning 의 차이점은?","Feb 4, 2025",1007,0
2023-04-28,KpBnknONb48,"Plan & Execute - 요즘 AI계의 핫 이슈인 추론에 대해 배웁니다 , Inference 와 Reasoning 의 차이점은?","Feb 4, 2025",1007,0
2023-04-29,KpBnknONb48,"Plan & Execute - 요즘 AI계의 핫 이슈인 추론에 대해 배웁니다 , Inference 와 Reasoning 의 차이점은?","Feb 4, 2025",1007,0
2023-04-30,KpBnknONb48,"Plan & Execute - 요즘 AI계의 핫 이슈인 추론에 대해 배웁니다 , Inference 와 Reasoning 의 차이점은?","Feb 4, 2025",1007,0
2023-05-01,KpBnknONb48,"Plan & Execute - 요즘 AI계의 핫 이슈인 추론에 대해 배웁니다 , Inference 와 Reasoning 의 차이점은?","Feb 4, 2025",1007,0
2023-05-02,KpBnknONb48,"Plan & Execute - 요즘 AI계의 핫 이슈인 추론에 대해 배웁니다 , Inference 와 Reasoning 의 차이점은?","Feb 4, 2025",1007,0
2023-05-03,KpBnknONb48,"Plan & Execute - 요즘 AI계의 핫 이슈인 추론에 대해 배웁니다 , Inference 와 Reasoning 의 차이점은?","Feb 4, 2025",1007,0
2023-05-04,KpBnknONb48,"Plan & Execute - 요즘 AI계의 핫 이슈인 추론에 대해 배웁니다 , Inference 와 Reasoning 의 차이점은?","Feb 4, 2025",1007,0
2023-05-05,KpBnknONb48,"Plan & Execute - 요즘 AI계의 핫 이슈인 추론에 대해 배웁니다 , Inference 와 Reasoning 의 차이점은?","Feb 4, 2025",1007,0
2023-05-06,KpBnknONb48,"Plan & Execute - 요즘 AI계의 핫 이슈인 추론에 대해 배웁니다 , Inference 와 Reasoning 의 차이점은?","Feb 4, 2025",1007,0
2023-05-07,KpBnknONb48,"Plan & Execute - 요즘 AI계의 핫 이슈인 추론에 대해 배웁니다 , Inference 와 Reasoning 의 차이점은?","Feb 4, 2025",1007,0
2023-05-08,KpBnknONb48,"Plan & Execute - 요즘 AI계의 핫 이슈인 추론에 대해 배웁니다 , Inference 와 Reasoning 의 차이점은?","Feb 4, 2025",1007,0
2023-05-09,KpBnknONb48,"Plan & Execute - 요즘 AI계의 핫 이슈인 추론에 대해 배웁니다 , Inference 와 Reasoning 의 차이점은?","Feb 4, 2025",1007,0
2023-05-10,KpBnknONb48,"Plan & Execute - 요즘 AI계의 핫 이슈인 추론에 대해 배웁니다 , Inference 와 Reasoning 의 차이점은?","Feb 4, 2025",1007,0
2023-05-11,KpBnknONb48,"Plan & Execute - 요즘 AI계의 핫 이슈인 추론에 대해 배웁니다 , Inference 와 Reasoning 의 차이점은?","Feb 4, 2025",1007,0
2023-05-12,KpBnknONb48,"Plan & Execute - 요즘 AI계의 핫 이슈인 추론에 대해 배웁니다 , Inference 와 Reasoning 의 차이점은?","Feb 4, 2025",1007,0
2023-05-13,KpBnknONb48,"Plan & Execute - 요즘 AI계의 핫 이슈인 추론에 대해 배웁니다 , Inference 와 Reasoning 의 차이점은?","Feb 4, 2025",1007,0
2023-05-14,KpBnknONb48,"Plan & Execute - 요즘 AI계의 핫 이슈인 추론에 대해 배웁니다 , Inference 와 Reasoning 의 차이점은?","Feb 4, 2025",1007,0
2023-05-15,KpBnknONb48,"Plan & Execute - 요즘 AI계의 핫 이슈인 추론에 대해 배웁니다 , Inference 와 Reasoning 의 차이점은?","Feb 4, 2025",1007,0
2023-05-16,KpBnknONb48,"Plan & Execute - 요즘 AI계의 핫 이슈인 추론에 대해 배웁니다 , Inference 와 Reasoning 의 차이점은?","Feb 4, 2025",1007,0
2023-05-17,KpBnknONb48,"Plan & Execute - 요즘 AI계의 핫 이슈인 추론에 대해 배웁니다 , Inference 와 Reasoning 의 차이점은?","Feb 4, 2025",1007,0
2023-05-18,KpBnknONb48,"Plan & Execute - 요즘 AI계의 핫 이슈인 추론에 대해 배웁니다 , Inference 와 Reasoning 의 차이점은?","Feb 4, 2025",1007,0
2023-05-19,KpBnknONb48,"Plan & Execute - 요즘 AI계의 핫 이슈인 추론에 대해 배웁니다 , Inference 와 Reasoning 의 차이점은?","Feb 4, 2025",1007,0
2023-05-20,KpBnknONb48,"Plan & Execute - 요즘 AI계의 핫 이슈인 추론에 대해 배웁니다 , Inference 와 Reasoning 의 차이점은?","Feb 4, 2025",1007,0
2023-05-21,KpBnknONb48,"Plan & Execute - 요즘 AI계의 핫 이슈인 추론에 대해 배웁니다 , Inference 와 Reasoning 의 차이점은?","Feb 4, 2025",1007,0
2023-05-22,KpBnknONb48,"Plan & Execute - 요즘 AI계의 핫 이슈인 추론에 대해 배웁니다 , Inference 와 Reasoning 의 차이점은?","Feb 4, 2025",1007,0
2023-05-23,KpBnknONb48,"Plan & Execute - 요즘 AI계의 핫 이슈인 추론에 대해 배웁니다 , Inference 와 Reasoning 의 차이점은?","Feb 4, 2025",1007,0
2023-05-24,KpBnknONb48,"Plan & Execute - 요즘 AI계의 핫 이슈인 추론에 대해 배웁니다 , Inference 와 Reasoning 의 차이점은?","Feb 4, 2025",1007,0
2023-05-25,KpBnknONb48,"Plan & Execute - 요즘 AI계의 핫 이슈인 추론에 대해 배웁니다 , Inference 와 Reasoning 의 차이점은?","Feb 4, 2025",1007,0
2023-05-26,KpBnknONb48,"Plan & Execute - 요즘 AI계의 핫 이슈인 추론에 대해 배웁니다 , Inference 와 Reasoning 의 차이점은?","Feb 4, 2025",1007,0
2023-05-27,KpBnknONb48,"Plan & Execute - 요즘 AI계의 핫 이슈인 추론에 대해 배웁니다 , Inference 와 Reasoning 의 차이점은?","Feb 4, 2025",1007,0
2023-05-28,KpBnknONb48,"Plan & Execute - 요즘 AI계의 핫 이슈인 추론에 대해 배웁니다 , Inference 와 Reasoning 의 차이점은?","Feb 4, 2025",1007,0
2023-05-29,KpBnknONb48,"Plan & Execute - 요즘 AI계의 핫 이슈인 추론에 대해 배웁니다 , Inference 와 Reasoning 의 차이점은?","Feb 4, 2025",1007,0
2023-05-30,KpBnknONb48,"Plan & Execute - 요즘 AI계의 핫 이슈인 추론에 대해 배웁니다 , Inference 와 Reasoning 의 차이점은?","Feb 4, 2025",1007,0
2023-05-31,KpBnknONb48,"Plan & Execute - 요즘 AI계의 핫 이슈인 추론에 대해 배웁니다 , Inference 와 Reasoning 의 차이점은?","Feb 4, 2025",1007,0
2023-06-01,KpBnknONb48,"Plan & Execute - 요즘 AI계의 핫 이슈인 추론에 대해 배웁니다 , Inference 와 Reasoning 의 차이점은?","Feb 4, 2025",1007,0
2023-06-02,KpBnknONb48,"Plan & Execute - 요즘 AI계의 핫 이슈인 추론에 대해 배웁니다 , Inference 와 Reasoning 의 차이점은?","Feb 4, 2025",1007,0
2023-06-03,KpBnknONb48,"Plan & Execute - 요즘 AI계의 핫 이슈인 추론에 대해 배웁니다 , Inference 와 Reasoning 의 차이점은?","Feb 4, 2025",1007,0
2023-06-04,KpBnknONb48,"Plan & Execute - 요즘 AI계의 핫 이슈인 추론에 대해 배웁니다 , Inference 와 Reasoning 의 차이점은?","Feb 4, 2025",1007,0
2023-06-05,KpBnknONb48,"Plan & Execute - 요즘 AI계의 핫 이슈인 추론에 대해 배웁니다 , Inference 와 Reasoning 의 차이점은?","Feb 4, 2025",1007,0
2023-06-06,KpBnknONb48,"Plan & Execute - 요즘 AI계의 핫 이슈인 추론에 대해 배웁니다 , Inference 와 Reasoning 의 차이점은?","Feb 4, 2025",1007,0
2023-06-07,KpBnknONb48,"Plan & Execute - 요즘 AI계의 핫 이슈인 추론에 대해 배웁니다 , Inference 와 Reasoning 의 차이점은?","Feb 4, 2025",1007,0
2023-06-08,KpBnknONb48,"Plan & Execute - 요즘 AI계의 핫 이슈인 추론에 대해 배웁니다 , Inference 와 Reasoning 의 차이점은?","Feb 4, 2025",1007,0
2023-06-09,KpBnknONb48,"Plan & Execute - 요즘 AI계의 핫 이슈인 추론에 대해 배웁니다 , Inference 와 Reasoning 의 차이점은?","Feb 4, 2025",1007,0
2023-06-10,KpBnknONb48,"Plan & Execute - 요즘 AI계의 핫 이슈인 추론에 대해 배웁니다 , Inference 와 Reasoning 의 차이점은?","Feb 4, 2025",1007,0
2023-06-11,KpBnknONb48,"Plan & Execute - 요즘 AI계의 핫 이슈인 추론에 대해 배웁니다 , Inference 와 Reasoning 의 차이점은?","Feb 4, 2025",1007,0
2023-06-12,KpBnknONb48,"Plan & Execute - 요즘 AI계의 핫 이슈인 추론에 대해 배웁니다 , Inference 와 Reasoning 의 차이점은?","Feb 4, 2025",1007,0
2023-06-13,KpBnknONb48,"Plan & Execute - 요즘 AI계의 핫 이슈인 추론에 대해 배웁니다 , Inference 와 Reasoning 의 차이점은?","Feb 4, 2025",1007,0
2023-06-14,KpBnknONb48,"Plan & Execute - 요즘 AI계의 핫 이슈인 추론에 대해 배웁니다 , Inference 와 Reasoning 의 차이점은?","Feb 4, 2025",1007,0
2023-06-15,KpBnknONb48,"Plan & Execute - 요즘 AI계의 핫 이슈인 추론에 대해 배웁니다 , Inference 와 Reasoning 의 차이점은?","Feb 4, 2025",1007,0
2023-06-16,KpBnknONb48,"Plan & Execute - 요즘 AI계의 핫 이슈인 추론에 대해 배웁니다 , Inference 와 Reasoning 의 차이점은?","Feb 4, 2025",1007,0
2023-06-17,KpBnknONb48,"Plan & Execute - 요즘 AI계의 핫 이슈인 추론에 대해 배웁니다 , Inference 와 Reasoning 의 차이점은?","Feb 4, 2025",1007,0
2023-06-18,KpBnknONb48,"Plan & Execute - 요즘 AI계의 핫 이슈인 추론에 대해 배웁니다 , Inference 와 Reasoning 의 차이점은?","Feb 4, 2025",1007,0
2023-06-19,KpBnknONb48,"Plan & Execute - 요즘 AI계의 핫 이슈인 추론에 대해 배웁니다 , Inference 와 Reasoning 의 차이점은?","Feb 4, 2025",1007,0
2023-06-20,KpBnknONb48,"Plan & Execute - 요즘 AI계의 핫 이슈인 추론에 대해 배웁니다 , Inference 와 Reasoning 의 차이점은?","Feb 4, 2025",1007,0
2023-06-21,KpBnknONb48,"Plan & Execute - 요즘 AI계의 핫 이슈인 추론에 대해 배웁니다 , Inference 와 Reasoning 의 차이점은?","Feb 4, 2025",1007,0
2023-06-22,KpBnknONb48,"Plan & Execute - 요즘 AI계의 핫 이슈인 추론에 대해 배웁니다 , Inference 와 Reasoning 의 차이점은?","Feb 4, 2025",1007,0
2023-06-23,KpBnknONb48,"Plan & Execute - 요즘 AI계의 핫 이슈인 추론에 대해 배웁니다 , Inference 와 Reasoning 의 차이점은?","Feb 4, 2025",1007,0
2023-06-24,KpBnknONb48,"Plan & Execute - 요즘 AI계의 핫 이슈인 추론에 대해 배웁니다 , Inference 와 Reasoning 의 차이점은?","Feb 4, 2025",1007,0
2023-06-25,KpBnknONb48,"Plan & Execute - 요즘 AI계의 핫 이슈인 추론에 대해 배웁니다 , Inference 와 Reasoning 의 차이점은?","Feb 4, 2025",1007,0
2023-06-26,KpBnknONb48,"Plan & Execute - 요즘 AI계의 핫 이슈인 추론에 대해 배웁니다 , Inference 와 Reasoning 의 차이점은?","Feb 4, 2025",1007,0
2023-06-27,KpBnknONb48,"Plan & Execute - 요즘 AI계의 핫 이슈인 추론에 대해 배웁니다 , Inference 와 Reasoning 의 차이점은?","Feb 4, 2025",1007,0
2023-06-28,KpBnknONb48,"Plan & Execute - 요즘 AI계의 핫 이슈인 추론에 대해 배웁니다 , Inference 와 Reasoning 의 차이점은?","Feb 4, 2025",1007,0
2023-06-29,KpBnknONb48,"Plan & Execute - 요즘 AI계의 핫 이슈인 추론에 대해 배웁니다 , Inference 와 Reasoning 의 차이점은?","Feb 4, 2025",1007,0
2023-06-30,KpBnknONb48,"Plan & Execute - 요즘 AI계의 핫 이슈인 추론에 대해 배웁니다 , Inference 와 Reasoning 의 차이점은?","Feb 4, 2025",1007,0
2023-07-01,KpBnknONb48,"Plan & Execute - 요즘 AI계의 핫 이슈인 추론에 대해 배웁니다 , Inference 와 Reasoning 의 차이점은?","Feb 4, 2025",1007,0
2023-07-02,KpBnknONb48,"Plan & Execute - 요즘 AI계의 핫 이슈인 추론에 대해 배웁니다 , Inference 와 Reasoning 의 차이점은?","Feb 4, 2025",1007,0
2023-07-03,KpBnknONb48,"Plan & Execute - 요즘 AI계의 핫 이슈인 추론에 대해 배웁니다 , Inference 와 Reasoning 의 차이점은?","Feb 4, 2025",1007,0
2023-07-04,KpBnknONb48,"Plan & Execute - 요즘 AI계의 핫 이슈인 추론에 대해 배웁니다 , Inference 와 Reasoning 의 차이점은?","Feb 4, 2025",1007,0
2023-07-05,KpBnknONb48,"Plan & Execute - 요즘 AI계의 핫 이슈인 추론에 대해 배웁니다 , Inference 와 Reasoning 의 차이점은?","Feb 4, 2025",1007,0
2023-07-06,KpBnknONb48,"Plan & Execute - 요즘 AI계의 핫 이슈인 추론에 대해 배웁니다 , Inference 와 Reasoning 의 차이점은?","Feb 4, 2025",1007,0
2023-07-07,KpBnknONb48,"Plan & Execute - 요즘 AI계의 핫 이슈인 추론에 대해 배웁니다 , Inference 와 Reasoning 의 차이점은?","Feb 4, 2025",1007,0
2023-07-08,KpBnknONb48,"Plan & Execute - 요즘 AI계의 핫 이슈인 추론에 대해 배웁니다 , Inference 와 Reasoning 의 차이점은?","Feb 4, 2025",1007,0
2023-07-09,KpBnknONb48,"Plan & Execute - 요즘 AI계의 핫 이슈인 추론에 대해 배웁니다 , Inference 와 Reasoning 의 차이점은?","Feb 4, 2025",1007,0
2023-07-10,KpBnknONb48,"Plan & Execute - 요즘 AI계의 핫 이슈인 추론에 대해 배웁니다 , Inference 와 Reasoning 의 차이점은?","Feb 4, 2025",1007,0
2023-07-11,KpBnknONb48,"Plan & Execute - 요즘 AI계의 핫 이슈인 추론에 대해 배웁니다 , Inference 와 Reasoning 의 차이점은?","Feb 4, 2025",1007,0
2023-07-12,KpBnknONb48,"Plan & Execute - 요즘 AI계의 핫 이슈인 추론에 대해 배웁니다 , Inference 와 Reasoning 의 차이점은?","Feb 4, 2025",1007,0
2023-07-13,KpBnknONb48,"Plan & Execute - 요즘 AI계의 핫 이슈인 추론에 대해 배웁니다 , Inference 와 Reasoning 의 차이점은?","Feb 4, 2025",1007,0
2023-07-14,KpBnknONb48,"Plan & Execute - 요즘 AI계의 핫 이슈인 추론에 대해 배웁니다 , Inference 와 Reasoning 의 차이점은?","Feb 4, 2025",1007,0
2023-07-15,KpBnknONb48,"Plan & Execute - 요즘 AI계의 핫 이슈인 추론에 대해 배웁니다 , Inference 와 Reasoning 의 차이점은?","Feb 4, 2025",1007,0
2023-07-16,KpBnknONb48,"Plan & Execute - 요즘 AI계의 핫 이슈인 추론에 대해 배웁니다 , Inference 와 Reasoning 의 차이점은?","Feb 4, 2025",1007,0
2023-07-17,KpBnknONb48,"Plan & Execute - 요즘 AI계의 핫 이슈인 추론에 대해 배웁니다 , Inference 와 Reasoning 의 차이점은?","Feb 4, 2025",1007,0
2023-07-18,KpBnknONb48,"Plan & Execute - 요즘 AI계의 핫 이슈인 추론에 대해 배웁니다 , Inference 와 Reasoning 의 차이점은?","Feb 4, 2025",1007,0
2023-07-19,KpBnknONb48,"Plan & Execute - 요즘 AI계의 핫 이슈인 추론에 대해 배웁니다 , Inference 와 Reasoning 의 차이점은?","Feb 4, 2025",1007,0
2023-07-20,KpBnknONb48,"Plan & Execute - 요즘 AI계의 핫 이슈인 추론에 대해 배웁니다 , Inference 와 Reasoning 의 차이점은?","Feb 4, 2025",1007,0
2023-07-21,KpBnknONb48,"Plan & Execute - 요즘 AI계의 핫 이슈인 추론에 대해 배웁니다 , Inference 와 Reasoning 의 차이점은?","Feb 4, 2025",1007,0
2023-07-22,KpBnknONb48,"Plan & Execute - 요즘 AI계의 핫 이슈인 추론에 대해 배웁니다 , Inference 와 Reasoning 의 차이점은?","Feb 4, 2025",1007,0
2023-07-23,KpBnknONb48,"Plan & Execute - 요즘 AI계의 핫 이슈인 추론에 대해 배웁니다 , Inference 와 Reasoning 의 차이점은?","Feb 4, 2025",1007,0
2023-07-24,KpBnknONb48,"Plan & Execute - 요즘 AI계의 핫 이슈인 추론에 대해 배웁니다 , Inference 와 Reasoning 의 차이점은?","Feb 4, 2025",1007,0
2023-07-25,KpBnknONb48,"Plan & Execute - 요즘 AI계의 핫 이슈인 추론에 대해 배웁니다 , Inference 와 Reasoning 의 차이점은?","Feb 4, 2025",1007,0
2023-07-26,KpBnknONb48,"Plan & Execute - 요즘 AI계의 핫 이슈인 추론에 대해 배웁니다 , Inference 와 Reasoning 의 차이점은?","Feb 4, 2025",1007,0
2023-07-27,KpBnknONb48,"Plan & Execute - 요즘 AI계의 핫 이슈인 추론에 대해 배웁니다 , Inference 와 Reasoning 의 차이점은?","Feb 4, 2025",1007,0
2023-07-28,KpBnknONb48,"Plan & Execute - 요즘 AI계의 핫 이슈인 추론에 대해 배웁니다 , Inference 와 Reasoning 의 차이점은?","Feb 4, 2025",1007,0
2023-07-29,KpBnknONb48,"Plan & Execute - 요즘 AI계의 핫 이슈인 추론에 대해 배웁니다 , Inference 와 Reasoning 의 차이점은?","Feb 4, 2025",1007,0
2023-07-30,KpBnknONb48,"Plan & Execute - 요즘 AI계의 핫 이슈인 추론에 대해 배웁니다 , Inference 와 Reasoning 의 차이점은?","Feb 4, 2025",1007,0
2023-07-31,KpBnknONb48,"Plan & Execute - 요즘 AI계의 핫 이슈인 추론에 대해 배웁니다 , Inference 와 Reasoning 의 차이점은?","Feb 4, 2025",1007,0
2023-08-01,KpBnknONb48,"Plan & Execute - 요즘 AI계의 핫 이슈인 추론에 대해 배웁니다 , Inference 와 Reasoning 의 차이점은?","Feb 4, 2025",1007,0
2023-08-02,KpBnknONb48,"Plan & Execute - 요즘 AI계의 핫 이슈인 추론에 대해 배웁니다 , Inference 와 Reasoning 의 차이점은?","Feb 4, 2025",1007,0
2023-08-03,KpBnknONb48,"Plan & Execute - 요즘 AI계의 핫 이슈인 추론에 대해 배웁니다 , Inference 와 Reasoning 의 차이점은?","Feb 4, 2025",1007,0
2023-08-04,KpBnknONb48,"Plan & Execute - 요즘 AI계의 핫 이슈인 추론에 대해 배웁니다 , Inference 와 Reasoning 의 차이점은?","Feb 4, 2025",1007,0
2023-08-05,KpBnknONb48,"Plan & Execute - 요즘 AI계의 핫 이슈인 추론에 대해 배웁니다 , Inference 와 Reasoning 의 차이점은?","Feb 4, 2025",1007,0
2023-08-06,KpBnknONb48,"Plan & Execute - 요즘 AI계의 핫 이슈인 추론에 대해 배웁니다 , Inference 와 Reasoning 의 차이점은?","Feb 4, 2025",1007,0
2023-08-07,KpBnknONb48,"Plan & Execute - 요즘 AI계의 핫 이슈인 추론에 대해 배웁니다 , Inference 와 Reasoning 의 차이점은?","Feb 4, 2025",1007,0
2023-08-08,KpBnknONb48,"Plan & Execute - 요즘 AI계의 핫 이슈인 추론에 대해 배웁니다 , Inference 와 Reasoning 의 차이점은?","Feb 4, 2025",1007,0
2023-08-09,KpBnknONb48,"Plan & Execute - 요즘 AI계의 핫 이슈인 추론에 대해 배웁니다 , Inference 와 Reasoning 의 차이점은?","Feb 4, 2025",1007,0
2023-08-10,KpBnknONb48,"Plan & Execute - 요즘 AI계의 핫 이슈인 추론에 대해 배웁니다 , Inference 와 Reasoning 의 차이점은?","Feb 4, 2025",1007,0
2023-08-11,KpBnknONb48,"Plan & Execute - 요즘 AI계의 핫 이슈인 추론에 대해 배웁니다 , Inference 와 Reasoning 의 차이점은?","Feb 4, 2025",1007,0
2023-08-12,KpBnknONb48,"Plan & Execute - 요즘 AI계의 핫 이슈인 추론에 대해 배웁니다 , Inference 와 Reasoning 의 차이점은?","Feb 4, 2025",1007,0
2023-08-13,KpBnknONb48,"Plan & Execute - 요즘 AI계의 핫 이슈인 추론에 대해 배웁니다 , Inference 와 Reasoning 의 차이점은?","Feb 4, 2025",1007,0
2023-08-14,KpBnknONb48,"Plan & Execute - 요즘 AI계의 핫 이슈인 추론에 대해 배웁니다 , Inference 와 Reasoning 의 차이점은?","Feb 4, 2025",1007,0
2023-08-15,KpBnknONb48,"Plan & Execute - 요즘 AI계의 핫 이슈인 추론에 대해 배웁니다 , Inference 와 Reasoning 의 차이점은?","Feb 4, 2025",1007,0
2023-08-16,KpBnknONb48,"Plan & Execute - 요즘 AI계의 핫 이슈인 추론에 대해 배웁니다 , Inference 와 Reasoning 의 차이점은?","Feb 4, 2025",1007,0
2023-08-17,KpBnknONb48,"Plan & Execute - 요즘 AI계의 핫 이슈인 추론에 대해 배웁니다 , Inference 와 Reasoning 의 차이점은?","Feb 4, 2025",1007,0
2023-08-18,KpBnknONb48,"Plan & Execute - 요즘 AI계의 핫 이슈인 추론에 대해 배웁니다 , Inference 와 Reasoning 의 차이점은?","Feb 4, 2025",1007,0
2023-08-19,KpBnknONb48,"Plan & Execute - 요즘 AI계의 핫 이슈인 추론에 대해 배웁니다 , Inference 와 Reasoning 의 차이점은?","Feb 4, 2025",1007,0
2023-08-20,KpBnknONb48,"Plan & Execute - 요즘 AI계의 핫 이슈인 추론에 대해 배웁니다 , Inference 와 Reasoning 의 차이점은?","Feb 4, 2025",1007,0
2023-08-21,KpBnknONb48,"Plan & Execute - 요즘 AI계의 핫 이슈인 추론에 대해 배웁니다 , Inference 와 Reasoning 의 차이점은?","Feb 4, 2025",1007,0
2023-08-22,KpBnknONb48,"Plan & Execute - 요즘 AI계의 핫 이슈인 추론에 대해 배웁니다 , Inference 와 Reasoning 의 차이점은?","Feb 4, 2025",1007,0
2023-08-23,KpBnknONb48,"Plan & Execute - 요즘 AI계의 핫 이슈인 추론에 대해 배웁니다 , Inference 와 Reasoning 의 차이점은?","Feb 4, 2025",1007,0
2023-08-24,KpBnknONb48,"Plan & Execute - 요즘 AI계의 핫 이슈인 추론에 대해 배웁니다 , Inference 와 Reasoning 의 차이점은?","Feb 4, 2025",1007,0
2023-08-25,KpBnknONb48,"Plan & Execute - 요즘 AI계의 핫 이슈인 추론에 대해 배웁니다 , Inference 와 Reasoning 의 차이점은?","Feb 4, 2025",1007,0
2023-08-26,KpBnknONb48,"Plan & Execute - 요즘 AI계의 핫 이슈인 추론에 대해 배웁니다 , Inference 와 Reasoning 의 차이점은?","Feb 4, 2025",1007,0
2023-08-27,KpBnknONb48,"Plan & Execute - 요즘 AI계의 핫 이슈인 추론에 대해 배웁니다 , Inference 와 Reasoning 의 차이점은?","Feb 4, 2025",1007,0
2023-08-28,KpBnknONb48,"Plan & Execute - 요즘 AI계의 핫 이슈인 추론에 대해 배웁니다 , Inference 와 Reasoning 의 차이점은?","Feb 4, 2025",1007,0
2023-08-29,KpBnknONb48,"Plan & Execute - 요즘 AI계의 핫 이슈인 추론에 대해 배웁니다 , Inference 와 Reasoning 의 차이점은?","Feb 4, 2025",1007,0
2023-08-30,KpBnknONb48,"Plan & Execute - 요즘 AI계의 핫 이슈인 추론에 대해 배웁니다 , Inference 와 Reasoning 의 차이점은?","Feb 4, 2025",1007,0
2023-08-31,KpBnknONb48,"Plan & Execute - 요즘 AI계의 핫 이슈인 추론에 대해 배웁니다 , Inference 와 Reasoning 의 차이점은?","Feb 4, 2025",1007,0
2023-09-01,KpBnknONb48,"Plan & Execute - 요즘 AI계의 핫 이슈인 추론에 대해 배웁니다 , Inference 와 Reasoning 의 차이점은?","Feb 4, 2025",1007,0
2023-09-02,KpBnknONb48,"Plan & Execute - 요즘 AI계의 핫 이슈인 추론에 대해 배웁니다 , Inference 와 Reasoning 의 차이점은?","Feb 4, 2025",1007,0
2023-09-03,KpBnknONb48,"Plan & Execute - 요즘 AI계의 핫 이슈인 추론에 대해 배웁니다 , Inference 와 Reasoning 의 차이점은?","Feb 4, 2025",1007,0
2023-09-04,KpBnknONb48,"Plan & Execute - 요즘 AI계의 핫 이슈인 추론에 대해 배웁니다 , Inference 와 Reasoning 의 차이점은?","Feb 4, 2025",1007,0
2023-09-05,KpBnknONb48,"Plan & Execute - 요즘 AI계의 핫 이슈인 추론에 대해 배웁니다 , Inference 와 Reasoning 의 차이점은?","Feb 4, 2025",1007,0
2023-09-06,KpBnknONb48,"Plan & Execute - 요즘 AI계의 핫 이슈인 추론에 대해 배웁니다 , Inference 와 Reasoning 의 차이점은?","Feb 4, 2025",1007,0
2023-09-07,KpBnknONb48,"Plan & Execute - 요즘 AI계의 핫 이슈인 추론에 대해 배웁니다 , Inference 와 Reasoning 의 차이점은?","Feb 4, 2025",1007,0
2023-09-08,KpBnknONb48,"Plan & Execute - 요즘 AI계의 핫 이슈인 추론에 대해 배웁니다 , Inference 와 Reasoning 의 차이점은?","Feb 4, 2025",1007,0
2023-09-09,KpBnknONb48,"Plan & Execute - 요즘 AI계의 핫 이슈인 추론에 대해 배웁니다 , Inference 와 Reasoning 의 차이점은?","Feb 4, 2025",1007,0
2023-09-10,KpBnknONb48,"Plan & Execute - 요즘 AI계의 핫 이슈인 추론에 대해 배웁니다 , Inference 와 Reasoning 의 차이점은?","Feb 4, 2025",1007,0
2023-09-11,KpBnknONb48,"Plan & Execute - 요즘 AI계의 핫 이슈인 추론에 대해 배웁니다 , Inference 와 Reasoning 의 차이점은?","Feb 4, 2025",1007,0
2023-09-12,KpBnknONb48,"Plan & Execute - 요즘 AI계의 핫 이슈인 추론에 대해 배웁니다 , Inference 와 Reasoning 의 차이점은?","Feb 4, 2025",1007,0
2023-09-13,KpBnknONb48,"Plan & Execute - 요즘 AI계의 핫 이슈인 추론에 대해 배웁니다 , Inference 와 Reasoning 의 차이점은?","Feb 4, 2025",1007,0
2023-09-14,KpBnknONb48,"Plan & Execute - 요즘 AI계의 핫 이슈인 추론에 대해 배웁니다 , Inference 와 Reasoning 의 차이점은?","Feb 4, 2025",1007,0
2023-09-15,KpBnknONb48,"Plan & Execute - 요즘 AI계의 핫 이슈인 추론에 대해 배웁니다 , Inference 와 Reasoning 의 차이점은?","Feb 4, 2025",1007,0
2023-09-16,KpBnknONb48,"Plan & Execute - 요즘 AI계의 핫 이슈인 추론에 대해 배웁니다 , Inference 와 Reasoning 의 차이점은?","Feb 4, 2025",1007,0
2023-09-17,KpBnknONb48,"Plan & Execute - 요즘 AI계의 핫 이슈인 추론에 대해 배웁니다 , Inference 와 Reasoning 의 차이점은?","Feb 4, 2025",1007,0
2023-09-18,KpBnknONb48,"Plan & Execute - 요즘 AI계의 핫 이슈인 추론에 대해 배웁니다 , Inference 와 Reasoning 의 차이점은?","Feb 4, 2025",1007,0
2023-09-19,KpBnknONb48,"Plan & Execute - 요즘 AI계의 핫 이슈인 추론에 대해 배웁니다 , Inference 와 Reasoning 의 차이점은?","Feb 4, 2025",1007,0
2023-09-20,KpBnknONb48,"Plan & Execute - 요즘 AI계의 핫 이슈인 추론에 대해 배웁니다 , Inference 와 Reasoning 의 차이점은?","Feb 4, 2025",1007,0
2023-09-21,KpBnknONb48,"Plan & Execute - 요즘 AI계의 핫 이슈인 추론에 대해 배웁니다 , Inference 와 Reasoning 의 차이점은?","Feb 4, 2025",1007,0
2023-09-22,KpBnknONb48,"Plan & Execute - 요즘 AI계의 핫 이슈인 추론에 대해 배웁니다 , Inference 와 Reasoning 의 차이점은?","Feb 4, 2025",1007,0
2023-09-23,KpBnknONb48,"Plan & Execute - 요즘 AI계의 핫 이슈인 추론에 대해 배웁니다 , Inference 와 Reasoning 의 차이점은?","Feb 4, 2025",1007,0
2023-09-24,KpBnknONb48,"Plan & Execute - 요즘 AI계의 핫 이슈인 추론에 대해 배웁니다 , Inference 와 Reasoning 의 차이점은?","Feb 4, 2025",1007,0
2023-09-25,KpBnknONb48,"Plan & Execute - 요즘 AI계의 핫 이슈인 추론에 대해 배웁니다 , Inference 와 Reasoning 의 차이점은?","Feb 4, 2025",1007,0
2023-09-26,KpBnknONb48,"Plan & Execute - 요즘 AI계의 핫 이슈인 추론에 대해 배웁니다 , Inference 와 Reasoning 의 차이점은?","Feb 4, 2025",1007,0
2023-09-27,KpBnknONb48,"Plan & Execute - 요즘 AI계의 핫 이슈인 추론에 대해 배웁니다 , Inference 와 Reasoning 의 차이점은?","Feb 4, 2025",1007,0
2023-09-28,KpBnknONb48,"Plan & Execute - 요즘 AI계의 핫 이슈인 추론에 대해 배웁니다 , Inference 와 Reasoning 의 차이점은?","Feb 4, 2025",1007,0
2023-09-29,KpBnknONb48,"Plan & Execute - 요즘 AI계의 핫 이슈인 추론에 대해 배웁니다 , Inference 와 Reasoning 의 차이점은?","Feb 4, 2025",1007,0
2023-09-30,KpBnknONb48,"Plan & Execute - 요즘 AI계의 핫 이슈인 추론에 대해 배웁니다 , Inference 와 Reasoning 의 차이점은?","Feb 4, 2025",1007,0
2023-10-01,KpBnknONb48,"Plan & Execute - 요즘 AI계의 핫 이슈인 추론에 대해 배웁니다 , Inference 와 Reasoning 의 차이점은?","Feb 4, 2025",1007,0
2023-10-02,KpBnknONb48,"Plan & Execute - 요즘 AI계의 핫 이슈인 추론에 대해 배웁니다 , Inference 와 Reasoning 의 차이점은?","Feb 4, 2025",1007,0
2023-10-03,KpBnknONb48,"Plan & Execute - 요즘 AI계의 핫 이슈인 추론에 대해 배웁니다 , Inference 와 Reasoning 의 차이점은?","Feb 4, 2025",1007,0
2023-10-04,KpBnknONb48,"Plan & Execute - 요즘 AI계의 핫 이슈인 추론에 대해 배웁니다 , Inference 와 Reasoning 의 차이점은?","Feb 4, 2025",1007,0
2023-10-05,KpBnknONb48,"Plan & Execute - 요즘 AI계의 핫 이슈인 추론에 대해 배웁니다 , Inference 와 Reasoning 의 차이점은?","Feb 4, 2025",1007,0
2023-10-06,KpBnknONb48,"Plan & Execute - 요즘 AI계의 핫 이슈인 추론에 대해 배웁니다 , Inference 와 Reasoning 의 차이점은?","Feb 4, 2025",1007,0
2023-10-07,KpBnknONb48,"Plan & Execute - 요즘 AI계의 핫 이슈인 추론에 대해 배웁니다 , Inference 와 Reasoning 의 차이점은?","Feb 4, 2025",1007,0
2023-10-08,KpBnknONb48,"Plan & Execute - 요즘 AI계의 핫 이슈인 추론에 대해 배웁니다 , Inference 와 Reasoning 의 차이점은?","Feb 4, 2025",1007,0
2023-10-09,KpBnknONb48,"Plan & Execute - 요즘 AI계의 핫 이슈인 추론에 대해 배웁니다 , Inference 와 Reasoning 의 차이점은?","Feb 4, 2025",1007,0
2023-10-10,KpBnknONb48,"Plan & Execute - 요즘 AI계의 핫 이슈인 추론에 대해 배웁니다 , Inference 와 Reasoning 의 차이점은?","Feb 4, 2025",1007,0
2023-10-11,KpBnknONb48,"Plan & Execute - 요즘 AI계의 핫 이슈인 추론에 대해 배웁니다 , Inference 와 Reasoning 의 차이점은?","Feb 4, 2025",1007,0
2023-10-12,KpBnknONb48,"Plan & Execute - 요즘 AI계의 핫 이슈인 추론에 대해 배웁니다 , Inference 와 Reasoning 의 차이점은?","Feb 4, 2025",1007,0
2023-10-13,KpBnknONb48,"Plan & Execute - 요즘 AI계의 핫 이슈인 추론에 대해 배웁니다 , Inference 와 Reasoning 의 차이점은?","Feb 4, 2025",1007,0
2023-10-14,KpBnknONb48,"Plan & Execute - 요즘 AI계의 핫 이슈인 추론에 대해 배웁니다 , Inference 와 Reasoning 의 차이점은?","Feb 4, 2025",1007,0
2023-10-15,KpBnknONb48,"Plan & Execute - 요즘 AI계의 핫 이슈인 추론에 대해 배웁니다 , Inference 와 Reasoning 의 차이점은?","Feb 4, 2025",1007,0
2023-10-16,KpBnknONb48,"Plan & Execute - 요즘 AI계의 핫 이슈인 추론에 대해 배웁니다 , Inference 와 Reasoning 의 차이점은?","Feb 4, 2025",1007,0
2023-10-17,KpBnknONb48,"Plan & Execute - 요즘 AI계의 핫 이슈인 추론에 대해 배웁니다 , Inference 와 Reasoning 의 차이점은?","Feb 4, 2025",1007,0
2023-10-18,KpBnknONb48,"Plan & Execute - 요즘 AI계의 핫 이슈인 추론에 대해 배웁니다 , Inference 와 Reasoning 의 차이점은?","Feb 4, 2025",1007,0
2023-10-19,KpBnknONb48,"Plan & Execute - 요즘 AI계의 핫 이슈인 추론에 대해 배웁니다 , Inference 와 Reasoning 의 차이점은?","Feb 4, 2025",1007,0
2023-10-20,KpBnknONb48,"Plan & Execute - 요즘 AI계의 핫 이슈인 추론에 대해 배웁니다 , Inference 와 Reasoning 의 차이점은?","Feb 4, 2025",1007,0
2023-10-21,KpBnknONb48,"Plan & Execute - 요즘 AI계의 핫 이슈인 추론에 대해 배웁니다 , Inference 와 Reasoning 의 차이점은?","Feb 4, 2025",1007,0
2023-10-22,KpBnknONb48,"Plan & Execute - 요즘 AI계의 핫 이슈인 추론에 대해 배웁니다 , Inference 와 Reasoning 의 차이점은?","Feb 4, 2025",1007,0
2023-10-23,KpBnknONb48,"Plan & Execute - 요즘 AI계의 핫 이슈인 추론에 대해 배웁니다 , Inference 와 Reasoning 의 차이점은?","Feb 4, 2025",1007,0
2023-10-24,KpBnknONb48,"Plan & Execute - 요즘 AI계의 핫 이슈인 추론에 대해 배웁니다 , Inference 와 Reasoning 의 차이점은?","Feb 4, 2025",1007,0
2023-10-25,KpBnknONb48,"Plan & Execute - 요즘 AI계의 핫 이슈인 추론에 대해 배웁니다 , Inference 와 Reasoning 의 차이점은?","Feb 4, 2025",1007,0
2023-10-26,KpBnknONb48,"Plan & Execute - 요즘 AI계의 핫 이슈인 추론에 대해 배웁니다 , Inference 와 Reasoning 의 차이점은?","Feb 4, 2025",1007,0
2023-10-27,KpBnknONb48,"Plan & Execute - 요즘 AI계의 핫 이슈인 추론에 대해 배웁니다 , Inference 와 Reasoning 의 차이점은?","Feb 4, 2025",1007,0
2023-10-28,KpBnknONb48,"Plan & Execute - 요즘 AI계의 핫 이슈인 추론에 대해 배웁니다 , Inference 와 Reasoning 의 차이점은?","Feb 4, 2025",1007,0
2023-10-29,KpBnknONb48,"Plan & Execute - 요즘 AI계의 핫 이슈인 추론에 대해 배웁니다 , Inference 와 Reasoning 의 차이점은?","Feb 4, 2025",1007,0
2023-10-30,KpBnknONb48,"Plan & Execute - 요즘 AI계의 핫 이슈인 추론에 대해 배웁니다 , Inference 와 Reasoning 의 차이점은?","Feb 4, 2025",1007,0
2023-10-31,KpBnknONb48,"Plan & Execute - 요즘 AI계의 핫 이슈인 추론에 대해 배웁니다 , Inference 와 Reasoning 의 차이점은?","Feb 4, 2025",1007,0
2023-11-01,KpBnknONb48,"Plan & Execute - 요즘 AI계의 핫 이슈인 추론에 대해 배웁니다 , Inference 와 Reasoning 의 차이점은?","Feb 4, 2025",1007,0
2023-11-02,KpBnknONb48,"Plan & Execute - 요즘 AI계의 핫 이슈인 추론에 대해 배웁니다 , Inference 와 Reasoning 의 차이점은?","Feb 4, 2025",1007,0
2023-11-03,KpBnknONb48,"Plan & Execute - 요즘 AI계의 핫 이슈인 추론에 대해 배웁니다 , Inference 와 Reasoning 의 차이점은?","Feb 4, 2025",1007,0
2023-11-04,KpBnknONb48,"Plan & Execute - 요즘 AI계의 핫 이슈인 추론에 대해 배웁니다 , Inference 와 Reasoning 의 차이점은?","Feb 4, 2025",1007,0
2023-11-05,KpBnknONb48,"Plan & Execute - 요즘 AI계의 핫 이슈인 추론에 대해 배웁니다 , Inference 와 Reasoning 의 차이점은?","Feb 4, 2025",1007,0
2023-11-06,KpBnknONb48,"Plan & Execute - 요즘 AI계의 핫 이슈인 추론에 대해 배웁니다 , Inference 와 Reasoning 의 차이점은?","Feb 4, 2025",1007,0
2023-11-07,KpBnknONb48,"Plan & Execute - 요즘 AI계의 핫 이슈인 추론에 대해 배웁니다 , Inference 와 Reasoning 의 차이점은?","Feb 4, 2025",1007,0
2023-11-08,KpBnknONb48,"Plan & Execute - 요즘 AI계의 핫 이슈인 추론에 대해 배웁니다 , Inference 와 Reasoning 의 차이점은?","Feb 4, 2025",1007,0
2023-11-09,KpBnknONb48,"Plan & Execute - 요즘 AI계의 핫 이슈인 추론에 대해 배웁니다 , Inference 와 Reasoning 의 차이점은?","Feb 4, 2025",1007,0
2023-11-10,KpBnknONb48,"Plan & Execute - 요즘 AI계의 핫 이슈인 추론에 대해 배웁니다 , Inference 와 Reasoning 의 차이점은?","Feb 4, 2025",1007,0
2023-11-11,KpBnknONb48,"Plan & Execute - 요즘 AI계의 핫 이슈인 추론에 대해 배웁니다 , Inference 와 Reasoning 의 차이점은?","Feb 4, 2025",1007,0
2023-11-12,KpBnknONb48,"Plan & Execute - 요즘 AI계의 핫 이슈인 추론에 대해 배웁니다 , Inference 와 Reasoning 의 차이점은?","Feb 4, 2025",1007,0
2023-11-13,KpBnknONb48,"Plan & Execute - 요즘 AI계의 핫 이슈인 추론에 대해 배웁니다 , Inference 와 Reasoning 의 차이점은?","Feb 4, 2025",1007,0
2023-11-14,KpBnknONb48,"Plan & Execute - 요즘 AI계의 핫 이슈인 추론에 대해 배웁니다 , Inference 와 Reasoning 의 차이점은?","Feb 4, 2025",1007,0
2023-11-15,KpBnknONb48,"Plan & Execute - 요즘 AI계의 핫 이슈인 추론에 대해 배웁니다 , Inference 와 Reasoning 의 차이점은?","Feb 4, 2025",1007,0
2023-11-16,KpBnknONb48,"Plan & Execute - 요즘 AI계의 핫 이슈인 추론에 대해 배웁니다 , Inference 와 Reasoning 의 차이점은?","Feb 4, 2025",1007,0
2023-11-17,KpBnknONb48,"Plan & Execute - 요즘 AI계의 핫 이슈인 추론에 대해 배웁니다 , Inference 와 Reasoning 의 차이점은?","Feb 4, 2025",1007,0
2023-11-18,KpBnknONb48,"Plan & Execute - 요즘 AI계의 핫 이슈인 추론에 대해 배웁니다 , Inference 와 Reasoning 의 차이점은?","Feb 4, 2025",1007,0
2023-11-19,KpBnknONb48,"Plan & Execute - 요즘 AI계의 핫 이슈인 추론에 대해 배웁니다 , Inference 와 Reasoning 의 차이점은?","Feb 4, 2025",1007,0
2023-11-20,KpBnknONb48,"Plan & Execute - 요즘 AI계의 핫 이슈인 추론에 대해 배웁니다 , Inference 와 Reasoning 의 차이점은?","Feb 4, 2025",1007,0
2023-11-21,KpBnknONb48,"Plan & Execute - 요즘 AI계의 핫 이슈인 추론에 대해 배웁니다 , Inference 와 Reasoning 의 차이점은?","Feb 4, 2025",1007,0
2023-11-22,KpBnknONb48,"Plan & Execute - 요즘 AI계의 핫 이슈인 추론에 대해 배웁니다 , Inference 와 Reasoning 의 차이점은?","Feb 4, 2025",1007,0
2023-11-23,KpBnknONb48,"Plan & Execute - 요즘 AI계의 핫 이슈인 추론에 대해 배웁니다 , Inference 와 Reasoning 의 차이점은?","Feb 4, 2025",1007,0
2023-11-24,KpBnknONb48,"Plan & Execute - 요즘 AI계의 핫 이슈인 추론에 대해 배웁니다 , Inference 와 Reasoning 의 차이점은?","Feb 4, 2025",1007,0
2023-11-25,KpBnknONb48,"Plan & Execute - 요즘 AI계의 핫 이슈인 추론에 대해 배웁니다 , Inference 와 Reasoning 의 차이점은?","Feb 4, 2025",1007,0
2023-11-26,KpBnknONb48,"Plan & Execute - 요즘 AI계의 핫 이슈인 추론에 대해 배웁니다 , Inference 와 Reasoning 의 차이점은?","Feb 4, 2025",1007,0
2023-11-27,KpBnknONb48,"Plan & Execute - 요즘 AI계의 핫 이슈인 추론에 대해 배웁니다 , Inference 와 Reasoning 의 차이점은?","Feb 4, 2025",1007,0
2023-11-28,KpBnknONb48,"Plan & Execute - 요즘 AI계의 핫 이슈인 추론에 대해 배웁니다 , Inference 와 Reasoning 의 차이점은?","Feb 4, 2025",1007,0
2023-11-29,KpBnknONb48,"Plan & Execute - 요즘 AI계의 핫 이슈인 추론에 대해 배웁니다 , Inference 와 Reasoning 의 차이점은?","Feb 4, 2025",1007,0
2023-11-30,KpBnknONb48,"Plan & Execute - 요즘 AI계의 핫 이슈인 추론에 대해 배웁니다 , Inference 와 Reasoning 의 차이점은?","Feb 4, 2025",1007,0
2023-12-01,KpBnknONb48,"Plan & Execute - 요즘 AI계의 핫 이슈인 추론에 대해 배웁니다 , Inference 와 Reasoning 의 차이점은?","Feb 4, 2025",1007,0
2023-12-02,KpBnknONb48,"Plan & Execute - 요즘 AI계의 핫 이슈인 추론에 대해 배웁니다 , Inference 와 Reasoning 의 차이점은?","Feb 4, 2025",1007,0
2023-12-03,KpBnknONb48,"Plan & Execute - 요즘 AI계의 핫 이슈인 추론에 대해 배웁니다 , Inference 와 Reasoning 의 차이점은?","Feb 4, 2025",1007,0
2023-12-04,KpBnknONb48,"Plan & Execute - 요즘 AI계의 핫 이슈인 추론에 대해 배웁니다 , Inference 와 Reasoning 의 차이점은?","Feb 4, 2025",1007,0
2023-12-05,KpBnknONb48,"Plan & Execute - 요즘 AI계의 핫 이슈인 추론에 대해 배웁니다 , Inference 와 Reasoning 의 차이점은?","Feb 4, 2025",1007,0
2023-12-06,KpBnknONb48,"Plan & Execute - 요즘 AI계의 핫 이슈인 추론에 대해 배웁니다 , Inference 와 Reasoning 의 차이점은?","Feb 4, 2025",1007,0
2023-12-07,KpBnknONb48,"Plan & Execute - 요즘 AI계의 핫 이슈인 추론에 대해 배웁니다 , Inference 와 Reasoning 의 차이점은?","Feb 4, 2025",1007,0
2023-12-08,KpBnknONb48,"Plan & Execute - 요즘 AI계의 핫 이슈인 추론에 대해 배웁니다 , Inference 와 Reasoning 의 차이점은?","Feb 4, 2025",1007,0
2023-12-09,KpBnknONb48,"Plan & Execute - 요즘 AI계의 핫 이슈인 추론에 대해 배웁니다 , Inference 와 Reasoning 의 차이점은?","Feb 4, 2025",1007,0
2023-12-10,KpBnknONb48,"Plan & Execute - 요즘 AI계의 핫 이슈인 추론에 대해 배웁니다 , Inference 와 Reasoning 의 차이점은?","Feb 4, 2025",1007,0
2023-12-11,KpBnknONb48,"Plan & Execute - 요즘 AI계의 핫 이슈인 추론에 대해 배웁니다 , Inference 와 Reasoning 의 차이점은?","Feb 4, 2025",1007,0
2023-12-12,KpBnknONb48,"Plan & Execute - 요즘 AI계의 핫 이슈인 추론에 대해 배웁니다 , Inference 와 Reasoning 의 차이점은?","Feb 4, 2025",1007,0
2023-12-13,KpBnknONb48,"Plan & Execute - 요즘 AI계의 핫 이슈인 추론에 대해 배웁니다 , Inference 와 Reasoning 의 차이점은?","Feb 4, 2025",1007,0
2023-12-14,KpBnknONb48,"Plan & Execute - 요즘 AI계의 핫 이슈인 추론에 대해 배웁니다 , Inference 와 Reasoning 의 차이점은?","Feb 4, 2025",1007,0
2023-12-15,KpBnknONb48,"Plan & Execute - 요즘 AI계의 핫 이슈인 추론에 대해 배웁니다 , Inference 와 Reasoning 의 차이점은?","Feb 4, 2025",1007,0
2023-12-16,KpBnknONb48,"Plan & Execute - 요즘 AI계의 핫 이슈인 추론에 대해 배웁니다 , Inference 와 Reasoning 의 차이점은?","Feb 4, 2025",1007,0
2023-12-17,KpBnknONb48,"Plan & Execute - 요즘 AI계의 핫 이슈인 추론에 대해 배웁니다 , Inference 와 Reasoning 의 차이점은?","Feb 4, 2025",1007,0
2023-12-18,KpBnknONb48,"Plan & Execute - 요즘 AI계의 핫 이슈인 추론에 대해 배웁니다 , Inference 와 Reasoning 의 차이점은?","Feb 4, 2025",1007,0
2023-12-19,KpBnknONb48,"Plan & Execute - 요즘 AI계의 핫 이슈인 추론에 대해 배웁니다 , Inference 와 Reasoning 의 차이점은?","Feb 4, 2025",1007,0
2023-12-20,KpBnknONb48,"Plan & Execute - 요즘 AI계의 핫 이슈인 추론에 대해 배웁니다 , Inference 와 Reasoning 의 차이점은?","Feb 4, 2025",1007,0
2023-12-21,KpBnknONb48,"Plan & Execute - 요즘 AI계의 핫 이슈인 추론에 대해 배웁니다 , Inference 와 Reasoning 의 차이점은?","Feb 4, 2025",1007,0
2023-12-22,KpBnknONb48,"Plan & Execute - 요즘 AI계의 핫 이슈인 추론에 대해 배웁니다 , Inference 와 Reasoning 의 차이점은?","Feb 4, 2025",1007,0
2023-12-23,KpBnknONb48,"Plan & Execute - 요즘 AI계의 핫 이슈인 추론에 대해 배웁니다 , Inference 와 Reasoning 의 차이점은?","Feb 4, 2025",1007,0
2023-12-24,KpBnknONb48,"Plan & Execute - 요즘 AI계의 핫 이슈인 추론에 대해 배웁니다 , Inference 와 Reasoning 의 차이점은?","Feb 4, 2025",1007,0
2023-12-25,KpBnknONb48,"Plan & Execute - 요즘 AI계의 핫 이슈인 추론에 대해 배웁니다 , Inference 와 Reasoning 의 차이점은?","Feb 4, 2025",1007,0
2023-12-26,KpBnknONb48,"Plan & Execute - 요즘 AI계의 핫 이슈인 추론에 대해 배웁니다 , Inference 와 Reasoning 의 차이점은?","Feb 4, 2025",1007,0
2023-12-27,KpBnknONb48,"Plan & Execute - 요즘 AI계의 핫 이슈인 추론에 대해 배웁니다 , Inference 와 Reasoning 의 차이점은?","Feb 4, 2025",1007,0
2023-12-28,KpBnknONb48,"Plan & Execute - 요즘 AI계의 핫 이슈인 추론에 대해 배웁니다 , Inference 와 Reasoning 의 차이점은?","Feb 4, 2025",1007,0
2023-12-29,KpBnknONb48,"Plan & Execute - 요즘 AI계의 핫 이슈인 추론에 대해 배웁니다 , Inference 와 Reasoning 의 차이점은?","Feb 4, 2025",1007,0
2023-12-30,KpBnknONb48,"Plan & Execute - 요즘 AI계의 핫 이슈인 추론에 대해 배웁니다 , Inference 와 Reasoning 의 차이점은?","Feb 4, 2025",1007,0
2023-12-31,KpBnknONb48,"Plan & Execute - 요즘 AI계의 핫 이슈인 추론에 대해 배웁니다 , Inference 와 Reasoning 의 차이점은?","Feb 4, 2025",1007,0
2024-01-01,KpBnknONb48,"Plan & Execute - 요즘 AI계의 핫 이슈인 추론에 대해 배웁니다 , Inference 와 Reasoning 의 차이점은?","Feb 4, 2025",1007,0
2024-01-02,KpBnknONb48,"Plan & Execute - 요즘 AI계의 핫 이슈인 추론에 대해 배웁니다 , Inference 와 Reasoning 의 차이점은?","Feb 4, 2025",1007,0
2024-01-03,KpBnknONb48,"Plan & Execute - 요즘 AI계의 핫 이슈인 추론에 대해 배웁니다 , Inference 와 Reasoning 의 차이점은?","Feb 4, 2025",1007,0
2024-01-04,KpBnknONb48,"Plan & Execute - 요즘 AI계의 핫 이슈인 추론에 대해 배웁니다 , Inference 와 Reasoning 의 차이점은?","Feb 4, 2025",1007,0
2024-01-05,KpBnknONb48,"Plan & Execute - 요즘 AI계의 핫 이슈인 추론에 대해 배웁니다 , Inference 와 Reasoning 의 차이점은?","Feb 4, 2025",1007,0
2024-01-06,KpBnknONb48,"Plan & Execute - 요즘 AI계의 핫 이슈인 추론에 대해 배웁니다 , Inference 와 Reasoning 의 차이점은?","Feb 4, 2025",1007,0
2024-01-07,KpBnknONb48,"Plan & Execute - 요즘 AI계의 핫 이슈인 추론에 대해 배웁니다 , Inference 와 Reasoning 의 차이점은?","Feb 4, 2025",1007,0
2024-01-08,KpBnknONb48,"Plan & Execute - 요즘 AI계의 핫 이슈인 추론에 대해 배웁니다 , Inference 와 Reasoning 의 차이점은?","Feb 4, 2025",1007,0
2024-01-09,KpBnknONb48,"Plan & Execute - 요즘 AI계의 핫 이슈인 추론에 대해 배웁니다 , Inference 와 Reasoning 의 차이점은?","Feb 4, 2025",1007,0
2024-01-10,KpBnknONb48,"Plan & Execute - 요즘 AI계의 핫 이슈인 추론에 대해 배웁니다 , Inference 와 Reasoning 의 차이점은?","Feb 4, 2025",1007,0
2024-01-11,KpBnknONb48,"Plan & Execute - 요즘 AI계의 핫 이슈인 추론에 대해 배웁니다 , Inference 와 Reasoning 의 차이점은?","Feb 4, 2025",1007,0
2024-01-12,KpBnknONb48,"Plan & Execute - 요즘 AI계의 핫 이슈인 추론에 대해 배웁니다 , Inference 와 Reasoning 의 차이점은?","Feb 4, 2025",1007,0
2024-01-13,KpBnknONb48,"Plan & Execute - 요즘 AI계의 핫 이슈인 추론에 대해 배웁니다 , Inference 와 Reasoning 의 차이점은?","Feb 4, 2025",1007,0
2024-01-14,KpBnknONb48,"Plan & Execute - 요즘 AI계의 핫 이슈인 추론에 대해 배웁니다 , Inference 와 Reasoning 의 차이점은?","Feb 4, 2025",1007,0
2024-01-15,KpBnknONb48,"Plan & Execute - 요즘 AI계의 핫 이슈인 추론에 대해 배웁니다 , Inference 와 Reasoning 의 차이점은?","Feb 4, 2025",1007,0
2024-01-16,KpBnknONb48,"Plan & Execute - 요즘 AI계의 핫 이슈인 추론에 대해 배웁니다 , Inference 와 Reasoning 의 차이점은?","Feb 4, 2025",1007,0
2024-01-17,KpBnknONb48,"Plan & Execute - 요즘 AI계의 핫 이슈인 추론에 대해 배웁니다 , Inference 와 Reasoning 의 차이점은?","Feb 4, 2025",1007,0
2024-01-18,KpBnknONb48,"Plan & Execute - 요즘 AI계의 핫 이슈인 추론에 대해 배웁니다 , Inference 와 Reasoning 의 차이점은?","Feb 4, 2025",1007,0
2024-01-19,KpBnknONb48,"Plan & Execute - 요즘 AI계의 핫 이슈인 추론에 대해 배웁니다 , Inference 와 Reasoning 의 차이점은?","Feb 4, 2025",1007,0
2024-01-20,KpBnknONb48,"Plan & Execute - 요즘 AI계의 핫 이슈인 추론에 대해 배웁니다 , Inference 와 Reasoning 의 차이점은?","Feb 4, 2025",1007,0
2024-01-21,KpBnknONb48,"Plan & Execute - 요즘 AI계의 핫 이슈인 추론에 대해 배웁니다 , Inference 와 Reasoning 의 차이점은?","Feb 4, 2025",1007,0
2024-01-22,KpBnknONb48,"Plan & Execute - 요즘 AI계의 핫 이슈인 추론에 대해 배웁니다 , Inference 와 Reasoning 의 차이점은?","Feb 4, 2025",1007,0
2024-01-23,KpBnknONb48,"Plan & Execute - 요즘 AI계의 핫 이슈인 추론에 대해 배웁니다 , Inference 와 Reasoning 의 차이점은?","Feb 4, 2025",1007,0
2024-01-24,KpBnknONb48,"Plan & Execute - 요즘 AI계의 핫 이슈인 추론에 대해 배웁니다 , Inference 와 Reasoning 의 차이점은?","Feb 4, 2025",1007,0
2024-01-25,KpBnknONb48,"Plan & Execute - 요즘 AI계의 핫 이슈인 추론에 대해 배웁니다 , Inference 와 Reasoning 의 차이점은?","Feb 4, 2025",1007,0
2024-01-26,KpBnknONb48,"Plan & Execute - 요즘 AI계의 핫 이슈인 추론에 대해 배웁니다 , Inference 와 Reasoning 의 차이점은?","Feb 4, 2025",1007,0
2024-01-27,KpBnknONb48,"Plan & Execute - 요즘 AI계의 핫 이슈인 추론에 대해 배웁니다 , Inference 와 Reasoning 의 차이점은?","Feb 4, 2025",1007,0
2024-01-28,KpBnknONb48,"Plan & Execute - 요즘 AI계의 핫 이슈인 추론에 대해 배웁니다 , Inference 와 Reasoning 의 차이점은?","Feb 4, 2025",1007,0
2024-01-29,KpBnknONb48,"Plan & Execute - 요즘 AI계의 핫 이슈인 추론에 대해 배웁니다 , Inference 와 Reasoning 의 차이점은?","Feb 4, 2025",1007,0
2024-01-30,KpBnknONb48,"Plan & Execute - 요즘 AI계의 핫 이슈인 추론에 대해 배웁니다 , Inference 와 Reasoning 의 차이점은?","Feb 4, 2025",1007,0
2024-01-31,KpBnknONb48,"Plan & Execute - 요즘 AI계의 핫 이슈인 추론에 대해 배웁니다 , Inference 와 Reasoning 의 차이점은?","Feb 4, 2025",1007,0
2024-02-01,KpBnknONb48,"Plan & Execute - 요즘 AI계의 핫 이슈인 추론에 대해 배웁니다 , Inference 와 Reasoning 의 차이점은?","Feb 4, 2025",1007,0
2024-02-02,KpBnknONb48,"Plan & Execute - 요즘 AI계의 핫 이슈인 추론에 대해 배웁니다 , Inference 와 Reasoning 의 차이점은?","Feb 4, 2025",1007,0
2024-02-03,KpBnknONb48,"Plan & Execute - 요즘 AI계의 핫 이슈인 추론에 대해 배웁니다 , Inference 와 Reasoning 의 차이점은?","Feb 4, 2025",1007,0
2024-02-04,KpBnknONb48,"Plan & Execute - 요즘 AI계의 핫 이슈인 추론에 대해 배웁니다 , Inference 와 Reasoning 의 차이점은?","Feb 4, 2025",1007,0
2024-02-05,KpBnknONb48,"Plan & Execute - 요즘 AI계의 핫 이슈인 추론에 대해 배웁니다 , Inference 와 Reasoning 의 차이점은?","Feb 4, 2025",1007,0
2024-02-06,KpBnknONb48,"Plan & Execute - 요즘 AI계의 핫 이슈인 추론에 대해 배웁니다 , Inference 와 Reasoning 의 차이점은?","Feb 4, 2025",1007,0
2024-02-07,KpBnknONb48,"Plan & Execute - 요즘 AI계의 핫 이슈인 추론에 대해 배웁니다 , Inference 와 Reasoning 의 차이점은?","Feb 4, 2025",1007,0
2024-02-08,KpBnknONb48,"Plan & Execute - 요즘 AI계의 핫 이슈인 추론에 대해 배웁니다 , Inference 와 Reasoning 의 차이점은?","Feb 4, 2025",1007,0
2024-02-09,KpBnknONb48,"Plan & Execute - 요즘 AI계의 핫 이슈인 추론에 대해 배웁니다 , Inference 와 Reasoning 의 차이점은?","Feb 4, 2025",1007,0
2024-02-10,KpBnknONb48,"Plan & Execute - 요즘 AI계의 핫 이슈인 추론에 대해 배웁니다 , Inference 와 Reasoning 의 차이점은?","Feb 4, 2025",1007,0
2024-02-11,KpBnknONb48,"Plan & Execute - 요즘 AI계의 핫 이슈인 추론에 대해 배웁니다 , Inference 와 Reasoning 의 차이점은?","Feb 4, 2025",1007,0
2024-02-12,KpBnknONb48,"Plan & Execute - 요즘 AI계의 핫 이슈인 추론에 대해 배웁니다 , Inference 와 Reasoning 의 차이점은?","Feb 4, 2025",1007,0
2024-02-13,KpBnknONb48,"Plan & Execute - 요즘 AI계의 핫 이슈인 추론에 대해 배웁니다 , Inference 와 Reasoning 의 차이점은?","Feb 4, 2025",1007,0
2024-02-14,KpBnknONb48,"Plan & Execute - 요즘 AI계의 핫 이슈인 추론에 대해 배웁니다 , Inference 와 Reasoning 의 차이점은?","Feb 4, 2025",1007,0
2024-02-15,KpBnknONb48,"Plan & Execute - 요즘 AI계의 핫 이슈인 추론에 대해 배웁니다 , Inference 와 Reasoning 의 차이점은?","Feb 4, 2025",1007,0
2024-02-16,KpBnknONb48,"Plan & Execute - 요즘 AI계의 핫 이슈인 추론에 대해 배웁니다 , Inference 와 Reasoning 의 차이점은?","Feb 4, 2025",1007,0
2024-02-17,KpBnknONb48,"Plan & Execute - 요즘 AI계의 핫 이슈인 추론에 대해 배웁니다 , Inference 와 Reasoning 의 차이점은?","Feb 4, 2025",1007,0
2024-02-18,KpBnknONb48,"Plan & Execute - 요즘 AI계의 핫 이슈인 추론에 대해 배웁니다 , Inference 와 Reasoning 의 차이점은?","Feb 4, 2025",1007,0
2024-02-19,KpBnknONb48,"Plan & Execute - 요즘 AI계의 핫 이슈인 추론에 대해 배웁니다 , Inference 와 Reasoning 의 차이점은?","Feb 4, 2025",1007,0
2024-02-20,KpBnknONb48,"Plan & Execute - 요즘 AI계의 핫 이슈인 추론에 대해 배웁니다 , Inference 와 Reasoning 의 차이점은?","Feb 4, 2025",1007,0
2024-02-21,KpBnknONb48,"Plan & Execute - 요즘 AI계의 핫 이슈인 추론에 대해 배웁니다 , Inference 와 Reasoning 의 차이점은?","Feb 4, 2025",1007,0
2024-02-22,KpBnknONb48,"Plan & Execute - 요즘 AI계의 핫 이슈인 추론에 대해 배웁니다 , Inference 와 Reasoning 의 차이점은?","Feb 4, 2025",1007,0
2024-02-23,KpBnknONb48,"Plan & Execute - 요즘 AI계의 핫 이슈인 추론에 대해 배웁니다 , Inference 와 Reasoning 의 차이점은?","Feb 4, 2025",1007,0
2024-02-24,KpBnknONb48,"Plan & Execute - 요즘 AI계의 핫 이슈인 추론에 대해 배웁니다 , Inference 와 Reasoning 의 차이점은?","Feb 4, 2025",1007,0
2024-02-25,KpBnknONb48,"Plan & Execute - 요즘 AI계의 핫 이슈인 추론에 대해 배웁니다 , Inference 와 Reasoning 의 차이점은?","Feb 4, 2025",1007,0
2024-02-26,KpBnknONb48,"Plan & Execute - 요즘 AI계의 핫 이슈인 추론에 대해 배웁니다 , Inference 와 Reasoning 의 차이점은?","Feb 4, 2025",1007,0
2024-02-27,KpBnknONb48,"Plan & Execute - 요즘 AI계의 핫 이슈인 추론에 대해 배웁니다 , Inference 와 Reasoning 의 차이점은?","Feb 4, 2025",1007,0
2024-02-28,KpBnknONb48,"Plan & Execute - 요즘 AI계의 핫 이슈인 추론에 대해 배웁니다 , Inference 와 Reasoning 의 차이점은?","Feb 4, 2025",1007,0
2024-02-29,KpBnknONb48,"Plan & Execute - 요즘 AI계의 핫 이슈인 추론에 대해 배웁니다 , Inference 와 Reasoning 의 차이점은?","Feb 4, 2025",1007,0
2024-03-01,KpBnknONb48,"Plan & Execute - 요즘 AI계의 핫 이슈인 추론에 대해 배웁니다 , Inference 와 Reasoning 의 차이점은?","Feb 4, 2025",1007,0
2024-03-02,KpBnknONb48,"Plan & Execute - 요즘 AI계의 핫 이슈인 추론에 대해 배웁니다 , Inference 와 Reasoning 의 차이점은?","Feb 4, 2025",1007,0
2024-03-03,KpBnknONb48,"Plan & Execute - 요즘 AI계의 핫 이슈인 추론에 대해 배웁니다 , Inference 와 Reasoning 의 차이점은?","Feb 4, 2025",1007,0
2024-03-04,KpBnknONb48,"Plan & Execute - 요즘 AI계의 핫 이슈인 추론에 대해 배웁니다 , Inference 와 Reasoning 의 차이점은?","Feb 4, 2025",1007,0
2024-03-05,KpBnknONb48,"Plan & Execute - 요즘 AI계의 핫 이슈인 추론에 대해 배웁니다 , Inference 와 Reasoning 의 차이점은?","Feb 4, 2025",1007,0
2024-03-06,KpBnknONb48,"Plan & Execute - 요즘 AI계의 핫 이슈인 추론에 대해 배웁니다 , Inference 와 Reasoning 의 차이점은?","Feb 4, 2025",1007,0
2024-03-07,KpBnknONb48,"Plan & Execute - 요즘 AI계의 핫 이슈인 추론에 대해 배웁니다 , Inference 와 Reasoning 의 차이점은?","Feb 4, 2025",1007,0
2024-03-08,KpBnknONb48,"Plan & Execute - 요즘 AI계의 핫 이슈인 추론에 대해 배웁니다 , Inference 와 Reasoning 의 차이점은?","Feb 4, 2025",1007,0
2024-03-09,KpBnknONb48,"Plan & Execute - 요즘 AI계의 핫 이슈인 추론에 대해 배웁니다 , Inference 와 Reasoning 의 차이점은?","Feb 4, 2025",1007,0
2024-03-10,KpBnknONb48,"Plan & Execute - 요즘 AI계의 핫 이슈인 추론에 대해 배웁니다 , Inference 와 Reasoning 의 차이점은?","Feb 4, 2025",1007,0
2024-03-11,KpBnknONb48,"Plan & Execute - 요즘 AI계의 핫 이슈인 추론에 대해 배웁니다 , Inference 와 Reasoning 의 차이점은?","Feb 4, 2025",1007,0
2024-03-12,KpBnknONb48,"Plan & Execute - 요즘 AI계의 핫 이슈인 추론에 대해 배웁니다 , Inference 와 Reasoning 의 차이점은?","Feb 4, 2025",1007,0
2024-03-13,KpBnknONb48,"Plan & Execute - 요즘 AI계의 핫 이슈인 추론에 대해 배웁니다 , Inference 와 Reasoning 의 차이점은?","Feb 4, 2025",1007,0
2024-03-14,KpBnknONb48,"Plan & Execute - 요즘 AI계의 핫 이슈인 추론에 대해 배웁니다 , Inference 와 Reasoning 의 차이점은?","Feb 4, 2025",1007,0
2024-03-15,KpBnknONb48,"Plan & Execute - 요즘 AI계의 핫 이슈인 추론에 대해 배웁니다 , Inference 와 Reasoning 의 차이점은?","Feb 4, 2025",1007,0
2024-03-16,KpBnknONb48,"Plan & Execute - 요즘 AI계의 핫 이슈인 추론에 대해 배웁니다 , Inference 와 Reasoning 의 차이점은?","Feb 4, 2025",1007,0
2024-03-17,KpBnknONb48,"Plan & Execute - 요즘 AI계의 핫 이슈인 추론에 대해 배웁니다 , Inference 와 Reasoning 의 차이점은?","Feb 4, 2025",1007,0
2024-03-18,KpBnknONb48,"Plan & Execute - 요즘 AI계의 핫 이슈인 추론에 대해 배웁니다 , Inference 와 Reasoning 의 차이점은?","Feb 4, 2025",1007,0
2024-03-19,KpBnknONb48,"Plan & Execute - 요즘 AI계의 핫 이슈인 추론에 대해 배웁니다 , Inference 와 Reasoning 의 차이점은?","Feb 4, 2025",1007,0
2024-03-20,KpBnknONb48,"Plan & Execute - 요즘 AI계의 핫 이슈인 추론에 대해 배웁니다 , Inference 와 Reasoning 의 차이점은?","Feb 4, 2025",1007,0
2024-03-21,KpBnknONb48,"Plan & Execute - 요즘 AI계의 핫 이슈인 추론에 대해 배웁니다 , Inference 와 Reasoning 의 차이점은?","Feb 4, 2025",1007,0
2024-03-22,KpBnknONb48,"Plan & Execute - 요즘 AI계의 핫 이슈인 추론에 대해 배웁니다 , Inference 와 Reasoning 의 차이점은?","Feb 4, 2025",1007,0
2024-03-23,KpBnknONb48,"Plan & Execute - 요즘 AI계의 핫 이슈인 추론에 대해 배웁니다 , Inference 와 Reasoning 의 차이점은?","Feb 4, 2025",1007,0
2024-03-24,KpBnknONb48,"Plan & Execute - 요즘 AI계의 핫 이슈인 추론에 대해 배웁니다 , Inference 와 Reasoning 의 차이점은?","Feb 4, 2025",1007,0
2024-03-25,KpBnknONb48,"Plan & Execute - 요즘 AI계의 핫 이슈인 추론에 대해 배웁니다 , Inference 와 Reasoning 의 차이점은?","Feb 4, 2025",1007,0
2024-03-26,KpBnknONb48,"Plan & Execute - 요즘 AI계의 핫 이슈인 추론에 대해 배웁니다 , Inference 와 Reasoning 의 차이점은?","Feb 4, 2025",1007,0
2024-03-27,KpBnknONb48,"Plan & Execute - 요즘 AI계의 핫 이슈인 추론에 대해 배웁니다 , Inference 와 Reasoning 의 차이점은?","Feb 4, 2025",1007,0
2024-03-28,KpBnknONb48,"Plan & Execute - 요즘 AI계의 핫 이슈인 추론에 대해 배웁니다 , Inference 와 Reasoning 의 차이점은?","Feb 4, 2025",1007,0
2024-03-29,KpBnknONb48,"Plan & Execute - 요즘 AI계의 핫 이슈인 추론에 대해 배웁니다 , Inference 와 Reasoning 의 차이점은?","Feb 4, 2025",1007,0
2024-03-30,KpBnknONb48,"Plan & Execute - 요즘 AI계의 핫 이슈인 추론에 대해 배웁니다 , Inference 와 Reasoning 의 차이점은?","Feb 4, 2025",1007,0
2024-03-31,KpBnknONb48,"Plan & Execute - 요즘 AI계의 핫 이슈인 추론에 대해 배웁니다 , Inference 와 Reasoning 의 차이점은?","Feb 4, 2025",1007,0
2024-04-01,KpBnknONb48,"Plan & Execute - 요즘 AI계의 핫 이슈인 추론에 대해 배웁니다 , Inference 와 Reasoning 의 차이점은?","Feb 4, 2025",1007,0
2024-04-02,KpBnknONb48,"Plan & Execute - 요즘 AI계의 핫 이슈인 추론에 대해 배웁니다 , Inference 와 Reasoning 의 차이점은?","Feb 4, 2025",1007,0
2024-04-03,KpBnknONb48,"Plan & Execute - 요즘 AI계의 핫 이슈인 추론에 대해 배웁니다 , Inference 와 Reasoning 의 차이점은?","Feb 4, 2025",1007,0
2024-04-04,KpBnknONb48,"Plan & Execute - 요즘 AI계의 핫 이슈인 추론에 대해 배웁니다 , Inference 와 Reasoning 의 차이점은?","Feb 4, 2025",1007,0
2024-04-05,KpBnknONb48,"Plan & Execute - 요즘 AI계의 핫 이슈인 추론에 대해 배웁니다 , Inference 와 Reasoning 의 차이점은?","Feb 4, 2025",1007,0
2024-04-06,KpBnknONb48,"Plan & Execute - 요즘 AI계의 핫 이슈인 추론에 대해 배웁니다 , Inference 와 Reasoning 의 차이점은?","Feb 4, 2025",1007,0
2024-04-07,KpBnknONb48,"Plan & Execute - 요즘 AI계의 핫 이슈인 추론에 대해 배웁니다 , Inference 와 Reasoning 의 차이점은?","Feb 4, 2025",1007,0
2024-04-08,KpBnknONb48,"Plan & Execute - 요즘 AI계의 핫 이슈인 추론에 대해 배웁니다 , Inference 와 Reasoning 의 차이점은?","Feb 4, 2025",1007,0
2024-04-09,KpBnknONb48,"Plan & Execute - 요즘 AI계의 핫 이슈인 추론에 대해 배웁니다 , Inference 와 Reasoning 의 차이점은?","Feb 4, 2025",1007,0
2024-04-10,KpBnknONb48,"Plan & Execute - 요즘 AI계의 핫 이슈인 추론에 대해 배웁니다 , Inference 와 Reasoning 의 차이점은?","Feb 4, 2025",1007,0
2024-04-11,KpBnknONb48,"Plan & Execute - 요즘 AI계의 핫 이슈인 추론에 대해 배웁니다 , Inference 와 Reasoning 의 차이점은?","Feb 4, 2025",1007,0
2024-04-12,KpBnknONb48,"Plan & Execute - 요즘 AI계의 핫 이슈인 추론에 대해 배웁니다 , Inference 와 Reasoning 의 차이점은?","Feb 4, 2025",1007,0
2024-04-13,KpBnknONb48,"Plan & Execute - 요즘 AI계의 핫 이슈인 추론에 대해 배웁니다 , Inference 와 Reasoning 의 차이점은?","Feb 4, 2025",1007,0
2024-04-14,KpBnknONb48,"Plan & Execute - 요즘 AI계의 핫 이슈인 추론에 대해 배웁니다 , Inference 와 Reasoning 의 차이점은?","Feb 4, 2025",1007,0
2024-04-15,KpBnknONb48,"Plan & Execute - 요즘 AI계의 핫 이슈인 추론에 대해 배웁니다 , Inference 와 Reasoning 의 차이점은?","Feb 4, 2025",1007,0
2024-04-16,KpBnknONb48,"Plan & Execute - 요즘 AI계의 핫 이슈인 추론에 대해 배웁니다 , Inference 와 Reasoning 의 차이점은?","Feb 4, 2025",1007,0
2024-04-17,KpBnknONb48,"Plan & Execute - 요즘 AI계의 핫 이슈인 추론에 대해 배웁니다 , Inference 와 Reasoning 의 차이점은?","Feb 4, 2025",1007,0
2024-04-18,KpBnknONb48,"Plan & Execute - 요즘 AI계의 핫 이슈인 추론에 대해 배웁니다 , Inference 와 Reasoning 의 차이점은?","Feb 4, 2025",1007,0
2024-04-19,KpBnknONb48,"Plan & Execute - 요즘 AI계의 핫 이슈인 추론에 대해 배웁니다 , Inference 와 Reasoning 의 차이점은?","Feb 4, 2025",1007,0
2024-04-20,KpBnknONb48,"Plan & Execute - 요즘 AI계의 핫 이슈인 추론에 대해 배웁니다 , Inference 와 Reasoning 의 차이점은?","Feb 4, 2025",1007,0
2024-04-21,KpBnknONb48,"Plan & Execute - 요즘 AI계의 핫 이슈인 추론에 대해 배웁니다 , Inference 와 Reasoning 의 차이점은?","Feb 4, 2025",1007,0
2024-04-22,KpBnknONb48,"Plan & Execute - 요즘 AI계의 핫 이슈인 추론에 대해 배웁니다 , Inference 와 Reasoning 의 차이점은?","Feb 4, 2025",1007,0
2024-04-23,KpBnknONb48,"Plan & Execute - 요즘 AI계의 핫 이슈인 추론에 대해 배웁니다 , Inference 와 Reasoning 의 차이점은?","Feb 4, 2025",1007,0
2024-04-24,KpBnknONb48,"Plan & Execute - 요즘 AI계의 핫 이슈인 추론에 대해 배웁니다 , Inference 와 Reasoning 의 차이점은?","Feb 4, 2025",1007,0
2024-04-25,KpBnknONb48,"Plan & Execute - 요즘 AI계의 핫 이슈인 추론에 대해 배웁니다 , Inference 와 Reasoning 의 차이점은?","Feb 4, 2025",1007,0
2024-04-26,KpBnknONb48,"Plan & Execute - 요즘 AI계의 핫 이슈인 추론에 대해 배웁니다 , Inference 와 Reasoning 의 차이점은?","Feb 4, 2025",1007,0
2024-04-27,KpBnknONb48,"Plan & Execute - 요즘 AI계의 핫 이슈인 추론에 대해 배웁니다 , Inference 와 Reasoning 의 차이점은?","Feb 4, 2025",1007,0
2024-04-28,KpBnknONb48,"Plan & Execute - 요즘 AI계의 핫 이슈인 추론에 대해 배웁니다 , Inference 와 Reasoning 의 차이점은?","Feb 4, 2025",1007,0
2024-04-29,KpBnknONb48,"Plan & Execute - 요즘 AI계의 핫 이슈인 추론에 대해 배웁니다 , Inference 와 Reasoning 의 차이점은?","Feb 4, 2025",1007,0
2024-04-30,KpBnknONb48,"Plan & Execute - 요즘 AI계의 핫 이슈인 추론에 대해 배웁니다 , Inference 와 Reasoning 의 차이점은?","Feb 4, 2025",1007,0
2024-05-01,KpBnknONb48,"Plan & Execute - 요즘 AI계의 핫 이슈인 추론에 대해 배웁니다 , Inference 와 Reasoning 의 차이점은?","Feb 4, 2025",1007,0
2024-05-02,KpBnknONb48,"Plan & Execute - 요즘 AI계의 핫 이슈인 추론에 대해 배웁니다 , Inference 와 Reasoning 의 차이점은?","Feb 4, 2025",1007,0
2024-05-03,KpBnknONb48,"Plan & Execute - 요즘 AI계의 핫 이슈인 추론에 대해 배웁니다 , Inference 와 Reasoning 의 차이점은?","Feb 4, 2025",1007,0
2024-05-04,KpBnknONb48,"Plan & Execute - 요즘 AI계의 핫 이슈인 추론에 대해 배웁니다 , Inference 와 Reasoning 의 차이점은?","Feb 4, 2025",1007,0
2024-05-05,KpBnknONb48,"Plan & Execute - 요즘 AI계의 핫 이슈인 추론에 대해 배웁니다 , Inference 와 Reasoning 의 차이점은?","Feb 4, 2025",1007,0
2024-05-06,KpBnknONb48,"Plan & Execute - 요즘 AI계의 핫 이슈인 추론에 대해 배웁니다 , Inference 와 Reasoning 의 차이점은?","Feb 4, 2025",1007,0
2024-05-07,KpBnknONb48,"Plan & Execute - 요즘 AI계의 핫 이슈인 추론에 대해 배웁니다 , Inference 와 Reasoning 의 차이점은?","Feb 4, 2025",1007,0
2024-05-08,KpBnknONb48,"Plan & Execute - 요즘 AI계의 핫 이슈인 추론에 대해 배웁니다 , Inference 와 Reasoning 의 차이점은?","Feb 4, 2025",1007,0
2024-05-09,KpBnknONb48,"Plan & Execute - 요즘 AI계의 핫 이슈인 추론에 대해 배웁니다 , Inference 와 Reasoning 의 차이점은?","Feb 4, 2025",1007,0
2024-05-10,KpBnknONb48,"Plan & Execute - 요즘 AI계의 핫 이슈인 추론에 대해 배웁니다 , Inference 와 Reasoning 의 차이점은?","Feb 4, 2025",1007,0
2024-05-11,KpBnknONb48,"Plan & Execute - 요즘 AI계의 핫 이슈인 추론에 대해 배웁니다 , Inference 와 Reasoning 의 차이점은?","Feb 4, 2025",1007,0
2024-05-12,KpBnknONb48,"Plan & Execute - 요즘 AI계의 핫 이슈인 추론에 대해 배웁니다 , Inference 와 Reasoning 의 차이점은?","Feb 4, 2025",1007,0
2024-05-13,KpBnknONb48,"Plan & Execute - 요즘 AI계의 핫 이슈인 추론에 대해 배웁니다 , Inference 와 Reasoning 의 차이점은?","Feb 4, 2025",1007,0
2024-05-14,KpBnknONb48,"Plan & Execute - 요즘 AI계의 핫 이슈인 추론에 대해 배웁니다 , Inference 와 Reasoning 의 차이점은?","Feb 4, 2025",1007,0
2024-05-15,KpBnknONb48,"Plan & Execute - 요즘 AI계의 핫 이슈인 추론에 대해 배웁니다 , Inference 와 Reasoning 의 차이점은?","Feb 4, 2025",1007,0
2024-05-16,KpBnknONb48,"Plan & Execute - 요즘 AI계의 핫 이슈인 추론에 대해 배웁니다 , Inference 와 Reasoning 의 차이점은?","Feb 4, 2025",1007,0
2024-05-17,KpBnknONb48,"Plan & Execute - 요즘 AI계의 핫 이슈인 추론에 대해 배웁니다 , Inference 와 Reasoning 의 차이점은?","Feb 4, 2025",1007,0
2024-05-18,KpBnknONb48,"Plan & Execute - 요즘 AI계의 핫 이슈인 추론에 대해 배웁니다 , Inference 와 Reasoning 의 차이점은?","Feb 4, 2025",1007,0
2024-05-19,KpBnknONb48,"Plan & Execute - 요즘 AI계의 핫 이슈인 추론에 대해 배웁니다 , Inference 와 Reasoning 의 차이점은?","Feb 4, 2025",1007,0
2024-05-20,KpBnknONb48,"Plan & Execute - 요즘 AI계의 핫 이슈인 추론에 대해 배웁니다 , Inference 와 Reasoning 의 차이점은?","Feb 4, 2025",1007,0
2024-05-21,KpBnknONb48,"Plan & Execute - 요즘 AI계의 핫 이슈인 추론에 대해 배웁니다 , Inference 와 Reasoning 의 차이점은?","Feb 4, 2025",1007,0
2024-05-22,KpBnknONb48,"Plan & Execute - 요즘 AI계의 핫 이슈인 추론에 대해 배웁니다 , Inference 와 Reasoning 의 차이점은?","Feb 4, 2025",1007,0
2024-05-23,KpBnknONb48,"Plan & Execute - 요즘 AI계의 핫 이슈인 추론에 대해 배웁니다 , Inference 와 Reasoning 의 차이점은?","Feb 4, 2025",1007,0
2024-05-24,KpBnknONb48,"Plan & Execute - 요즘 AI계의 핫 이슈인 추론에 대해 배웁니다 , Inference 와 Reasoning 의 차이점은?","Feb 4, 2025",1007,0
2024-05-25,KpBnknONb48,"Plan & Execute - 요즘 AI계의 핫 이슈인 추론에 대해 배웁니다 , Inference 와 Reasoning 의 차이점은?","Feb 4, 2025",1007,0
2024-05-26,KpBnknONb48,"Plan & Execute - 요즘 AI계의 핫 이슈인 추론에 대해 배웁니다 , Inference 와 Reasoning 의 차이점은?","Feb 4, 2025",1007,0
2024-05-27,KpBnknONb48,"Plan & Execute - 요즘 AI계의 핫 이슈인 추론에 대해 배웁니다 , Inference 와 Reasoning 의 차이점은?","Feb 4, 2025",1007,0
2024-05-28,KpBnknONb48,"Plan & Execute - 요즘 AI계의 핫 이슈인 추론에 대해 배웁니다 , Inference 와 Reasoning 의 차이점은?","Feb 4, 2025",1007,0
2024-05-29,KpBnknONb48,"Plan & Execute - 요즘 AI계의 핫 이슈인 추론에 대해 배웁니다 , Inference 와 Reasoning 의 차이점은?","Feb 4, 2025",1007,0
2024-05-30,KpBnknONb48,"Plan & Execute - 요즘 AI계의 핫 이슈인 추론에 대해 배웁니다 , Inference 와 Reasoning 의 차이점은?","Feb 4, 2025",1007,0
2024-05-31,KpBnknONb48,"Plan & Execute - 요즘 AI계의 핫 이슈인 추론에 대해 배웁니다 , Inference 와 Reasoning 의 차이점은?","Feb 4, 2025",1007,0
2024-06-01,KpBnknONb48,"Plan & Execute - 요즘 AI계의 핫 이슈인 추론에 대해 배웁니다 , Inference 와 Reasoning 의 차이점은?","Feb 4, 2025",1007,0
2024-06-02,KpBnknONb48,"Plan & Execute - 요즘 AI계의 핫 이슈인 추론에 대해 배웁니다 , Inference 와 Reasoning 의 차이점은?","Feb 4, 2025",1007,0
2024-06-03,KpBnknONb48,"Plan & Execute - 요즘 AI계의 핫 이슈인 추론에 대해 배웁니다 , Inference 와 Reasoning 의 차이점은?","Feb 4, 2025",1007,0
2024-06-04,KpBnknONb48,"Plan & Execute - 요즘 AI계의 핫 이슈인 추론에 대해 배웁니다 , Inference 와 Reasoning 의 차이점은?","Feb 4, 2025",1007,0
2024-06-05,KpBnknONb48,"Plan & Execute - 요즘 AI계의 핫 이슈인 추론에 대해 배웁니다 , Inference 와 Reasoning 의 차이점은?","Feb 4, 2025",1007,0
2024-06-06,KpBnknONb48,"Plan & Execute - 요즘 AI계의 핫 이슈인 추론에 대해 배웁니다 , Inference 와 Reasoning 의 차이점은?","Feb 4, 2025",1007,0
2024-06-07,KpBnknONb48,"Plan & Execute - 요즘 AI계의 핫 이슈인 추론에 대해 배웁니다 , Inference 와 Reasoning 의 차이점은?","Feb 4, 2025",1007,0
2024-06-08,KpBnknONb48,"Plan & Execute - 요즘 AI계의 핫 이슈인 추론에 대해 배웁니다 , Inference 와 Reasoning 의 차이점은?","Feb 4, 2025",1007,0
2024-06-09,KpBnknONb48,"Plan & Execute - 요즘 AI계의 핫 이슈인 추론에 대해 배웁니다 , Inference 와 Reasoning 의 차이점은?","Feb 4, 2025",1007,0
2024-06-10,KpBnknONb48,"Plan & Execute - 요즘 AI계의 핫 이슈인 추론에 대해 배웁니다 , Inference 와 Reasoning 의 차이점은?","Feb 4, 2025",1007,0
2024-06-11,KpBnknONb48,"Plan & Execute - 요즘 AI계의 핫 이슈인 추론에 대해 배웁니다 , Inference 와 Reasoning 의 차이점은?","Feb 4, 2025",1007,0
2024-06-12,KpBnknONb48,"Plan & Execute - 요즘 AI계의 핫 이슈인 추론에 대해 배웁니다 , Inference 와 Reasoning 의 차이점은?","Feb 4, 2025",1007,0
2024-06-13,KpBnknONb48,"Plan & Execute - 요즘 AI계의 핫 이슈인 추론에 대해 배웁니다 , Inference 와 Reasoning 의 차이점은?","Feb 4, 2025",1007,0
2024-06-14,KpBnknONb48,"Plan & Execute - 요즘 AI계의 핫 이슈인 추론에 대해 배웁니다 , Inference 와 Reasoning 의 차이점은?","Feb 4, 2025",1007,0
2024-06-15,KpBnknONb48,"Plan & Execute - 요즘 AI계의 핫 이슈인 추론에 대해 배웁니다 , Inference 와 Reasoning 의 차이점은?","Feb 4, 2025",1007,0
2024-06-16,KpBnknONb48,"Plan & Execute - 요즘 AI계의 핫 이슈인 추론에 대해 배웁니다 , Inference 와 Reasoning 의 차이점은?","Feb 4, 2025",1007,0
2024-06-17,KpBnknONb48,"Plan & Execute - 요즘 AI계의 핫 이슈인 추론에 대해 배웁니다 , Inference 와 Reasoning 의 차이점은?","Feb 4, 2025",1007,0
2024-06-18,KpBnknONb48,"Plan & Execute - 요즘 AI계의 핫 이슈인 추론에 대해 배웁니다 , Inference 와 Reasoning 의 차이점은?","Feb 4, 2025",1007,0
2024-06-19,KpBnknONb48,"Plan & Execute - 요즘 AI계의 핫 이슈인 추론에 대해 배웁니다 , Inference 와 Reasoning 의 차이점은?","Feb 4, 2025",1007,0
2024-06-20,KpBnknONb48,"Plan & Execute - 요즘 AI계의 핫 이슈인 추론에 대해 배웁니다 , Inference 와 Reasoning 의 차이점은?","Feb 4, 2025",1007,0
2024-06-21,KpBnknONb48,"Plan & Execute - 요즘 AI계의 핫 이슈인 추론에 대해 배웁니다 , Inference 와 Reasoning 의 차이점은?","Feb 4, 2025",1007,0
2024-06-22,KpBnknONb48,"Plan & Execute - 요즘 AI계의 핫 이슈인 추론에 대해 배웁니다 , Inference 와 Reasoning 의 차이점은?","Feb 4, 2025",1007,0
2024-06-23,KpBnknONb48,"Plan & Execute - 요즘 AI계의 핫 이슈인 추론에 대해 배웁니다 , Inference 와 Reasoning 의 차이점은?","Feb 4, 2025",1007,0
2024-06-24,KpBnknONb48,"Plan & Execute - 요즘 AI계의 핫 이슈인 추론에 대해 배웁니다 , Inference 와 Reasoning 의 차이점은?","Feb 4, 2025",1007,0
2024-06-25,KpBnknONb48,"Plan & Execute - 요즘 AI계의 핫 이슈인 추론에 대해 배웁니다 , Inference 와 Reasoning 의 차이점은?","Feb 4, 2025",1007,0
2024-06-26,KpBnknONb48,"Plan & Execute - 요즘 AI계의 핫 이슈인 추론에 대해 배웁니다 , Inference 와 Reasoning 의 차이점은?","Feb 4, 2025",1007,0
2024-06-27,KpBnknONb48,"Plan & Execute - 요즘 AI계의 핫 이슈인 추론에 대해 배웁니다 , Inference 와 Reasoning 의 차이점은?","Feb 4, 2025",1007,0
2024-06-28,KpBnknONb48,"Plan & Execute - 요즘 AI계의 핫 이슈인 추론에 대해 배웁니다 , Inference 와 Reasoning 의 차이점은?","Feb 4, 2025",1007,0
2024-06-29,KpBnknONb48,"Plan & Execute - 요즘 AI계의 핫 이슈인 추론에 대해 배웁니다 , Inference 와 Reasoning 의 차이점은?","Feb 4, 2025",1007,0
2024-06-30,KpBnknONb48,"Plan & Execute - 요즘 AI계의 핫 이슈인 추론에 대해 배웁니다 , Inference 와 Reasoning 의 차이점은?","Feb 4, 2025",1007,0
2024-07-01,KpBnknONb48,"Plan & Execute - 요즘 AI계의 핫 이슈인 추론에 대해 배웁니다 , Inference 와 Reasoning 의 차이점은?","Feb 4, 2025",1007,0
2024-07-02,KpBnknONb48,"Plan & Execute - 요즘 AI계의 핫 이슈인 추론에 대해 배웁니다 , Inference 와 Reasoning 의 차이점은?","Feb 4, 2025",1007,0
2024-07-03,KpBnknONb48,"Plan & Execute - 요즘 AI계의 핫 이슈인 추론에 대해 배웁니다 , Inference 와 Reasoning 의 차이점은?","Feb 4, 2025",1007,0
2024-07-04,KpBnknONb48,"Plan & Execute - 요즘 AI계의 핫 이슈인 추론에 대해 배웁니다 , Inference 와 Reasoning 의 차이점은?","Feb 4, 2025",1007,0
2024-07-05,KpBnknONb48,"Plan & Execute - 요즘 AI계의 핫 이슈인 추론에 대해 배웁니다 , Inference 와 Reasoning 의 차이점은?","Feb 4, 2025",1007,0
2024-07-06,KpBnknONb48,"Plan & Execute - 요즘 AI계의 핫 이슈인 추론에 대해 배웁니다 , Inference 와 Reasoning 의 차이점은?","Feb 4, 2025",1007,0
2024-07-07,KpBnknONb48,"Plan & Execute - 요즘 AI계의 핫 이슈인 추론에 대해 배웁니다 , Inference 와 Reasoning 의 차이점은?","Feb 4, 2025",1007,0
2024-07-08,KpBnknONb48,"Plan & Execute - 요즘 AI계의 핫 이슈인 추론에 대해 배웁니다 , Inference 와 Reasoning 의 차이점은?","Feb 4, 2025",1007,0
2024-07-09,KpBnknONb48,"Plan & Execute - 요즘 AI계의 핫 이슈인 추론에 대해 배웁니다 , Inference 와 Reasoning 의 차이점은?","Feb 4, 2025",1007,0
2024-07-10,KpBnknONb48,"Plan & Execute - 요즘 AI계의 핫 이슈인 추론에 대해 배웁니다 , Inference 와 Reasoning 의 차이점은?","Feb 4, 2025",1007,0
2024-07-11,KpBnknONb48,"Plan & Execute - 요즘 AI계의 핫 이슈인 추론에 대해 배웁니다 , Inference 와 Reasoning 의 차이점은?","Feb 4, 2025",1007,0
2024-07-12,KpBnknONb48,"Plan & Execute - 요즘 AI계의 핫 이슈인 추론에 대해 배웁니다 , Inference 와 Reasoning 의 차이점은?","Feb 4, 2025",1007,0
2024-07-13,KpBnknONb48,"Plan & Execute - 요즘 AI계의 핫 이슈인 추론에 대해 배웁니다 , Inference 와 Reasoning 의 차이점은?","Feb 4, 2025",1007,0
2024-07-14,KpBnknONb48,"Plan & Execute - 요즘 AI계의 핫 이슈인 추론에 대해 배웁니다 , Inference 와 Reasoning 의 차이점은?","Feb 4, 2025",1007,0
2024-07-15,KpBnknONb48,"Plan & Execute - 요즘 AI계의 핫 이슈인 추론에 대해 배웁니다 , Inference 와 Reasoning 의 차이점은?","Feb 4, 2025",1007,0
2024-07-16,KpBnknONb48,"Plan & Execute - 요즘 AI계의 핫 이슈인 추론에 대해 배웁니다 , Inference 와 Reasoning 의 차이점은?","Feb 4, 2025",1007,0
2024-07-17,KpBnknONb48,"Plan & Execute - 요즘 AI계의 핫 이슈인 추론에 대해 배웁니다 , Inference 와 Reasoning 의 차이점은?","Feb 4, 2025",1007,0
2024-07-18,KpBnknONb48,"Plan & Execute - 요즘 AI계의 핫 이슈인 추론에 대해 배웁니다 , Inference 와 Reasoning 의 차이점은?","Feb 4, 2025",1007,0
2024-07-19,KpBnknONb48,"Plan & Execute - 요즘 AI계의 핫 이슈인 추론에 대해 배웁니다 , Inference 와 Reasoning 의 차이점은?","Feb 4, 2025",1007,0
2024-07-20,KpBnknONb48,"Plan & Execute - 요즘 AI계의 핫 이슈인 추론에 대해 배웁니다 , Inference 와 Reasoning 의 차이점은?","Feb 4, 2025",1007,0
2024-07-21,KpBnknONb48,"Plan & Execute - 요즘 AI계의 핫 이슈인 추론에 대해 배웁니다 , Inference 와 Reasoning 의 차이점은?","Feb 4, 2025",1007,0
2024-07-22,KpBnknONb48,"Plan & Execute - 요즘 AI계의 핫 이슈인 추론에 대해 배웁니다 , Inference 와 Reasoning 의 차이점은?","Feb 4, 2025",1007,0
2024-07-23,KpBnknONb48,"Plan & Execute - 요즘 AI계의 핫 이슈인 추론에 대해 배웁니다 , Inference 와 Reasoning 의 차이점은?","Feb 4, 2025",1007,0
2024-07-24,KpBnknONb48,"Plan & Execute - 요즘 AI계의 핫 이슈인 추론에 대해 배웁니다 , Inference 와 Reasoning 의 차이점은?","Feb 4, 2025",1007,0
2024-07-25,KpBnknONb48,"Plan & Execute - 요즘 AI계의 핫 이슈인 추론에 대해 배웁니다 , Inference 와 Reasoning 의 차이점은?","Feb 4, 2025",1007,0
2024-07-26,KpBnknONb48,"Plan & Execute - 요즘 AI계의 핫 이슈인 추론에 대해 배웁니다 , Inference 와 Reasoning 의 차이점은?","Feb 4, 2025",1007,0
2024-07-27,KpBnknONb48,"Plan & Execute - 요즘 AI계의 핫 이슈인 추론에 대해 배웁니다 , Inference 와 Reasoning 의 차이점은?","Feb 4, 2025",1007,0
2024-07-28,KpBnknONb48,"Plan & Execute - 요즘 AI계의 핫 이슈인 추론에 대해 배웁니다 , Inference 와 Reasoning 의 차이점은?","Feb 4, 2025",1007,0
2024-07-29,KpBnknONb48,"Plan & Execute - 요즘 AI계의 핫 이슈인 추론에 대해 배웁니다 , Inference 와 Reasoning 의 차이점은?","Feb 4, 2025",1007,0
2024-07-30,KpBnknONb48,"Plan & Execute - 요즘 AI계의 핫 이슈인 추론에 대해 배웁니다 , Inference 와 Reasoning 의 차이점은?","Feb 4, 2025",1007,0
2024-07-31,KpBnknONb48,"Plan & Execute - 요즘 AI계의 핫 이슈인 추론에 대해 배웁니다 , Inference 와 Reasoning 의 차이점은?","Feb 4, 2025",1007,0
2024-08-01,KpBnknONb48,"Plan & Execute - 요즘 AI계의 핫 이슈인 추론에 대해 배웁니다 , Inference 와 Reasoning 의 차이점은?","Feb 4, 2025",1007,0
2024-08-02,KpBnknONb48,"Plan & Execute - 요즘 AI계의 핫 이슈인 추론에 대해 배웁니다 , Inference 와 Reasoning 의 차이점은?","Feb 4, 2025",1007,0
2024-08-03,KpBnknONb48,"Plan & Execute - 요즘 AI계의 핫 이슈인 추론에 대해 배웁니다 , Inference 와 Reasoning 의 차이점은?","Feb 4, 2025",1007,0
2024-08-04,KpBnknONb48,"Plan & Execute - 요즘 AI계의 핫 이슈인 추론에 대해 배웁니다 , Inference 와 Reasoning 의 차이점은?","Feb 4, 2025",1007,0
2024-08-05,KpBnknONb48,"Plan & Execute - 요즘 AI계의 핫 이슈인 추론에 대해 배웁니다 , Inference 와 Reasoning 의 차이점은?","Feb 4, 2025",1007,0
2024-08-06,KpBnknONb48,"Plan & Execute - 요즘 AI계의 핫 이슈인 추론에 대해 배웁니다 , Inference 와 Reasoning 의 차이점은?","Feb 4, 2025",1007,0
2024-08-07,KpBnknONb48,"Plan & Execute - 요즘 AI계의 핫 이슈인 추론에 대해 배웁니다 , Inference 와 Reasoning 의 차이점은?","Feb 4, 2025",1007,0
2024-08-08,KpBnknONb48,"Plan & Execute - 요즘 AI계의 핫 이슈인 추론에 대해 배웁니다 , Inference 와 Reasoning 의 차이점은?","Feb 4, 2025",1007,0
2024-08-09,KpBnknONb48,"Plan & Execute - 요즘 AI계의 핫 이슈인 추론에 대해 배웁니다 , Inference 와 Reasoning 의 차이점은?","Feb 4, 2025",1007,0
2024-08-10,KpBnknONb48,"Plan & Execute - 요즘 AI계의 핫 이슈인 추론에 대해 배웁니다 , Inference 와 Reasoning 의 차이점은?","Feb 4, 2025",1007,0
2024-08-11,KpBnknONb48,"Plan & Execute - 요즘 AI계의 핫 이슈인 추론에 대해 배웁니다 , Inference 와 Reasoning 의 차이점은?","Feb 4, 2025",1007,0
2024-08-12,KpBnknONb48,"Plan & Execute - 요즘 AI계의 핫 이슈인 추론에 대해 배웁니다 , Inference 와 Reasoning 의 차이점은?","Feb 4, 2025",1007,0
2024-08-13,KpBnknONb48,"Plan & Execute - 요즘 AI계의 핫 이슈인 추론에 대해 배웁니다 , Inference 와 Reasoning 의 차이점은?","Feb 4, 2025",1007,0
2024-08-14,KpBnknONb48,"Plan & Execute - 요즘 AI계의 핫 이슈인 추론에 대해 배웁니다 , Inference 와 Reasoning 의 차이점은?","Feb 4, 2025",1007,0
2024-08-15,KpBnknONb48,"Plan & Execute - 요즘 AI계의 핫 이슈인 추론에 대해 배웁니다 , Inference 와 Reasoning 의 차이점은?","Feb 4, 2025",1007,0
2024-08-16,KpBnknONb48,"Plan & Execute - 요즘 AI계의 핫 이슈인 추론에 대해 배웁니다 , Inference 와 Reasoning 의 차이점은?","Feb 4, 2025",1007,0
2024-08-17,KpBnknONb48,"Plan & Execute - 요즘 AI계의 핫 이슈인 추론에 대해 배웁니다 , Inference 와 Reasoning 의 차이점은?","Feb 4, 2025",1007,0
2024-08-18,KpBnknONb48,"Plan & Execute - 요즘 AI계의 핫 이슈인 추론에 대해 배웁니다 , Inference 와 Reasoning 의 차이점은?","Feb 4, 2025",1007,0
2024-08-19,KpBnknONb48,"Plan & Execute - 요즘 AI계의 핫 이슈인 추론에 대해 배웁니다 , Inference 와 Reasoning 의 차이점은?","Feb 4, 2025",1007,0
2024-08-20,KpBnknONb48,"Plan & Execute - 요즘 AI계의 핫 이슈인 추론에 대해 배웁니다 , Inference 와 Reasoning 의 차이점은?","Feb 4, 2025",1007,0
2024-08-21,KpBnknONb48,"Plan & Execute - 요즘 AI계의 핫 이슈인 추론에 대해 배웁니다 , Inference 와 Reasoning 의 차이점은?","Feb 4, 2025",1007,0
2024-08-22,KpBnknONb48,"Plan & Execute - 요즘 AI계의 핫 이슈인 추론에 대해 배웁니다 , Inference 와 Reasoning 의 차이점은?","Feb 4, 2025",1007,0
2024-08-23,KpBnknONb48,"Plan & Execute - 요즘 AI계의 핫 이슈인 추론에 대해 배웁니다 , Inference 와 Reasoning 의 차이점은?","Feb 4, 2025",1007,0
2024-08-24,KpBnknONb48,"Plan & Execute - 요즘 AI계의 핫 이슈인 추론에 대해 배웁니다 , Inference 와 Reasoning 의 차이점은?","Feb 4, 2025",1007,0
2024-08-25,KpBnknONb48,"Plan & Execute - 요즘 AI계의 핫 이슈인 추론에 대해 배웁니다 , Inference 와 Reasoning 의 차이점은?","Feb 4, 2025",1007,0
2024-08-26,KpBnknONb48,"Plan & Execute - 요즘 AI계의 핫 이슈인 추론에 대해 배웁니다 , Inference 와 Reasoning 의 차이점은?","Feb 4, 2025",1007,0
2024-08-27,KpBnknONb48,"Plan & Execute - 요즘 AI계의 핫 이슈인 추론에 대해 배웁니다 , Inference 와 Reasoning 의 차이점은?","Feb 4, 2025",1007,0
2024-08-28,KpBnknONb48,"Plan & Execute - 요즘 AI계의 핫 이슈인 추론에 대해 배웁니다 , Inference 와 Reasoning 의 차이점은?","Feb 4, 2025",1007,0
2024-08-29,KpBnknONb48,"Plan & Execute - 요즘 AI계의 핫 이슈인 추론에 대해 배웁니다 , Inference 와 Reasoning 의 차이점은?","Feb 4, 2025",1007,0
2024-08-30,KpBnknONb48,"Plan & Execute - 요즘 AI계의 핫 이슈인 추론에 대해 배웁니다 , Inference 와 Reasoning 의 차이점은?","Feb 4, 2025",1007,0
2024-08-31,KpBnknONb48,"Plan & Execute - 요즘 AI계의 핫 이슈인 추론에 대해 배웁니다 , Inference 와 Reasoning 의 차이점은?","Feb 4, 2025",1007,0
2024-09-01,KpBnknONb48,"Plan & Execute - 요즘 AI계의 핫 이슈인 추론에 대해 배웁니다 , Inference 와 Reasoning 의 차이점은?","Feb 4, 2025",1007,0
2024-09-02,KpBnknONb48,"Plan & Execute - 요즘 AI계의 핫 이슈인 추론에 대해 배웁니다 , Inference 와 Reasoning 의 차이점은?","Feb 4, 2025",1007,0
2024-09-03,KpBnknONb48,"Plan & Execute - 요즘 AI계의 핫 이슈인 추론에 대해 배웁니다 , Inference 와 Reasoning 의 차이점은?","Feb 4, 2025",1007,0
2024-09-04,KpBnknONb48,"Plan & Execute - 요즘 AI계의 핫 이슈인 추론에 대해 배웁니다 , Inference 와 Reasoning 의 차이점은?","Feb 4, 2025",1007,0
2024-09-05,KpBnknONb48,"Plan & Execute - 요즘 AI계의 핫 이슈인 추론에 대해 배웁니다 , Inference 와 Reasoning 의 차이점은?","Feb 4, 2025",1007,0
2024-09-06,KpBnknONb48,"Plan & Execute - 요즘 AI계의 핫 이슈인 추론에 대해 배웁니다 , Inference 와 Reasoning 의 차이점은?","Feb 4, 2025",1007,0
2024-09-07,KpBnknONb48,"Plan & Execute - 요즘 AI계의 핫 이슈인 추론에 대해 배웁니다 , Inference 와 Reasoning 의 차이점은?","Feb 4, 2025",1007,0
2024-09-08,KpBnknONb48,"Plan & Execute - 요즘 AI계의 핫 이슈인 추론에 대해 배웁니다 , Inference 와 Reasoning 의 차이점은?","Feb 4, 2025",1007,0
2024-09-09,KpBnknONb48,"Plan & Execute - 요즘 AI계의 핫 이슈인 추론에 대해 배웁니다 , Inference 와 Reasoning 의 차이점은?","Feb 4, 2025",1007,0
2024-09-10,KpBnknONb48,"Plan & Execute - 요즘 AI계의 핫 이슈인 추론에 대해 배웁니다 , Inference 와 Reasoning 의 차이점은?","Feb 4, 2025",1007,0
2024-09-11,KpBnknONb48,"Plan & Execute - 요즘 AI계의 핫 이슈인 추론에 대해 배웁니다 , Inference 와 Reasoning 의 차이점은?","Feb 4, 2025",1007,0
2024-09-12,KpBnknONb48,"Plan & Execute - 요즘 AI계의 핫 이슈인 추론에 대해 배웁니다 , Inference 와 Reasoning 의 차이점은?","Feb 4, 2025",1007,0
2024-09-13,KpBnknONb48,"Plan & Execute - 요즘 AI계의 핫 이슈인 추론에 대해 배웁니다 , Inference 와 Reasoning 의 차이점은?","Feb 4, 2025",1007,0
2024-09-14,KpBnknONb48,"Plan & Execute - 요즘 AI계의 핫 이슈인 추론에 대해 배웁니다 , Inference 와 Reasoning 의 차이점은?","Feb 4, 2025",1007,0
2024-09-15,KpBnknONb48,"Plan & Execute - 요즘 AI계의 핫 이슈인 추론에 대해 배웁니다 , Inference 와 Reasoning 의 차이점은?","Feb 4, 2025",1007,0
2024-09-16,KpBnknONb48,"Plan & Execute - 요즘 AI계의 핫 이슈인 추론에 대해 배웁니다 , Inference 와 Reasoning 의 차이점은?","Feb 4, 2025",1007,0
2024-09-17,KpBnknONb48,"Plan & Execute - 요즘 AI계의 핫 이슈인 추론에 대해 배웁니다 , Inference 와 Reasoning 의 차이점은?","Feb 4, 2025",1007,0
2024-09-18,KpBnknONb48,"Plan & Execute - 요즘 AI계의 핫 이슈인 추론에 대해 배웁니다 , Inference 와 Reasoning 의 차이점은?","Feb 4, 2025",1007,0
2024-09-19,KpBnknONb48,"Plan & Execute - 요즘 AI계의 핫 이슈인 추론에 대해 배웁니다 , Inference 와 Reasoning 의 차이점은?","Feb 4, 2025",1007,0
2024-09-20,KpBnknONb48,"Plan & Execute - 요즘 AI계의 핫 이슈인 추론에 대해 배웁니다 , Inference 와 Reasoning 의 차이점은?","Feb 4, 2025",1007,0
2024-09-21,KpBnknONb48,"Plan & Execute - 요즘 AI계의 핫 이슈인 추론에 대해 배웁니다 , Inference 와 Reasoning 의 차이점은?","Feb 4, 2025",1007,0
2024-09-22,KpBnknONb48,"Plan & Execute - 요즘 AI계의 핫 이슈인 추론에 대해 배웁니다 , Inference 와 Reasoning 의 차이점은?","Feb 4, 2025",1007,0
2024-09-23,KpBnknONb48,"Plan & Execute - 요즘 AI계의 핫 이슈인 추론에 대해 배웁니다 , Inference 와 Reasoning 의 차이점은?","Feb 4, 2025",1007,0
2024-09-24,KpBnknONb48,"Plan & Execute - 요즘 AI계의 핫 이슈인 추론에 대해 배웁니다 , Inference 와 Reasoning 의 차이점은?","Feb 4, 2025",1007,0
2024-09-25,KpBnknONb48,"Plan & Execute - 요즘 AI계의 핫 이슈인 추론에 대해 배웁니다 , Inference 와 Reasoning 의 차이점은?","Feb 4, 2025",1007,0
2024-09-26,KpBnknONb48,"Plan & Execute - 요즘 AI계의 핫 이슈인 추론에 대해 배웁니다 , Inference 와 Reasoning 의 차이점은?","Feb 4, 2025",1007,0
2024-09-27,KpBnknONb48,"Plan & Execute - 요즘 AI계의 핫 이슈인 추론에 대해 배웁니다 , Inference 와 Reasoning 의 차이점은?","Feb 4, 2025",1007,0
2024-09-28,KpBnknONb48,"Plan & Execute - 요즘 AI계의 핫 이슈인 추론에 대해 배웁니다 , Inference 와 Reasoning 의 차이점은?","Feb 4, 2025",1007,0
2024-09-29,KpBnknONb48,"Plan & Execute - 요즘 AI계의 핫 이슈인 추론에 대해 배웁니다 , Inference 와 Reasoning 의 차이점은?","Feb 4, 2025",1007,0
2024-09-30,KpBnknONb48,"Plan & Execute - 요즘 AI계의 핫 이슈인 추론에 대해 배웁니다 , Inference 와 Reasoning 의 차이점은?","Feb 4, 2025",1007,0
2024-10-01,KpBnknONb48,"Plan & Execute - 요즘 AI계의 핫 이슈인 추론에 대해 배웁니다 , Inference 와 Reasoning 의 차이점은?","Feb 4, 2025",1007,0
2024-10-02,KpBnknONb48,"Plan & Execute - 요즘 AI계의 핫 이슈인 추론에 대해 배웁니다 , Inference 와 Reasoning 의 차이점은?","Feb 4, 2025",1007,0
2024-10-03,KpBnknONb48,"Plan & Execute - 요즘 AI계의 핫 이슈인 추론에 대해 배웁니다 , Inference 와 Reasoning 의 차이점은?","Feb 4, 2025",1007,0
2024-10-04,KpBnknONb48,"Plan & Execute - 요즘 AI계의 핫 이슈인 추론에 대해 배웁니다 , Inference 와 Reasoning 의 차이점은?","Feb 4, 2025",1007,0
2024-10-05,KpBnknONb48,"Plan & Execute - 요즘 AI계의 핫 이슈인 추론에 대해 배웁니다 , Inference 와 Reasoning 의 차이점은?","Feb 4, 2025",1007,0
2024-10-06,KpBnknONb48,"Plan & Execute - 요즘 AI계의 핫 이슈인 추론에 대해 배웁니다 , Inference 와 Reasoning 의 차이점은?","Feb 4, 2025",1007,0
2024-10-07,KpBnknONb48,"Plan & Execute - 요즘 AI계의 핫 이슈인 추론에 대해 배웁니다 , Inference 와 Reasoning 의 차이점은?","Feb 4, 2025",1007,0
2024-10-08,KpBnknONb48,"Plan & Execute - 요즘 AI계의 핫 이슈인 추론에 대해 배웁니다 , Inference 와 Reasoning 의 차이점은?","Feb 4, 2025",1007,0
2024-10-09,KpBnknONb48,"Plan & Execute - 요즘 AI계의 핫 이슈인 추론에 대해 배웁니다 , Inference 와 Reasoning 의 차이점은?","Feb 4, 2025",1007,0
2024-10-10,KpBnknONb48,"Plan & Execute - 요즘 AI계의 핫 이슈인 추론에 대해 배웁니다 , Inference 와 Reasoning 의 차이점은?","Feb 4, 2025",1007,0
2024-10-11,KpBnknONb48,"Plan & Execute - 요즘 AI계의 핫 이슈인 추론에 대해 배웁니다 , Inference 와 Reasoning 의 차이점은?","Feb 4, 2025",1007,0
2024-10-12,KpBnknONb48,"Plan & Execute - 요즘 AI계의 핫 이슈인 추론에 대해 배웁니다 , Inference 와 Reasoning 의 차이점은?","Feb 4, 2025",1007,0
2024-10-13,KpBnknONb48,"Plan & Execute - 요즘 AI계의 핫 이슈인 추론에 대해 배웁니다 , Inference 와 Reasoning 의 차이점은?","Feb 4, 2025",1007,0
2024-10-14,KpBnknONb48,"Plan & Execute - 요즘 AI계의 핫 이슈인 추론에 대해 배웁니다 , Inference 와 Reasoning 의 차이점은?","Feb 4, 2025",1007,0
2024-10-15,KpBnknONb48,"Plan & Execute - 요즘 AI계의 핫 이슈인 추론에 대해 배웁니다 , Inference 와 Reasoning 의 차이점은?","Feb 4, 2025",1007,0
2024-10-16,KpBnknONb48,"Plan & Execute - 요즘 AI계의 핫 이슈인 추론에 대해 배웁니다 , Inference 와 Reasoning 의 차이점은?","Feb 4, 2025",1007,0
2024-10-17,KpBnknONb48,"Plan & Execute - 요즘 AI계의 핫 이슈인 추론에 대해 배웁니다 , Inference 와 Reasoning 의 차이점은?","Feb 4, 2025",1007,0
2024-10-18,KpBnknONb48,"Plan & Execute - 요즘 AI계의 핫 이슈인 추론에 대해 배웁니다 , Inference 와 Reasoning 의 차이점은?","Feb 4, 2025",1007,0
2024-10-19,KpBnknONb48,"Plan & Execute - 요즘 AI계의 핫 이슈인 추론에 대해 배웁니다 , Inference 와 Reasoning 의 차이점은?","Feb 4, 2025",1007,0
2024-10-20,KpBnknONb48,"Plan & Execute - 요즘 AI계의 핫 이슈인 추론에 대해 배웁니다 , Inference 와 Reasoning 의 차이점은?","Feb 4, 2025",1007,0
2024-10-21,KpBnknONb48,"Plan & Execute - 요즘 AI계의 핫 이슈인 추론에 대해 배웁니다 , Inference 와 Reasoning 의 차이점은?","Feb 4, 2025",1007,0
2024-10-22,KpBnknONb48,"Plan & Execute - 요즘 AI계의 핫 이슈인 추론에 대해 배웁니다 , Inference 와 Reasoning 의 차이점은?","Feb 4, 2025",1007,0
2024-10-23,KpBnknONb48,"Plan & Execute - 요즘 AI계의 핫 이슈인 추론에 대해 배웁니다 , Inference 와 Reasoning 의 차이점은?","Feb 4, 2025",1007,0
2024-10-24,KpBnknONb48,"Plan & Execute - 요즘 AI계의 핫 이슈인 추론에 대해 배웁니다 , Inference 와 Reasoning 의 차이점은?","Feb 4, 2025",1007,0
2024-10-25,KpBnknONb48,"Plan & Execute - 요즘 AI계의 핫 이슈인 추론에 대해 배웁니다 , Inference 와 Reasoning 의 차이점은?","Feb 4, 2025",1007,0
2024-10-26,KpBnknONb48,"Plan & Execute - 요즘 AI계의 핫 이슈인 추론에 대해 배웁니다 , Inference 와 Reasoning 의 차이점은?","Feb 4, 2025",1007,0
2024-10-27,KpBnknONb48,"Plan & Execute - 요즘 AI계의 핫 이슈인 추론에 대해 배웁니다 , Inference 와 Reasoning 의 차이점은?","Feb 4, 2025",1007,0
2024-10-28,KpBnknONb48,"Plan & Execute - 요즘 AI계의 핫 이슈인 추론에 대해 배웁니다 , Inference 와 Reasoning 의 차이점은?","Feb 4, 2025",1007,0
2024-10-29,KpBnknONb48,"Plan & Execute - 요즘 AI계의 핫 이슈인 추론에 대해 배웁니다 , Inference 와 Reasoning 의 차이점은?","Feb 4, 2025",1007,0
2024-10-30,KpBnknONb48,"Plan & Execute - 요즘 AI계의 핫 이슈인 추론에 대해 배웁니다 , Inference 와 Reasoning 의 차이점은?","Feb 4, 2025",1007,0
2024-10-31,KpBnknONb48,"Plan & Execute - 요즘 AI계의 핫 이슈인 추론에 대해 배웁니다 , Inference 와 Reasoning 의 차이점은?","Feb 4, 2025",1007,0
2024-11-01,KpBnknONb48,"Plan & Execute - 요즘 AI계의 핫 이슈인 추론에 대해 배웁니다 , Inference 와 Reasoning 의 차이점은?","Feb 4, 2025",1007,0
2024-11-02,KpBnknONb48,"Plan & Execute - 요즘 AI계의 핫 이슈인 추론에 대해 배웁니다 , Inference 와 Reasoning 의 차이점은?","Feb 4, 2025",1007,0
2024-11-03,KpBnknONb48,"Plan & Execute - 요즘 AI계의 핫 이슈인 추론에 대해 배웁니다 , Inference 와 Reasoning 의 차이점은?","Feb 4, 2025",1007,0
2024-11-04,KpBnknONb48,"Plan & Execute - 요즘 AI계의 핫 이슈인 추론에 대해 배웁니다 , Inference 와 Reasoning 의 차이점은?","Feb 4, 2025",1007,0
2024-11-05,KpBnknONb48,"Plan & Execute - 요즘 AI계의 핫 이슈인 추론에 대해 배웁니다 , Inference 와 Reasoning 의 차이점은?","Feb 4, 2025",1007,0
2024-11-06,KpBnknONb48,"Plan & Execute - 요즘 AI계의 핫 이슈인 추론에 대해 배웁니다 , Inference 와 Reasoning 의 차이점은?","Feb 4, 2025",1007,0
2024-11-07,KpBnknONb48,"Plan & Execute - 요즘 AI계의 핫 이슈인 추론에 대해 배웁니다 , Inference 와 Reasoning 의 차이점은?","Feb 4, 2025",1007,0
2024-11-08,KpBnknONb48,"Plan & Execute - 요즘 AI계의 핫 이슈인 추론에 대해 배웁니다 , Inference 와 Reasoning 의 차이점은?","Feb 4, 2025",1007,0
2024-11-09,KpBnknONb48,"Plan & Execute - 요즘 AI계의 핫 이슈인 추론에 대해 배웁니다 , Inference 와 Reasoning 의 차이점은?","Feb 4, 2025",1007,0
2024-11-10,KpBnknONb48,"Plan & Execute - 요즘 AI계의 핫 이슈인 추론에 대해 배웁니다 , Inference 와 Reasoning 의 차이점은?","Feb 4, 2025",1007,0
2024-11-11,KpBnknONb48,"Plan & Execute - 요즘 AI계의 핫 이슈인 추론에 대해 배웁니다 , Inference 와 Reasoning 의 차이점은?","Feb 4, 2025",1007,0
2024-11-12,KpBnknONb48,"Plan & Execute - 요즘 AI계의 핫 이슈인 추론에 대해 배웁니다 , Inference 와 Reasoning 의 차이점은?","Feb 4, 2025",1007,0
2024-11-13,KpBnknONb48,"Plan & Execute - 요즘 AI계의 핫 이슈인 추론에 대해 배웁니다 , Inference 와 Reasoning 의 차이점은?","Feb 4, 2025",1007,0
2024-11-14,KpBnknONb48,"Plan & Execute - 요즘 AI계의 핫 이슈인 추론에 대해 배웁니다 , Inference 와 Reasoning 의 차이점은?","Feb 4, 2025",1007,0
2024-11-15,KpBnknONb48,"Plan & Execute - 요즘 AI계의 핫 이슈인 추론에 대해 배웁니다 , Inference 와 Reasoning 의 차이점은?","Feb 4, 2025",1007,0
2024-11-16,KpBnknONb48,"Plan & Execute - 요즘 AI계의 핫 이슈인 추론에 대해 배웁니다 , Inference 와 Reasoning 의 차이점은?","Feb 4, 2025",1007,0
2024-11-17,KpBnknONb48,"Plan & Execute - 요즘 AI계의 핫 이슈인 추론에 대해 배웁니다 , Inference 와 Reasoning 의 차이점은?","Feb 4, 2025",1007,0
2024-11-18,KpBnknONb48,"Plan & Execute - 요즘 AI계의 핫 이슈인 추론에 대해 배웁니다 , Inference 와 Reasoning 의 차이점은?","Feb 4, 2025",1007,0
2024-11-19,KpBnknONb48,"Plan & Execute - 요즘 AI계의 핫 이슈인 추론에 대해 배웁니다 , Inference 와 Reasoning 의 차이점은?","Feb 4, 2025",1007,0
2024-11-20,KpBnknONb48,"Plan & Execute - 요즘 AI계의 핫 이슈인 추론에 대해 배웁니다 , Inference 와 Reasoning 의 차이점은?","Feb 4, 2025",1007,0
2024-11-21,KpBnknONb48,"Plan & Execute - 요즘 AI계의 핫 이슈인 추론에 대해 배웁니다 , Inference 와 Reasoning 의 차이점은?","Feb 4, 2025",1007,0
2024-11-22,KpBnknONb48,"Plan & Execute - 요즘 AI계의 핫 이슈인 추론에 대해 배웁니다 , Inference 와 Reasoning 의 차이점은?","Feb 4, 2025",1007,0
2024-11-23,KpBnknONb48,"Plan & Execute - 요즘 AI계의 핫 이슈인 추론에 대해 배웁니다 , Inference 와 Reasoning 의 차이점은?","Feb 4, 2025",1007,0
2024-11-24,KpBnknONb48,"Plan & Execute - 요즘 AI계의 핫 이슈인 추론에 대해 배웁니다 , Inference 와 Reasoning 의 차이점은?","Feb 4, 2025",1007,0
2024-11-25,KpBnknONb48,"Plan & Execute - 요즘 AI계의 핫 이슈인 추론에 대해 배웁니다 , Inference 와 Reasoning 의 차이점은?","Feb 4, 2025",1007,0
2024-11-26,KpBnknONb48,"Plan & Execute - 요즘 AI계의 핫 이슈인 추론에 대해 배웁니다 , Inference 와 Reasoning 의 차이점은?","Feb 4, 2025",1007,0
2024-11-27,KpBnknONb48,"Plan & Execute - 요즘 AI계의 핫 이슈인 추론에 대해 배웁니다 , Inference 와 Reasoning 의 차이점은?","Feb 4, 2025",1007,0
2024-11-28,KpBnknONb48,"Plan & Execute - 요즘 AI계의 핫 이슈인 추론에 대해 배웁니다 , Inference 와 Reasoning 의 차이점은?","Feb 4, 2025",1007,0
2024-11-29,KpBnknONb48,"Plan & Execute - 요즘 AI계의 핫 이슈인 추론에 대해 배웁니다 , Inference 와 Reasoning 의 차이점은?","Feb 4, 2025",1007,0
2024-11-30,KpBnknONb48,"Plan & Execute - 요즘 AI계의 핫 이슈인 추론에 대해 배웁니다 , Inference 와 Reasoning 의 차이점은?","Feb 4, 2025",1007,0
2024-12-01,KpBnknONb48,"Plan & Execute - 요즘 AI계의 핫 이슈인 추론에 대해 배웁니다 , Inference 와 Reasoning 의 차이점은?","Feb 4, 2025",1007,0
2024-12-02,KpBnknONb48,"Plan & Execute - 요즘 AI계의 핫 이슈인 추론에 대해 배웁니다 , Inference 와 Reasoning 의 차이점은?","Feb 4, 2025",1007,0
2024-12-03,KpBnknONb48,"Plan & Execute - 요즘 AI계의 핫 이슈인 추론에 대해 배웁니다 , Inference 와 Reasoning 의 차이점은?","Feb 4, 2025",1007,0
2024-12-04,KpBnknONb48,"Plan & Execute - 요즘 AI계의 핫 이슈인 추론에 대해 배웁니다 , Inference 와 Reasoning 의 차이점은?","Feb 4, 2025",1007,0
2024-12-05,KpBnknONb48,"Plan & Execute - 요즘 AI계의 핫 이슈인 추론에 대해 배웁니다 , Inference 와 Reasoning 의 차이점은?","Feb 4, 2025",1007,0
2024-12-06,KpBnknONb48,"Plan & Execute - 요즘 AI계의 핫 이슈인 추론에 대해 배웁니다 , Inference 와 Reasoning 의 차이점은?","Feb 4, 2025",1007,0
2024-12-07,KpBnknONb48,"Plan & Execute - 요즘 AI계의 핫 이슈인 추론에 대해 배웁니다 , Inference 와 Reasoning 의 차이점은?","Feb 4, 2025",1007,0
2024-12-08,KpBnknONb48,"Plan & Execute - 요즘 AI계의 핫 이슈인 추론에 대해 배웁니다 , Inference 와 Reasoning 의 차이점은?","Feb 4, 2025",1007,0
2024-12-09,KpBnknONb48,"Plan & Execute - 요즘 AI계의 핫 이슈인 추론에 대해 배웁니다 , Inference 와 Reasoning 의 차이점은?","Feb 4, 2025",1007,0
2024-12-10,KpBnknONb48,"Plan & Execute - 요즘 AI계의 핫 이슈인 추론에 대해 배웁니다 , Inference 와 Reasoning 의 차이점은?","Feb 4, 2025",1007,0
2024-12-11,KpBnknONb48,"Plan & Execute - 요즘 AI계의 핫 이슈인 추론에 대해 배웁니다 , Inference 와 Reasoning 의 차이점은?","Feb 4, 2025",1007,0
2024-12-12,KpBnknONb48,"Plan & Execute - 요즘 AI계의 핫 이슈인 추론에 대해 배웁니다 , Inference 와 Reasoning 의 차이점은?","Feb 4, 2025",1007,0
2024-12-13,KpBnknONb48,"Plan & Execute - 요즘 AI계의 핫 이슈인 추론에 대해 배웁니다 , Inference 와 Reasoning 의 차이점은?","Feb 4, 2025",1007,0
2024-12-14,KpBnknONb48,"Plan & Execute - 요즘 AI계의 핫 이슈인 추론에 대해 배웁니다 , Inference 와 Reasoning 의 차이점은?","Feb 4, 2025",1007,0
2024-12-15,KpBnknONb48,"Plan & Execute - 요즘 AI계의 핫 이슈인 추론에 대해 배웁니다 , Inference 와 Reasoning 의 차이점은?","Feb 4, 2025",1007,0
2024-12-16,KpBnknONb48,"Plan & Execute - 요즘 AI계의 핫 이슈인 추론에 대해 배웁니다 , Inference 와 Reasoning 의 차이점은?","Feb 4, 2025",1007,0
2024-12-17,KpBnknONb48,"Plan & Execute - 요즘 AI계의 핫 이슈인 추론에 대해 배웁니다 , Inference 와 Reasoning 의 차이점은?","Feb 4, 2025",1007,0
2024-12-18,KpBnknONb48,"Plan & Execute - 요즘 AI계의 핫 이슈인 추론에 대해 배웁니다 , Inference 와 Reasoning 의 차이점은?","Feb 4, 2025",1007,0
2024-12-19,KpBnknONb48,"Plan & Execute - 요즘 AI계의 핫 이슈인 추론에 대해 배웁니다 , Inference 와 Reasoning 의 차이점은?","Feb 4, 2025",1007,0
2024-12-20,KpBnknONb48,"Plan & Execute - 요즘 AI계의 핫 이슈인 추론에 대해 배웁니다 , Inference 와 Reasoning 의 차이점은?","Feb 4, 2025",1007,0
2024-12-21,KpBnknONb48,"Plan & Execute - 요즘 AI계의 핫 이슈인 추론에 대해 배웁니다 , Inference 와 Reasoning 의 차이점은?","Feb 4, 2025",1007,0
2024-12-22,KpBnknONb48,"Plan & Execute - 요즘 AI계의 핫 이슈인 추론에 대해 배웁니다 , Inference 와 Reasoning 의 차이점은?","Feb 4, 2025",1007,0
2024-12-23,KpBnknONb48,"Plan & Execute - 요즘 AI계의 핫 이슈인 추론에 대해 배웁니다 , Inference 와 Reasoning 의 차이점은?","Feb 4, 2025",1007,0
2024-12-24,KpBnknONb48,"Plan & Execute - 요즘 AI계의 핫 이슈인 추론에 대해 배웁니다 , Inference 와 Reasoning 의 차이점은?","Feb 4, 2025",1007,0
2024-12-25,KpBnknONb48,"Plan & Execute - 요즘 AI계의 핫 이슈인 추론에 대해 배웁니다 , Inference 와 Reasoning 의 차이점은?","Feb 4, 2025",1007,0
2024-12-26,KpBnknONb48,"Plan & Execute - 요즘 AI계의 핫 이슈인 추론에 대해 배웁니다 , Inference 와 Reasoning 의 차이점은?","Feb 4, 2025",1007,0
2024-12-27,KpBnknONb48,"Plan & Execute - 요즘 AI계의 핫 이슈인 추론에 대해 배웁니다 , Inference 와 Reasoning 의 차이점은?","Feb 4, 2025",1007,0
2024-12-28,KpBnknONb48,"Plan & Execute - 요즘 AI계의 핫 이슈인 추론에 대해 배웁니다 , Inference 와 Reasoning 의 차이점은?","Feb 4, 2025",1007,0
2024-12-29,KpBnknONb48,"Plan & Execute - 요즘 AI계의 핫 이슈인 추론에 대해 배웁니다 , Inference 와 Reasoning 의 차이점은?","Feb 4, 2025",1007,0
2024-12-30,KpBnknONb48,"Plan & Execute - 요즘 AI계의 핫 이슈인 추론에 대해 배웁니다 , Inference 와 Reasoning 의 차이점은?","Feb 4, 2025",1007,0
2024-12-31,KpBnknONb48,"Plan & Execute - 요즘 AI계의 핫 이슈인 추론에 대해 배웁니다 , Inference 와 Reasoning 의 차이점은?","Feb 4, 2025",1007,0
2025-01-01,KpBnknONb48,"Plan & Execute - 요즘 AI계의 핫 이슈인 추론에 대해 배웁니다 , Inference 와 Reasoning 의 차이점은?","Feb 4, 2025",1007,0
2025-01-02,KpBnknONb48,"Plan & Execute - 요즘 AI계의 핫 이슈인 추론에 대해 배웁니다 , Inference 와 Reasoning 의 차이점은?","Feb 4, 2025",1007,0
2025-01-03,KpBnknONb48,"Plan & Execute - 요즘 AI계의 핫 이슈인 추론에 대해 배웁니다 , Inference 와 Reasoning 의 차이점은?","Feb 4, 2025",1007,0
2025-01-04,KpBnknONb48,"Plan & Execute - 요즘 AI계의 핫 이슈인 추론에 대해 배웁니다 , Inference 와 Reasoning 의 차이점은?","Feb 4, 2025",1007,0
2025-01-05,KpBnknONb48,"Plan & Execute - 요즘 AI계의 핫 이슈인 추론에 대해 배웁니다 , Inference 와 Reasoning 의 차이점은?","Feb 4, 2025",1007,0
2025-01-06,KpBnknONb48,"Plan & Execute - 요즘 AI계의 핫 이슈인 추론에 대해 배웁니다 , Inference 와 Reasoning 의 차이점은?","Feb 4, 2025",1007,0
2025-01-07,KpBnknONb48,"Plan & Execute - 요즘 AI계의 핫 이슈인 추론에 대해 배웁니다 , Inference 와 Reasoning 의 차이점은?","Feb 4, 2025",1007,0
2025-01-08,KpBnknONb48,"Plan & Execute - 요즘 AI계의 핫 이슈인 추론에 대해 배웁니다 , Inference 와 Reasoning 의 차이점은?","Feb 4, 2025",1007,0
2025-01-09,KpBnknONb48,"Plan & Execute - 요즘 AI계의 핫 이슈인 추론에 대해 배웁니다 , Inference 와 Reasoning 의 차이점은?","Feb 4, 2025",1007,0
2025-01-10,KpBnknONb48,"Plan & Execute - 요즘 AI계의 핫 이슈인 추론에 대해 배웁니다 , Inference 와 Reasoning 의 차이점은?","Feb 4, 2025",1007,0
2025-01-11,KpBnknONb48,"Plan & Execute - 요즘 AI계의 핫 이슈인 추론에 대해 배웁니다 , Inference 와 Reasoning 의 차이점은?","Feb 4, 2025",1007,0
2025-01-12,KpBnknONb48,"Plan & Execute - 요즘 AI계의 핫 이슈인 추론에 대해 배웁니다 , Inference 와 Reasoning 의 차이점은?","Feb 4, 2025",1007,0
2025-01-13,KpBnknONb48,"Plan & Execute - 요즘 AI계의 핫 이슈인 추론에 대해 배웁니다 , Inference 와 Reasoning 의 차이점은?","Feb 4, 2025",1007,0
2025-01-14,KpBnknONb48,"Plan & Execute - 요즘 AI계의 핫 이슈인 추론에 대해 배웁니다 , Inference 와 Reasoning 의 차이점은?","Feb 4, 2025",1007,0
2025-01-15,KpBnknONb48,"Plan & Execute - 요즘 AI계의 핫 이슈인 추론에 대해 배웁니다 , Inference 와 Reasoning 의 차이점은?","Feb 4, 2025",1007,0
2025-01-16,KpBnknONb48,"Plan & Execute - 요즘 AI계의 핫 이슈인 추론에 대해 배웁니다 , Inference 와 Reasoning 의 차이점은?","Feb 4, 2025",1007,0
2025-01-17,KpBnknONb48,"Plan & Execute - 요즘 AI계의 핫 이슈인 추론에 대해 배웁니다 , Inference 와 Reasoning 의 차이점은?","Feb 4, 2025",1007,0
2025-01-18,KpBnknONb48,"Plan & Execute - 요즘 AI계의 핫 이슈인 추론에 대해 배웁니다 , Inference 와 Reasoning 의 차이점은?","Feb 4, 2025",1007,0
2025-01-19,KpBnknONb48,"Plan & Execute - 요즘 AI계의 핫 이슈인 추론에 대해 배웁니다 , Inference 와 Reasoning 의 차이점은?","Feb 4, 2025",1007,0
2025-01-20,KpBnknONb48,"Plan & Execute - 요즘 AI계의 핫 이슈인 추론에 대해 배웁니다 , Inference 와 Reasoning 의 차이점은?","Feb 4, 2025",1007,0
2025-01-21,KpBnknONb48,"Plan & Execute - 요즘 AI계의 핫 이슈인 추론에 대해 배웁니다 , Inference 와 Reasoning 의 차이점은?","Feb 4, 2025",1007,0
2025-01-22,KpBnknONb48,"Plan & Execute - 요즘 AI계의 핫 이슈인 추론에 대해 배웁니다 , Inference 와 Reasoning 의 차이점은?","Feb 4, 2025",1007,0
2025-01-23,KpBnknONb48,"Plan & Execute - 요즘 AI계의 핫 이슈인 추론에 대해 배웁니다 , Inference 와 Reasoning 의 차이점은?","Feb 4, 2025",1007,0
2025-01-24,KpBnknONb48,"Plan & Execute - 요즘 AI계의 핫 이슈인 추론에 대해 배웁니다 , Inference 와 Reasoning 의 차이점은?","Feb 4, 2025",1007,0
2025-01-25,KpBnknONb48,"Plan & Execute - 요즘 AI계의 핫 이슈인 추론에 대해 배웁니다 , Inference 와 Reasoning 의 차이점은?","Feb 4, 2025",1007,0
2025-01-26,KpBnknONb48,"Plan & Execute - 요즘 AI계의 핫 이슈인 추론에 대해 배웁니다 , Inference 와 Reasoning 의 차이점은?","Feb 4, 2025",1007,0
2025-01-27,KpBnknONb48,"Plan & Execute - 요즘 AI계의 핫 이슈인 추론에 대해 배웁니다 , Inference 와 Reasoning 의 차이점은?","Feb 4, 2025",1007,0
2025-01-28,KpBnknONb48,"Plan & Execute - 요즘 AI계의 핫 이슈인 추론에 대해 배웁니다 , Inference 와 Reasoning 의 차이점은?","Feb 4, 2025",1007,0
2025-01-29,KpBnknONb48,"Plan & Execute - 요즘 AI계의 핫 이슈인 추론에 대해 배웁니다 , Inference 와 Reasoning 의 차이점은?","Feb 4, 2025",1007,0
2025-01-30,KpBnknONb48,"Plan & Execute - 요즘 AI계의 핫 이슈인 추론에 대해 배웁니다 , Inference 와 Reasoning 의 차이점은?","Feb 4, 2025",1007,0
2025-01-31,KpBnknONb48,"Plan & Execute - 요즘 AI계의 핫 이슈인 추론에 대해 배웁니다 , Inference 와 Reasoning 의 차이점은?","Feb 4, 2025",1007,0
2025-02-01,KpBnknONb48,"Plan & Execute - 요즘 AI계의 핫 이슈인 추론에 대해 배웁니다 , Inference 와 Reasoning 의 차이점은?","Feb 4, 2025",1007,0
2025-02-02,KpBnknONb48,"Plan & Execute - 요즘 AI계의 핫 이슈인 추론에 대해 배웁니다 , Inference 와 Reasoning 의 차이점은?","Feb 4, 2025",1007,0
2025-02-03,KpBnknONb48,"Plan & Execute - 요즘 AI계의 핫 이슈인 추론에 대해 배웁니다 , Inference 와 Reasoning 의 차이점은?","Feb 4, 2025",1007,0
2025-02-04,KpBnknONb48,"Plan & Execute - 요즘 AI계의 핫 이슈인 추론에 대해 배웁니다 , Inference 와 Reasoning 의 차이점은?","Feb 4, 2025",1007,8.5386
2025-02-05,KpBnknONb48,"Plan & Execute - 요즘 AI계의 핫 이슈인 추론에 대해 배웁니다 , Inference 와 Reasoning 의 차이점은?","Feb 4, 2025",1007,11.8199
2025-02-06,KpBnknONb48,"Plan & Execute - 요즘 AI계의 핫 이슈인 추론에 대해 배웁니다 , Inference 와 Reasoning 의 차이점은?","Feb 4, 2025",1007,7.9288
2025-02-07,KpBnknONb48,"Plan & Execute - 요즘 AI계의 핫 이슈인 추론에 대해 배웁니다 , Inference 와 Reasoning 의 차이점은?","Feb 4, 2025",1007,8.6618
2025-02-08,KpBnknONb48,"Plan & Execute - 요즘 AI계의 핫 이슈인 추론에 대해 배웁니다 , Inference 와 Reasoning 의 차이점은?","Feb 4, 2025",1007,4.7027
2025-02-09,KpBnknONb48,"Plan & Execute - 요즘 AI계의 핫 이슈인 추론에 대해 배웁니다 , Inference 와 Reasoning 의 차이점은?","Feb 4, 2025",1007,2.4726
2025-02-10,KpBnknONb48,"Plan & Execute - 요즘 AI계의 핫 이슈인 추론에 대해 배웁니다 , Inference 와 Reasoning 의 차이점은?","Feb 4, 2025",1007,0.6395
2025-02-11,KpBnknONb48,"Plan & Execute - 요즘 AI계의 핫 이슈인 추론에 대해 배웁니다 , Inference 와 Reasoning 의 차이점은?","Feb 4, 2025",1007,2.3819
2025-02-12,KpBnknONb48,"Plan & Execute - 요즘 AI계의 핫 이슈인 추론에 대해 배웁니다 , Inference 와 Reasoning 의 차이점은?","Feb 4, 2025",1007,2.336
2025-02-13,KpBnknONb48,"Plan & Execute - 요즘 AI계의 핫 이슈인 추론에 대해 배웁니다 , Inference 와 Reasoning 의 차이점은?","Feb 4, 2025",1007,1.5876
2025-02-14,KpBnknONb48,"Plan & Execute - 요즘 AI계의 핫 이슈인 추론에 대해 배웁니다 , Inference 와 Reasoning 의 차이점은?","Feb 4, 2025",1007,1.0234
2025-02-15,KpBnknONb48,"Plan & Execute - 요즘 AI계의 핫 이슈인 추론에 대해 배웁니다 , Inference 와 Reasoning 의 차이점은?","Feb 4, 2025",1007,0.9829
2025-02-16,KpBnknONb48,"Plan & Execute - 요즘 AI계의 핫 이슈인 추론에 대해 배웁니다 , Inference 와 Reasoning 의 차이점은?","Feb 4, 2025",1007,0.6413
2025-02-17,KpBnknONb48,"Plan & Execute - 요즘 AI계의 핫 이슈인 추론에 대해 배웁니다 , Inference 와 Reasoning 의 차이점은?","Feb 4, 2025",1007,1.3282
2025-02-18,KpBnknONb48,"Plan & Execute - 요즘 AI계의 핫 이슈인 추론에 대해 배웁니다 , Inference 와 Reasoning 의 차이점은?","Feb 4, 2025",1007,0.889
2025-02-19,KpBnknONb48,"Plan & Execute - 요즘 AI계의 핫 이슈인 추론에 대해 배웁니다 , Inference 와 Reasoning 의 차이점은?","Feb 4, 2025",1007,2.2598
2025-02-20,KpBnknONb48,"Plan & Execute - 요즘 AI계의 핫 이슈인 추론에 대해 배웁니다 , Inference 와 Reasoning 의 차이점은?","Feb 4, 2025",1007,1.3857
2025-02-21,KpBnknONb48,"Plan & Execute - 요즘 AI계의 핫 이슈인 추론에 대해 배웁니다 , Inference 와 Reasoning 의 차이점은?","Feb 4, 2025",1007,0.6719
2025-02-22,KpBnknONb48,"Plan & Execute - 요즘 AI계의 핫 이슈인 추론에 대해 배웁니다 , Inference 와 Reasoning 의 차이점은?","Feb 4, 2025",1007,0.4141
2025-02-23,KpBnknONb48,"Plan & Execute - 요즘 AI계의 핫 이슈인 추론에 대해 배웁니다 , Inference 와 Reasoning 의 차이점은?","Feb 4, 2025",1007,0.8945
2025-02-24,KpBnknONb48,"Plan & Execute - 요즘 AI계의 핫 이슈인 추론에 대해 배웁니다 , Inference 와 Reasoning 의 차이점은?","Feb 4, 2025",1007,1.1771
2025-02-25,KpBnknONb48,"Plan & Execute - 요즘 AI계의 핫 이슈인 추론에 대해 배웁니다 , Inference 와 Reasoning 의 차이점은?","Feb 4, 2025",1007,0.6994
2025-02-26,KpBnknONb48,"Plan & Execute - 요즘 AI계의 핫 이슈인 추론에 대해 배웁니다 , Inference 와 Reasoning 의 차이점은?","Feb 4, 2025",1007,1.3196
2025-02-27,KpBnknONb48,"Plan & Execute - 요즘 AI계의 핫 이슈인 추론에 대해 배웁니다 , Inference 와 Reasoning 의 차이점은?","Feb 4, 2025",1007,1.0719
2025-02-28,KpBnknONb48,"Plan & Execute - 요즘 AI계의 핫 이슈인 추론에 대해 배웁니다 , Inference 와 Reasoning 의 차이점은?","Feb 4, 2025",1007,0.4265
2025-03-01,KpBnknONb48,"Plan & Execute - 요즘 AI계의 핫 이슈인 추론에 대해 배웁니다 , Inference 와 Reasoning 의 차이점은?","Feb 4, 2025",1007,0.1495
2025-03-02,KpBnknONb48,"Plan & Execute - 요즘 AI계의 핫 이슈인 추론에 대해 배웁니다 , Inference 와 Reasoning 의 차이점은?","Feb 4, 2025",1007,0.5115
2025-03-03,KpBnknONb48,"Plan & Execute - 요즘 AI계의 핫 이슈인 추론에 대해 배웁니다 , Inference 와 Reasoning 의 차이점은?","Feb 4, 2025",1007,0.302
2025-03-04,KpBnknONb48,"Plan & Execute - 요즘 AI계의 핫 이슈인 추론에 대해 배웁니다 , Inference 와 Reasoning 의 차이점은?","Feb 4, 2025",1007,0.6137
2025-03-05,KpBnknONb48,"Plan & Execute - 요즘 AI계의 핫 이슈인 추론에 대해 배웁니다 , Inference 와 Reasoning 의 차이점은?","Feb 4, 2025",1007,0.2856
2025-03-06,KpBnknONb48,"Plan & Execute - 요즘 AI계의 핫 이슈인 추론에 대해 배웁니다 , Inference 와 Reasoning 의 차이점은?","Feb 4, 2025",1007,0.8571
2025-03-07,KpBnknONb48,"Plan & Execute - 요즘 AI계의 핫 이슈인 추론에 대해 배웁니다 , Inference 와 Reasoning 의 차이점은?","Feb 4, 2025",1007,0.5335
2025-03-08,KpBnknONb48,"Plan & Execute - 요즘 AI계의 핫 이슈인 추론에 대해 배웁니다 , Inference 와 Reasoning 의 차이점은?","Feb 4, 2025",1007,0.3854
2025-03-09,KpBnknONb48,"Plan & Execute - 요즘 AI계의 핫 이슈인 추론에 대해 배웁니다 , Inference 와 Reasoning 의 차이점은?","Feb 4, 2025",1007,0.1949
2025-03-10,KpBnknONb48,"Plan & Execute - 요즘 AI계의 핫 이슈인 추론에 대해 배웁니다 , Inference 와 Reasoning 의 차이점은?","Feb 4, 2025",1007,0.6705
2025-03-11,KpBnknONb48,"Plan & Execute - 요즘 AI계의 핫 이슈인 추론에 대해 배웁니다 , Inference 와 Reasoning 의 차이점은?","Feb 4, 2025",1007,0.5135
2025-03-12,KpBnknONb48,"Plan & Execute - 요즘 AI계의 핫 이슈인 추론에 대해 배웁니다 , Inference 와 Reasoning 의 차이점은?","Feb 4, 2025",1007,0
2025-03-13,KpBnknONb48,"Plan & Execute - 요즘 AI계의 핫 이슈인 추론에 대해 배웁니다 , Inference 와 Reasoning 의 차이점은?","Feb 4, 2025",1007,0.5372
2025-03-14,KpBnknONb48,"Plan & Execute - 요즘 AI계의 핫 이슈인 추론에 대해 배웁니다 , Inference 와 Reasoning 의 차이점은?","Feb 4, 2025",1007,0.0152
2025-03-15,KpBnknONb48,"Plan & Execute - 요즘 AI계의 핫 이슈인 추론에 대해 배웁니다 , Inference 와 Reasoning 의 차이점은?","Feb 4, 2025",1007,0.3164
2025-03-16,KpBnknONb48,"Plan & Execute - 요즘 AI계의 핫 이슈인 추론에 대해 배웁니다 , Inference 와 Reasoning 의 차이점은?","Feb 4, 2025",1007,0.1253
2025-03-17,KpBnknONb48,"Plan & Execute - 요즘 AI계의 핫 이슈인 추론에 대해 배웁니다 , Inference 와 Reasoning 의 차이점은?","Feb 4, 2025",1007,0.5459
2025-03-18,KpBnknONb48,"Plan & Execute - 요즘 AI계의 핫 이슈인 추론에 대해 배웁니다 , Inference 와 Reasoning 의 차이점은?","Feb 4, 2025",1007,0.4534
2025-03-19,KpBnknONb48,"Plan & Execute - 요즘 AI계의 핫 이슈인 추론에 대해 배웁니다 , Inference 와 Reasoning 의 차이점은?","Feb 4, 2025",1007,0.7315
2025-03-20,KpBnknONb48,"Plan & Execute - 요즘 AI계의 핫 이슈인 추론에 대해 배웁니다 , Inference 와 Reasoning 의 차이점은?","Feb 4, 2025",1007,0.6734
2025-03-21,KpBnknONb48,"Plan & Execute - 요즘 AI계의 핫 이슈인 추론에 대해 배웁니다 , Inference 와 Reasoning 의 차이점은?","Feb 4, 2025",1007,0.6656
2025-03-22,KpBnknONb48,"Plan & Execute - 요즘 AI계의 핫 이슈인 추론에 대해 배웁니다 , Inference 와 Reasoning 의 차이점은?","Feb 4, 2025",1007,0.1698
2025-03-23,KpBnknONb48,"Plan & Execute - 요즘 AI계의 핫 이슈인 추론에 대해 배웁니다 , Inference 와 Reasoning 의 차이점은?","Feb 4, 2025",1007,0.5198
2025-03-24,KpBnknONb48,"Plan & Execute - 요즘 AI계의 핫 이슈인 추론에 대해 배웁니다 , Inference 와 Reasoning 의 차이점은?","Feb 4, 2025",1007,0.3833
2025-03-25,KpBnknONb48,"Plan & Execute - 요즘 AI계의 핫 이슈인 추론에 대해 배웁니다 , Inference 와 Reasoning 의 차이점은?","Feb 4, 2025",1007,1.1369
2025-03-26,KpBnknONb48,"Plan & Execute - 요즘 AI계의 핫 이슈인 추론에 대해 배웁니다 , Inference 와 Reasoning 의 차이점은?","Feb 4, 2025",1007,0.5614
2025-03-27,KpBnknONb48,"Plan & Execute - 요즘 AI계의 핫 이슈인 추론에 대해 배웁니다 , Inference 와 Reasoning 의 차이점은?","Feb 4, 2025",1007,0.2175
2025-03-28,KpBnknONb48,"Plan & Execute - 요즘 AI계의 핫 이슈인 추론에 대해 배웁니다 , Inference 와 Reasoning 의 차이점은?","Feb 4, 2025",1007,0.1018
2025-03-29,KpBnknONb48,"Plan & Execute - 요즘 AI계의 핫 이슈인 추론에 대해 배웁니다 , Inference 와 Reasoning 의 차이점은?","Feb 4, 2025",1007,0.2132
2025-03-30,KpBnknONb48,"Plan & Execute - 요즘 AI계의 핫 이슈인 추론에 대해 배웁니다 , Inference 와 Reasoning 의 차이점은?","Feb 4, 2025",1007,0.4196
2025-03-31,KpBnknONb48,"Plan & Execute - 요즘 AI계의 핫 이슈인 추론에 대해 배웁니다 , Inference 와 Reasoning 의 차이점은?","Feb 4, 2025",1007,0.4024
2025-04-01,KpBnknONb48,"Plan & Execute - 요즘 AI계의 핫 이슈인 추론에 대해 배웁니다 , Inference 와 Reasoning 의 차이점은?","Feb 4, 2025",1007,0.4003
2025-04-02,KpBnknONb48,"Plan & Execute - 요즘 AI계의 핫 이슈인 추론에 대해 배웁니다 , Inference 와 Reasoning 의 차이점은?","Feb 4, 2025",1007,0.7915
2025-04-03,KpBnknONb48,"Plan & Execute - 요즘 AI계의 핫 이슈인 추론에 대해 배웁니다 , Inference 와 Reasoning 의 차이점은?","Feb 4, 2025",1007,0.1049
2025-04-04,KpBnknONb48,"Plan & Execute - 요즘 AI계의 핫 이슈인 추론에 대해 배웁니다 , Inference 와 Reasoning 의 차이점은?","Feb 4, 2025",1007,0.0731
2025-04-05,KpBnknONb48,"Plan & Execute - 요즘 AI계의 핫 이슈인 추론에 대해 배웁니다 , Inference 와 Reasoning 의 차이점은?","Feb 4, 2025",1007,0.3949
2025-04-06,KpBnknONb48,"Plan & Execute - 요즘 AI계의 핫 이슈인 추론에 대해 배웁니다 , Inference 와 Reasoning 의 차이점은?","Feb 4, 2025",1007,0.0021
2025-04-07,KpBnknONb48,"Plan & Execute - 요즘 AI계의 핫 이슈인 추론에 대해 배웁니다 , Inference 와 Reasoning 의 차이점은?","Feb 4, 2025",1007,0.1808
2025-04-08,KpBnknONb48,"Plan & Execute - 요즘 AI계의 핫 이슈인 추론에 대해 배웁니다 , Inference 와 Reasoning 의 차이점은?","Feb 4, 2025",1007,0.1429
2025-04-09,KpBnknONb48,"Plan & Execute - 요즘 AI계의 핫 이슈인 추론에 대해 배웁니다 , Inference 와 Reasoning 의 차이점은?","Feb 4, 2025",1007,0.4676
2025-04-10,KpBnknONb48,"Plan & Execute - 요즘 AI계의 핫 이슈인 추론에 대해 배웁니다 , Inference 와 Reasoning 의 차이점은?","Feb 4, 2025",1007,0.3607
2025-04-11,KpBnknONb48,"Plan & Execute - 요즘 AI계의 핫 이슈인 추론에 대해 배웁니다 , Inference 와 Reasoning 의 차이점은?","Feb 4, 2025",1007,0.2296
2025-04-12,KpBnknONb48,"Plan & Execute - 요즘 AI계의 핫 이슈인 추론에 대해 배웁니다 , Inference 와 Reasoning 의 차이점은?","Feb 4, 2025",1007,0.1282
2025-04-13,KpBnknONb48,"Plan & Execute - 요즘 AI계의 핫 이슈인 추론에 대해 배웁니다 , Inference 와 Reasoning 의 차이점은?","Feb 4, 2025",1007,0.7177
2025-04-14,KpBnknONb48,"Plan & Execute - 요즘 AI계의 핫 이슈인 추론에 대해 배웁니다 , Inference 와 Reasoning 의 차이점은?","Feb 4, 2025",1007,0.0903
2025-04-15,KpBnknONb48,"Plan & Execute - 요즘 AI계의 핫 이슈인 추론에 대해 배웁니다 , Inference 와 Reasoning 의 차이점은?","Feb 4, 2025",1007,0.7786
2025-04-16,KpBnknONb48,"Plan & Execute - 요즘 AI계의 핫 이슈인 추론에 대해 배웁니다 , Inference 와 Reasoning 의 차이점은?","Feb 4, 2025",1007,0.2985
2025-04-17,KpBnknONb48,"Plan & Execute - 요즘 AI계의 핫 이슈인 추론에 대해 배웁니다 , Inference 와 Reasoning 의 차이점은?","Feb 4, 2025",1007,0
2025-04-18,KpBnknONb48,"Plan & Execute - 요즘 AI계의 핫 이슈인 추론에 대해 배웁니다 , Inference 와 Reasoning 의 차이점은?","Feb 4, 2025",1007,0.4958
2025-04-19,KpBnknONb48,"Plan & Execute - 요즘 AI계의 핫 이슈인 추론에 대해 배웁니다 , Inference 와 Reasoning 의 차이점은?","Feb 4, 2025",1007,0.2455
2025-04-20,KpBnknONb48,"Plan & Execute - 요즘 AI계의 핫 이슈인 추론에 대해 배웁니다 , Inference 와 Reasoning 의 차이점은?","Feb 4, 2025",1007,0.6708
2025-04-21,KpBnknONb48,"Plan & Execute - 요즘 AI계의 핫 이슈인 추론에 대해 배웁니다 , Inference 와 Reasoning 의 차이점은?","Feb 4, 2025",1007,0.5453
2025-04-22,KpBnknONb48,"Plan & Execute - 요즘 AI계의 핫 이슈인 추론에 대해 배웁니다 , Inference 와 Reasoning 의 차이점은?","Feb 4, 2025",1007,0.5076
2025-04-23,KpBnknONb48,"Plan & Execute - 요즘 AI계의 핫 이슈인 추론에 대해 배웁니다 , Inference 와 Reasoning 의 차이점은?","Feb 4, 2025",1007,0.1218
2025-04-24,KpBnknONb48,"Plan & Execute - 요즘 AI계의 핫 이슈인 추론에 대해 배웁니다 , Inference 와 Reasoning 의 차이점은?","Feb 4, 2025",1007,0.3278
2025-04-25,KpBnknONb48,"Plan & Execute - 요즘 AI계의 핫 이슈인 추론에 대해 배웁니다 , Inference 와 Reasoning 의 차이점은?","Feb 4, 2025",1007,0.0541
2025-04-26,KpBnknONb48,"Plan & Execute - 요즘 AI계의 핫 이슈인 추론에 대해 배웁니다 , Inference 와 Reasoning 의 차이점은?","Feb 4, 2025",1007,0.5183
2025-04-27,KpBnknONb48,"Plan & Execute - 요즘 AI계의 핫 이슈인 추론에 대해 배웁니다 , Inference 와 Reasoning 의 차이점은?","Feb 4, 2025",1007,0.444
2025-04-28,KpBnknONb48,"Plan & Execute - 요즘 AI계의 핫 이슈인 추론에 대해 배웁니다 , Inference 와 Reasoning 의 차이점은?","Feb 4, 2025",1007,0.1564
2025-04-29,KpBnknONb48,"Plan & Execute - 요즘 AI계의 핫 이슈인 추론에 대해 배웁니다 , Inference 와 Reasoning 의 차이점은?","Feb 4, 2025",1007,0.0085
2025-04-30,KpBnknONb48,"Plan & Execute - 요즘 AI계의 핫 이슈인 추론에 대해 배웁니다 , Inference 와 Reasoning 의 차이점은?","Feb 4, 2025",1007,0
2025-05-01,KpBnknONb48,"Plan & Execute - 요즘 AI계의 핫 이슈인 추론에 대해 배웁니다 , Inference 와 Reasoning 의 차이점은?","Feb 4, 2025",1007,0.194
2025-05-02,KpBnknONb48,"Plan & Execute - 요즘 AI계의 핫 이슈인 추론에 대해 배웁니다 , Inference 와 Reasoning 의 차이점은?","Feb 4, 2025",1007,0.0162
2025-05-03,KpBnknONb48,"Plan & Execute - 요즘 AI계의 핫 이슈인 추론에 대해 배웁니다 , Inference 와 Reasoning 의 차이점은?","Feb 4, 2025",1007,0.0317
2025-05-04,KpBnknONb48,"Plan & Execute - 요즘 AI계의 핫 이슈인 추론에 대해 배웁니다 , Inference 와 Reasoning 의 차이점은?","Feb 4, 2025",1007,0.4338
2025-05-05,KpBnknONb48,"Plan & Execute - 요즘 AI계의 핫 이슈인 추론에 대해 배웁니다 , Inference 와 Reasoning 의 차이점은?","Feb 4, 2025",1007,0.5554
2025-05-06,KpBnknONb48,"Plan & Execute - 요즘 AI계의 핫 이슈인 추론에 대해 배웁니다 , Inference 와 Reasoning 의 차이점은?","Feb 4, 2025",1007,0.2202
2025-05-07,KpBnknONb48,"Plan & Execute - 요즘 AI계의 핫 이슈인 추론에 대해 배웁니다 , Inference 와 Reasoning 의 차이점은?","Feb 4, 2025",1007,0.1167
2025-05-08,KpBnknONb48,"Plan & Execute - 요즘 AI계의 핫 이슈인 추론에 대해 배웁니다 , Inference 와 Reasoning 의 차이점은?","Feb 4, 2025",1007,0.0987
2025-05-09,KpBnknONb48,"Plan & Execute - 요즘 AI계의 핫 이슈인 추론에 대해 배웁니다 , Inference 와 Reasoning 의 차이점은?","Feb 4, 2025",1007,0.0061
2025-05-10,KpBnknONb48,"Plan & Execute - 요즘 AI계의 핫 이슈인 추론에 대해 배웁니다 , Inference 와 Reasoning 의 차이점은?","Feb 4, 2025",1007,0.4062
2025-05-11,KpBnknONb48,"Plan & Execute - 요즘 AI계의 핫 이슈인 추론에 대해 배웁니다 , Inference 와 Reasoning 의 차이점은?","Feb 4, 2025",1007,0.2868
2025-05-12,KpBnknONb48,"Plan & Execute - 요즘 AI계의 핫 이슈인 추론에 대해 배웁니다 , Inference 와 Reasoning 의 차이점은?","Feb 4, 2025",1007,0.5776
2025-05-13,KpBnknONb48,"Plan & Execute - 요즘 AI계의 핫 이슈인 추론에 대해 배웁니다 , Inference 와 Reasoning 의 차이점은?","Feb 4, 2025",1007,0.3029
2025-05-14,KpBnknONb48,"Plan & Execute - 요즘 AI계의 핫 이슈인 추론에 대해 배웁니다 , Inference 와 Reasoning 의 차이점은?","Feb 4, 2025",1007,0.227
2025-05-15,KpBnknONb48,"Plan & Execute - 요즘 AI계의 핫 이슈인 추론에 대해 배웁니다 , Inference 와 Reasoning 의 차이점은?","Feb 4, 2025",1007,0.0083
2025-05-16,KpBnknONb48,"Plan & Execute - 요즘 AI계의 핫 이슈인 추론에 대해 배웁니다 , Inference 와 Reasoning 의 차이점은?","Feb 4, 2025",1007,0.3582
2025-05-17,KpBnknONb48,"Plan & Execute - 요즘 AI계의 핫 이슈인 추론에 대해 배웁니다 , Inference 와 Reasoning 의 차이점은?","Feb 4, 2025",1007,0.2589
2025-05-18,KpBnknONb48,"Plan & Execute - 요즘 AI계의 핫 이슈인 추론에 대해 배웁니다 , Inference 와 Reasoning 의 차이점은?","Feb 4, 2025",1007,0.5415
2025-05-19,KpBnknONb48,"Plan & Execute - 요즘 AI계의 핫 이슈인 추론에 대해 배웁니다 , Inference 와 Reasoning 의 차이점은?","Feb 4, 2025",1007,0.0159
2025-05-20,KpBnknONb48,"Plan & Execute - 요즘 AI계의 핫 이슈인 추론에 대해 배웁니다 , Inference 와 Reasoning 의 차이점은?","Feb 4, 2025",1007,0.3994
2025-05-21,KpBnknONb48,"Plan & Execute - 요즘 AI계의 핫 이슈인 추론에 대해 배웁니다 , Inference 와 Reasoning 의 차이점은?","Feb 4, 2025",1007,0.2034
2025-05-22,KpBnknONb48,"Plan & Execute - 요즘 AI계의 핫 이슈인 추론에 대해 배웁니다 , Inference 와 Reasoning 의 차이점은?","Feb 4, 2025",1007,0.1174
2025-05-23,KpBnknONb48,"Plan & Execute - 요즘 AI계의 핫 이슈인 추론에 대해 배웁니다 , Inference 와 Reasoning 의 차이점은?","Feb 4, 2025",1007,0.0511
2025-05-24,KpBnknONb48,"Plan & Execute - 요즘 AI계의 핫 이슈인 추론에 대해 배웁니다 , Inference 와 Reasoning 의 차이점은?","Feb 4, 2025",1007,0.0561
2025-05-25,KpBnknONb48,"Plan & Execute - 요즘 AI계의 핫 이슈인 추론에 대해 배웁니다 , Inference 와 Reasoning 의 차이점은?","Feb 4, 2025",1007,0.564
2025-05-26,KpBnknONb48,"Plan & Execute - 요즘 AI계의 핫 이슈인 추론에 대해 배웁니다 , Inference 와 Reasoning 의 차이점은?","Feb 4, 2025",1007,0.3339
2025-05-27,KpBnknONb48,"Plan & Execute - 요즘 AI계의 핫 이슈인 추론에 대해 배웁니다 , Inference 와 Reasoning 의 차이점은?","Feb 4, 2025",1007,0
2025-05-28,KpBnknONb48,"Plan & Execute - 요즘 AI계의 핫 이슈인 추론에 대해 배웁니다 , Inference 와 Reasoning 의 차이점은?","Feb 4, 2025",1007,0.6276
2025-05-29,KpBnknONb48,"Plan & Execute - 요즘 AI계의 핫 이슈인 추론에 대해 배웁니다 , Inference 와 Reasoning 의 차이점은?","Feb 4, 2025",1007,0.0537
2025-05-30,KpBnknONb48,"Plan & Execute - 요즘 AI계의 핫 이슈인 추론에 대해 배웁니다 , Inference 와 Reasoning 의 차이점은?","Feb 4, 2025",1007,0.0576
2025-05-31,KpBnknONb48,"Plan & Execute - 요즘 AI계의 핫 이슈인 추론에 대해 배웁니다 , Inference 와 Reasoning 의 차이점은?","Feb 4, 2025",1007,0.1102
2025-06-01,KpBnknONb48,"Plan & Execute - 요즘 AI계의 핫 이슈인 추론에 대해 배웁니다 , Inference 와 Reasoning 의 차이점은?","Feb 4, 2025",1007,0.0312
2025-06-02,KpBnknONb48,"Plan & Execute - 요즘 AI계의 핫 이슈인 추론에 대해 배웁니다 , Inference 와 Reasoning 의 차이점은?","Feb 4, 2025",1007,0.2993
2025-06-03,KpBnknONb48,"Plan & Execute - 요즘 AI계의 핫 이슈인 추론에 대해 배웁니다 , Inference 와 Reasoning 의 차이점은?","Feb 4, 2025",1007,0.2177
2025-06-04,KpBnknONb48,"Plan & Execute - 요즘 AI계의 핫 이슈인 추론에 대해 배웁니다 , Inference 와 Reasoning 의 차이점은?","Feb 4, 2025",1007,0.1703
2025-06-05,KpBnknONb48,"Plan & Execute - 요즘 AI계의 핫 이슈인 추론에 대해 배웁니다 , Inference 와 Reasoning 의 차이점은?","Feb 4, 2025",1007,0.5015
2025-06-06,KpBnknONb48,"Plan & Execute - 요즘 AI계의 핫 이슈인 추론에 대해 배웁니다 , Inference 와 Reasoning 의 차이점은?","Feb 4, 2025",1007,0.3976
2025-06-07,KpBnknONb48,"Plan & Execute - 요즘 AI계의 핫 이슈인 추론에 대해 배웁니다 , Inference 와 Reasoning 의 차이점은?","Feb 4, 2025",1007,0.7043
2025-06-08,KpBnknONb48,"Plan & Execute - 요즘 AI계의 핫 이슈인 추론에 대해 배웁니다 , Inference 와 Reasoning 의 차이점은?","Feb 4, 2025",1007,0.3425
2025-06-09,KpBnknONb48,"Plan & Execute - 요즘 AI계의 핫 이슈인 추론에 대해 배웁니다 , Inference 와 Reasoning 의 차이점은?","Feb 4, 2025",1007,0.0924
2025-06-10,KpBnknONb48,"Plan & Execute - 요즘 AI계의 핫 이슈인 추론에 대해 배웁니다 , Inference 와 Reasoning 의 차이점은?","Feb 4, 2025",1007,0.1827
2025-06-11,KpBnknONb48,"Plan & Execute - 요즘 AI계의 핫 이슈인 추론에 대해 배웁니다 , Inference 와 Reasoning 의 차이점은?","Feb 4, 2025",1007,0.0732
2025-06-12,KpBnknONb48,"Plan & Execute - 요즘 AI계의 핫 이슈인 추론에 대해 배웁니다 , Inference 와 Reasoning 의 차이점은?","Feb 4, 2025",1007,0.7883
2025-06-13,KpBnknONb48,"Plan & Execute - 요즘 AI계의 핫 이슈인 추론에 대해 배웁니다 , Inference 와 Reasoning 의 차이점은?","Feb 4, 2025",1007,0.1193
2025-06-14,KpBnknONb48,"Plan & Execute - 요즘 AI계의 핫 이슈인 추론에 대해 배웁니다 , Inference 와 Reasoning 의 차이점은?","Feb 4, 2025",1007,0.3001
2025-06-15,KpBnknONb48,"Plan & Execute - 요즘 AI계의 핫 이슈인 추론에 대해 배웁니다 , Inference 와 Reasoning 의 차이점은?","Feb 4, 2025",1007,0.4287
2025-06-16,KpBnknONb48,"Plan & Execute - 요즘 AI계의 핫 이슈인 추론에 대해 배웁니다 , Inference 와 Reasoning 의 차이점은?","Feb 4, 2025",1007,0.5309
2025-06-17,KpBnknONb48,"Plan & Execute - 요즘 AI계의 핫 이슈인 추론에 대해 배웁니다 , Inference 와 Reasoning 의 차이점은?","Feb 4, 2025",1007,0.8756
2025-06-18,KpBnknONb48,"Plan & Execute - 요즘 AI계의 핫 이슈인 추론에 대해 배웁니다 , Inference 와 Reasoning 의 차이점은?","Feb 4, 2025",1007,0.1157
2025-06-19,KpBnknONb48,"Plan & Execute - 요즘 AI계의 핫 이슈인 추론에 대해 배웁니다 , Inference 와 Reasoning 의 차이점은?","Feb 4, 2025",1007,0.0734
2025-06-20,KpBnknONb48,"Plan & Execute - 요즘 AI계의 핫 이슈인 추론에 대해 배웁니다 , Inference 와 Reasoning 의 차이점은?","Feb 4, 2025",1007,0.5357
2025-06-21,KpBnknONb48,"Plan & Execute - 요즘 AI계의 핫 이슈인 추론에 대해 배웁니다 , Inference 와 Reasoning 의 차이점은?","Feb 4, 2025",1007,0.0003
2025-06-22,KpBnknONb48,"Plan & Execute - 요즘 AI계의 핫 이슈인 추론에 대해 배웁니다 , Inference 와 Reasoning 의 차이점은?","Feb 4, 2025",1007,0.2991
2025-06-23,KpBnknONb48,"Plan & Execute - 요즘 AI계의 핫 이슈인 추론에 대해 배웁니다 , Inference 와 Reasoning 의 차이점은?","Feb 4, 2025",1007,0
2025-06-24,KpBnknONb48,"Plan & Execute - 요즘 AI계의 핫 이슈인 추론에 대해 배웁니다 , Inference 와 Reasoning 의 차이점은?","Feb 4, 2025",1007,0.2345
2025-06-25,KpBnknONb48,"Plan & Execute - 요즘 AI계의 핫 이슈인 추론에 대해 배웁니다 , Inference 와 Reasoning 의 차이점은?","Feb 4, 2025",1007,0.5137
2025-06-26,KpBnknONb48,"Plan & Execute - 요즘 AI계의 핫 이슈인 추론에 대해 배웁니다 , Inference 와 Reasoning 의 차이점은?","Feb 4, 2025",1007,0.0584
2025-06-27,KpBnknONb48,"Plan & Execute - 요즘 AI계의 핫 이슈인 추론에 대해 배웁니다 , Inference 와 Reasoning 의 차이점은?","Feb 4, 2025",1007,0.2766
2025-06-28,KpBnknONb48,"Plan & Execute - 요즘 AI계의 핫 이슈인 추론에 대해 배웁니다 , Inference 와 Reasoning 의 차이점은?","Feb 4, 2025",1007,0.0607
2025-06-29,KpBnknONb48,"Plan & Execute - 요즘 AI계의 핫 이슈인 추론에 대해 배웁니다 , Inference 와 Reasoning 의 차이점은?","Feb 4, 2025",1007,0.4246
2025-06-30,KpBnknONb48,"Plan & Execute - 요즘 AI계의 핫 이슈인 추론에 대해 배웁니다 , Inference 와 Reasoning 의 차이점은?","Feb 4, 2025",1007,0.2423
2025-07-01,KpBnknONb48,"Plan & Execute - 요즘 AI계의 핫 이슈인 추론에 대해 배웁니다 , Inference 와 Reasoning 의 차이점은?","Feb 4, 2025",1007,0.4835
2025-07-02,KpBnknONb48,"Plan & Execute - 요즘 AI계의 핫 이슈인 추론에 대해 배웁니다 , Inference 와 Reasoning 의 차이점은?","Feb 4, 2025",1007,0.299
2025-07-03,KpBnknONb48,"Plan & Execute - 요즘 AI계의 핫 이슈인 추론에 대해 배웁니다 , Inference 와 Reasoning 의 차이점은?","Feb 4, 2025",1007,0.7575
2025-07-04,KpBnknONb48,"Plan & Execute - 요즘 AI계의 핫 이슈인 추론에 대해 배웁니다 , Inference 와 Reasoning 의 차이점은?","Feb 4, 2025",1007,0.4404
2025-07-05,KpBnknONb48,"Plan & Execute - 요즘 AI계의 핫 이슈인 추론에 대해 배웁니다 , Inference 와 Reasoning 의 차이점은?","Feb 4, 2025",1007,0.1645
2025-07-06,KpBnknONb48,"Plan & Execute - 요즘 AI계의 핫 이슈인 추론에 대해 배웁니다 , Inference 와 Reasoning 의 차이점은?","Feb 4, 2025",1007,0.6961
2025-07-07,KpBnknONb48,"Plan & Execute - 요즘 AI계의 핫 이슈인 추론에 대해 배웁니다 , Inference 와 Reasoning 의 차이점은?","Feb 4, 2025",1007,0.1711
2025-07-08,KpBnknONb48,"Plan & Execute - 요즘 AI계의 핫 이슈인 추론에 대해 배웁니다 , Inference 와 Reasoning 의 차이점은?","Feb 4, 2025",1007,0.3405
2025-07-09,KpBnknONb48,"Plan & Execute - 요즘 AI계의 핫 이슈인 추론에 대해 배웁니다 , Inference 와 Reasoning 의 차이점은?","Feb 4, 2025",1007,0.1531
2025-07-10,KpBnknONb48,"Plan & Execute - 요즘 AI계의 핫 이슈인 추론에 대해 배웁니다 , Inference 와 Reasoning 의 차이점은?","Feb 4, 2025",1007,0.1052
2025-07-11,KpBnknONb48,"Plan & Execute - 요즘 AI계의 핫 이슈인 추론에 대해 배웁니다 , Inference 와 Reasoning 의 차이점은?","Feb 4, 2025",1007,1.6452
2025-07-12,KpBnknONb48,"Plan & Execute - 요즘 AI계의 핫 이슈인 추론에 대해 배웁니다 , Inference 와 Reasoning 의 차이점은?","Feb 4, 2025",1007,0.7184
2025-07-13,KpBnknONb48,"Plan & Execute - 요즘 AI계의 핫 이슈인 추론에 대해 배웁니다 , Inference 와 Reasoning 의 차이점은?","Feb 4, 2025",1007,0.1476
2025-07-14,KpBnknONb48,"Plan & Execute - 요즘 AI계의 핫 이슈인 추론에 대해 배웁니다 , Inference 와 Reasoning 의 차이점은?","Feb 4, 2025",1007,0.8817
2025-07-15,KpBnknONb48,"Plan & Execute - 요즘 AI계의 핫 이슈인 추론에 대해 배웁니다 , Inference 와 Reasoning 의 차이점은?","Feb 4, 2025",1007,0
2025-07-16,KpBnknONb48,"Plan & Execute - 요즘 AI계의 핫 이슈인 추론에 대해 배웁니다 , Inference 와 Reasoning 의 차이점은?","Feb 4, 2025",1007,0.68
2025-07-17,KpBnknONb48,"Plan & Execute - 요즘 AI계의 핫 이슈인 추론에 대해 배웁니다 , Inference 와 Reasoning 의 차이점은?","Feb 4, 2025",1007,0.0074
2025-07-18,KpBnknONb48,"Plan & Execute - 요즘 AI계의 핫 이슈인 추론에 대해 배웁니다 , Inference 와 Reasoning 의 차이점은?","Feb 4, 2025",1007,0.0522
2025-07-19,KpBnknONb48,"Plan & Execute - 요즘 AI계의 핫 이슈인 추론에 대해 배웁니다 , Inference 와 Reasoning 의 차이점은?","Feb 4, 2025",1007,0.0718
2025-07-20,KpBnknONb48,"Plan & Execute - 요즘 AI계의 핫 이슈인 추론에 대해 배웁니다 , Inference 와 Reasoning 의 차이점은?","Feb 4, 2025",1007,0.0743
2025-07-21,KpBnknONb48,"Plan & Execute - 요즘 AI계의 핫 이슈인 추론에 대해 배웁니다 , Inference 와 Reasoning 의 차이점은?","Feb 4, 2025",1007,0.7111
2025-07-22,KpBnknONb48,"Plan & Execute - 요즘 AI계의 핫 이슈인 추론에 대해 배웁니다 , Inference 와 Reasoning 의 차이점은?","Feb 4, 2025",1007,0.1138
2025-07-23,KpBnknONb48,"Plan & Execute - 요즘 AI계의 핫 이슈인 추론에 대해 배웁니다 , Inference 와 Reasoning 의 차이점은?","Feb 4, 2025",1007,0.0525
2025-07-24,KpBnknONb48,"Plan & Execute - 요즘 AI계의 핫 이슈인 추론에 대해 배웁니다 , Inference 와 Reasoning 의 차이점은?","Feb 4, 2025",1007,0.1316
2025-07-25,KpBnknONb48,"Plan & Execute - 요즘 AI계의 핫 이슈인 추론에 대해 배웁니다 , Inference 와 Reasoning 의 차이점은?","Feb 4, 2025",1007,0.0693
2025-07-26,KpBnknONb48,"Plan & Execute - 요즘 AI계의 핫 이슈인 추론에 대해 배웁니다 , Inference 와 Reasoning 의 차이점은?","Feb 4, 2025",1007,0.327
2025-07-27,KpBnknONb48,"Plan & Execute - 요즘 AI계의 핫 이슈인 추론에 대해 배웁니다 , Inference 와 Reasoning 의 차이점은?","Feb 4, 2025",1007,0.1604
2025-07-28,KpBnknONb48,"Plan & Execute - 요즘 AI계의 핫 이슈인 추론에 대해 배웁니다 , Inference 와 Reasoning 의 차이점은?","Feb 4, 2025",1007,0.0201
2025-07-29,KpBnknONb48,"Plan & Execute - 요즘 AI계의 핫 이슈인 추론에 대해 배웁니다 , Inference 와 Reasoning 의 차이점은?","Feb 4, 2025",1007,0.8827
2025-07-30,KpBnknONb48,"Plan & Execute - 요즘 AI계의 핫 이슈인 추론에 대해 배웁니다 , Inference 와 Reasoning 의 차이점은?","Feb 4, 2025",1007,0.5559
2025-07-31,KpBnknONb48,"Plan & Execute - 요즘 AI계의 핫 이슈인 추론에 대해 배웁니다 , Inference 와 Reasoning 의 차이점은?","Feb 4, 2025",1007,0.4132
2025-08-01,KpBnknONb48,"Plan & Execute - 요즘 AI계의 핫 이슈인 추론에 대해 배웁니다 , Inference 와 Reasoning 의 차이점은?","Feb 4, 2025",1007,0.3269
2025-08-02,KpBnknONb48,"Plan & Execute - 요즘 AI계의 핫 이슈인 추론에 대해 배웁니다 , Inference 와 Reasoning 의 차이점은?","Feb 4, 2025",1007,0.4986
2025-08-03,KpBnknONb48,"Plan & Execute - 요즘 AI계의 핫 이슈인 추론에 대해 배웁니다 , Inference 와 Reasoning 의 차이점은?","Feb 4, 2025",1007,0.1532
2025-08-04,KpBnknONb48,"Plan & Execute - 요즘 AI계의 핫 이슈인 추론에 대해 배웁니다 , Inference 와 Reasoning 의 차이점은?","Feb 4, 2025",1007,0.6153
2025-08-05,KpBnknONb48,"Plan & Execute - 요즘 AI계의 핫 이슈인 추론에 대해 배웁니다 , Inference 와 Reasoning 의 차이점은?","Feb 4, 2025",1007,0.0989
2025-08-06,KpBnknONb48,"Plan & Execute - 요즘 AI계의 핫 이슈인 추론에 대해 배웁니다 , Inference 와 Reasoning 의 차이점은?","Feb 4, 2025",1007,0
2025-08-07,KpBnknONb48,"Plan & Execute - 요즘 AI계의 핫 이슈인 추론에 대해 배웁니다 , Inference 와 Reasoning 의 차이점은?","Feb 4, 2025",1007,0.4589
2025-08-08,KpBnknONb48,"Plan & Execute - 요즘 AI계의 핫 이슈인 추론에 대해 배웁니다 , Inference 와 Reasoning 의 차이점은?","Feb 4, 2025",1007,0.31
2025-08-09,KpBnknONb48,"Plan & Execute - 요즘 AI계의 핫 이슈인 추론에 대해 배웁니다 , Inference 와 Reasoning 의 차이점은?","Feb 4, 2025",1007,0
2025-08-10,KpBnknONb48,"Plan & Execute - 요즘 AI계의 핫 이슈인 추론에 대해 배웁니다 , Inference 와 Reasoning 의 차이점은?","Feb 4, 2025",1007,0.2063
2025-08-11,KpBnknONb48,"Plan & Execute - 요즘 AI계의 핫 이슈인 추론에 대해 배웁니다 , Inference 와 Reasoning 의 차이점은?","Feb 4, 2025",1007,0.3825
2025-08-12,KpBnknONb48,"Plan & Execute - 요즘 AI계의 핫 이슈인 추론에 대해 배웁니다 , Inference 와 Reasoning 의 차이점은?","Feb 4, 2025",1007,0.027
2025-08-13,KpBnknONb48,"Plan & Execute - 요즘 AI계의 핫 이슈인 추론에 대해 배웁니다 , Inference 와 Reasoning 의 차이점은?","Feb 4, 2025",1007,0.4253
2025-08-14,KpBnknONb48,"Plan & Execute - 요즘 AI계의 핫 이슈인 추론에 대해 배웁니다 , Inference 와 Reasoning 의 차이점은?","Feb 4, 2025",1007,0.3535
2025-08-15,KpBnknONb48,"Plan & Execute - 요즘 AI계의 핫 이슈인 추론에 대해 배웁니다 , Inference 와 Reasoning 의 차이점은?","Feb 4, 2025",1007,0.3068
2025-08-16,KpBnknONb48,"Plan & Execute - 요즘 AI계의 핫 이슈인 추론에 대해 배웁니다 , Inference 와 Reasoning 의 차이점은?","Feb 4, 2025",1007,0.1749
2025-08-17,KpBnknONb48,"Plan & Execute - 요즘 AI계의 핫 이슈인 추론에 대해 배웁니다 , Inference 와 Reasoning 의 차이점은?","Feb 4, 2025",1007,0.1965
2025-08-18,KpBnknONb48,"Plan & Execute - 요즘 AI계의 핫 이슈인 추론에 대해 배웁니다 , Inference 와 Reasoning 의 차이점은?","Feb 4, 2025",1007,0.2245
2025-08-19,KpBnknONb48,"Plan & Execute - 요즘 AI계의 핫 이슈인 추론에 대해 배웁니다 , Inference 와 Reasoning 의 차이점은?","Feb 4, 2025",1007,0.2982
2025-08-20,KpBnknONb48,"Plan & Execute - 요즘 AI계의 핫 이슈인 추론에 대해 배웁니다 , Inference 와 Reasoning 의 차이점은?","Feb 4, 2025",1007,0.3718
2025-08-21,KpBnknONb48,"Plan & Execute - 요즘 AI계의 핫 이슈인 추론에 대해 배웁니다 , Inference 와 Reasoning 의 차이점은?","Feb 4, 2025",1007,0
2025-08-22,KpBnknONb48,"Plan & Execute - 요즘 AI계의 핫 이슈인 추론에 대해 배웁니다 , Inference 와 Reasoning 의 차이점은?","Feb 4, 2025",1007,0.003
2025-08-23,KpBnknONb48,"Plan & Execute - 요즘 AI계의 핫 이슈인 추론에 대해 배웁니다 , Inference 와 Reasoning 의 차이점은?","Feb 4, 2025",1007,0.0442
2025-08-24,KpBnknONb48,"Plan & Execute - 요즘 AI계의 핫 이슈인 추론에 대해 배웁니다 , Inference 와 Reasoning 의 차이점은?","Feb 4, 2025",1007,0.3218
2025-08-25,KpBnknONb48,"Plan & Execute - 요즘 AI계의 핫 이슈인 추론에 대해 배웁니다 , Inference 와 Reasoning 의 차이점은?","Feb 4, 2025",1007,0.772
2025-08-26,KpBnknONb48,"Plan & Execute - 요즘 AI계의 핫 이슈인 추론에 대해 배웁니다 , Inference 와 Reasoning 의 차이점은?","Feb 4, 2025",1007,0.2956
2025-08-27,KpBnknONb48,"Plan & Execute - 요즘 AI계의 핫 이슈인 추론에 대해 배웁니다 , Inference 와 Reasoning 의 차이점은?","Feb 4, 2025",1007,0.4111
2025-08-28,KpBnknONb48,"Plan & Execute - 요즘 AI계의 핫 이슈인 추론에 대해 배웁니다 , Inference 와 Reasoning 의 차이점은?","Feb 4, 2025",1007,0
2025-08-29,KpBnknONb48,"Plan & Execute - 요즘 AI계의 핫 이슈인 추론에 대해 배웁니다 , Inference 와 Reasoning 의 차이점은?","Feb 4, 2025",1007,0.1025
2025-08-30,KpBnknONb48,"Plan & Execute - 요즘 AI계의 핫 이슈인 추론에 대해 배웁니다 , Inference 와 Reasoning 의 차이점은?","Feb 4, 2025",1007,0.2355
2025-08-31,KpBnknONb48,"Plan & Execute - 요즘 AI계의 핫 이슈인 추론에 대해 배웁니다 , Inference 와 Reasoning 의 차이점은?","Feb 4, 2025",1007,0.2867
2025-09-01,KpBnknONb48,"Plan & Execute - 요즘 AI계의 핫 이슈인 추론에 대해 배웁니다 , Inference 와 Reasoning 의 차이점은?","Feb 4, 2025",1007,0.3728
2025-09-02,KpBnknONb48,"Plan & Execute - 요즘 AI계의 핫 이슈인 추론에 대해 배웁니다 , Inference 와 Reasoning 의 차이점은?","Feb 4, 2025",1007,0.4913
2025-09-03,KpBnknONb48,"Plan & Execute - 요즘 AI계의 핫 이슈인 추론에 대해 배웁니다 , Inference 와 Reasoning 의 차이점은?","Feb 4, 2025",1007,0.2319
2025-09-04,KpBnknONb48,"Plan & Execute - 요즘 AI계의 핫 이슈인 추론에 대해 배웁니다 , Inference 와 Reasoning 의 차이점은?","Feb 4, 2025",1007,0.1102
2025-09-05,KpBnknONb48,"Plan & Execute - 요즘 AI계의 핫 이슈인 추론에 대해 배웁니다 , Inference 와 Reasoning 의 차이점은?","Feb 4, 2025",1007,0.0442
2025-09-06,KpBnknONb48,"Plan & Execute - 요즘 AI계의 핫 이슈인 추론에 대해 배웁니다 , Inference 와 Reasoning 의 차이점은?","Feb 4, 2025",1007,0.0013
2025-09-07,KpBnknONb48,"Plan & Execute - 요즘 AI계의 핫 이슈인 추론에 대해 배웁니다 , Inference 와 Reasoning 의 차이점은?","Feb 4, 2025",1007,0.1519
2025-09-08,KpBnknONb48,"Plan & Execute - 요즘 AI계의 핫 이슈인 추론에 대해 배웁니다 , Inference 와 Reasoning 의 차이점은?","Feb 4, 2025",1007,0.0097
2025-09-09,KpBnknONb48,"Plan & Execute - 요즘 AI계의 핫 이슈인 추론에 대해 배웁니다 , Inference 와 Reasoning 의 차이점은?","Feb 4, 2025",1007,0.1644
2025-09-10,KpBnknONb48,"Plan & Execute - 요즘 AI계의 핫 이슈인 추론에 대해 배웁니다 , Inference 와 Reasoning 의 차이점은?","Feb 4, 2025",1007,0.2807
2025-09-11,KpBnknONb48,"Plan & Execute - 요즘 AI계의 핫 이슈인 추론에 대해 배웁니다 , Inference 와 Reasoning 의 차이점은?","Feb 4, 2025",1007,0
2025-09-12,KpBnknONb48,"Plan & Execute - 요즘 AI계의 핫 이슈인 추론에 대해 배웁니다 , Inference 와 Reasoning 의 차이점은?","Feb 4, 2025",1007,0
2025-09-13,KpBnknONb48,"Plan & Execute - 요즘 AI계의 핫 이슈인 추론에 대해 배웁니다 , Inference 와 Reasoning 의 차이점은?","Feb 4, 2025",1007,0.0577
2025-09-14,KpBnknONb48,"Plan & Execute - 요즘 AI계의 핫 이슈인 추론에 대해 배웁니다 , Inference 와 Reasoning 의 차이점은?","Feb 4, 2025",1007,0.12
2025-09-15,KpBnknONb48,"Plan & Execute - 요즘 AI계의 핫 이슈인 추론에 대해 배웁니다 , Inference 와 Reasoning 의 차이점은?","Feb 4, 2025",1007,0.0013
2025-09-16,KpBnknONb48,"Plan & Execute - 요즘 AI계의 핫 이슈인 추론에 대해 배웁니다 , Inference 와 Reasoning 의 차이점은?","Feb 4, 2025",1007,0.1179
2025-09-17,KpBnknONb48,"Plan & Execute - 요즘 AI계의 핫 이슈인 추론에 대해 배웁니다 , Inference 와 Reasoning 의 차이점은?","Feb 4, 2025",1007,0.0506
2025-09-18,KpBnknONb48,"Plan & Execute - 요즘 AI계의 핫 이슈인 추론에 대해 배웁니다 , Inference 와 Reasoning 의 차이점은?","Feb 4, 2025",1007,0.0096
2025-09-19,KpBnknONb48,"Plan & Execute - 요즘 AI계의 핫 이슈인 추론에 대해 배웁니다 , Inference 와 Reasoning 의 차이점은?","Feb 4, 2025",1007,0.1347
2025-09-20,KpBnknONb48,"Plan & Execute - 요즘 AI계의 핫 이슈인 추론에 대해 배웁니다 , Inference 와 Reasoning 의 차이점은?","Feb 4, 2025",1007,0.5504
2025-09-21,KpBnknONb48,"Plan & Execute - 요즘 AI계의 핫 이슈인 추론에 대해 배웁니다 , Inference 와 Reasoning 의 차이점은?","Feb 4, 2025",1007,0.0038
2025-09-22,KpBnknONb48,"Plan & Execute - 요즘 AI계의 핫 이슈인 추론에 대해 배웁니다 , Inference 와 Reasoning 의 차이점은?","Feb 4, 2025",1007,0
2025-09-23,KpBnknONb48,"Plan & Execute - 요즘 AI계의 핫 이슈인 추론에 대해 배웁니다 , Inference 와 Reasoning 의 차이점은?","Feb 4, 2025",1007,0.2717
2025-09-24,KpBnknONb48,"Plan & Execute - 요즘 AI계의 핫 이슈인 추론에 대해 배웁니다 , Inference 와 Reasoning 의 차이점은?","Feb 4, 2025",1007,0.1927
2025-09-25,KpBnknONb48,"Plan & Execute - 요즘 AI계의 핫 이슈인 추론에 대해 배웁니다 , Inference 와 Reasoning 의 차이점은?","Feb 4, 2025",1007,0.0995
2025-09-26,KpBnknONb48,"Plan & Execute - 요즘 AI계의 핫 이슈인 추론에 대해 배웁니다 , Inference 와 Reasoning 의 차이점은?","Feb 4, 2025",1007,0.0257
2025-09-27,KpBnknONb48,"Plan & Execute - 요즘 AI계의 핫 이슈인 추론에 대해 배웁니다 , Inference 와 Reasoning 의 차이점은?","Feb 4, 2025",1007,0.5539
2025-09-28,KpBnknONb48,"Plan & Execute - 요즘 AI계의 핫 이슈인 추론에 대해 배웁니다 , Inference 와 Reasoning 의 차이점은?","Feb 4, 2025",1007,0.0072
2025-09-29,KpBnknONb48,"Plan & Execute - 요즘 AI계의 핫 이슈인 추론에 대해 배웁니다 , Inference 와 Reasoning 의 차이점은?","Feb 4, 2025",1007,0
2025-09-30,KpBnknONb48,"Plan & Execute - 요즘 AI계의 핫 이슈인 추론에 대해 배웁니다 , Inference 와 Reasoning 의 차이점은?","Feb 4, 2025",1007,0
2025-10-01,KpBnknONb48,"Plan & Execute - 요즘 AI계의 핫 이슈인 추론에 대해 배웁니다 , Inference 와 Reasoning 의 차이점은?","Feb 4, 2025",1007,0.1165
2025-10-02,KpBnknONb48,"Plan & Execute - 요즘 AI계의 핫 이슈인 추론에 대해 배웁니다 , Inference 와 Reasoning 의 차이점은?","Feb 4, 2025",1007,0
2025-10-03,KpBnknONb48,"Plan & Execute - 요즘 AI계의 핫 이슈인 추론에 대해 배웁니다 , Inference 와 Reasoning 의 차이점은?","Feb 4, 2025",1007,0
2025-10-04,KpBnknONb48,"Plan & Execute - 요즘 AI계의 핫 이슈인 추론에 대해 배웁니다 , Inference 와 Reasoning 의 차이점은?","Feb 4, 2025",1007,0.2381
2025-10-05,KpBnknONb48,"Plan & Execute - 요즘 AI계의 핫 이슈인 추론에 대해 배웁니다 , Inference 와 Reasoning 의 차이점은?","Feb 4, 2025",1007,0.1894
2025-10-06,KpBnknONb48,"Plan & Execute - 요즘 AI계의 핫 이슈인 추론에 대해 배웁니다 , Inference 와 Reasoning 의 차이점은?","Feb 4, 2025",1007,0.2676
2025-10-07,KpBnknONb48,"Plan & Execute - 요즘 AI계의 핫 이슈인 추론에 대해 배웁니다 , Inference 와 Reasoning 의 차이점은?","Feb 4, 2025",1007,0.0197
2025-10-08,KpBnknONb48,"Plan & Execute - 요즘 AI계의 핫 이슈인 추론에 대해 배웁니다 , Inference 와 Reasoning 의 차이점은?","Feb 4, 2025",1007,0.3475
2025-10-09,KpBnknONb48,"Plan & Execute - 요즘 AI계의 핫 이슈인 추론에 대해 배웁니다 , Inference 와 Reasoning 의 차이점은?","Feb 4, 2025",1007,0.0395
2025-10-10,KpBnknONb48,"Plan & Execute - 요즘 AI계의 핫 이슈인 추론에 대해 배웁니다 , Inference 와 Reasoning 의 차이점은?","Feb 4, 2025",1007,0.0047
2025-10-11,KpBnknONb48,"Plan & Execute - 요즘 AI계의 핫 이슈인 추론에 대해 배웁니다 , Inference 와 Reasoning 의 차이점은?","Feb 4, 2025",1007,0.0423
2025-10-12,KpBnknONb48,"Plan & Execute - 요즘 AI계의 핫 이슈인 추론에 대해 배웁니다 , Inference 와 Reasoning 의 차이점은?","Feb 4, 2025",1007,0
2025-10-13,KpBnknONb48,"Plan & Execute - 요즘 AI계의 핫 이슈인 추론에 대해 배웁니다 , Inference 와 Reasoning 의 차이점은?","Feb 4, 2025",1007,0.011
2025-10-14,KpBnknONb48,"Plan & Execute - 요즘 AI계의 핫 이슈인 추론에 대해 배웁니다 , Inference 와 Reasoning 의 차이점은?","Feb 4, 2025",1007,0
2025-10-15,KpBnknONb48,"Plan & Execute - 요즘 AI계의 핫 이슈인 추론에 대해 배웁니다 , Inference 와 Reasoning 의 차이점은?","Feb 4, 2025",1007,0.0519
2025-10-16,KpBnknONb48,"Plan & Execute - 요즘 AI계의 핫 이슈인 추론에 대해 배웁니다 , Inference 와 Reasoning 의 차이점은?","Feb 4, 2025",1007,0.0041
2025-10-17,KpBnknONb48,"Plan & Execute - 요즘 AI계의 핫 이슈인 추론에 대해 배웁니다 , Inference 와 Reasoning 의 차이점은?","Feb 4, 2025",1007,0.0069
2025-10-18,KpBnknONb48,"Plan & Execute - 요즘 AI계의 핫 이슈인 추론에 대해 배웁니다 , Inference 와 Reasoning 의 차이점은?","Feb 4, 2025",1007,0.0024
2025-10-19,KpBnknONb48,"Plan & Execute - 요즘 AI계의 핫 이슈인 추론에 대해 배웁니다 , Inference 와 Reasoning 의 차이점은?","Feb 4, 2025",1007,0
2025-10-20,KpBnknONb48,"Plan & Execute - 요즘 AI계의 핫 이슈인 추론에 대해 배웁니다 , Inference 와 Reasoning 의 차이점은?","Feb 4, 2025",1007,0
2025-10-21,KpBnknONb48,"Plan & Execute - 요즘 AI계의 핫 이슈인 추론에 대해 배웁니다 , Inference 와 Reasoning 의 차이점은?","Feb 4, 2025",1007,0.0008
2025-10-22,KpBnknONb48,"Plan & Execute - 요즘 AI계의 핫 이슈인 추론에 대해 배웁니다 , Inference 와 Reasoning 의 차이점은?","Feb 4, 2025",1007,0.2216
2025-10-23,KpBnknONb48,"Plan & Execute - 요즘 AI계의 핫 이슈인 추론에 대해 배웁니다 , Inference 와 Reasoning 의 차이점은?","Feb 4, 2025",1007,0.0482
2025-10-24,KpBnknONb48,"Plan & Execute - 요즘 AI계의 핫 이슈인 추론에 대해 배웁니다 , Inference 와 Reasoning 의 차이점은?","Feb 4, 2025",1007,0
2025-10-25,KpBnknONb48,"Plan & Execute - 요즘 AI계의 핫 이슈인 추론에 대해 배웁니다 , Inference 와 Reasoning 의 차이점은?","Feb 4, 2025",1007,0.0013
2025-10-26,KpBnknONb48,"Plan & Execute - 요즘 AI계의 핫 이슈인 추론에 대해 배웁니다 , Inference 와 Reasoning 의 차이점은?","Feb 4, 2025",1007,0.0093
2025-10-27,KpBnknONb48,"Plan & Execute - 요즘 AI계의 핫 이슈인 추론에 대해 배웁니다 , Inference 와 Reasoning 의 차이점은?","Feb 4, 2025",1007,0.417
2025-10-28,KpBnknONb48,"Plan & Execute - 요즘 AI계의 핫 이슈인 추론에 대해 배웁니다 , Inference 와 Reasoning 의 차이점은?","Feb 4, 2025",1007,0.3753
2025-10-29,KpBnknONb48,"Plan & Execute - 요즘 AI계의 핫 이슈인 추론에 대해 배웁니다 , Inference 와 Reasoning 의 차이점은?","Feb 4, 2025",1007,0.3475
2025-10-30,KpBnknONb48,"Plan & Execute - 요즘 AI계의 핫 이슈인 추론에 대해 배웁니다 , Inference 와 Reasoning 의 차이점은?","Feb 4, 2025",1007,0.0006
2025-10-31,KpBnknONb48,"Plan & Execute - 요즘 AI계의 핫 이슈인 추론에 대해 배웁니다 , Inference 와 Reasoning 의 차이점은?","Feb 4, 2025",1007,0.0545
2025-11-01,KpBnknONb48,"Plan & Execute - 요즘 AI계의 핫 이슈인 추론에 대해 배웁니다 , Inference 와 Reasoning 의 차이점은?","Feb 4, 2025",1007,0
2025-11-02,KpBnknONb48,"Plan & Execute - 요즘 AI계의 핫 이슈인 추론에 대해 배웁니다 , Inference 와 Reasoning 의 차이점은?","Feb 4, 2025",1007,0.2335
2025-11-03,KpBnknONb48,"Plan & Execute - 요즘 AI계의 핫 이슈인 추론에 대해 배웁니다 , Inference 와 Reasoning 의 차이점은?","Feb 4, 2025",1007,0.0865
2025-11-04,KpBnknONb48,"Plan & Execute - 요즘 AI계의 핫 이슈인 추론에 대해 배웁니다 , Inference 와 Reasoning 의 차이점은?","Feb 4, 2025",1007,0.0242
2025-11-05,KpBnknONb48,"Plan & Execute - 요즘 AI계의 핫 이슈인 추론에 대해 배웁니다 , Inference 와 Reasoning 의 차이점은?","Feb 4, 2025",1007,0.0391
2025-11-06,KpBnknONb48,"Plan & Execute - 요즘 AI계의 핫 이슈인 추론에 대해 배웁니다 , Inference 와 Reasoning 의 차이점은?","Feb 4, 2025",1007,0
2025-11-07,KpBnknONb48,"Plan & Execute - 요즘 AI계의 핫 이슈인 추론에 대해 배웁니다 , Inference 와 Reasoning 의 차이점은?","Feb 4, 2025",1007,0.051
2025-11-08,KpBnknONb48,"Plan & Execute - 요즘 AI계의 핫 이슈인 추론에 대해 배웁니다 , Inference 와 Reasoning 의 차이점은?","Feb 4, 2025",1007,0.022
2025-11-09,KpBnknONb48,"Plan & Execute - 요즘 AI계의 핫 이슈인 추론에 대해 배웁니다 , Inference 와 Reasoning 의 차이점은?","Feb 4, 2025",1007,0
2025-11-10,KpBnknONb48,"Plan & Execute - 요즘 AI계의 핫 이슈인 추론에 대해 배웁니다 , Inference 와 Reasoning 의 차이점은?","Feb 4, 2025",1007,0.1752
2025-11-11,KpBnknONb48,"Plan & Execute - 요즘 AI계의 핫 이슈인 추론에 대해 배웁니다 , Inference 와 Reasoning 의 차이점은?","Feb 4, 2025",1007,0.007
2025-11-12,KpBnknONb48,"Plan & Execute - 요즘 AI계의 핫 이슈인 추론에 대해 배웁니다 , Inference 와 Reasoning 의 차이점은?","Feb 4, 2025",1007,0.0031
2025-11-13,KpBnknONb48,"Plan & Execute - 요즘 AI계의 핫 이슈인 추론에 대해 배웁니다 , Inference 와 Reasoning 의 차이점은?","Feb 4, 2025",1007,0.4323
2025-11-14,KpBnknONb48,"Plan & Execute - 요즘 AI계의 핫 이슈인 추론에 대해 배웁니다 , Inference 와 Reasoning 의 차이점은?","Feb 4, 2025",1007,0.0038
2025-11-15,KpBnknONb48,"Plan & Execute - 요즘 AI계의 핫 이슈인 추론에 대해 배웁니다 , Inference 와 Reasoning 의 차이점은?","Feb 4, 2025",1007,0.5606
2025-11-16,KpBnknONb48,"Plan & Execute - 요즘 AI계의 핫 이슈인 추론에 대해 배웁니다 , Inference 와 Reasoning 의 차이점은?","Feb 4, 2025",1007,0.1619
2025-11-17,KpBnknONb48,"Plan & Execute - 요즘 AI계의 핫 이슈인 추론에 대해 배웁니다 , Inference 와 Reasoning 의 차이점은?","Feb 4, 2025",1007,0
2025-11-18,KpBnknONb48,"Plan & Execute - 요즘 AI계의 핫 이슈인 추론에 대해 배웁니다 , Inference 와 Reasoning 의 차이점은?","Feb 4, 2025",1007,0
2025-11-19,KpBnknONb48,"Plan & Execute - 요즘 AI계의 핫 이슈인 추론에 대해 배웁니다 , Inference 와 Reasoning 의 차이점은?","Feb 4, 2025",1007,0
2025-11-20,KpBnknONb48,"Plan & Execute - 요즘 AI계의 핫 이슈인 추론에 대해 배웁니다 , Inference 와 Reasoning 의 차이점은?","Feb 4, 2025",1007,0
2025-11-21,KpBnknONb48,"Plan & Execute - 요즘 AI계의 핫 이슈인 추론에 대해 배웁니다 , Inference 와 Reasoning 의 차이점은?","Feb 4, 2025",1007,0.2797
2025-11-22,KpBnknONb48,"Plan & Execute - 요즘 AI계의 핫 이슈인 추론에 대해 배웁니다 , Inference 와 Reasoning 의 차이점은?","Feb 4, 2025",1007,0.0023
2025-11-23,KpBnknONb48,"Plan & Execute - 요즘 AI계의 핫 이슈인 추론에 대해 배웁니다 , Inference 와 Reasoning 의 차이점은?","Feb 4, 2025",1007,0.5937
2025-11-24,KpBnknONb48,"Plan & Execute - 요즘 AI계의 핫 이슈인 추론에 대해 배웁니다 , Inference 와 Reasoning 의 차이점은?","Feb 4, 2025",1007,0
2025-11-25,KpBnknONb48,"Plan & Execute - 요즘 AI계의 핫 이슈인 추론에 대해 배웁니다 , Inference 와 Reasoning 의 차이점은?","Feb 4, 2025",1007,0.283
2025-11-26,KpBnknONb48,"Plan & Execute - 요즘 AI계의 핫 이슈인 추론에 대해 배웁니다 , Inference 와 Reasoning 의 차이점은?","Feb 4, 2025",1007,0.1109
2025-11-27,KpBnknONb48,"Plan & Execute - 요즘 AI계의 핫 이슈인 추론에 대해 배웁니다 , Inference 와 Reasoning 의 차이점은?","Feb 4, 2025",1007,0.1818
2025-11-28,KpBnknONb48,"Plan & Execute - 요즘 AI계의 핫 이슈인 추론에 대해 배웁니다 , Inference 와 Reasoning 의 차이점은?","Feb 4, 2025",1007,0.0018
2025-11-29,KpBnknONb48,"Plan & Execute - 요즘 AI계의 핫 이슈인 추론에 대해 배웁니다 , Inference 와 Reasoning 의 차이점은?","Feb 4, 2025",1007,0
2025-11-30,KpBnknONb48,"Plan & Execute - 요즘 AI계의 핫 이슈인 추론에 대해 배웁니다 , Inference 와 Reasoning 의 차이점은?","Feb 4, 2025",1007,0.4401
2025-12-01,KpBnknONb48,"Plan & Execute - 요즘 AI계의 핫 이슈인 추론에 대해 배웁니다 , Inference 와 Reasoning 의 차이점은?","Feb 4, 2025",1007,0.0647
2025-12-02,KpBnknONb48,"Plan & Execute - 요즘 AI계의 핫 이슈인 추론에 대해 배웁니다 , Inference 와 Reasoning 의 차이점은?","Feb 4, 2025",1007,0
2025-12-03,KpBnknONb48,"Plan & Execute - 요즘 AI계의 핫 이슈인 추론에 대해 배웁니다 , Inference 와 Reasoning 의 차이점은?","Feb 4, 2025",1007,0
2025-12-04,KpBnknONb48,"Plan & Execute - 요즘 AI계의 핫 이슈인 추론에 대해 배웁니다 , Inference 와 Reasoning 의 차이점은?","Feb 4, 2025",1007,0.1632
2025-12-05,KpBnknONb48,"Plan & Execute - 요즘 AI계의 핫 이슈인 추론에 대해 배웁니다 , Inference 와 Reasoning 의 차이점은?","Feb 4, 2025",1007,0.2519
2025-12-06,KpBnknONb48,"Plan & Execute - 요즘 AI계의 핫 이슈인 추론에 대해 배웁니다 , Inference 와 Reasoning 의 차이점은?","Feb 4, 2025",1007,0.0194
2025-12-07,KpBnknONb48,"Plan & Execute - 요즘 AI계의 핫 이슈인 추론에 대해 배웁니다 , Inference 와 Reasoning 의 차이점은?","Feb 4, 2025",1007,0
2025-12-08,KpBnknONb48,"Plan & Execute - 요즘 AI계의 핫 이슈인 추론에 대해 배웁니다 , Inference 와 Reasoning 의 차이점은?","Feb 4, 2025",1007,0.0407
2025-12-09,KpBnknONb48,"Plan & Execute - 요즘 AI계의 핫 이슈인 추론에 대해 배웁니다 , Inference 와 Reasoning 의 차이점은?","Feb 4, 2025",1007,0.1264
2025-12-10,KpBnknONb48,"Plan & Execute - 요즘 AI계의 핫 이슈인 추론에 대해 배웁니다 , Inference 와 Reasoning 의 차이점은?","Feb 4, 2025",1007,0
2025-12-11,KpBnknONb48,"Plan & Execute - 요즘 AI계의 핫 이슈인 추론에 대해 배웁니다 , Inference 와 Reasoning 의 차이점은?","Feb 4, 2025",1007,0.0503
2025-12-12,KpBnknONb48,"Plan & Execute - 요즘 AI계의 핫 이슈인 추론에 대해 배웁니다 , Inference 와 Reasoning 의 차이점은?","Feb 4, 2025",1007,0
2025-12-13,KpBnknONb48,"Plan & Execute - 요즘 AI계의 핫 이슈인 추론에 대해 배웁니다 , Inference 와 Reasoning 의 차이점은?","Feb 4, 2025",1007,0.2961
2025-12-14,KpBnknONb48,"Plan & Execute - 요즘 AI계의 핫 이슈인 추론에 대해 배웁니다 , Inference 와 Reasoning 의 차이점은?","Feb 4, 2025",1007,0.005
2025-12-15,KpBnknONb48,"Plan & Execute - 요즘 AI계의 핫 이슈인 추론에 대해 배웁니다 , Inference 와 Reasoning 의 차이점은?","Feb 4, 2025",1007,0.3286
2025-12-16,KpBnknONb48,"Plan & Execute - 요즘 AI계의 핫 이슈인 추론에 대해 배웁니다 , Inference 와 Reasoning 의 차이점은?","Feb 4, 2025",1007,0.4079
2025-12-17,KpBnknONb48,"Plan & Execute - 요즘 AI계의 핫 이슈인 추론에 대해 배웁니다 , Inference 와 Reasoning 의 차이점은?","Feb 4, 2025",1007,0.3016
2025-12-18,KpBnknONb48,"Plan & Execute - 요즘 AI계의 핫 이슈인 추론에 대해 배웁니다 , Inference 와 Reasoning 의 차이점은?","Feb 4, 2025",1007,0.0285
2025-12-19,KpBnknONb48,"Plan & Execute - 요즘 AI계의 핫 이슈인 추론에 대해 배웁니다 , Inference 와 Reasoning 의 차이점은?","Feb 4, 2025",1007,0
2025-12-20,KpBnknONb48,"Plan & Execute - 요즘 AI계의 핫 이슈인 추론에 대해 배웁니다 , Inference 와 Reasoning 의 차이점은?","Feb 4, 2025",1007,0.1745
2025-12-21,KpBnknONb48,"Plan & Execute - 요즘 AI계의 핫 이슈인 추론에 대해 배웁니다 , Inference 와 Reasoning 의 차이점은?","Feb 4, 2025",1007,0.3853
2025-12-22,KpBnknONb48,"Plan & Execute - 요즘 AI계의 핫 이슈인 추론에 대해 배웁니다 , Inference 와 Reasoning 의 차이점은?","Feb 4, 2025",1007,0
2025-12-23,KpBnknONb48,"Plan & Execute - 요즘 AI계의 핫 이슈인 추론에 대해 배웁니다 , Inference 와 Reasoning 의 차이점은?","Feb 4, 2025",1007,0.2456
2025-12-24,KpBnknONb48,"Plan & Execute - 요즘 AI계의 핫 이슈인 추론에 대해 배웁니다 , Inference 와 Reasoning 의 차이점은?","Feb 4, 2025",1007,0
2025-12-25,KpBnknONb48,"Plan & Execute - 요즘 AI계의 핫 이슈인 추론에 대해 배웁니다 , Inference 와 Reasoning 의 차이점은?","Feb 4, 2025",1007,0.0888
2025-12-26,KpBnknONb48,"Plan & Execute - 요즘 AI계의 핫 이슈인 추론에 대해 배웁니다 , Inference 와 Reasoning 의 차이점은?","Feb 4, 2025",1007,0.0068
2025-12-27,KpBnknONb48,"Plan & Execute - 요즘 AI계의 핫 이슈인 추론에 대해 배웁니다 , Inference 와 Reasoning 의 차이점은?","Feb 4, 2025",1007,0.2857
2025-12-28,KpBnknONb48,"Plan & Execute - 요즘 AI계의 핫 이슈인 추론에 대해 배웁니다 , Inference 와 Reasoning 의 차이점은?","Feb 4, 2025",1007,0
2025-12-29,KpBnknONb48,"Plan & Execute - 요즘 AI계의 핫 이슈인 추론에 대해 배웁니다 , Inference 와 Reasoning 의 차이점은?","Feb 4, 2025",1007,0
2025-12-30,KpBnknONb48,"Plan & Execute - 요즘 AI계의 핫 이슈인 추론에 대해 배웁니다 , Inference 와 Reasoning 의 차이점은?","Feb 4, 2025",1007,0.2413
2025-12-31,KpBnknONb48,"Plan & Execute - 요즘 AI계의 핫 이슈인 추론에 대해 배웁니다 , Inference 와 Reasoning 의 차이점은?","Feb 4, 2025",1007,0.0382
2026-01-01,KpBnknONb48,"Plan & Execute - 요즘 AI계의 핫 이슈인 추론에 대해 배웁니다 , Inference 와 Reasoning 의 차이점은?","Feb 4, 2025",1007,0.2803
2026-01-02,KpBnknONb48,"Plan & Execute - 요즘 AI계의 핫 이슈인 추론에 대해 배웁니다 , Inference 와 Reasoning 의 차이점은?","Feb 4, 2025",1007,0.3513
2026-01-03,KpBnknONb48,"Plan & Execute - 요즘 AI계의 핫 이슈인 추론에 대해 배웁니다 , Inference 와 Reasoning 의 차이점은?","Feb 4, 2025",1007,0.0643
2026-01-04,KpBnknONb48,"Plan & Execute - 요즘 AI계의 핫 이슈인 추론에 대해 배웁니다 , Inference 와 Reasoning 의 차이점은?","Feb 4, 2025",1007,0.0075
2026-01-05,KpBnknONb48,"Plan & Execute - 요즘 AI계의 핫 이슈인 추론에 대해 배웁니다 , Inference 와 Reasoning 의 차이점은?","Feb 4, 2025",1007,0
2026-01-06,KpBnknONb48,"Plan & Execute - 요즘 AI계의 핫 이슈인 추론에 대해 배웁니다 , Inference 와 Reasoning 의 차이점은?","Feb 4, 2025",1007,0.2262
2026-01-07,KpBnknONb48,"Plan & Execute - 요즘 AI계의 핫 이슈인 추론에 대해 배웁니다 , Inference 와 Reasoning 의 차이점은?","Feb 4, 2025",1007,0.3153
2026-01-08,KpBnknONb48,"Plan & Execute - 요즘 AI계의 핫 이슈인 추론에 대해 배웁니다 , Inference 와 Reasoning 의 차이점은?","Feb 4, 2025",1007,0.2794
2026-01-09,KpBnknONb48,"Plan & Execute - 요즘 AI계의 핫 이슈인 추론에 대해 배웁니다 , Inference 와 Reasoning 의 차이점은?","Feb 4, 2025",1007,0.0005
2026-01-10,KpBnknONb48,"Plan & Execute - 요즘 AI계의 핫 이슈인 추론에 대해 배웁니다 , Inference 와 Reasoning 의 차이점은?","Feb 4, 2025",1007,0.1491
2026-01-11,KpBnknONb48,"Plan & Execute - 요즘 AI계의 핫 이슈인 추론에 대해 배웁니다 , Inference 와 Reasoning 의 차이점은?","Feb 4, 2025",1007,0.6703
2026-01-12,KpBnknONb48,"Plan & Execute - 요즘 AI계의 핫 이슈인 추론에 대해 배웁니다 , Inference 와 Reasoning 의 차이점은?","Feb 4, 2025",1007,0.448
2026-01-13,KpBnknONb48,"Plan & Execute - 요즘 AI계의 핫 이슈인 추론에 대해 배웁니다 , Inference 와 Reasoning 의 차이점은?","Feb 4, 2025",1007,0.0486
2026-01-14,KpBnknONb48,"Plan & Execute - 요즘 AI계의 핫 이슈인 추론에 대해 배웁니다 , Inference 와 Reasoning 의 차이점은?","Feb 4, 2025",1007,0.0968
2026-01-15,KpBnknONb48,"Plan & Execute - 요즘 AI계의 핫 이슈인 추론에 대해 배웁니다 , Inference 와 Reasoning 의 차이점은?","Feb 4, 2025",1007,0.0008
2026-01-16,KpBnknONb48,"Plan & Execute - 요즘 AI계의 핫 이슈인 추론에 대해 배웁니다 , Inference 와 Reasoning 의 차이점은?","Feb 4, 2025",1007,0.362
2026-01-17,KpBnknONb48,"Plan & Execute - 요즘 AI계의 핫 이슈인 추론에 대해 배웁니다 , Inference 와 Reasoning 의 차이점은?","Feb 4, 2025",1007,0.3667
2026-01-18,KpBnknONb48,"Plan & Execute - 요즘 AI계의 핫 이슈인 추론에 대해 배웁니다 , Inference 와 Reasoning 의 차이점은?","Feb 4, 2025",1007,0.0145
2026-01-19,KpBnknONb48,"Plan & Execute - 요즘 AI계의 핫 이슈인 추론에 대해 배웁니다 , Inference 와 Reasoning 의 차이점은?","Feb 4, 2025",1007,0.0528
2026-01-20,KpBnknONb48,"Plan & Execute - 요즘 AI계의 핫 이슈인 추론에 대해 배웁니다 , Inference 와 Reasoning 의 차이점은?","Feb 4, 2025",1007,0
2026-01-21,KpBnknONb48,"Plan & Execute - 요즘 AI계의 핫 이슈인 추론에 대해 배웁니다 , Inference 와 Reasoning 의 차이점은?","Feb 4, 2025",1007,0.0466
2026-01-22,KpBnknONb48,"Plan & Execute - 요즘 AI계의 핫 이슈인 추론에 대해 배웁니다 , Inference 와 Reasoning 의 차이점은?","Feb 4, 2025",1007,0
2026-01-23,KpBnknONb48,"Plan & Execute - 요즘 AI계의 핫 이슈인 추론에 대해 배웁니다 , Inference 와 Reasoning 의 차이점은?","Feb 4, 2025",1007,0.2981
2026-01-24,KpBnknONb48,"Plan & Execute - 요즘 AI계의 핫 이슈인 추론에 대해 배웁니다 , Inference 와 Reasoning 의 차이점은?","Feb 4, 2025",1007,0.1409
2026-01-25,KpBnknONb48,"Plan & Execute - 요즘 AI계의 핫 이슈인 추론에 대해 배웁니다 , Inference 와 Reasoning 의 차이점은?","Feb 4, 2025",1007,0.1079
2026-01-26,KpBnknONb48,"Plan & Execute - 요즘 AI계의 핫 이슈인 추론에 대해 배웁니다 , Inference 와 Reasoning 의 차이점은?","Feb 4, 2025",1007,0
2026-01-27,KpBnknONb48,"Plan & Execute - 요즘 AI계의 핫 이슈인 추론에 대해 배웁니다 , Inference 와 Reasoning 의 차이점은?","Feb 4, 2025",1007,0
2026-01-28,KpBnknONb48,"Plan & Execute - 요즘 AI계의 핫 이슈인 추론에 대해 배웁니다 , Inference 와 Reasoning 의 차이점은?","Feb 4, 2025",1007,0.0194
2026-01-29,KpBnknONb48,"Plan & Execute - 요즘 AI계의 핫 이슈인 추론에 대해 배웁니다 , Inference 와 Reasoning 의 차이점은?","Feb 4, 2025",1007,0
2026-01-30,KpBnknONb48,"Plan & Execute - 요즘 AI계의 핫 이슈인 추론에 대해 배웁니다 , Inference 와 Reasoning 의 차이점은?","Feb 4, 2025",1007,0.0305
2026-01-31,KpBnknONb48,"Plan & Execute - 요즘 AI계의 핫 이슈인 추론에 대해 배웁니다 , Inference 와 Reasoning 의 차이점은?","Feb 4, 2025",1007,0.0032
2026-02-01,KpBnknONb48,"Plan & Execute - 요즘 AI계의 핫 이슈인 추론에 대해 배웁니다 , Inference 와 Reasoning 의 차이점은?","Feb 4, 2025",1007,0.004
2026-02-02,KpBnknONb48,"Plan & Execute - 요즘 AI계의 핫 이슈인 추론에 대해 배웁니다 , Inference 와 Reasoning 의 차이점은?","Feb 4, 2025",1007,0.093
2026-02-03,KpBnknONb48,"Plan & Execute - 요즘 AI계의 핫 이슈인 추론에 대해 배웁니다 , Inference 와 Reasoning 의 차이점은?","Feb 4, 2025",1007,0.3086
2026-02-04,KpBnknONb48,"Plan & Execute - 요즘 AI계의 핫 이슈인 추론에 대해 배웁니다 , Inference 와 Reasoning 의 차이점은?","Feb 4, 2025",1007,0.07
2026-02-05,KpBnknONb48,"Plan & Execute - 요즘 AI계의 핫 이슈인 추론에 대해 배웁니다 , Inference 와 Reasoning 의 차이점은?","Feb 4, 2025",1007,0.1256
2026-02-06,KpBnknONb48,"Plan & Execute - 요즘 AI계의 핫 이슈인 추론에 대해 배웁니다 , Inference 와 Reasoning 의 차이점은?","Feb 4, 2025",1007,0
2026-02-07,KpBnknONb48,"Plan & Execute - 요즘 AI계의 핫 이슈인 추론에 대해 배웁니다 , Inference 와 Reasoning 의 차이점은?","Feb 4, 2025",1007,0.2449
2026-02-08,KpBnknONb48,"Plan & Execute - 요즘 AI계의 핫 이슈인 추론에 대해 배웁니다 , Inference 와 Reasoning 의 차이점은?","Feb 4, 2025",1007,0
2026-02-09,KpBnknONb48,"Plan & Execute - 요즘 AI계의 핫 이슈인 추론에 대해 배웁니다 , Inference 와 Reasoning 의 차이점은?","Feb 4, 2025",1007,0.0463
2026-02-10,KpBnknONb48,"Plan & Execute - 요즘 AI계의 핫 이슈인 추론에 대해 배웁니다 , Inference 와 Reasoning 의 차이점은?","Feb 4, 2025",1007,0.2796
2026-02-11,KpBnknONb48,"Plan & Execute - 요즘 AI계의 핫 이슈인 추론에 대해 배웁니다 , Inference 와 Reasoning 의 차이점은?","Feb 4, 2025",1007,0
2026-02-12,KpBnknONb48,"Plan & Execute - 요즘 AI계의 핫 이슈인 추론에 대해 배웁니다 , Inference 와 Reasoning 의 차이점은?","Feb 4, 2025",1007,0.0967
2026-02-13,KpBnknONb48,"Plan & Execute - 요즘 AI계의 핫 이슈인 추론에 대해 배웁니다 , Inference 와 Reasoning 의 차이점은?","Feb 4, 2025",1007,0.0239
2026-02-14,KpBnknONb48,"Plan & Execute - 요즘 AI계의 핫 이슈인 추론에 대해 배웁니다 , Inference 와 Reasoning 의 차이점은?","Feb 4, 2025",1007,0.0032
2026-02-15,KpBnknONb48,"Plan & Execute - 요즘 AI계의 핫 이슈인 추론에 대해 배웁니다 , Inference 와 Reasoning 의 차이점은?","Feb 4, 2025",1007,0.0039
2026-02-16,KpBnknONb48,"Plan & Execute - 요즘 AI계의 핫 이슈인 추론에 대해 배웁니다 , Inference 와 Reasoning 의 차이점은?","Feb 4, 2025",1007,0.0994
2026-02-17,KpBnknONb48,"Plan & Execute - 요즘 AI계의 핫 이슈인 추론에 대해 배웁니다 , Inference 와 Reasoning 의 차이점은?","Feb 4, 2025",1007,0.1309
2026-02-18,KpBnknONb48,"Plan & Execute - 요즘 AI계의 핫 이슈인 추론에 대해 배웁니다 , Inference 와 Reasoning 의 차이점은?","Feb 4, 2025",1007,0.0268
2026-02-19,KpBnknONb48,"Plan & Execute - 요즘 AI계의 핫 이슈인 추론에 대해 배웁니다 , Inference 와 Reasoning 의 차이점은?","Feb 4, 2025",1007,0.0464
2026-02-20,KpBnknONb48,"Plan & Execute - 요즘 AI계의 핫 이슈인 추론에 대해 배웁니다 , Inference 와 Reasoning 의 차이점은?","Feb 4, 2025",1007,0.0072
2026-02-21,KpBnknONb48,"Plan & Execute - 요즘 AI계의 핫 이슈인 추론에 대해 배웁니다 , Inference 와 Reasoning 의 차이점은?","Feb 4, 2025",1007,0.208
2026-02-22,KpBnknONb48,"Plan & Execute - 요즘 AI계의 핫 이슈인 추론에 대해 배웁니다 , Inference 와 Reasoning 의 차이점은?","Feb 4, 2025",1007,0.0337
2026-02-23,KpBnknONb48,"Plan & Execute - 요즘 AI계의 핫 이슈인 추론에 대해 배웁니다 , Inference 와 Reasoning 의 차이점은?","Feb 4, 2025",1007,0.0513
2026-02-24,KpBnknONb48,"Plan & Execute - 요즘 AI계의 핫 이슈인 추론에 대해 배웁니다 , Inference 와 Reasoning 의 차이점은?","Feb 4, 2025",1007,0
2026-02-25,KpBnknONb48,"Plan & Execute - 요즘 AI계의 핫 이슈인 추론에 대해 배웁니다 , Inference 와 Reasoning 의 차이점은?","Feb 4, 2025",1007,0
2026-02-26,KpBnknONb48,"Plan & Execute - 요즘 AI계의 핫 이슈인 추론에 대해 배웁니다 , Inference 와 Reasoning 의 차이점은?","Feb 4, 2025",1007,0.0114
2026-02-27,KpBnknONb48,"Plan & Execute - 요즘 AI계의 핫 이슈인 추론에 대해 배웁니다 , Inference 와 Reasoning 의 차이점은?","Feb 4, 2025",1007,0.2604
2026-02-28,KpBnknONb48,"Plan & Execute - 요즘 AI계의 핫 이슈인 추론에 대해 배웁니다 , Inference 와 Reasoning 의 차이점은?","Feb 4, 2025",1007,0
2026-03-01,KpBnknONb48,"Plan & Execute - 요즘 AI계의 핫 이슈인 추론에 대해 배웁니다 , Inference 와 Reasoning 의 차이점은?","Feb 4, 2025",1007,0.006
2026-03-02,KpBnknONb48,"Plan & Execute - 요즘 AI계의 핫 이슈인 추론에 대해 배웁니다 , Inference 와 Reasoning 의 차이점은?","Feb 4, 2025",1007,0.0351
2026-03-03,KpBnknONb48,"Plan & Execute - 요즘 AI계의 핫 이슈인 추론에 대해 배웁니다 , Inference 와 Reasoning 의 차이점은?","Feb 4, 2025",1007,0
2026-03-04,KpBnknONb48,"Plan & Execute - 요즘 AI계의 핫 이슈인 추론에 대해 배웁니다 , Inference 와 Reasoning 의 차이점은?","Feb 4, 2025",1007,0
2026-03-05,KpBnknONb48,"Plan & Execute - 요즘 AI계의 핫 이슈인 추론에 대해 배웁니다 , Inference 와 Reasoning 의 차이점은?","Feb 4, 2025",1007,0.015
2026-03-06,KpBnknONb48,"Plan & Execute - 요즘 AI계의 핫 이슈인 추론에 대해 배웁니다 , Inference 와 Reasoning 의 차이점은?","Feb 4, 2025",1007,0
2026-03-07,KpBnknONb48,"Plan & Execute - 요즘 AI계의 핫 이슈인 추론에 대해 배웁니다 , Inference 와 Reasoning 의 차이점은?","Feb 4, 2025",1007,0.0443
2026-03-08,KpBnknONb48,"Plan & Execute - 요즘 AI계의 핫 이슈인 추론에 대해 배웁니다 , Inference 와 Reasoning 의 차이점은?","Feb 4, 2025",1007,0.1059
2026-03-09,KpBnknONb48,"Plan & Execute - 요즘 AI계의 핫 이슈인 추론에 대해 배웁니다 , Inference 와 Reasoning 의 차이점은?","Feb 4, 2025",1007,0
2026-03-10,KpBnknONb48,"Plan & Execute - 요즘 AI계의 핫 이슈인 추론에 대해 배웁니다 , Inference 와 Reasoning 의 차이점은?","Feb 4, 2025",1007,0
2026-03-11,KpBnknONb48,"Plan & Execute - 요즘 AI계의 핫 이슈인 추론에 대해 배웁니다 , Inference 와 Reasoning 의 차이점은?","Feb 4, 2025",1007,0.0091
2026-03-12,KpBnknONb48,"Plan & Execute - 요즘 AI계의 핫 이슈인 추론에 대해 배웁니다 , Inference 와 Reasoning 의 차이점은?","Feb 4, 2025",1007,0
2026-03-13,KpBnknONb48,"Plan & Execute - 요즘 AI계의 핫 이슈인 추론에 대해 배웁니다 , Inference 와 Reasoning 의 차이점은?","Feb 4, 2025",1007,0.5609
2026-03-14,KpBnknONb48,"Plan & Execute - 요즘 AI계의 핫 이슈인 추론에 대해 배웁니다 , Inference 와 Reasoning 의 차이점은?","Feb 4, 2025",1007,0
2026-03-15,KpBnknONb48,"Plan & Execute - 요즘 AI계의 핫 이슈인 추론에 대해 배웁니다 , Inference 와 Reasoning 의 차이점은?","Feb 4, 2025",1007,0.036
2026-03-16,KpBnknONb48,"Plan & Execute - 요즘 AI계의 핫 이슈인 추론에 대해 배웁니다 , Inference 와 Reasoning 의 차이점은?","Feb 4, 2025",1007,0
2026-03-17,KpBnknONb48,"Plan & Execute - 요즘 AI계의 핫 이슈인 추론에 대해 배웁니다 , Inference 와 Reasoning 의 차이점은?","Feb 4, 2025",1007,0.0137
2026-03-18,KpBnknONb48,"Plan & Execute - 요즘 AI계의 핫 이슈인 추론에 대해 배웁니다 , Inference 와 Reasoning 의 차이점은?","Feb 4, 2025",1007,0.0468
2026-03-19,KpBnknONb48,"Plan & Execute - 요즘 AI계의 핫 이슈인 추론에 대해 배웁니다 , Inference 와 Reasoning 의 차이점은?","Feb 4, 2025",1007,0.0865
2026-03-20,KpBnknONb48,"Plan & Execute - 요즘 AI계의 핫 이슈인 추론에 대해 배웁니다 , Inference 와 Reasoning 의 차이점은?","Feb 4, 2025",1007,0
2026-03-21,KpBnknONb48,"Plan & Execute - 요즘 AI계의 핫 이슈인 추론에 대해 배웁니다 , Inference 와 Reasoning 의 차이점은?","Feb 4, 2025",1007,0.0082
2026-03-22,KpBnknONb48,"Plan & Execute - 요즘 AI계의 핫 이슈인 추론에 대해 배웁니다 , Inference 와 Reasoning 의 차이점은?","Feb 4, 2025",1007,0
2026-03-23,KpBnknONb48,"Plan & Execute - 요즘 AI계의 핫 이슈인 추론에 대해 배웁니다 , Inference 와 Reasoning 의 차이점은?","Feb 4, 2025",1007,0.1969
2026-03-24,KpBnknONb48,"Plan & Execute - 요즘 AI계의 핫 이슈인 추론에 대해 배웁니다 , Inference 와 Reasoning 의 차이점은?","Feb 4, 2025",1007,0.2797
2026-03-25,KpBnknONb48,"Plan & Execute - 요즘 AI계의 핫 이슈인 추론에 대해 배웁니다 , Inference 와 Reasoning 의 차이점은?","Feb 4, 2025",1007,0.0165
2026-03-26,KpBnknONb48,"Plan & Execute - 요즘 AI계의 핫 이슈인 추론에 대해 배웁니다 , Inference 와 Reasoning 의 차이점은?","Feb 4, 2025",1007,0.1147
2026-03-27,KpBnknONb48,"Plan & Execute - 요즘 AI계의 핫 이슈인 추론에 대해 배웁니다 , Inference 와 Reasoning 의 차이점은?","Feb 4, 2025",1007,0.0338
2026-03-28,KpBnknONb48,"Plan & Execute - 요즘 AI계의 핫 이슈인 추론에 대해 배웁니다 , Inference 와 Reasoning 의 차이점은?","Feb 4, 2025",1007,0.3993
2026-03-29,KpBnknONb48,"Plan & Execute - 요즘 AI계의 핫 이슈인 추론에 대해 배웁니다 , Inference 와 Reasoning 의 차이점은?","Feb 4, 2025",1007,0
2026-03-30,KpBnknONb48,"Plan & Execute - 요즘 AI계의 핫 이슈인 추론에 대해 배웁니다 , Inference 와 Reasoning 의 차이점은?","Feb 4, 2025",1007,0.0008
2026-03-31,KpBnknONb48,"Plan & Execute - 요즘 AI계의 핫 이슈인 추론에 대해 배웁니다 , Inference 와 Reasoning 의 차이점은?","Feb 4, 2025",1007,0
2026-04-01,KpBnknONb48,"Plan & Execute - 요즘 AI계의 핫 이슈인 추론에 대해 배웁니다 , Inference 와 Reasoning 의 차이점은?","Feb 4, 2025",1007,0.0282
2026-04-02,KpBnknONb48,"Plan & Execute - 요즘 AI계의 핫 이슈인 추론에 대해 배웁니다 , Inference 와 Reasoning 의 차이점은?","Feb 4, 2025",1007,0.0173
2026-04-03,KpBnknONb48,"Plan & Execute - 요즘 AI계의 핫 이슈인 추론에 대해 배웁니다 , Inference 와 Reasoning 의 차이점은?","Feb 4, 2025",1007,0.0269
2026-04-04,KpBnknONb48,"Plan & Execute - 요즘 AI계의 핫 이슈인 추론에 대해 배웁니다 , Inference 와 Reasoning 의 차이점은?","Feb 4, 2025",1007,0
2026-04-05,KpBnknONb48,"Plan & Execute - 요즘 AI계의 핫 이슈인 추론에 대해 배웁니다 , Inference 와 Reasoning 의 차이점은?","Feb 4, 2025",1007,0
2026-04-06,KpBnknONb48,"Plan & Execute - 요즘 AI계의 핫 이슈인 추론에 대해 배웁니다 , Inference 와 Reasoning 의 차이점은?","Feb 4, 2025",1007,0.0337
2026-04-07,KpBnknONb48,"Plan & Execute - 요즘 AI계의 핫 이슈인 추론에 대해 배웁니다 , Inference 와 Reasoning 의 차이점은?","Feb 4, 2025",1007,0.0301
2026-04-08,KpBnknONb48,"Plan & Execute - 요즘 AI계의 핫 이슈인 추론에 대해 배웁니다 , Inference 와 Reasoning 의 차이점은?","Feb 4, 2025",1007,0
2026-04-09,KpBnknONb48,"Plan & Execute - 요즘 AI계의 핫 이슈인 추론에 대해 배웁니다 , Inference 와 Reasoning 의 차이점은?","Feb 4, 2025",1007,0.1129
2026-04-10,KpBnknONb48,"Plan & Execute - 요즘 AI계의 핫 이슈인 추론에 대해 배웁니다 , Inference 와 Reasoning 의 차이점은?","Feb 4, 2025",1007,0
2026-04-11,KpBnknONb48,"Plan & Execute - 요즘 AI계의 핫 이슈인 추론에 대해 배웁니다 , Inference 와 Reasoning 의 차이점은?","Feb 4, 2025",1007,0
2026-04-12,KpBnknONb48,"Plan & Execute - 요즘 AI계의 핫 이슈인 추론에 대해 배웁니다 , Inference 와 Reasoning 의 차이점은?","Feb 4, 2025",1007,0
2026-04-13,KpBnknONb48,"Plan & Execute - 요즘 AI계의 핫 이슈인 추론에 대해 배웁니다 , Inference 와 Reasoning 의 차이점은?","Feb 4, 2025",1007,0
2026-04-14,KpBnknONb48,"Plan & Execute - 요즘 AI계의 핫 이슈인 추론에 대해 배웁니다 , Inference 와 Reasoning 의 차이점은?","Feb 4, 2025",1007,0
2026-04-15,KpBnknONb48,"Plan & Execute - 요즘 AI계의 핫 이슈인 추론에 대해 배웁니다 , Inference 와 Reasoning 의 차이점은?","Feb 4, 2025",1007,0.0905
2026-04-16,KpBnknONb48,"Plan & Execute - 요즘 AI계의 핫 이슈인 추론에 대해 배웁니다 , Inference 와 Reasoning 의 차이점은?","Feb 4, 2025",1007,0.3639
2026-04-17,KpBnknONb48,"Plan & Execute - 요즘 AI계의 핫 이슈인 추론에 대해 배웁니다 , Inference 와 Reasoning 의 차이점은?","Feb 4, 2025",1007,0.0958
2026-04-18,KpBnknONb48,"Plan & Execute - 요즘 AI계의 핫 이슈인 추론에 대해 배웁니다 , Inference 와 Reasoning 의 차이점은?","Feb 4, 2025",1007,0.0898
2026-04-19,KpBnknONb48,"Plan & Execute - 요즘 AI계의 핫 이슈인 추론에 대해 배웁니다 , Inference 와 Reasoning 의 차이점은?","Feb 4, 2025",1007,0.2467
2026-04-20,KpBnknONb48,"Plan & Execute - 요즘 AI계의 핫 이슈인 추론에 대해 배웁니다 , Inference 와 Reasoning 의 차이점은?","Feb 4, 2025",1007,0.0029
2026-04-21,KpBnknONb48,"Plan & Execute - 요즘 AI계의 핫 이슈인 추론에 대해 배웁니다 , Inference 와 Reasoning 의 차이점은?","Feb 4, 2025",1007,0.0221
2026-04-22,KpBnknONb48,"Plan & Execute - 요즘 AI계의 핫 이슈인 추론에 대해 배웁니다 , Inference 와 Reasoning 의 차이점은?","Feb 4, 2025",1007,0.2863
2026-04-23,KpBnknONb48,"Plan & Execute - 요즘 AI계의 핫 이슈인 추론에 대해 배웁니다 , Inference 와 Reasoning 의 차이점은?","Feb 4, 2025",1007,0.3055
2026-04-24,KpBnknONb48,"Plan & Execute - 요즘 AI계의 핫 이슈인 추론에 대해 배웁니다 , Inference 와 Reasoning 의 차이점은?","Feb 4, 2025",1007,0.1
2026-04-25,KpBnknONb48,"Plan & Execute - 요즘 AI계의 핫 이슈인 추론에 대해 배웁니다 , Inference 와 Reasoning 의 차이점은?","Feb 4, 2025",1007,0
2026-04-26,KpBnknONb48,"Plan & Execute - 요즘 AI계의 핫 이슈인 추론에 대해 배웁니다 , Inference 와 Reasoning 의 차이점은?","Feb 4, 2025",1007,0
2026-04-27,KpBnknONb48,"Plan & Execute - 요즘 AI계의 핫 이슈인 추론에 대해 배웁니다 , Inference 와 Reasoning 의 차이점은?","Feb 4, 2025",1007,0
2026-04-28,KpBnknONb48,"Plan & Execute - 요즘 AI계의 핫 이슈인 추론에 대해 배웁니다 , Inference 와 Reasoning 의 차이점은?","Feb 4, 2025",1007,0
2026-04-29,KpBnknONb48,"Plan & Execute - 요즘 AI계의 핫 이슈인 추론에 대해 배웁니다 , Inference 와 Reasoning 의 차이점은?","Feb 4, 2025",1007,0.0006
2026-04-30,KpBnknONb48,"Plan & Execute - 요즘 AI계의 핫 이슈인 추론에 대해 배웁니다 , Inference 와 Reasoning 의 차이점은?","Feb 4, 2025",1007,0.0037
2026-05-01,KpBnknONb48,"Plan & Execute - 요즘 AI계의 핫 이슈인 추론에 대해 배웁니다 , Inference 와 Reasoning 의 차이점은?","Feb 4, 2025",1007,0.1071
2026-05-02,KpBnknONb48,"Plan & Execute - 요즘 AI계의 핫 이슈인 추론에 대해 배웁니다 , Inference 와 Reasoning 의 차이점은?","Feb 4, 2025",1007,0.0442
2026-05-03,KpBnknONb48,"Plan & Execute - 요즘 AI계의 핫 이슈인 추론에 대해 배웁니다 , Inference 와 Reasoning 의 차이점은?","Feb 4, 2025",1007,0.0437
2026-05-04,KpBnknONb48,"Plan & Execute - 요즘 AI계의 핫 이슈인 추론에 대해 배웁니다 , Inference 와 Reasoning 의 차이점은?","Feb 4, 2025",1007,0.0359
2026-05-05,KpBnknONb48,"Plan & Execute - 요즘 AI계의 핫 이슈인 추론에 대해 배웁니다 , Inference 와 Reasoning 의 차이점은?","Feb 4, 2025",1007,0.2216
2026-05-06,KpBnknONb48,"Plan & Execute - 요즘 AI계의 핫 이슈인 추론에 대해 배웁니다 , Inference 와 Reasoning 의 차이점은?","Feb 4, 2025",1007,0.0903
2026-05-07,KpBnknONb48,"Plan & Execute - 요즘 AI계의 핫 이슈인 추론에 대해 배웁니다 , Inference 와 Reasoning 의 차이점은?","Feb 4, 2025",1007,0
2026-05-08,KpBnknONb48,"Plan & Execute - 요즘 AI계의 핫 이슈인 추론에 대해 배웁니다 , Inference 와 Reasoning 의 차이점은?","Feb 4, 2025",1007,0.0098
2026-05-09,KpBnknONb48,"Plan & Execute - 요즘 AI계의 핫 이슈인 추론에 대해 배웁니다 , Inference 와 Reasoning 의 차이점은?","Feb 4, 2025",1007,0.2145
2026-05-10,KpBnknONb48,"Plan & Execute - 요즘 AI계의 핫 이슈인 추론에 대해 배웁니다 , Inference 와 Reasoning 의 차이점은?","Feb 4, 2025",1007,0
2026-05-11,KpBnknONb48,"Plan & Execute - 요즘 AI계의 핫 이슈인 추론에 대해 배웁니다 , Inference 와 Reasoning 의 차이점은?","Feb 4, 2025",1007,0.0327
2026-05-12,KpBnknONb48,"Plan & Execute - 요즘 AI계의 핫 이슈인 추론에 대해 배웁니다 , Inference 와 Reasoning 의 차이점은?","Feb 4, 2025",1007,0
2026-05-13,KpBnknONb48,"Plan & Execute - 요즘 AI계의 핫 이슈인 추론에 대해 배웁니다 , Inference 와 Reasoning 의 차이점은?","Feb 4, 2025",1007,0
2026-05-14,KpBnknONb48,"Plan & Execute - 요즘 AI계의 핫 이슈인 추론에 대해 배웁니다 , Inference 와 Reasoning 의 차이점은?","Feb 4, 2025",1007,0
2026-05-15,KpBnknONb48,"Plan & Execute - 요즘 AI계의 핫 이슈인 추론에 대해 배웁니다 , Inference 와 Reasoning 의 차이점은?","Feb 4, 2025",1007,0.008
2026-05-16,KpBnknONb48,"Plan & Execute - 요즘 AI계의 핫 이슈인 추론에 대해 배웁니다 , Inference 와 Reasoning 의 차이점은?","Feb 4, 2025",1007,0.0534
2026-05-17,KpBnknONb48,"Plan & Execute - 요즘 AI계의 핫 이슈인 추론에 대해 배웁니다 , Inference 와 Reasoning 의 차이점은?","Feb 4, 2025",1007,0.2271
2026-05-18,KpBnknONb48,"Plan & Execute - 요즘 AI계의 핫 이슈인 추론에 대해 배웁니다 , Inference 와 Reasoning 의 차이점은?","Feb 4, 2025",1007,0.0835
2026-05-19,KpBnknONb48,"Plan & Execute - 요즘 AI계의 핫 이슈인 추론에 대해 배웁니다 , Inference 와 Reasoning 의 차이점은?","Feb 4, 2025",1007,0.1092
2026-05-20,KpBnknONb48,"Plan & Execute - 요즘 AI계의 핫 이슈인 추론에 대해 배웁니다 , Inference 와 Reasoning 의 차이점은?","Feb 4, 2025",1007,0.0026
2026-05-21,KpBnknONb48,"Plan & Execute - 요즘 AI계의 핫 이슈인 추론에 대해 배웁니다 , Inference 와 Reasoning 의 차이점은?","Feb 4, 2025",1007,0.3417
2026-05-22,KpBnknONb48,"Plan & Execute - 요즘 AI계의 핫 이슈인 추론에 대해 배웁니다 , Inference 와 Reasoning 의 차이점은?","Feb 4, 2025",1007,0.0064
2026-05-23,KpBnknONb48,"Plan & Execute - 요즘 AI계의 핫 이슈인 추론에 대해 배웁니다 , Inference 와 Reasoning 의 차이점은?","Feb 4, 2025",1007,0
2026-05-24,KpBnknONb48,"Plan & Execute - 요즘 AI계의 핫 이슈인 추론에 대해 배웁니다 , Inference 와 Reasoning 의 차이점은?","Feb 4, 2025",1007,0.3193
2026-05-25,KpBnknONb48,"Plan & Execute - 요즘 AI계의 핫 이슈인 추론에 대해 배웁니다 , Inference 와 Reasoning 의 차이점은?","Feb 4, 2025",1007,0.0651
2026-05-26,KpBnknONb48,"Plan & Execute - 요즘 AI계의 핫 이슈인 추론에 대해 배웁니다 , Inference 와 Reasoning 의 차이점은?","Feb 4, 2025",1007,0.0334
2026-05-27,KpBnknONb48,"Plan & Execute - 요즘 AI계의 핫 이슈인 추론에 대해 배웁니다 , Inference 와 Reasoning 의 차이점은?","Feb 4, 2025",1007,0
2026-05-28,KpBnknONb48,"Plan & Execute - 요즘 AI계의 핫 이슈인 추론에 대해 배웁니다 , Inference 와 Reasoning 의 차이점은?","Feb 4, 2025",1007,0
2026-05-29,KpBnknONb48,"Plan & Execute - 요즘 AI계의 핫 이슈인 추론에 대해 배웁니다 , Inference 와 Reasoning 의 차이점은?","Feb 4, 2025",1007,0
2026-05-30,KpBnknONb48,"Plan & Execute - 요즘 AI계의 핫 이슈인 추론에 대해 배웁니다 , Inference 와 Reasoning 의 차이점은?","Feb 4, 2025",1007,0
2026-05-31,KpBnknONb48,"Plan & Execute - 요즘 AI계의 핫 이슈인 추론에 대해 배웁니다 , Inference 와 Reasoning 의 차이점은?","Feb 4, 2025",1007,0
2026-06-01,KpBnknONb48,"Plan & Execute - 요즘 AI계의 핫 이슈인 추론에 대해 배웁니다 , Inference 와 Reasoning 의 차이점은?","Feb 4, 2025",1007,0
2026-06-02,KpBnknONb48,"Plan & Execute - 요즘 AI계의 핫 이슈인 추론에 대해 배웁니다 , Inference 와 Reasoning 의 차이점은?","Feb 4, 2025",1007,0.0122
2026-06-03,KpBnknONb48,"Plan & Execute - 요즘 AI계의 핫 이슈인 추론에 대해 배웁니다 , Inference 와 Reasoning 의 차이점은?","Feb 4, 2025",1007,0.0003
2026-06-04,KpBnknONb48,"Plan & Execute - 요즘 AI계의 핫 이슈인 추론에 대해 배웁니다 , Inference 와 Reasoning 의 차이점은?","Feb 4, 2025",1007,0
2026-06-05,KpBnknONb48,"Plan & Execute - 요즘 AI계의 핫 이슈인 추론에 대해 배웁니다 , Inference 와 Reasoning 의 차이점은?","Feb 4, 2025",1007,0
2026-06-06,KpBnknONb48,"Plan & Execute - 요즘 AI계의 핫 이슈인 추론에 대해 배웁니다 , Inference 와 Reasoning 의 차이점은?","Feb 4, 2025",1007,0
2026-06-07,KpBnknONb48,"Plan & Execute - 요즘 AI계의 핫 이슈인 추론에 대해 배웁니다 , Inference 와 Reasoning 의 차이점은?","Feb 4, 2025",1007,0.2901
2026-06-08,KpBnknONb48,"Plan & Execute - 요즘 AI계의 핫 이슈인 추론에 대해 배웁니다 , Inference 와 Reasoning 의 차이점은?","Feb 4, 2025",1007,0.0443
2026-06-09,KpBnknONb48,"Plan & Execute - 요즘 AI계의 핫 이슈인 추론에 대해 배웁니다 , Inference 와 Reasoning 의 차이점은?","Feb 4, 2025",1007,0
2026-06-10,KpBnknONb48,"Plan & Execute - 요즘 AI계의 핫 이슈인 추론에 대해 배웁니다 , Inference 와 Reasoning 의 차이점은?","Feb 4, 2025",1007,0
2026-06-11,KpBnknONb48,"Plan & Execute - 요즘 AI계의 핫 이슈인 추론에 대해 배웁니다 , Inference 와 Reasoning 의 차이점은?","Feb 4, 2025",1007,0
2026-06-12,KpBnknONb48,"Plan & Execute - 요즘 AI계의 핫 이슈인 추론에 대해 배웁니다 , Inference 와 Reasoning 의 차이점은?","Feb 4, 2025",1007,0.0572
2026-06-13,KpBnknONb48,"Plan & Execute - 요즘 AI계의 핫 이슈인 추론에 대해 배웁니다 , Inference 와 Reasoning 의 차이점은?","Feb 4, 2025",1007,0.1398
2026-06-14,KpBnknONb48,"Plan & Execute - 요즘 AI계의 핫 이슈인 추론에 대해 배웁니다 , Inference 와 Reasoning 의 차이점은?","Feb 4, 2025",1007,0.2709
2026-06-15,KpBnknONb48,"Plan & Execute - 요즘 AI계의 핫 이슈인 추론에 대해 배웁니다 , Inference 와 Reasoning 의 차이점은?","Feb 4, 2025",1007,0.0898
2026-06-16,KpBnknONb48,"Plan & Execute - 요즘 AI계의 핫 이슈인 추론에 대해 배웁니다 , Inference 와 Reasoning 의 차이점은?","Feb 4, 2025",1007,0.0069
2026-06-17,KpBnknONb48,"Plan & Execute - 요즘 AI계의 핫 이슈인 추론에 대해 배웁니다 , Inference 와 Reasoning 의 차이점은?","Feb 4, 2025",1007,0.0016
2026-06-18,KpBnknONb48,"Plan & Execute - 요즘 AI계의 핫 이슈인 추론에 대해 배웁니다 , Inference 와 Reasoning 의 차이점은?","Feb 4, 2025",1007,0.0086
2026-06-19,KpBnknONb48,"Plan & Execute - 요즘 AI계의 핫 이슈인 추론에 대해 배웁니다 , Inference 와 Reasoning 의 차이점은?","Feb 4, 2025",1007,0
2026-06-20,KpBnknONb48,"Plan & Execute - 요즘 AI계의 핫 이슈인 추론에 대해 배웁니다 , Inference 와 Reasoning 의 차이점은?","Feb 4, 2025",1007,0.0048
2026-06-21,KpBnknONb48,"Plan & Execute - 요즘 AI계의 핫 이슈인 추론에 대해 배웁니다 , Inference 와 Reasoning 의 차이점은?","Feb 4, 2025",1007,0.0017
2026-06-22,KpBnknONb48,"Plan & Execute - 요즘 AI계의 핫 이슈인 추론에 대해 배웁니다 , Inference 와 Reasoning 의 차이점은?","Feb 4, 2025",1007,0
2026-06-23,KpBnknONb48,"Plan & Execute - 요즘 AI계의 핫 이슈인 추론에 대해 배웁니다 , Inference 와 Reasoning 의 차이점은?","Feb 4, 2025",1007,0
2023-03-15,LUVKTjM4ukU,시애틀에 있는 IONQ 양자 컴퓨터 제조 현장 방문 해 임원 면담까지 한 사연 (ft. 가을바람월드),"Oct 25, 2024",849,0
2023-03-16,LUVKTjM4ukU,시애틀에 있는 IONQ 양자 컴퓨터 제조 현장 방문 해 임원 면담까지 한 사연 (ft. 가을바람월드),"Oct 25, 2024",849,0
2023-03-17,LUVKTjM4ukU,시애틀에 있는 IONQ 양자 컴퓨터 제조 현장 방문 해 임원 면담까지 한 사연 (ft. 가을바람월드),"Oct 25, 2024",849,0
2023-03-18,LUVKTjM4ukU,시애틀에 있는 IONQ 양자 컴퓨터 제조 현장 방문 해 임원 면담까지 한 사연 (ft. 가을바람월드),"Oct 25, 2024",849,0
2023-03-19,LUVKTjM4ukU,시애틀에 있는 IONQ 양자 컴퓨터 제조 현장 방문 해 임원 면담까지 한 사연 (ft. 가을바람월드),"Oct 25, 2024",849,0
2023-03-20,LUVKTjM4ukU,시애틀에 있는 IONQ 양자 컴퓨터 제조 현장 방문 해 임원 면담까지 한 사연 (ft. 가을바람월드),"Oct 25, 2024",849,0
2023-03-21,LUVKTjM4ukU,시애틀에 있는 IONQ 양자 컴퓨터 제조 현장 방문 해 임원 면담까지 한 사연 (ft. 가을바람월드),"Oct 25, 2024",849,0
2023-03-22,LUVKTjM4ukU,시애틀에 있는 IONQ 양자 컴퓨터 제조 현장 방문 해 임원 면담까지 한 사연 (ft. 가을바람월드),"Oct 25, 2024",849,0
2023-03-23,LUVKTjM4ukU,시애틀에 있는 IONQ 양자 컴퓨터 제조 현장 방문 해 임원 면담까지 한 사연 (ft. 가을바람월드),"Oct 25, 2024",849,0
2023-03-24,LUVKTjM4ukU,시애틀에 있는 IONQ 양자 컴퓨터 제조 현장 방문 해 임원 면담까지 한 사연 (ft. 가을바람월드),"Oct 25, 2024",849,0
2023-03-25,LUVKTjM4ukU,시애틀에 있는 IONQ 양자 컴퓨터 제조 현장 방문 해 임원 면담까지 한 사연 (ft. 가을바람월드),"Oct 25, 2024",849,0
2023-03-26,LUVKTjM4ukU,시애틀에 있는 IONQ 양자 컴퓨터 제조 현장 방문 해 임원 면담까지 한 사연 (ft. 가을바람월드),"Oct 25, 2024",849,0
2023-03-27,LUVKTjM4ukU,시애틀에 있는 IONQ 양자 컴퓨터 제조 현장 방문 해 임원 면담까지 한 사연 (ft. 가을바람월드),"Oct 25, 2024",849,0
2023-03-28,LUVKTjM4ukU,시애틀에 있는 IONQ 양자 컴퓨터 제조 현장 방문 해 임원 면담까지 한 사연 (ft. 가을바람월드),"Oct 25, 2024",849,0
2023-03-29,LUVKTjM4ukU,시애틀에 있는 IONQ 양자 컴퓨터 제조 현장 방문 해 임원 면담까지 한 사연 (ft. 가을바람월드),"Oct 25, 2024",849,0
2023-03-30,LUVKTjM4ukU,시애틀에 있는 IONQ 양자 컴퓨터 제조 현장 방문 해 임원 면담까지 한 사연 (ft. 가을바람월드),"Oct 25, 2024",849,0
2023-03-31,LUVKTjM4ukU,시애틀에 있는 IONQ 양자 컴퓨터 제조 현장 방문 해 임원 면담까지 한 사연 (ft. 가을바람월드),"Oct 25, 2024",849,0
2023-04-01,LUVKTjM4ukU,시애틀에 있는 IONQ 양자 컴퓨터 제조 현장 방문 해 임원 면담까지 한 사연 (ft. 가을바람월드),"Oct 25, 2024",849,0
2023-04-02,LUVKTjM4ukU,시애틀에 있는 IONQ 양자 컴퓨터 제조 현장 방문 해 임원 면담까지 한 사연 (ft. 가을바람월드),"Oct 25, 2024",849,0
2023-04-03,LUVKTjM4ukU,시애틀에 있는 IONQ 양자 컴퓨터 제조 현장 방문 해 임원 면담까지 한 사연 (ft. 가을바람월드),"Oct 25, 2024",849,0
2023-04-04,LUVKTjM4ukU,시애틀에 있는 IONQ 양자 컴퓨터 제조 현장 방문 해 임원 면담까지 한 사연 (ft. 가을바람월드),"Oct 25, 2024",849,0
2023-04-05,LUVKTjM4ukU,시애틀에 있는 IONQ 양자 컴퓨터 제조 현장 방문 해 임원 면담까지 한 사연 (ft. 가을바람월드),"Oct 25, 2024",849,0
2023-04-06,LUVKTjM4ukU,시애틀에 있는 IONQ 양자 컴퓨터 제조 현장 방문 해 임원 면담까지 한 사연 (ft. 가을바람월드),"Oct 25, 2024",849,0
2023-04-07,LUVKTjM4ukU,시애틀에 있는 IONQ 양자 컴퓨터 제조 현장 방문 해 임원 면담까지 한 사연 (ft. 가을바람월드),"Oct 25, 2024",849,0
2023-04-08,LUVKTjM4ukU,시애틀에 있는 IONQ 양자 컴퓨터 제조 현장 방문 해 임원 면담까지 한 사연 (ft. 가을바람월드),"Oct 25, 2024",849,0
2023-04-09,LUVKTjM4ukU,시애틀에 있는 IONQ 양자 컴퓨터 제조 현장 방문 해 임원 면담까지 한 사연 (ft. 가을바람월드),"Oct 25, 2024",849,0
2023-04-10,LUVKTjM4ukU,시애틀에 있는 IONQ 양자 컴퓨터 제조 현장 방문 해 임원 면담까지 한 사연 (ft. 가을바람월드),"Oct 25, 2024",849,0
2023-04-11,LUVKTjM4ukU,시애틀에 있는 IONQ 양자 컴퓨터 제조 현장 방문 해 임원 면담까지 한 사연 (ft. 가을바람월드),"Oct 25, 2024",849,0
2023-04-12,LUVKTjM4ukU,시애틀에 있는 IONQ 양자 컴퓨터 제조 현장 방문 해 임원 면담까지 한 사연 (ft. 가을바람월드),"Oct 25, 2024",849,0
2023-04-13,LUVKTjM4ukU,시애틀에 있는 IONQ 양자 컴퓨터 제조 현장 방문 해 임원 면담까지 한 사연 (ft. 가을바람월드),"Oct 25, 2024",849,0
2023-04-14,LUVKTjM4ukU,시애틀에 있는 IONQ 양자 컴퓨터 제조 현장 방문 해 임원 면담까지 한 사연 (ft. 가을바람월드),"Oct 25, 2024",849,0
2023-04-15,LUVKTjM4ukU,시애틀에 있는 IONQ 양자 컴퓨터 제조 현장 방문 해 임원 면담까지 한 사연 (ft. 가을바람월드),"Oct 25, 2024",849,0
2023-04-16,LUVKTjM4ukU,시애틀에 있는 IONQ 양자 컴퓨터 제조 현장 방문 해 임원 면담까지 한 사연 (ft. 가을바람월드),"Oct 25, 2024",849,0
2023-04-17,LUVKTjM4ukU,시애틀에 있는 IONQ 양자 컴퓨터 제조 현장 방문 해 임원 면담까지 한 사연 (ft. 가을바람월드),"Oct 25, 2024",849,0
2023-04-18,LUVKTjM4ukU,시애틀에 있는 IONQ 양자 컴퓨터 제조 현장 방문 해 임원 면담까지 한 사연 (ft. 가을바람월드),"Oct 25, 2024",849,0
2023-04-19,LUVKTjM4ukU,시애틀에 있는 IONQ 양자 컴퓨터 제조 현장 방문 해 임원 면담까지 한 사연 (ft. 가을바람월드),"Oct 25, 2024",849,0
2023-04-20,LUVKTjM4ukU,시애틀에 있는 IONQ 양자 컴퓨터 제조 현장 방문 해 임원 면담까지 한 사연 (ft. 가을바람월드),"Oct 25, 2024",849,0
2023-04-21,LUVKTjM4ukU,시애틀에 있는 IONQ 양자 컴퓨터 제조 현장 방문 해 임원 면담까지 한 사연 (ft. 가을바람월드),"Oct 25, 2024",849,0
2023-04-22,LUVKTjM4ukU,시애틀에 있는 IONQ 양자 컴퓨터 제조 현장 방문 해 임원 면담까지 한 사연 (ft. 가을바람월드),"Oct 25, 2024",849,0
2023-04-23,LUVKTjM4ukU,시애틀에 있는 IONQ 양자 컴퓨터 제조 현장 방문 해 임원 면담까지 한 사연 (ft. 가을바람월드),"Oct 25, 2024",849,0
2023-04-24,LUVKTjM4ukU,시애틀에 있는 IONQ 양자 컴퓨터 제조 현장 방문 해 임원 면담까지 한 사연 (ft. 가을바람월드),"Oct 25, 2024",849,0
2023-04-25,LUVKTjM4ukU,시애틀에 있는 IONQ 양자 컴퓨터 제조 현장 방문 해 임원 면담까지 한 사연 (ft. 가을바람월드),"Oct 25, 2024",849,0
2023-04-26,LUVKTjM4ukU,시애틀에 있는 IONQ 양자 컴퓨터 제조 현장 방문 해 임원 면담까지 한 사연 (ft. 가을바람월드),"Oct 25, 2024",849,0
2023-04-27,LUVKTjM4ukU,시애틀에 있는 IONQ 양자 컴퓨터 제조 현장 방문 해 임원 면담까지 한 사연 (ft. 가을바람월드),"Oct 25, 2024",849,0
2023-04-28,LUVKTjM4ukU,시애틀에 있는 IONQ 양자 컴퓨터 제조 현장 방문 해 임원 면담까지 한 사연 (ft. 가을바람월드),"Oct 25, 2024",849,0
2023-04-29,LUVKTjM4ukU,시애틀에 있는 IONQ 양자 컴퓨터 제조 현장 방문 해 임원 면담까지 한 사연 (ft. 가을바람월드),"Oct 25, 2024",849,0
2023-04-30,LUVKTjM4ukU,시애틀에 있는 IONQ 양자 컴퓨터 제조 현장 방문 해 임원 면담까지 한 사연 (ft. 가을바람월드),"Oct 25, 2024",849,0
2023-05-01,LUVKTjM4ukU,시애틀에 있는 IONQ 양자 컴퓨터 제조 현장 방문 해 임원 면담까지 한 사연 (ft. 가을바람월드),"Oct 25, 2024",849,0
2023-05-02,LUVKTjM4ukU,시애틀에 있는 IONQ 양자 컴퓨터 제조 현장 방문 해 임원 면담까지 한 사연 (ft. 가을바람월드),"Oct 25, 2024",849,0
2023-05-03,LUVKTjM4ukU,시애틀에 있는 IONQ 양자 컴퓨터 제조 현장 방문 해 임원 면담까지 한 사연 (ft. 가을바람월드),"Oct 25, 2024",849,0
2023-05-04,LUVKTjM4ukU,시애틀에 있는 IONQ 양자 컴퓨터 제조 현장 방문 해 임원 면담까지 한 사연 (ft. 가을바람월드),"Oct 25, 2024",849,0
2023-05-05,LUVKTjM4ukU,시애틀에 있는 IONQ 양자 컴퓨터 제조 현장 방문 해 임원 면담까지 한 사연 (ft. 가을바람월드),"Oct 25, 2024",849,0
2023-05-06,LUVKTjM4ukU,시애틀에 있는 IONQ 양자 컴퓨터 제조 현장 방문 해 임원 면담까지 한 사연 (ft. 가을바람월드),"Oct 25, 2024",849,0
2023-05-07,LUVKTjM4ukU,시애틀에 있는 IONQ 양자 컴퓨터 제조 현장 방문 해 임원 면담까지 한 사연 (ft. 가을바람월드),"Oct 25, 2024",849,0
2023-05-08,LUVKTjM4ukU,시애틀에 있는 IONQ 양자 컴퓨터 제조 현장 방문 해 임원 면담까지 한 사연 (ft. 가을바람월드),"Oct 25, 2024",849,0
2023-05-09,LUVKTjM4ukU,시애틀에 있는 IONQ 양자 컴퓨터 제조 현장 방문 해 임원 면담까지 한 사연 (ft. 가을바람월드),"Oct 25, 2024",849,0
2023-05-10,LUVKTjM4ukU,시애틀에 있는 IONQ 양자 컴퓨터 제조 현장 방문 해 임원 면담까지 한 사연 (ft. 가을바람월드),"Oct 25, 2024",849,0
2023-05-11,LUVKTjM4ukU,시애틀에 있는 IONQ 양자 컴퓨터 제조 현장 방문 해 임원 면담까지 한 사연 (ft. 가을바람월드),"Oct 25, 2024",849,0
2023-05-12,LUVKTjM4ukU,시애틀에 있는 IONQ 양자 컴퓨터 제조 현장 방문 해 임원 면담까지 한 사연 (ft. 가을바람월드),"Oct 25, 2024",849,0
2023-05-13,LUVKTjM4ukU,시애틀에 있는 IONQ 양자 컴퓨터 제조 현장 방문 해 임원 면담까지 한 사연 (ft. 가을바람월드),"Oct 25, 2024",849,0
2023-05-14,LUVKTjM4ukU,시애틀에 있는 IONQ 양자 컴퓨터 제조 현장 방문 해 임원 면담까지 한 사연 (ft. 가을바람월드),"Oct 25, 2024",849,0
2023-05-15,LUVKTjM4ukU,시애틀에 있는 IONQ 양자 컴퓨터 제조 현장 방문 해 임원 면담까지 한 사연 (ft. 가을바람월드),"Oct 25, 2024",849,0
2023-05-16,LUVKTjM4ukU,시애틀에 있는 IONQ 양자 컴퓨터 제조 현장 방문 해 임원 면담까지 한 사연 (ft. 가을바람월드),"Oct 25, 2024",849,0
2023-05-17,LUVKTjM4ukU,시애틀에 있는 IONQ 양자 컴퓨터 제조 현장 방문 해 임원 면담까지 한 사연 (ft. 가을바람월드),"Oct 25, 2024",849,0
2023-05-18,LUVKTjM4ukU,시애틀에 있는 IONQ 양자 컴퓨터 제조 현장 방문 해 임원 면담까지 한 사연 (ft. 가을바람월드),"Oct 25, 2024",849,0
2023-05-19,LUVKTjM4ukU,시애틀에 있는 IONQ 양자 컴퓨터 제조 현장 방문 해 임원 면담까지 한 사연 (ft. 가을바람월드),"Oct 25, 2024",849,0
2023-05-20,LUVKTjM4ukU,시애틀에 있는 IONQ 양자 컴퓨터 제조 현장 방문 해 임원 면담까지 한 사연 (ft. 가을바람월드),"Oct 25, 2024",849,0
2023-05-21,LUVKTjM4ukU,시애틀에 있는 IONQ 양자 컴퓨터 제조 현장 방문 해 임원 면담까지 한 사연 (ft. 가을바람월드),"Oct 25, 2024",849,0
2023-05-22,LUVKTjM4ukU,시애틀에 있는 IONQ 양자 컴퓨터 제조 현장 방문 해 임원 면담까지 한 사연 (ft. 가을바람월드),"Oct 25, 2024",849,0
2023-05-23,LUVKTjM4ukU,시애틀에 있는 IONQ 양자 컴퓨터 제조 현장 방문 해 임원 면담까지 한 사연 (ft. 가을바람월드),"Oct 25, 2024",849,0
2023-05-24,LUVKTjM4ukU,시애틀에 있는 IONQ 양자 컴퓨터 제조 현장 방문 해 임원 면담까지 한 사연 (ft. 가을바람월드),"Oct 25, 2024",849,0
2023-05-25,LUVKTjM4ukU,시애틀에 있는 IONQ 양자 컴퓨터 제조 현장 방문 해 임원 면담까지 한 사연 (ft. 가을바람월드),"Oct 25, 2024",849,0
2023-05-26,LUVKTjM4ukU,시애틀에 있는 IONQ 양자 컴퓨터 제조 현장 방문 해 임원 면담까지 한 사연 (ft. 가을바람월드),"Oct 25, 2024",849,0
2023-05-27,LUVKTjM4ukU,시애틀에 있는 IONQ 양자 컴퓨터 제조 현장 방문 해 임원 면담까지 한 사연 (ft. 가을바람월드),"Oct 25, 2024",849,0
2023-05-28,LUVKTjM4ukU,시애틀에 있는 IONQ 양자 컴퓨터 제조 현장 방문 해 임원 면담까지 한 사연 (ft. 가을바람월드),"Oct 25, 2024",849,0
2023-05-29,LUVKTjM4ukU,시애틀에 있는 IONQ 양자 컴퓨터 제조 현장 방문 해 임원 면담까지 한 사연 (ft. 가을바람월드),"Oct 25, 2024",849,0
2023-05-30,LUVKTjM4ukU,시애틀에 있는 IONQ 양자 컴퓨터 제조 현장 방문 해 임원 면담까지 한 사연 (ft. 가을바람월드),"Oct 25, 2024",849,0
2023-05-31,LUVKTjM4ukU,시애틀에 있는 IONQ 양자 컴퓨터 제조 현장 방문 해 임원 면담까지 한 사연 (ft. 가을바람월드),"Oct 25, 2024",849,0
2023-06-01,LUVKTjM4ukU,시애틀에 있는 IONQ 양자 컴퓨터 제조 현장 방문 해 임원 면담까지 한 사연 (ft. 가을바람월드),"Oct 25, 2024",849,0
2023-06-02,LUVKTjM4ukU,시애틀에 있는 IONQ 양자 컴퓨터 제조 현장 방문 해 임원 면담까지 한 사연 (ft. 가을바람월드),"Oct 25, 2024",849,0
2023-06-03,LUVKTjM4ukU,시애틀에 있는 IONQ 양자 컴퓨터 제조 현장 방문 해 임원 면담까지 한 사연 (ft. 가을바람월드),"Oct 25, 2024",849,0
2023-06-04,LUVKTjM4ukU,시애틀에 있는 IONQ 양자 컴퓨터 제조 현장 방문 해 임원 면담까지 한 사연 (ft. 가을바람월드),"Oct 25, 2024",849,0
2023-06-05,LUVKTjM4ukU,시애틀에 있는 IONQ 양자 컴퓨터 제조 현장 방문 해 임원 면담까지 한 사연 (ft. 가을바람월드),"Oct 25, 2024",849,0
2023-06-06,LUVKTjM4ukU,시애틀에 있는 IONQ 양자 컴퓨터 제조 현장 방문 해 임원 면담까지 한 사연 (ft. 가을바람월드),"Oct 25, 2024",849,0
2023-06-07,LUVKTjM4ukU,시애틀에 있는 IONQ 양자 컴퓨터 제조 현장 방문 해 임원 면담까지 한 사연 (ft. 가을바람월드),"Oct 25, 2024",849,0
2023-06-08,LUVKTjM4ukU,시애틀에 있는 IONQ 양자 컴퓨터 제조 현장 방문 해 임원 면담까지 한 사연 (ft. 가을바람월드),"Oct 25, 2024",849,0
2023-06-09,LUVKTjM4ukU,시애틀에 있는 IONQ 양자 컴퓨터 제조 현장 방문 해 임원 면담까지 한 사연 (ft. 가을바람월드),"Oct 25, 2024",849,0
2023-06-10,LUVKTjM4ukU,시애틀에 있는 IONQ 양자 컴퓨터 제조 현장 방문 해 임원 면담까지 한 사연 (ft. 가을바람월드),"Oct 25, 2024",849,0
2023-06-11,LUVKTjM4ukU,시애틀에 있는 IONQ 양자 컴퓨터 제조 현장 방문 해 임원 면담까지 한 사연 (ft. 가을바람월드),"Oct 25, 2024",849,0
2023-06-12,LUVKTjM4ukU,시애틀에 있는 IONQ 양자 컴퓨터 제조 현장 방문 해 임원 면담까지 한 사연 (ft. 가을바람월드),"Oct 25, 2024",849,0
2023-06-13,LUVKTjM4ukU,시애틀에 있는 IONQ 양자 컴퓨터 제조 현장 방문 해 임원 면담까지 한 사연 (ft. 가을바람월드),"Oct 25, 2024",849,0
2023-06-14,LUVKTjM4ukU,시애틀에 있는 IONQ 양자 컴퓨터 제조 현장 방문 해 임원 면담까지 한 사연 (ft. 가을바람월드),"Oct 25, 2024",849,0
2023-06-15,LUVKTjM4ukU,시애틀에 있는 IONQ 양자 컴퓨터 제조 현장 방문 해 임원 면담까지 한 사연 (ft. 가을바람월드),"Oct 25, 2024",849,0
2023-06-16,LUVKTjM4ukU,시애틀에 있는 IONQ 양자 컴퓨터 제조 현장 방문 해 임원 면담까지 한 사연 (ft. 가을바람월드),"Oct 25, 2024",849,0
2023-06-17,LUVKTjM4ukU,시애틀에 있는 IONQ 양자 컴퓨터 제조 현장 방문 해 임원 면담까지 한 사연 (ft. 가을바람월드),"Oct 25, 2024",849,0
2023-06-18,LUVKTjM4ukU,시애틀에 있는 IONQ 양자 컴퓨터 제조 현장 방문 해 임원 면담까지 한 사연 (ft. 가을바람월드),"Oct 25, 2024",849,0
2023-06-19,LUVKTjM4ukU,시애틀에 있는 IONQ 양자 컴퓨터 제조 현장 방문 해 임원 면담까지 한 사연 (ft. 가을바람월드),"Oct 25, 2024",849,0
2023-06-20,LUVKTjM4ukU,시애틀에 있는 IONQ 양자 컴퓨터 제조 현장 방문 해 임원 면담까지 한 사연 (ft. 가을바람월드),"Oct 25, 2024",849,0
2023-06-21,LUVKTjM4ukU,시애틀에 있는 IONQ 양자 컴퓨터 제조 현장 방문 해 임원 면담까지 한 사연 (ft. 가을바람월드),"Oct 25, 2024",849,0
2023-06-22,LUVKTjM4ukU,시애틀에 있는 IONQ 양자 컴퓨터 제조 현장 방문 해 임원 면담까지 한 사연 (ft. 가을바람월드),"Oct 25, 2024",849,0
2023-06-23,LUVKTjM4ukU,시애틀에 있는 IONQ 양자 컴퓨터 제조 현장 방문 해 임원 면담까지 한 사연 (ft. 가을바람월드),"Oct 25, 2024",849,0
2023-06-24,LUVKTjM4ukU,시애틀에 있는 IONQ 양자 컴퓨터 제조 현장 방문 해 임원 면담까지 한 사연 (ft. 가을바람월드),"Oct 25, 2024",849,0
2023-06-25,LUVKTjM4ukU,시애틀에 있는 IONQ 양자 컴퓨터 제조 현장 방문 해 임원 면담까지 한 사연 (ft. 가을바람월드),"Oct 25, 2024",849,0
2023-06-26,LUVKTjM4ukU,시애틀에 있는 IONQ 양자 컴퓨터 제조 현장 방문 해 임원 면담까지 한 사연 (ft. 가을바람월드),"Oct 25, 2024",849,0
2023-06-27,LUVKTjM4ukU,시애틀에 있는 IONQ 양자 컴퓨터 제조 현장 방문 해 임원 면담까지 한 사연 (ft. 가을바람월드),"Oct 25, 2024",849,0
2023-06-28,LUVKTjM4ukU,시애틀에 있는 IONQ 양자 컴퓨터 제조 현장 방문 해 임원 면담까지 한 사연 (ft. 가을바람월드),"Oct 25, 2024",849,0
2023-06-29,LUVKTjM4ukU,시애틀에 있는 IONQ 양자 컴퓨터 제조 현장 방문 해 임원 면담까지 한 사연 (ft. 가을바람월드),"Oct 25, 2024",849,0
2023-06-30,LUVKTjM4ukU,시애틀에 있는 IONQ 양자 컴퓨터 제조 현장 방문 해 임원 면담까지 한 사연 (ft. 가을바람월드),"Oct 25, 2024",849,0
2023-07-01,LUVKTjM4ukU,시애틀에 있는 IONQ 양자 컴퓨터 제조 현장 방문 해 임원 면담까지 한 사연 (ft. 가을바람월드),"Oct 25, 2024",849,0
2023-07-02,LUVKTjM4ukU,시애틀에 있는 IONQ 양자 컴퓨터 제조 현장 방문 해 임원 면담까지 한 사연 (ft. 가을바람월드),"Oct 25, 2024",849,0
2023-07-03,LUVKTjM4ukU,시애틀에 있는 IONQ 양자 컴퓨터 제조 현장 방문 해 임원 면담까지 한 사연 (ft. 가을바람월드),"Oct 25, 2024",849,0
2023-07-04,LUVKTjM4ukU,시애틀에 있는 IONQ 양자 컴퓨터 제조 현장 방문 해 임원 면담까지 한 사연 (ft. 가을바람월드),"Oct 25, 2024",849,0
2023-07-05,LUVKTjM4ukU,시애틀에 있는 IONQ 양자 컴퓨터 제조 현장 방문 해 임원 면담까지 한 사연 (ft. 가을바람월드),"Oct 25, 2024",849,0
2023-07-06,LUVKTjM4ukU,시애틀에 있는 IONQ 양자 컴퓨터 제조 현장 방문 해 임원 면담까지 한 사연 (ft. 가을바람월드),"Oct 25, 2024",849,0
2023-07-07,LUVKTjM4ukU,시애틀에 있는 IONQ 양자 컴퓨터 제조 현장 방문 해 임원 면담까지 한 사연 (ft. 가을바람월드),"Oct 25, 2024",849,0
2023-07-08,LUVKTjM4ukU,시애틀에 있는 IONQ 양자 컴퓨터 제조 현장 방문 해 임원 면담까지 한 사연 (ft. 가을바람월드),"Oct 25, 2024",849,0
2023-07-09,LUVKTjM4ukU,시애틀에 있는 IONQ 양자 컴퓨터 제조 현장 방문 해 임원 면담까지 한 사연 (ft. 가을바람월드),"Oct 25, 2024",849,0
2023-07-10,LUVKTjM4ukU,시애틀에 있는 IONQ 양자 컴퓨터 제조 현장 방문 해 임원 면담까지 한 사연 (ft. 가을바람월드),"Oct 25, 2024",849,0
2023-07-11,LUVKTjM4ukU,시애틀에 있는 IONQ 양자 컴퓨터 제조 현장 방문 해 임원 면담까지 한 사연 (ft. 가을바람월드),"Oct 25, 2024",849,0
2023-07-12,LUVKTjM4ukU,시애틀에 있는 IONQ 양자 컴퓨터 제조 현장 방문 해 임원 면담까지 한 사연 (ft. 가을바람월드),"Oct 25, 2024",849,0
2023-07-13,LUVKTjM4ukU,시애틀에 있는 IONQ 양자 컴퓨터 제조 현장 방문 해 임원 면담까지 한 사연 (ft. 가을바람월드),"Oct 25, 2024",849,0
2023-07-14,LUVKTjM4ukU,시애틀에 있는 IONQ 양자 컴퓨터 제조 현장 방문 해 임원 면담까지 한 사연 (ft. 가을바람월드),"Oct 25, 2024",849,0
2023-07-15,LUVKTjM4ukU,시애틀에 있는 IONQ 양자 컴퓨터 제조 현장 방문 해 임원 면담까지 한 사연 (ft. 가을바람월드),"Oct 25, 2024",849,0
2023-07-16,LUVKTjM4ukU,시애틀에 있는 IONQ 양자 컴퓨터 제조 현장 방문 해 임원 면담까지 한 사연 (ft. 가을바람월드),"Oct 25, 2024",849,0
2023-07-17,LUVKTjM4ukU,시애틀에 있는 IONQ 양자 컴퓨터 제조 현장 방문 해 임원 면담까지 한 사연 (ft. 가을바람월드),"Oct 25, 2024",849,0
2023-07-18,LUVKTjM4ukU,시애틀에 있는 IONQ 양자 컴퓨터 제조 현장 방문 해 임원 면담까지 한 사연 (ft. 가을바람월드),"Oct 25, 2024",849,0
2023-07-19,LUVKTjM4ukU,시애틀에 있는 IONQ 양자 컴퓨터 제조 현장 방문 해 임원 면담까지 한 사연 (ft. 가을바람월드),"Oct 25, 2024",849,0
2023-07-20,LUVKTjM4ukU,시애틀에 있는 IONQ 양자 컴퓨터 제조 현장 방문 해 임원 면담까지 한 사연 (ft. 가을바람월드),"Oct 25, 2024",849,0
2023-07-21,LUVKTjM4ukU,시애틀에 있는 IONQ 양자 컴퓨터 제조 현장 방문 해 임원 면담까지 한 사연 (ft. 가을바람월드),"Oct 25, 2024",849,0
2023-07-22,LUVKTjM4ukU,시애틀에 있는 IONQ 양자 컴퓨터 제조 현장 방문 해 임원 면담까지 한 사연 (ft. 가을바람월드),"Oct 25, 2024",849,0
2023-07-23,LUVKTjM4ukU,시애틀에 있는 IONQ 양자 컴퓨터 제조 현장 방문 해 임원 면담까지 한 사연 (ft. 가을바람월드),"Oct 25, 2024",849,0
2023-07-24,LUVKTjM4ukU,시애틀에 있는 IONQ 양자 컴퓨터 제조 현장 방문 해 임원 면담까지 한 사연 (ft. 가을바람월드),"Oct 25, 2024",849,0
2023-07-25,LUVKTjM4ukU,시애틀에 있는 IONQ 양자 컴퓨터 제조 현장 방문 해 임원 면담까지 한 사연 (ft. 가을바람월드),"Oct 25, 2024",849,0
2023-07-26,LUVKTjM4ukU,시애틀에 있는 IONQ 양자 컴퓨터 제조 현장 방문 해 임원 면담까지 한 사연 (ft. 가을바람월드),"Oct 25, 2024",849,0
2023-07-27,LUVKTjM4ukU,시애틀에 있는 IONQ 양자 컴퓨터 제조 현장 방문 해 임원 면담까지 한 사연 (ft. 가을바람월드),"Oct 25, 2024",849,0
2023-07-28,LUVKTjM4ukU,시애틀에 있는 IONQ 양자 컴퓨터 제조 현장 방문 해 임원 면담까지 한 사연 (ft. 가을바람월드),"Oct 25, 2024",849,0
2023-07-29,LUVKTjM4ukU,시애틀에 있는 IONQ 양자 컴퓨터 제조 현장 방문 해 임원 면담까지 한 사연 (ft. 가을바람월드),"Oct 25, 2024",849,0
2023-07-30,LUVKTjM4ukU,시애틀에 있는 IONQ 양자 컴퓨터 제조 현장 방문 해 임원 면담까지 한 사연 (ft. 가을바람월드),"Oct 25, 2024",849,0
2023-07-31,LUVKTjM4ukU,시애틀에 있는 IONQ 양자 컴퓨터 제조 현장 방문 해 임원 면담까지 한 사연 (ft. 가을바람월드),"Oct 25, 2024",849,0
2023-08-01,LUVKTjM4ukU,시애틀에 있는 IONQ 양자 컴퓨터 제조 현장 방문 해 임원 면담까지 한 사연 (ft. 가을바람월드),"Oct 25, 2024",849,0
2023-08-02,LUVKTjM4ukU,시애틀에 있는 IONQ 양자 컴퓨터 제조 현장 방문 해 임원 면담까지 한 사연 (ft. 가을바람월드),"Oct 25, 2024",849,0
2023-08-03,LUVKTjM4ukU,시애틀에 있는 IONQ 양자 컴퓨터 제조 현장 방문 해 임원 면담까지 한 사연 (ft. 가을바람월드),"Oct 25, 2024",849,0
2023-08-04,LUVKTjM4ukU,시애틀에 있는 IONQ 양자 컴퓨터 제조 현장 방문 해 임원 면담까지 한 사연 (ft. 가을바람월드),"Oct 25, 2024",849,0
2023-08-05,LUVKTjM4ukU,시애틀에 있는 IONQ 양자 컴퓨터 제조 현장 방문 해 임원 면담까지 한 사연 (ft. 가을바람월드),"Oct 25, 2024",849,0
2023-08-06,LUVKTjM4ukU,시애틀에 있는 IONQ 양자 컴퓨터 제조 현장 방문 해 임원 면담까지 한 사연 (ft. 가을바람월드),"Oct 25, 2024",849,0
2023-08-07,LUVKTjM4ukU,시애틀에 있는 IONQ 양자 컴퓨터 제조 현장 방문 해 임원 면담까지 한 사연 (ft. 가을바람월드),"Oct 25, 2024",849,0
2023-08-08,LUVKTjM4ukU,시애틀에 있는 IONQ 양자 컴퓨터 제조 현장 방문 해 임원 면담까지 한 사연 (ft. 가을바람월드),"Oct 25, 2024",849,0
2023-08-09,LUVKTjM4ukU,시애틀에 있는 IONQ 양자 컴퓨터 제조 현장 방문 해 임원 면담까지 한 사연 (ft. 가을바람월드),"Oct 25, 2024",849,0
2023-08-10,LUVKTjM4ukU,시애틀에 있는 IONQ 양자 컴퓨터 제조 현장 방문 해 임원 면담까지 한 사연 (ft. 가을바람월드),"Oct 25, 2024",849,0
2023-08-11,LUVKTjM4ukU,시애틀에 있는 IONQ 양자 컴퓨터 제조 현장 방문 해 임원 면담까지 한 사연 (ft. 가을바람월드),"Oct 25, 2024",849,0
2023-08-12,LUVKTjM4ukU,시애틀에 있는 IONQ 양자 컴퓨터 제조 현장 방문 해 임원 면담까지 한 사연 (ft. 가을바람월드),"Oct 25, 2024",849,0
2023-08-13,LUVKTjM4ukU,시애틀에 있는 IONQ 양자 컴퓨터 제조 현장 방문 해 임원 면담까지 한 사연 (ft. 가을바람월드),"Oct 25, 2024",849,0
2023-08-14,LUVKTjM4ukU,시애틀에 있는 IONQ 양자 컴퓨터 제조 현장 방문 해 임원 면담까지 한 사연 (ft. 가을바람월드),"Oct 25, 2024",849,0
2023-08-15,LUVKTjM4ukU,시애틀에 있는 IONQ 양자 컴퓨터 제조 현장 방문 해 임원 면담까지 한 사연 (ft. 가을바람월드),"Oct 25, 2024",849,0
2023-08-16,LUVKTjM4ukU,시애틀에 있는 IONQ 양자 컴퓨터 제조 현장 방문 해 임원 면담까지 한 사연 (ft. 가을바람월드),"Oct 25, 2024",849,0
2023-08-17,LUVKTjM4ukU,시애틀에 있는 IONQ 양자 컴퓨터 제조 현장 방문 해 임원 면담까지 한 사연 (ft. 가을바람월드),"Oct 25, 2024",849,0
2023-08-18,LUVKTjM4ukU,시애틀에 있는 IONQ 양자 컴퓨터 제조 현장 방문 해 임원 면담까지 한 사연 (ft. 가을바람월드),"Oct 25, 2024",849,0
2023-08-19,LUVKTjM4ukU,시애틀에 있는 IONQ 양자 컴퓨터 제조 현장 방문 해 임원 면담까지 한 사연 (ft. 가을바람월드),"Oct 25, 2024",849,0
2023-08-20,LUVKTjM4ukU,시애틀에 있는 IONQ 양자 컴퓨터 제조 현장 방문 해 임원 면담까지 한 사연 (ft. 가을바람월드),"Oct 25, 2024",849,0
2023-08-21,LUVKTjM4ukU,시애틀에 있는 IONQ 양자 컴퓨터 제조 현장 방문 해 임원 면담까지 한 사연 (ft. 가을바람월드),"Oct 25, 2024",849,0
2023-08-22,LUVKTjM4ukU,시애틀에 있는 IONQ 양자 컴퓨터 제조 현장 방문 해 임원 면담까지 한 사연 (ft. 가을바람월드),"Oct 25, 2024",849,0
2023-08-23,LUVKTjM4ukU,시애틀에 있는 IONQ 양자 컴퓨터 제조 현장 방문 해 임원 면담까지 한 사연 (ft. 가을바람월드),"Oct 25, 2024",849,0
2023-08-24,LUVKTjM4ukU,시애틀에 있는 IONQ 양자 컴퓨터 제조 현장 방문 해 임원 면담까지 한 사연 (ft. 가을바람월드),"Oct 25, 2024",849,0
2023-08-25,LUVKTjM4ukU,시애틀에 있는 IONQ 양자 컴퓨터 제조 현장 방문 해 임원 면담까지 한 사연 (ft. 가을바람월드),"Oct 25, 2024",849,0
2023-08-26,LUVKTjM4ukU,시애틀에 있는 IONQ 양자 컴퓨터 제조 현장 방문 해 임원 면담까지 한 사연 (ft. 가을바람월드),"Oct 25, 2024",849,0
2023-08-27,LUVKTjM4ukU,시애틀에 있는 IONQ 양자 컴퓨터 제조 현장 방문 해 임원 면담까지 한 사연 (ft. 가을바람월드),"Oct 25, 2024",849,0
2023-08-28,LUVKTjM4ukU,시애틀에 있는 IONQ 양자 컴퓨터 제조 현장 방문 해 임원 면담까지 한 사연 (ft. 가을바람월드),"Oct 25, 2024",849,0
2023-08-29,LUVKTjM4ukU,시애틀에 있는 IONQ 양자 컴퓨터 제조 현장 방문 해 임원 면담까지 한 사연 (ft. 가을바람월드),"Oct 25, 2024",849,0
2023-08-30,LUVKTjM4ukU,시애틀에 있는 IONQ 양자 컴퓨터 제조 현장 방문 해 임원 면담까지 한 사연 (ft. 가을바람월드),"Oct 25, 2024",849,0
2023-08-31,LUVKTjM4ukU,시애틀에 있는 IONQ 양자 컴퓨터 제조 현장 방문 해 임원 면담까지 한 사연 (ft. 가을바람월드),"Oct 25, 2024",849,0
2023-09-01,LUVKTjM4ukU,시애틀에 있는 IONQ 양자 컴퓨터 제조 현장 방문 해 임원 면담까지 한 사연 (ft. 가을바람월드),"Oct 25, 2024",849,0
2023-09-02,LUVKTjM4ukU,시애틀에 있는 IONQ 양자 컴퓨터 제조 현장 방문 해 임원 면담까지 한 사연 (ft. 가을바람월드),"Oct 25, 2024",849,0
2023-09-03,LUVKTjM4ukU,시애틀에 있는 IONQ 양자 컴퓨터 제조 현장 방문 해 임원 면담까지 한 사연 (ft. 가을바람월드),"Oct 25, 2024",849,0
2023-09-04,LUVKTjM4ukU,시애틀에 있는 IONQ 양자 컴퓨터 제조 현장 방문 해 임원 면담까지 한 사연 (ft. 가을바람월드),"Oct 25, 2024",849,0
2023-09-05,LUVKTjM4ukU,시애틀에 있는 IONQ 양자 컴퓨터 제조 현장 방문 해 임원 면담까지 한 사연 (ft. 가을바람월드),"Oct 25, 2024",849,0
2023-09-06,LUVKTjM4ukU,시애틀에 있는 IONQ 양자 컴퓨터 제조 현장 방문 해 임원 면담까지 한 사연 (ft. 가을바람월드),"Oct 25, 2024",849,0
2023-09-07,LUVKTjM4ukU,시애틀에 있는 IONQ 양자 컴퓨터 제조 현장 방문 해 임원 면담까지 한 사연 (ft. 가을바람월드),"Oct 25, 2024",849,0
2023-09-08,LUVKTjM4ukU,시애틀에 있는 IONQ 양자 컴퓨터 제조 현장 방문 해 임원 면담까지 한 사연 (ft. 가을바람월드),"Oct 25, 2024",849,0
2023-09-09,LUVKTjM4ukU,시애틀에 있는 IONQ 양자 컴퓨터 제조 현장 방문 해 임원 면담까지 한 사연 (ft. 가을바람월드),"Oct 25, 2024",849,0
2023-09-10,LUVKTjM4ukU,시애틀에 있는 IONQ 양자 컴퓨터 제조 현장 방문 해 임원 면담까지 한 사연 (ft. 가을바람월드),"Oct 25, 2024",849,0
2023-09-11,LUVKTjM4ukU,시애틀에 있는 IONQ 양자 컴퓨터 제조 현장 방문 해 임원 면담까지 한 사연 (ft. 가을바람월드),"Oct 25, 2024",849,0
2023-09-12,LUVKTjM4ukU,시애틀에 있는 IONQ 양자 컴퓨터 제조 현장 방문 해 임원 면담까지 한 사연 (ft. 가을바람월드),"Oct 25, 2024",849,0
2023-09-13,LUVKTjM4ukU,시애틀에 있는 IONQ 양자 컴퓨터 제조 현장 방문 해 임원 면담까지 한 사연 (ft. 가을바람월드),"Oct 25, 2024",849,0
2023-09-14,LUVKTjM4ukU,시애틀에 있는 IONQ 양자 컴퓨터 제조 현장 방문 해 임원 면담까지 한 사연 (ft. 가을바람월드),"Oct 25, 2024",849,0
2023-09-15,LUVKTjM4ukU,시애틀에 있는 IONQ 양자 컴퓨터 제조 현장 방문 해 임원 면담까지 한 사연 (ft. 가을바람월드),"Oct 25, 2024",849,0
2023-09-16,LUVKTjM4ukU,시애틀에 있는 IONQ 양자 컴퓨터 제조 현장 방문 해 임원 면담까지 한 사연 (ft. 가을바람월드),"Oct 25, 2024",849,0
2023-09-17,LUVKTjM4ukU,시애틀에 있는 IONQ 양자 컴퓨터 제조 현장 방문 해 임원 면담까지 한 사연 (ft. 가을바람월드),"Oct 25, 2024",849,0
2023-09-18,LUVKTjM4ukU,시애틀에 있는 IONQ 양자 컴퓨터 제조 현장 방문 해 임원 면담까지 한 사연 (ft. 가을바람월드),"Oct 25, 2024",849,0
2023-09-19,LUVKTjM4ukU,시애틀에 있는 IONQ 양자 컴퓨터 제조 현장 방문 해 임원 면담까지 한 사연 (ft. 가을바람월드),"Oct 25, 2024",849,0
2023-09-20,LUVKTjM4ukU,시애틀에 있는 IONQ 양자 컴퓨터 제조 현장 방문 해 임원 면담까지 한 사연 (ft. 가을바람월드),"Oct 25, 2024",849,0
2023-09-21,LUVKTjM4ukU,시애틀에 있는 IONQ 양자 컴퓨터 제조 현장 방문 해 임원 면담까지 한 사연 (ft. 가을바람월드),"Oct 25, 2024",849,0
2023-09-22,LUVKTjM4ukU,시애틀에 있는 IONQ 양자 컴퓨터 제조 현장 방문 해 임원 면담까지 한 사연 (ft. 가을바람월드),"Oct 25, 2024",849,0
2023-09-23,LUVKTjM4ukU,시애틀에 있는 IONQ 양자 컴퓨터 제조 현장 방문 해 임원 면담까지 한 사연 (ft. 가을바람월드),"Oct 25, 2024",849,0
2023-09-24,LUVKTjM4ukU,시애틀에 있는 IONQ 양자 컴퓨터 제조 현장 방문 해 임원 면담까지 한 사연 (ft. 가을바람월드),"Oct 25, 2024",849,0
2023-09-25,LUVKTjM4ukU,시애틀에 있는 IONQ 양자 컴퓨터 제조 현장 방문 해 임원 면담까지 한 사연 (ft. 가을바람월드),"Oct 25, 2024",849,0
2023-09-26,LUVKTjM4ukU,시애틀에 있는 IONQ 양자 컴퓨터 제조 현장 방문 해 임원 면담까지 한 사연 (ft. 가을바람월드),"Oct 25, 2024",849,0
2023-09-27,LUVKTjM4ukU,시애틀에 있는 IONQ 양자 컴퓨터 제조 현장 방문 해 임원 면담까지 한 사연 (ft. 가을바람월드),"Oct 25, 2024",849,0
2023-09-28,LUVKTjM4ukU,시애틀에 있는 IONQ 양자 컴퓨터 제조 현장 방문 해 임원 면담까지 한 사연 (ft. 가을바람월드),"Oct 25, 2024",849,0
2023-09-29,LUVKTjM4ukU,시애틀에 있는 IONQ 양자 컴퓨터 제조 현장 방문 해 임원 면담까지 한 사연 (ft. 가을바람월드),"Oct 25, 2024",849,0
2023-09-30,LUVKTjM4ukU,시애틀에 있는 IONQ 양자 컴퓨터 제조 현장 방문 해 임원 면담까지 한 사연 (ft. 가을바람월드),"Oct 25, 2024",849,0
2023-10-01,LUVKTjM4ukU,시애틀에 있는 IONQ 양자 컴퓨터 제조 현장 방문 해 임원 면담까지 한 사연 (ft. 가을바람월드),"Oct 25, 2024",849,0
2023-10-02,LUVKTjM4ukU,시애틀에 있는 IONQ 양자 컴퓨터 제조 현장 방문 해 임원 면담까지 한 사연 (ft. 가을바람월드),"Oct 25, 2024",849,0
2023-10-03,LUVKTjM4ukU,시애틀에 있는 IONQ 양자 컴퓨터 제조 현장 방문 해 임원 면담까지 한 사연 (ft. 가을바람월드),"Oct 25, 2024",849,0
2023-10-04,LUVKTjM4ukU,시애틀에 있는 IONQ 양자 컴퓨터 제조 현장 방문 해 임원 면담까지 한 사연 (ft. 가을바람월드),"Oct 25, 2024",849,0
2023-10-05,LUVKTjM4ukU,시애틀에 있는 IONQ 양자 컴퓨터 제조 현장 방문 해 임원 면담까지 한 사연 (ft. 가을바람월드),"Oct 25, 2024",849,0
2023-10-06,LUVKTjM4ukU,시애틀에 있는 IONQ 양자 컴퓨터 제조 현장 방문 해 임원 면담까지 한 사연 (ft. 가을바람월드),"Oct 25, 2024",849,0
2023-10-07,LUVKTjM4ukU,시애틀에 있는 IONQ 양자 컴퓨터 제조 현장 방문 해 임원 면담까지 한 사연 (ft. 가을바람월드),"Oct 25, 2024",849,0
2023-10-08,LUVKTjM4ukU,시애틀에 있는 IONQ 양자 컴퓨터 제조 현장 방문 해 임원 면담까지 한 사연 (ft. 가을바람월드),"Oct 25, 2024",849,0
2023-10-09,LUVKTjM4ukU,시애틀에 있는 IONQ 양자 컴퓨터 제조 현장 방문 해 임원 면담까지 한 사연 (ft. 가을바람월드),"Oct 25, 2024",849,0
2023-10-10,LUVKTjM4ukU,시애틀에 있는 IONQ 양자 컴퓨터 제조 현장 방문 해 임원 면담까지 한 사연 (ft. 가을바람월드),"Oct 25, 2024",849,0
2023-10-11,LUVKTjM4ukU,시애틀에 있는 IONQ 양자 컴퓨터 제조 현장 방문 해 임원 면담까지 한 사연 (ft. 가을바람월드),"Oct 25, 2024",849,0
2023-10-12,LUVKTjM4ukU,시애틀에 있는 IONQ 양자 컴퓨터 제조 현장 방문 해 임원 면담까지 한 사연 (ft. 가을바람월드),"Oct 25, 2024",849,0
2023-10-13,LUVKTjM4ukU,시애틀에 있는 IONQ 양자 컴퓨터 제조 현장 방문 해 임원 면담까지 한 사연 (ft. 가을바람월드),"Oct 25, 2024",849,0
2023-10-14,LUVKTjM4ukU,시애틀에 있는 IONQ 양자 컴퓨터 제조 현장 방문 해 임원 면담까지 한 사연 (ft. 가을바람월드),"Oct 25, 2024",849,0
2023-10-15,LUVKTjM4ukU,시애틀에 있는 IONQ 양자 컴퓨터 제조 현장 방문 해 임원 면담까지 한 사연 (ft. 가을바람월드),"Oct 25, 2024",849,0
2023-10-16,LUVKTjM4ukU,시애틀에 있는 IONQ 양자 컴퓨터 제조 현장 방문 해 임원 면담까지 한 사연 (ft. 가을바람월드),"Oct 25, 2024",849,0
2023-10-17,LUVKTjM4ukU,시애틀에 있는 IONQ 양자 컴퓨터 제조 현장 방문 해 임원 면담까지 한 사연 (ft. 가을바람월드),"Oct 25, 2024",849,0
2023-10-18,LUVKTjM4ukU,시애틀에 있는 IONQ 양자 컴퓨터 제조 현장 방문 해 임원 면담까지 한 사연 (ft. 가을바람월드),"Oct 25, 2024",849,0
2023-10-19,LUVKTjM4ukU,시애틀에 있는 IONQ 양자 컴퓨터 제조 현장 방문 해 임원 면담까지 한 사연 (ft. 가을바람월드),"Oct 25, 2024",849,0
2023-10-20,LUVKTjM4ukU,시애틀에 있는 IONQ 양자 컴퓨터 제조 현장 방문 해 임원 면담까지 한 사연 (ft. 가을바람월드),"Oct 25, 2024",849,0
2023-10-21,LUVKTjM4ukU,시애틀에 있는 IONQ 양자 컴퓨터 제조 현장 방문 해 임원 면담까지 한 사연 (ft. 가을바람월드),"Oct 25, 2024",849,0
2023-10-22,LUVKTjM4ukU,시애틀에 있는 IONQ 양자 컴퓨터 제조 현장 방문 해 임원 면담까지 한 사연 (ft. 가을바람월드),"Oct 25, 2024",849,0
2023-10-23,LUVKTjM4ukU,시애틀에 있는 IONQ 양자 컴퓨터 제조 현장 방문 해 임원 면담까지 한 사연 (ft. 가을바람월드),"Oct 25, 2024",849,0
2023-10-24,LUVKTjM4ukU,시애틀에 있는 IONQ 양자 컴퓨터 제조 현장 방문 해 임원 면담까지 한 사연 (ft. 가을바람월드),"Oct 25, 2024",849,0
2023-10-25,LUVKTjM4ukU,시애틀에 있는 IONQ 양자 컴퓨터 제조 현장 방문 해 임원 면담까지 한 사연 (ft. 가을바람월드),"Oct 25, 2024",849,0
2023-10-26,LUVKTjM4ukU,시애틀에 있는 IONQ 양자 컴퓨터 제조 현장 방문 해 임원 면담까지 한 사연 (ft. 가을바람월드),"Oct 25, 2024",849,0
2023-10-27,LUVKTjM4ukU,시애틀에 있는 IONQ 양자 컴퓨터 제조 현장 방문 해 임원 면담까지 한 사연 (ft. 가을바람월드),"Oct 25, 2024",849,0
2023-10-28,LUVKTjM4ukU,시애틀에 있는 IONQ 양자 컴퓨터 제조 현장 방문 해 임원 면담까지 한 사연 (ft. 가을바람월드),"Oct 25, 2024",849,0
2023-10-29,LUVKTjM4ukU,시애틀에 있는 IONQ 양자 컴퓨터 제조 현장 방문 해 임원 면담까지 한 사연 (ft. 가을바람월드),"Oct 25, 2024",849,0
2023-10-30,LUVKTjM4ukU,시애틀에 있는 IONQ 양자 컴퓨터 제조 현장 방문 해 임원 면담까지 한 사연 (ft. 가을바람월드),"Oct 25, 2024",849,0
2023-10-31,LUVKTjM4ukU,시애틀에 있는 IONQ 양자 컴퓨터 제조 현장 방문 해 임원 면담까지 한 사연 (ft. 가을바람월드),"Oct 25, 2024",849,0
2023-11-01,LUVKTjM4ukU,시애틀에 있는 IONQ 양자 컴퓨터 제조 현장 방문 해 임원 면담까지 한 사연 (ft. 가을바람월드),"Oct 25, 2024",849,0
2023-11-02,LUVKTjM4ukU,시애틀에 있는 IONQ 양자 컴퓨터 제조 현장 방문 해 임원 면담까지 한 사연 (ft. 가을바람월드),"Oct 25, 2024",849,0
2023-11-03,LUVKTjM4ukU,시애틀에 있는 IONQ 양자 컴퓨터 제조 현장 방문 해 임원 면담까지 한 사연 (ft. 가을바람월드),"Oct 25, 2024",849,0
2023-11-04,LUVKTjM4ukU,시애틀에 있는 IONQ 양자 컴퓨터 제조 현장 방문 해 임원 면담까지 한 사연 (ft. 가을바람월드),"Oct 25, 2024",849,0
2023-11-05,LUVKTjM4ukU,시애틀에 있는 IONQ 양자 컴퓨터 제조 현장 방문 해 임원 면담까지 한 사연 (ft. 가을바람월드),"Oct 25, 2024",849,0
2023-11-06,LUVKTjM4ukU,시애틀에 있는 IONQ 양자 컴퓨터 제조 현장 방문 해 임원 면담까지 한 사연 (ft. 가을바람월드),"Oct 25, 2024",849,0
2023-11-07,LUVKTjM4ukU,시애틀에 있는 IONQ 양자 컴퓨터 제조 현장 방문 해 임원 면담까지 한 사연 (ft. 가을바람월드),"Oct 25, 2024",849,0
2023-11-08,LUVKTjM4ukU,시애틀에 있는 IONQ 양자 컴퓨터 제조 현장 방문 해 임원 면담까지 한 사연 (ft. 가을바람월드),"Oct 25, 2024",849,0
2023-11-09,LUVKTjM4ukU,시애틀에 있는 IONQ 양자 컴퓨터 제조 현장 방문 해 임원 면담까지 한 사연 (ft. 가을바람월드),"Oct 25, 2024",849,0
2023-11-10,LUVKTjM4ukU,시애틀에 있는 IONQ 양자 컴퓨터 제조 현장 방문 해 임원 면담까지 한 사연 (ft. 가을바람월드),"Oct 25, 2024",849,0
2023-11-11,LUVKTjM4ukU,시애틀에 있는 IONQ 양자 컴퓨터 제조 현장 방문 해 임원 면담까지 한 사연 (ft. 가을바람월드),"Oct 25, 2024",849,0
2023-11-12,LUVKTjM4ukU,시애틀에 있는 IONQ 양자 컴퓨터 제조 현장 방문 해 임원 면담까지 한 사연 (ft. 가을바람월드),"Oct 25, 2024",849,0
2023-11-13,LUVKTjM4ukU,시애틀에 있는 IONQ 양자 컴퓨터 제조 현장 방문 해 임원 면담까지 한 사연 (ft. 가을바람월드),"Oct 25, 2024",849,0
2023-11-14,LUVKTjM4ukU,시애틀에 있는 IONQ 양자 컴퓨터 제조 현장 방문 해 임원 면담까지 한 사연 (ft. 가을바람월드),"Oct 25, 2024",849,0
2023-11-15,LUVKTjM4ukU,시애틀에 있는 IONQ 양자 컴퓨터 제조 현장 방문 해 임원 면담까지 한 사연 (ft. 가을바람월드),"Oct 25, 2024",849,0
2023-11-16,LUVKTjM4ukU,시애틀에 있는 IONQ 양자 컴퓨터 제조 현장 방문 해 임원 면담까지 한 사연 (ft. 가을바람월드),"Oct 25, 2024",849,0
2023-11-17,LUVKTjM4ukU,시애틀에 있는 IONQ 양자 컴퓨터 제조 현장 방문 해 임원 면담까지 한 사연 (ft. 가을바람월드),"Oct 25, 2024",849,0
2023-11-18,LUVKTjM4ukU,시애틀에 있는 IONQ 양자 컴퓨터 제조 현장 방문 해 임원 면담까지 한 사연 (ft. 가을바람월드),"Oct 25, 2024",849,0
2023-11-19,LUVKTjM4ukU,시애틀에 있는 IONQ 양자 컴퓨터 제조 현장 방문 해 임원 면담까지 한 사연 (ft. 가을바람월드),"Oct 25, 2024",849,0
2023-11-20,LUVKTjM4ukU,시애틀에 있는 IONQ 양자 컴퓨터 제조 현장 방문 해 임원 면담까지 한 사연 (ft. 가을바람월드),"Oct 25, 2024",849,0
2023-11-21,LUVKTjM4ukU,시애틀에 있는 IONQ 양자 컴퓨터 제조 현장 방문 해 임원 면담까지 한 사연 (ft. 가을바람월드),"Oct 25, 2024",849,0
2023-11-22,LUVKTjM4ukU,시애틀에 있는 IONQ 양자 컴퓨터 제조 현장 방문 해 임원 면담까지 한 사연 (ft. 가을바람월드),"Oct 25, 2024",849,0
2023-11-23,LUVKTjM4ukU,시애틀에 있는 IONQ 양자 컴퓨터 제조 현장 방문 해 임원 면담까지 한 사연 (ft. 가을바람월드),"Oct 25, 2024",849,0
2023-11-24,LUVKTjM4ukU,시애틀에 있는 IONQ 양자 컴퓨터 제조 현장 방문 해 임원 면담까지 한 사연 (ft. 가을바람월드),"Oct 25, 2024",849,0
2023-11-25,LUVKTjM4ukU,시애틀에 있는 IONQ 양자 컴퓨터 제조 현장 방문 해 임원 면담까지 한 사연 (ft. 가을바람월드),"Oct 25, 2024",849,0
2023-11-26,LUVKTjM4ukU,시애틀에 있는 IONQ 양자 컴퓨터 제조 현장 방문 해 임원 면담까지 한 사연 (ft. 가을바람월드),"Oct 25, 2024",849,0
2023-11-27,LUVKTjM4ukU,시애틀에 있는 IONQ 양자 컴퓨터 제조 현장 방문 해 임원 면담까지 한 사연 (ft. 가을바람월드),"Oct 25, 2024",849,0
2023-11-28,LUVKTjM4ukU,시애틀에 있는 IONQ 양자 컴퓨터 제조 현장 방문 해 임원 면담까지 한 사연 (ft. 가을바람월드),"Oct 25, 2024",849,0
2023-11-29,LUVKTjM4ukU,시애틀에 있는 IONQ 양자 컴퓨터 제조 현장 방문 해 임원 면담까지 한 사연 (ft. 가을바람월드),"Oct 25, 2024",849,0
2023-11-30,LUVKTjM4ukU,시애틀에 있는 IONQ 양자 컴퓨터 제조 현장 방문 해 임원 면담까지 한 사연 (ft. 가을바람월드),"Oct 25, 2024",849,0
2023-12-01,LUVKTjM4ukU,시애틀에 있는 IONQ 양자 컴퓨터 제조 현장 방문 해 임원 면담까지 한 사연 (ft. 가을바람월드),"Oct 25, 2024",849,0
2023-12-02,LUVKTjM4ukU,시애틀에 있는 IONQ 양자 컴퓨터 제조 현장 방문 해 임원 면담까지 한 사연 (ft. 가을바람월드),"Oct 25, 2024",849,0
2023-12-03,LUVKTjM4ukU,시애틀에 있는 IONQ 양자 컴퓨터 제조 현장 방문 해 임원 면담까지 한 사연 (ft. 가을바람월드),"Oct 25, 2024",849,0
2023-12-04,LUVKTjM4ukU,시애틀에 있는 IONQ 양자 컴퓨터 제조 현장 방문 해 임원 면담까지 한 사연 (ft. 가을바람월드),"Oct 25, 2024",849,0
2023-12-05,LUVKTjM4ukU,시애틀에 있는 IONQ 양자 컴퓨터 제조 현장 방문 해 임원 면담까지 한 사연 (ft. 가을바람월드),"Oct 25, 2024",849,0
2023-12-06,LUVKTjM4ukU,시애틀에 있는 IONQ 양자 컴퓨터 제조 현장 방문 해 임원 면담까지 한 사연 (ft. 가을바람월드),"Oct 25, 2024",849,0
2023-12-07,LUVKTjM4ukU,시애틀에 있는 IONQ 양자 컴퓨터 제조 현장 방문 해 임원 면담까지 한 사연 (ft. 가을바람월드),"Oct 25, 2024",849,0
2023-12-08,LUVKTjM4ukU,시애틀에 있는 IONQ 양자 컴퓨터 제조 현장 방문 해 임원 면담까지 한 사연 (ft. 가을바람월드),"Oct 25, 2024",849,0
2023-12-09,LUVKTjM4ukU,시애틀에 있는 IONQ 양자 컴퓨터 제조 현장 방문 해 임원 면담까지 한 사연 (ft. 가을바람월드),"Oct 25, 2024",849,0
2023-12-10,LUVKTjM4ukU,시애틀에 있는 IONQ 양자 컴퓨터 제조 현장 방문 해 임원 면담까지 한 사연 (ft. 가을바람월드),"Oct 25, 2024",849,0
2023-12-11,LUVKTjM4ukU,시애틀에 있는 IONQ 양자 컴퓨터 제조 현장 방문 해 임원 면담까지 한 사연 (ft. 가을바람월드),"Oct 25, 2024",849,0
2023-12-12,LUVKTjM4ukU,시애틀에 있는 IONQ 양자 컴퓨터 제조 현장 방문 해 임원 면담까지 한 사연 (ft. 가을바람월드),"Oct 25, 2024",849,0
2023-12-13,LUVKTjM4ukU,시애틀에 있는 IONQ 양자 컴퓨터 제조 현장 방문 해 임원 면담까지 한 사연 (ft. 가을바람월드),"Oct 25, 2024",849,0
2023-12-14,LUVKTjM4ukU,시애틀에 있는 IONQ 양자 컴퓨터 제조 현장 방문 해 임원 면담까지 한 사연 (ft. 가을바람월드),"Oct 25, 2024",849,0
2023-12-15,LUVKTjM4ukU,시애틀에 있는 IONQ 양자 컴퓨터 제조 현장 방문 해 임원 면담까지 한 사연 (ft. 가을바람월드),"Oct 25, 2024",849,0
2023-12-16,LUVKTjM4ukU,시애틀에 있는 IONQ 양자 컴퓨터 제조 현장 방문 해 임원 면담까지 한 사연 (ft. 가을바람월드),"Oct 25, 2024",849,0
2023-12-17,LUVKTjM4ukU,시애틀에 있는 IONQ 양자 컴퓨터 제조 현장 방문 해 임원 면담까지 한 사연 (ft. 가을바람월드),"Oct 25, 2024",849,0
2023-12-18,LUVKTjM4ukU,시애틀에 있는 IONQ 양자 컴퓨터 제조 현장 방문 해 임원 면담까지 한 사연 (ft. 가을바람월드),"Oct 25, 2024",849,0
2023-12-19,LUVKTjM4ukU,시애틀에 있는 IONQ 양자 컴퓨터 제조 현장 방문 해 임원 면담까지 한 사연 (ft. 가을바람월드),"Oct 25, 2024",849,0
2023-12-20,LUVKTjM4ukU,시애틀에 있는 IONQ 양자 컴퓨터 제조 현장 방문 해 임원 면담까지 한 사연 (ft. 가을바람월드),"Oct 25, 2024",849,0
2023-12-21,LUVKTjM4ukU,시애틀에 있는 IONQ 양자 컴퓨터 제조 현장 방문 해 임원 면담까지 한 사연 (ft. 가을바람월드),"Oct 25, 2024",849,0
2023-12-22,LUVKTjM4ukU,시애틀에 있는 IONQ 양자 컴퓨터 제조 현장 방문 해 임원 면담까지 한 사연 (ft. 가을바람월드),"Oct 25, 2024",849,0
2023-12-23,LUVKTjM4ukU,시애틀에 있는 IONQ 양자 컴퓨터 제조 현장 방문 해 임원 면담까지 한 사연 (ft. 가을바람월드),"Oct 25, 2024",849,0
2023-12-24,LUVKTjM4ukU,시애틀에 있는 IONQ 양자 컴퓨터 제조 현장 방문 해 임원 면담까지 한 사연 (ft. 가을바람월드),"Oct 25, 2024",849,0
2023-12-25,LUVKTjM4ukU,시애틀에 있는 IONQ 양자 컴퓨터 제조 현장 방문 해 임원 면담까지 한 사연 (ft. 가을바람월드),"Oct 25, 2024",849,0
2023-12-26,LUVKTjM4ukU,시애틀에 있는 IONQ 양자 컴퓨터 제조 현장 방문 해 임원 면담까지 한 사연 (ft. 가을바람월드),"Oct 25, 2024",849,0
2023-12-27,LUVKTjM4ukU,시애틀에 있는 IONQ 양자 컴퓨터 제조 현장 방문 해 임원 면담까지 한 사연 (ft. 가을바람월드),"Oct 25, 2024",849,0
2023-12-28,LUVKTjM4ukU,시애틀에 있는 IONQ 양자 컴퓨터 제조 현장 방문 해 임원 면담까지 한 사연 (ft. 가을바람월드),"Oct 25, 2024",849,0
2023-12-29,LUVKTjM4ukU,시애틀에 있는 IONQ 양자 컴퓨터 제조 현장 방문 해 임원 면담까지 한 사연 (ft. 가을바람월드),"Oct 25, 2024",849,0
2023-12-30,LUVKTjM4ukU,시애틀에 있는 IONQ 양자 컴퓨터 제조 현장 방문 해 임원 면담까지 한 사연 (ft. 가을바람월드),"Oct 25, 2024",849,0
2023-12-31,LUVKTjM4ukU,시애틀에 있는 IONQ 양자 컴퓨터 제조 현장 방문 해 임원 면담까지 한 사연 (ft. 가을바람월드),"Oct 25, 2024",849,0
2024-01-01,LUVKTjM4ukU,시애틀에 있는 IONQ 양자 컴퓨터 제조 현장 방문 해 임원 면담까지 한 사연 (ft. 가을바람월드),"Oct 25, 2024",849,0
2024-01-02,LUVKTjM4ukU,시애틀에 있는 IONQ 양자 컴퓨터 제조 현장 방문 해 임원 면담까지 한 사연 (ft. 가을바람월드),"Oct 25, 2024",849,0
2024-01-03,LUVKTjM4ukU,시애틀에 있는 IONQ 양자 컴퓨터 제조 현장 방문 해 임원 면담까지 한 사연 (ft. 가을바람월드),"Oct 25, 2024",849,0
2024-01-04,LUVKTjM4ukU,시애틀에 있는 IONQ 양자 컴퓨터 제조 현장 방문 해 임원 면담까지 한 사연 (ft. 가을바람월드),"Oct 25, 2024",849,0
2024-01-05,LUVKTjM4ukU,시애틀에 있는 IONQ 양자 컴퓨터 제조 현장 방문 해 임원 면담까지 한 사연 (ft. 가을바람월드),"Oct 25, 2024",849,0
2024-01-06,LUVKTjM4ukU,시애틀에 있는 IONQ 양자 컴퓨터 제조 현장 방문 해 임원 면담까지 한 사연 (ft. 가을바람월드),"Oct 25, 2024",849,0
2024-01-07,LUVKTjM4ukU,시애틀에 있는 IONQ 양자 컴퓨터 제조 현장 방문 해 임원 면담까지 한 사연 (ft. 가을바람월드),"Oct 25, 2024",849,0
2024-01-08,LUVKTjM4ukU,시애틀에 있는 IONQ 양자 컴퓨터 제조 현장 방문 해 임원 면담까지 한 사연 (ft. 가을바람월드),"Oct 25, 2024",849,0
2024-01-09,LUVKTjM4ukU,시애틀에 있는 IONQ 양자 컴퓨터 제조 현장 방문 해 임원 면담까지 한 사연 (ft. 가을바람월드),"Oct 25, 2024",849,0
2024-01-10,LUVKTjM4ukU,시애틀에 있는 IONQ 양자 컴퓨터 제조 현장 방문 해 임원 면담까지 한 사연 (ft. 가을바람월드),"Oct 25, 2024",849,0
2024-01-11,LUVKTjM4ukU,시애틀에 있는 IONQ 양자 컴퓨터 제조 현장 방문 해 임원 면담까지 한 사연 (ft. 가을바람월드),"Oct 25, 2024",849,0
2024-01-12,LUVKTjM4ukU,시애틀에 있는 IONQ 양자 컴퓨터 제조 현장 방문 해 임원 면담까지 한 사연 (ft. 가을바람월드),"Oct 25, 2024",849,0
2024-01-13,LUVKTjM4ukU,시애틀에 있는 IONQ 양자 컴퓨터 제조 현장 방문 해 임원 면담까지 한 사연 (ft. 가을바람월드),"Oct 25, 2024",849,0
2024-01-14,LUVKTjM4ukU,시애틀에 있는 IONQ 양자 컴퓨터 제조 현장 방문 해 임원 면담까지 한 사연 (ft. 가을바람월드),"Oct 25, 2024",849,0
2024-01-15,LUVKTjM4ukU,시애틀에 있는 IONQ 양자 컴퓨터 제조 현장 방문 해 임원 면담까지 한 사연 (ft. 가을바람월드),"Oct 25, 2024",849,0
2024-01-16,LUVKTjM4ukU,시애틀에 있는 IONQ 양자 컴퓨터 제조 현장 방문 해 임원 면담까지 한 사연 (ft. 가을바람월드),"Oct 25, 2024",849,0
2024-01-17,LUVKTjM4ukU,시애틀에 있는 IONQ 양자 컴퓨터 제조 현장 방문 해 임원 면담까지 한 사연 (ft. 가을바람월드),"Oct 25, 2024",849,0
2024-01-18,LUVKTjM4ukU,시애틀에 있는 IONQ 양자 컴퓨터 제조 현장 방문 해 임원 면담까지 한 사연 (ft. 가을바람월드),"Oct 25, 2024",849,0
2024-01-19,LUVKTjM4ukU,시애틀에 있는 IONQ 양자 컴퓨터 제조 현장 방문 해 임원 면담까지 한 사연 (ft. 가을바람월드),"Oct 25, 2024",849,0
2024-01-20,LUVKTjM4ukU,시애틀에 있는 IONQ 양자 컴퓨터 제조 현장 방문 해 임원 면담까지 한 사연 (ft. 가을바람월드),"Oct 25, 2024",849,0
2024-01-21,LUVKTjM4ukU,시애틀에 있는 IONQ 양자 컴퓨터 제조 현장 방문 해 임원 면담까지 한 사연 (ft. 가을바람월드),"Oct 25, 2024",849,0
2024-01-22,LUVKTjM4ukU,시애틀에 있는 IONQ 양자 컴퓨터 제조 현장 방문 해 임원 면담까지 한 사연 (ft. 가을바람월드),"Oct 25, 2024",849,0
2024-01-23,LUVKTjM4ukU,시애틀에 있는 IONQ 양자 컴퓨터 제조 현장 방문 해 임원 면담까지 한 사연 (ft. 가을바람월드),"Oct 25, 2024",849,0
2024-01-24,LUVKTjM4ukU,시애틀에 있는 IONQ 양자 컴퓨터 제조 현장 방문 해 임원 면담까지 한 사연 (ft. 가을바람월드),"Oct 25, 2024",849,0
2024-01-25,LUVKTjM4ukU,시애틀에 있는 IONQ 양자 컴퓨터 제조 현장 방문 해 임원 면담까지 한 사연 (ft. 가을바람월드),"Oct 25, 2024",849,0
2024-01-26,LUVKTjM4ukU,시애틀에 있는 IONQ 양자 컴퓨터 제조 현장 방문 해 임원 면담까지 한 사연 (ft. 가을바람월드),"Oct 25, 2024",849,0
2024-01-27,LUVKTjM4ukU,시애틀에 있는 IONQ 양자 컴퓨터 제조 현장 방문 해 임원 면담까지 한 사연 (ft. 가을바람월드),"Oct 25, 2024",849,0
2024-01-28,LUVKTjM4ukU,시애틀에 있는 IONQ 양자 컴퓨터 제조 현장 방문 해 임원 면담까지 한 사연 (ft. 가을바람월드),"Oct 25, 2024",849,0
2024-01-29,LUVKTjM4ukU,시애틀에 있는 IONQ 양자 컴퓨터 제조 현장 방문 해 임원 면담까지 한 사연 (ft. 가을바람월드),"Oct 25, 2024",849,0
2024-01-30,LUVKTjM4ukU,시애틀에 있는 IONQ 양자 컴퓨터 제조 현장 방문 해 임원 면담까지 한 사연 (ft. 가을바람월드),"Oct 25, 2024",849,0
2024-01-31,LUVKTjM4ukU,시애틀에 있는 IONQ 양자 컴퓨터 제조 현장 방문 해 임원 면담까지 한 사연 (ft. 가을바람월드),"Oct 25, 2024",849,0
2024-02-01,LUVKTjM4ukU,시애틀에 있는 IONQ 양자 컴퓨터 제조 현장 방문 해 임원 면담까지 한 사연 (ft. 가을바람월드),"Oct 25, 2024",849,0
2024-02-02,LUVKTjM4ukU,시애틀에 있는 IONQ 양자 컴퓨터 제조 현장 방문 해 임원 면담까지 한 사연 (ft. 가을바람월드),"Oct 25, 2024",849,0
2024-02-03,LUVKTjM4ukU,시애틀에 있는 IONQ 양자 컴퓨터 제조 현장 방문 해 임원 면담까지 한 사연 (ft. 가을바람월드),"Oct 25, 2024",849,0
2024-02-04,LUVKTjM4ukU,시애틀에 있는 IONQ 양자 컴퓨터 제조 현장 방문 해 임원 면담까지 한 사연 (ft. 가을바람월드),"Oct 25, 2024",849,0
2024-02-05,LUVKTjM4ukU,시애틀에 있는 IONQ 양자 컴퓨터 제조 현장 방문 해 임원 면담까지 한 사연 (ft. 가을바람월드),"Oct 25, 2024",849,0
2024-02-06,LUVKTjM4ukU,시애틀에 있는 IONQ 양자 컴퓨터 제조 현장 방문 해 임원 면담까지 한 사연 (ft. 가을바람월드),"Oct 25, 2024",849,0
2024-02-07,LUVKTjM4ukU,시애틀에 있는 IONQ 양자 컴퓨터 제조 현장 방문 해 임원 면담까지 한 사연 (ft. 가을바람월드),"Oct 25, 2024",849,0
2024-02-08,LUVKTjM4ukU,시애틀에 있는 IONQ 양자 컴퓨터 제조 현장 방문 해 임원 면담까지 한 사연 (ft. 가을바람월드),"Oct 25, 2024",849,0
2024-02-09,LUVKTjM4ukU,시애틀에 있는 IONQ 양자 컴퓨터 제조 현장 방문 해 임원 면담까지 한 사연 (ft. 가을바람월드),"Oct 25, 2024",849,0
2024-02-10,LUVKTjM4ukU,시애틀에 있는 IONQ 양자 컴퓨터 제조 현장 방문 해 임원 면담까지 한 사연 (ft. 가을바람월드),"Oct 25, 2024",849,0
2024-02-11,LUVKTjM4ukU,시애틀에 있는 IONQ 양자 컴퓨터 제조 현장 방문 해 임원 면담까지 한 사연 (ft. 가을바람월드),"Oct 25, 2024",849,0
2024-02-12,LUVKTjM4ukU,시애틀에 있는 IONQ 양자 컴퓨터 제조 현장 방문 해 임원 면담까지 한 사연 (ft. 가을바람월드),"Oct 25, 2024",849,0
2024-02-13,LUVKTjM4ukU,시애틀에 있는 IONQ 양자 컴퓨터 제조 현장 방문 해 임원 면담까지 한 사연 (ft. 가을바람월드),"Oct 25, 2024",849,0
2024-02-14,LUVKTjM4ukU,시애틀에 있는 IONQ 양자 컴퓨터 제조 현장 방문 해 임원 면담까지 한 사연 (ft. 가을바람월드),"Oct 25, 2024",849,0
2024-02-15,LUVKTjM4ukU,시애틀에 있는 IONQ 양자 컴퓨터 제조 현장 방문 해 임원 면담까지 한 사연 (ft. 가을바람월드),"Oct 25, 2024",849,0
2024-02-16,LUVKTjM4ukU,시애틀에 있는 IONQ 양자 컴퓨터 제조 현장 방문 해 임원 면담까지 한 사연 (ft. 가을바람월드),"Oct 25, 2024",849,0
2024-02-17,LUVKTjM4ukU,시애틀에 있는 IONQ 양자 컴퓨터 제조 현장 방문 해 임원 면담까지 한 사연 (ft. 가을바람월드),"Oct 25, 2024",849,0
2024-02-18,LUVKTjM4ukU,시애틀에 있는 IONQ 양자 컴퓨터 제조 현장 방문 해 임원 면담까지 한 사연 (ft. 가을바람월드),"Oct 25, 2024",849,0
2024-02-19,LUVKTjM4ukU,시애틀에 있는 IONQ 양자 컴퓨터 제조 현장 방문 해 임원 면담까지 한 사연 (ft. 가을바람월드),"Oct 25, 2024",849,0
2024-02-20,LUVKTjM4ukU,시애틀에 있는 IONQ 양자 컴퓨터 제조 현장 방문 해 임원 면담까지 한 사연 (ft. 가을바람월드),"Oct 25, 2024",849,0
2024-02-21,LUVKTjM4ukU,시애틀에 있는 IONQ 양자 컴퓨터 제조 현장 방문 해 임원 면담까지 한 사연 (ft. 가을바람월드),"Oct 25, 2024",849,0
2024-02-22,LUVKTjM4ukU,시애틀에 있는 IONQ 양자 컴퓨터 제조 현장 방문 해 임원 면담까지 한 사연 (ft. 가을바람월드),"Oct 25, 2024",849,0
2024-02-23,LUVKTjM4ukU,시애틀에 있는 IONQ 양자 컴퓨터 제조 현장 방문 해 임원 면담까지 한 사연 (ft. 가을바람월드),"Oct 25, 2024",849,0
2024-02-24,LUVKTjM4ukU,시애틀에 있는 IONQ 양자 컴퓨터 제조 현장 방문 해 임원 면담까지 한 사연 (ft. 가을바람월드),"Oct 25, 2024",849,0
2024-02-25,LUVKTjM4ukU,시애틀에 있는 IONQ 양자 컴퓨터 제조 현장 방문 해 임원 면담까지 한 사연 (ft. 가을바람월드),"Oct 25, 2024",849,0
2024-02-26,LUVKTjM4ukU,시애틀에 있는 IONQ 양자 컴퓨터 제조 현장 방문 해 임원 면담까지 한 사연 (ft. 가을바람월드),"Oct 25, 2024",849,0
2024-02-27,LUVKTjM4ukU,시애틀에 있는 IONQ 양자 컴퓨터 제조 현장 방문 해 임원 면담까지 한 사연 (ft. 가을바람월드),"Oct 25, 2024",849,0
2024-02-28,LUVKTjM4ukU,시애틀에 있는 IONQ 양자 컴퓨터 제조 현장 방문 해 임원 면담까지 한 사연 (ft. 가을바람월드),"Oct 25, 2024",849,0
2024-02-29,LUVKTjM4ukU,시애틀에 있는 IONQ 양자 컴퓨터 제조 현장 방문 해 임원 면담까지 한 사연 (ft. 가을바람월드),"Oct 25, 2024",849,0
2024-03-01,LUVKTjM4ukU,시애틀에 있는 IONQ 양자 컴퓨터 제조 현장 방문 해 임원 면담까지 한 사연 (ft. 가을바람월드),"Oct 25, 2024",849,0
2024-03-02,LUVKTjM4ukU,시애틀에 있는 IONQ 양자 컴퓨터 제조 현장 방문 해 임원 면담까지 한 사연 (ft. 가을바람월드),"Oct 25, 2024",849,0
2024-03-03,LUVKTjM4ukU,시애틀에 있는 IONQ 양자 컴퓨터 제조 현장 방문 해 임원 면담까지 한 사연 (ft. 가을바람월드),"Oct 25, 2024",849,0
2024-03-04,LUVKTjM4ukU,시애틀에 있는 IONQ 양자 컴퓨터 제조 현장 방문 해 임원 면담까지 한 사연 (ft. 가을바람월드),"Oct 25, 2024",849,0
2024-03-05,LUVKTjM4ukU,시애틀에 있는 IONQ 양자 컴퓨터 제조 현장 방문 해 임원 면담까지 한 사연 (ft. 가을바람월드),"Oct 25, 2024",849,0
2024-03-06,LUVKTjM4ukU,시애틀에 있는 IONQ 양자 컴퓨터 제조 현장 방문 해 임원 면담까지 한 사연 (ft. 가을바람월드),"Oct 25, 2024",849,0
2024-03-07,LUVKTjM4ukU,시애틀에 있는 IONQ 양자 컴퓨터 제조 현장 방문 해 임원 면담까지 한 사연 (ft. 가을바람월드),"Oct 25, 2024",849,0
2024-03-08,LUVKTjM4ukU,시애틀에 있는 IONQ 양자 컴퓨터 제조 현장 방문 해 임원 면담까지 한 사연 (ft. 가을바람월드),"Oct 25, 2024",849,0
2024-03-09,LUVKTjM4ukU,시애틀에 있는 IONQ 양자 컴퓨터 제조 현장 방문 해 임원 면담까지 한 사연 (ft. 가을바람월드),"Oct 25, 2024",849,0
2024-03-10,LUVKTjM4ukU,시애틀에 있는 IONQ 양자 컴퓨터 제조 현장 방문 해 임원 면담까지 한 사연 (ft. 가을바람월드),"Oct 25, 2024",849,0
2024-03-11,LUVKTjM4ukU,시애틀에 있는 IONQ 양자 컴퓨터 제조 현장 방문 해 임원 면담까지 한 사연 (ft. 가을바람월드),"Oct 25, 2024",849,0
2024-03-12,LUVKTjM4ukU,시애틀에 있는 IONQ 양자 컴퓨터 제조 현장 방문 해 임원 면담까지 한 사연 (ft. 가을바람월드),"Oct 25, 2024",849,0
2024-03-13,LUVKTjM4ukU,시애틀에 있는 IONQ 양자 컴퓨터 제조 현장 방문 해 임원 면담까지 한 사연 (ft. 가을바람월드),"Oct 25, 2024",849,0
2024-03-14,LUVKTjM4ukU,시애틀에 있는 IONQ 양자 컴퓨터 제조 현장 방문 해 임원 면담까지 한 사연 (ft. 가을바람월드),"Oct 25, 2024",849,0
2024-03-15,LUVKTjM4ukU,시애틀에 있는 IONQ 양자 컴퓨터 제조 현장 방문 해 임원 면담까지 한 사연 (ft. 가을바람월드),"Oct 25, 2024",849,0
2024-03-16,LUVKTjM4ukU,시애틀에 있는 IONQ 양자 컴퓨터 제조 현장 방문 해 임원 면담까지 한 사연 (ft. 가을바람월드),"Oct 25, 2024",849,0
2024-03-17,LUVKTjM4ukU,시애틀에 있는 IONQ 양자 컴퓨터 제조 현장 방문 해 임원 면담까지 한 사연 (ft. 가을바람월드),"Oct 25, 2024",849,0
2024-03-18,LUVKTjM4ukU,시애틀에 있는 IONQ 양자 컴퓨터 제조 현장 방문 해 임원 면담까지 한 사연 (ft. 가을바람월드),"Oct 25, 2024",849,0
2024-03-19,LUVKTjM4ukU,시애틀에 있는 IONQ 양자 컴퓨터 제조 현장 방문 해 임원 면담까지 한 사연 (ft. 가을바람월드),"Oct 25, 2024",849,0
2024-03-20,LUVKTjM4ukU,시애틀에 있는 IONQ 양자 컴퓨터 제조 현장 방문 해 임원 면담까지 한 사연 (ft. 가을바람월드),"Oct 25, 2024",849,0
2024-03-21,LUVKTjM4ukU,시애틀에 있는 IONQ 양자 컴퓨터 제조 현장 방문 해 임원 면담까지 한 사연 (ft. 가을바람월드),"Oct 25, 2024",849,0
2024-03-22,LUVKTjM4ukU,시애틀에 있는 IONQ 양자 컴퓨터 제조 현장 방문 해 임원 면담까지 한 사연 (ft. 가을바람월드),"Oct 25, 2024",849,0
2024-03-23,LUVKTjM4ukU,시애틀에 있는 IONQ 양자 컴퓨터 제조 현장 방문 해 임원 면담까지 한 사연 (ft. 가을바람월드),"Oct 25, 2024",849,0
2024-03-24,LUVKTjM4ukU,시애틀에 있는 IONQ 양자 컴퓨터 제조 현장 방문 해 임원 면담까지 한 사연 (ft. 가을바람월드),"Oct 25, 2024",849,0
2024-03-25,LUVKTjM4ukU,시애틀에 있는 IONQ 양자 컴퓨터 제조 현장 방문 해 임원 면담까지 한 사연 (ft. 가을바람월드),"Oct 25, 2024",849,0
2024-03-26,LUVKTjM4ukU,시애틀에 있는 IONQ 양자 컴퓨터 제조 현장 방문 해 임원 면담까지 한 사연 (ft. 가을바람월드),"Oct 25, 2024",849,0
2024-03-27,LUVKTjM4ukU,시애틀에 있는 IONQ 양자 컴퓨터 제조 현장 방문 해 임원 면담까지 한 사연 (ft. 가을바람월드),"Oct 25, 2024",849,0
2024-03-28,LUVKTjM4ukU,시애틀에 있는 IONQ 양자 컴퓨터 제조 현장 방문 해 임원 면담까지 한 사연 (ft. 가을바람월드),"Oct 25, 2024",849,0
2024-03-29,LUVKTjM4ukU,시애틀에 있는 IONQ 양자 컴퓨터 제조 현장 방문 해 임원 면담까지 한 사연 (ft. 가을바람월드),"Oct 25, 2024",849,0
2024-03-30,LUVKTjM4ukU,시애틀에 있는 IONQ 양자 컴퓨터 제조 현장 방문 해 임원 면담까지 한 사연 (ft. 가을바람월드),"Oct 25, 2024",849,0
2024-03-31,LUVKTjM4ukU,시애틀에 있는 IONQ 양자 컴퓨터 제조 현장 방문 해 임원 면담까지 한 사연 (ft. 가을바람월드),"Oct 25, 2024",849,0
2024-04-01,LUVKTjM4ukU,시애틀에 있는 IONQ 양자 컴퓨터 제조 현장 방문 해 임원 면담까지 한 사연 (ft. 가을바람월드),"Oct 25, 2024",849,0
2024-04-02,LUVKTjM4ukU,시애틀에 있는 IONQ 양자 컴퓨터 제조 현장 방문 해 임원 면담까지 한 사연 (ft. 가을바람월드),"Oct 25, 2024",849,0
2024-04-03,LUVKTjM4ukU,시애틀에 있는 IONQ 양자 컴퓨터 제조 현장 방문 해 임원 면담까지 한 사연 (ft. 가을바람월드),"Oct 25, 2024",849,0
2024-04-04,LUVKTjM4ukU,시애틀에 있는 IONQ 양자 컴퓨터 제조 현장 방문 해 임원 면담까지 한 사연 (ft. 가을바람월드),"Oct 25, 2024",849,0
2024-04-05,LUVKTjM4ukU,시애틀에 있는 IONQ 양자 컴퓨터 제조 현장 방문 해 임원 면담까지 한 사연 (ft. 가을바람월드),"Oct 25, 2024",849,0
2024-04-06,LUVKTjM4ukU,시애틀에 있는 IONQ 양자 컴퓨터 제조 현장 방문 해 임원 면담까지 한 사연 (ft. 가을바람월드),"Oct 25, 2024",849,0
2024-04-07,LUVKTjM4ukU,시애틀에 있는 IONQ 양자 컴퓨터 제조 현장 방문 해 임원 면담까지 한 사연 (ft. 가을바람월드),"Oct 25, 2024",849,0
2024-04-08,LUVKTjM4ukU,시애틀에 있는 IONQ 양자 컴퓨터 제조 현장 방문 해 임원 면담까지 한 사연 (ft. 가을바람월드),"Oct 25, 2024",849,0
2024-04-09,LUVKTjM4ukU,시애틀에 있는 IONQ 양자 컴퓨터 제조 현장 방문 해 임원 면담까지 한 사연 (ft. 가을바람월드),"Oct 25, 2024",849,0
2024-04-10,LUVKTjM4ukU,시애틀에 있는 IONQ 양자 컴퓨터 제조 현장 방문 해 임원 면담까지 한 사연 (ft. 가을바람월드),"Oct 25, 2024",849,0
2024-04-11,LUVKTjM4ukU,시애틀에 있는 IONQ 양자 컴퓨터 제조 현장 방문 해 임원 면담까지 한 사연 (ft. 가을바람월드),"Oct 25, 2024",849,0
2024-04-12,LUVKTjM4ukU,시애틀에 있는 IONQ 양자 컴퓨터 제조 현장 방문 해 임원 면담까지 한 사연 (ft. 가을바람월드),"Oct 25, 2024",849,0
2024-04-13,LUVKTjM4ukU,시애틀에 있는 IONQ 양자 컴퓨터 제조 현장 방문 해 임원 면담까지 한 사연 (ft. 가을바람월드),"Oct 25, 2024",849,0
2024-04-14,LUVKTjM4ukU,시애틀에 있는 IONQ 양자 컴퓨터 제조 현장 방문 해 임원 면담까지 한 사연 (ft. 가을바람월드),"Oct 25, 2024",849,0
2024-04-15,LUVKTjM4ukU,시애틀에 있는 IONQ 양자 컴퓨터 제조 현장 방문 해 임원 면담까지 한 사연 (ft. 가을바람월드),"Oct 25, 2024",849,0
2024-04-16,LUVKTjM4ukU,시애틀에 있는 IONQ 양자 컴퓨터 제조 현장 방문 해 임원 면담까지 한 사연 (ft. 가을바람월드),"Oct 25, 2024",849,0
2024-04-17,LUVKTjM4ukU,시애틀에 있는 IONQ 양자 컴퓨터 제조 현장 방문 해 임원 면담까지 한 사연 (ft. 가을바람월드),"Oct 25, 2024",849,0
2024-04-18,LUVKTjM4ukU,시애틀에 있는 IONQ 양자 컴퓨터 제조 현장 방문 해 임원 면담까지 한 사연 (ft. 가을바람월드),"Oct 25, 2024",849,0
2024-04-19,LUVKTjM4ukU,시애틀에 있는 IONQ 양자 컴퓨터 제조 현장 방문 해 임원 면담까지 한 사연 (ft. 가을바람월드),"Oct 25, 2024",849,0
2024-04-20,LUVKTjM4ukU,시애틀에 있는 IONQ 양자 컴퓨터 제조 현장 방문 해 임원 면담까지 한 사연 (ft. 가을바람월드),"Oct 25, 2024",849,0
2024-04-21,LUVKTjM4ukU,시애틀에 있는 IONQ 양자 컴퓨터 제조 현장 방문 해 임원 면담까지 한 사연 (ft. 가을바람월드),"Oct 25, 2024",849,0
2024-04-22,LUVKTjM4ukU,시애틀에 있는 IONQ 양자 컴퓨터 제조 현장 방문 해 임원 면담까지 한 사연 (ft. 가을바람월드),"Oct 25, 2024",849,0
2024-04-23,LUVKTjM4ukU,시애틀에 있는 IONQ 양자 컴퓨터 제조 현장 방문 해 임원 면담까지 한 사연 (ft. 가을바람월드),"Oct 25, 2024",849,0
2024-04-24,LUVKTjM4ukU,시애틀에 있는 IONQ 양자 컴퓨터 제조 현장 방문 해 임원 면담까지 한 사연 (ft. 가을바람월드),"Oct 25, 2024",849,0
2024-04-25,LUVKTjM4ukU,시애틀에 있는 IONQ 양자 컴퓨터 제조 현장 방문 해 임원 면담까지 한 사연 (ft. 가을바람월드),"Oct 25, 2024",849,0
2024-04-26,LUVKTjM4ukU,시애틀에 있는 IONQ 양자 컴퓨터 제조 현장 방문 해 임원 면담까지 한 사연 (ft. 가을바람월드),"Oct 25, 2024",849,0
2024-04-27,LUVKTjM4ukU,시애틀에 있는 IONQ 양자 컴퓨터 제조 현장 방문 해 임원 면담까지 한 사연 (ft. 가을바람월드),"Oct 25, 2024",849,0
2024-04-28,LUVKTjM4ukU,시애틀에 있는 IONQ 양자 컴퓨터 제조 현장 방문 해 임원 면담까지 한 사연 (ft. 가을바람월드),"Oct 25, 2024",849,0
2024-04-29,LUVKTjM4ukU,시애틀에 있는 IONQ 양자 컴퓨터 제조 현장 방문 해 임원 면담까지 한 사연 (ft. 가을바람월드),"Oct 25, 2024",849,0
2024-04-30,LUVKTjM4ukU,시애틀에 있는 IONQ 양자 컴퓨터 제조 현장 방문 해 임원 면담까지 한 사연 (ft. 가을바람월드),"Oct 25, 2024",849,0
2024-05-01,LUVKTjM4ukU,시애틀에 있는 IONQ 양자 컴퓨터 제조 현장 방문 해 임원 면담까지 한 사연 (ft. 가을바람월드),"Oct 25, 2024",849,0
2024-05-02,LUVKTjM4ukU,시애틀에 있는 IONQ 양자 컴퓨터 제조 현장 방문 해 임원 면담까지 한 사연 (ft. 가을바람월드),"Oct 25, 2024",849,0
2024-05-03,LUVKTjM4ukU,시애틀에 있는 IONQ 양자 컴퓨터 제조 현장 방문 해 임원 면담까지 한 사연 (ft. 가을바람월드),"Oct 25, 2024",849,0
2024-05-04,LUVKTjM4ukU,시애틀에 있는 IONQ 양자 컴퓨터 제조 현장 방문 해 임원 면담까지 한 사연 (ft. 가을바람월드),"Oct 25, 2024",849,0
2024-05-05,LUVKTjM4ukU,시애틀에 있는 IONQ 양자 컴퓨터 제조 현장 방문 해 임원 면담까지 한 사연 (ft. 가을바람월드),"Oct 25, 2024",849,0
2024-05-06,LUVKTjM4ukU,시애틀에 있는 IONQ 양자 컴퓨터 제조 현장 방문 해 임원 면담까지 한 사연 (ft. 가을바람월드),"Oct 25, 2024",849,0
2024-05-07,LUVKTjM4ukU,시애틀에 있는 IONQ 양자 컴퓨터 제조 현장 방문 해 임원 면담까지 한 사연 (ft. 가을바람월드),"Oct 25, 2024",849,0
2024-05-08,LUVKTjM4ukU,시애틀에 있는 IONQ 양자 컴퓨터 제조 현장 방문 해 임원 면담까지 한 사연 (ft. 가을바람월드),"Oct 25, 2024",849,0
2024-05-09,LUVKTjM4ukU,시애틀에 있는 IONQ 양자 컴퓨터 제조 현장 방문 해 임원 면담까지 한 사연 (ft. 가을바람월드),"Oct 25, 2024",849,0
2024-05-10,LUVKTjM4ukU,시애틀에 있는 IONQ 양자 컴퓨터 제조 현장 방문 해 임원 면담까지 한 사연 (ft. 가을바람월드),"Oct 25, 2024",849,0
2024-05-11,LUVKTjM4ukU,시애틀에 있는 IONQ 양자 컴퓨터 제조 현장 방문 해 임원 면담까지 한 사연 (ft. 가을바람월드),"Oct 25, 2024",849,0
2024-05-12,LUVKTjM4ukU,시애틀에 있는 IONQ 양자 컴퓨터 제조 현장 방문 해 임원 면담까지 한 사연 (ft. 가을바람월드),"Oct 25, 2024",849,0
2024-05-13,LUVKTjM4ukU,시애틀에 있는 IONQ 양자 컴퓨터 제조 현장 방문 해 임원 면담까지 한 사연 (ft. 가을바람월드),"Oct 25, 2024",849,0
2024-05-14,LUVKTjM4ukU,시애틀에 있는 IONQ 양자 컴퓨터 제조 현장 방문 해 임원 면담까지 한 사연 (ft. 가을바람월드),"Oct 25, 2024",849,0
2024-05-15,LUVKTjM4ukU,시애틀에 있는 IONQ 양자 컴퓨터 제조 현장 방문 해 임원 면담까지 한 사연 (ft. 가을바람월드),"Oct 25, 2024",849,0
2024-05-16,LUVKTjM4ukU,시애틀에 있는 IONQ 양자 컴퓨터 제조 현장 방문 해 임원 면담까지 한 사연 (ft. 가을바람월드),"Oct 25, 2024",849,0
2024-05-17,LUVKTjM4ukU,시애틀에 있는 IONQ 양자 컴퓨터 제조 현장 방문 해 임원 면담까지 한 사연 (ft. 가을바람월드),"Oct 25, 2024",849,0
2024-05-18,LUVKTjM4ukU,시애틀에 있는 IONQ 양자 컴퓨터 제조 현장 방문 해 임원 면담까지 한 사연 (ft. 가을바람월드),"Oct 25, 2024",849,0
2024-05-19,LUVKTjM4ukU,시애틀에 있는 IONQ 양자 컴퓨터 제조 현장 방문 해 임원 면담까지 한 사연 (ft. 가을바람월드),"Oct 25, 2024",849,0
2024-05-20,LUVKTjM4ukU,시애틀에 있는 IONQ 양자 컴퓨터 제조 현장 방문 해 임원 면담까지 한 사연 (ft. 가을바람월드),"Oct 25, 2024",849,0
2024-05-21,LUVKTjM4ukU,시애틀에 있는 IONQ 양자 컴퓨터 제조 현장 방문 해 임원 면담까지 한 사연 (ft. 가을바람월드),"Oct 25, 2024",849,0
2024-05-22,LUVKTjM4ukU,시애틀에 있는 IONQ 양자 컴퓨터 제조 현장 방문 해 임원 면담까지 한 사연 (ft. 가을바람월드),"Oct 25, 2024",849,0
2024-05-23,LUVKTjM4ukU,시애틀에 있는 IONQ 양자 컴퓨터 제조 현장 방문 해 임원 면담까지 한 사연 (ft. 가을바람월드),"Oct 25, 2024",849,0
2024-05-24,LUVKTjM4ukU,시애틀에 있는 IONQ 양자 컴퓨터 제조 현장 방문 해 임원 면담까지 한 사연 (ft. 가을바람월드),"Oct 25, 2024",849,0
2024-05-25,LUVKTjM4ukU,시애틀에 있는 IONQ 양자 컴퓨터 제조 현장 방문 해 임원 면담까지 한 사연 (ft. 가을바람월드),"Oct 25, 2024",849,0
2024-05-26,LUVKTjM4ukU,시애틀에 있는 IONQ 양자 컴퓨터 제조 현장 방문 해 임원 면담까지 한 사연 (ft. 가을바람월드),"Oct 25, 2024",849,0
2024-05-27,LUVKTjM4ukU,시애틀에 있는 IONQ 양자 컴퓨터 제조 현장 방문 해 임원 면담까지 한 사연 (ft. 가을바람월드),"Oct 25, 2024",849,0
2024-05-28,LUVKTjM4ukU,시애틀에 있는 IONQ 양자 컴퓨터 제조 현장 방문 해 임원 면담까지 한 사연 (ft. 가을바람월드),"Oct 25, 2024",849,0
2024-05-29,LUVKTjM4ukU,시애틀에 있는 IONQ 양자 컴퓨터 제조 현장 방문 해 임원 면담까지 한 사연 (ft. 가을바람월드),"Oct 25, 2024",849,0
2024-05-30,LUVKTjM4ukU,시애틀에 있는 IONQ 양자 컴퓨터 제조 현장 방문 해 임원 면담까지 한 사연 (ft. 가을바람월드),"Oct 25, 2024",849,0
2024-05-31,LUVKTjM4ukU,시애틀에 있는 IONQ 양자 컴퓨터 제조 현장 방문 해 임원 면담까지 한 사연 (ft. 가을바람월드),"Oct 25, 2024",849,0
2024-06-01,LUVKTjM4ukU,시애틀에 있는 IONQ 양자 컴퓨터 제조 현장 방문 해 임원 면담까지 한 사연 (ft. 가을바람월드),"Oct 25, 2024",849,0
2024-06-02,LUVKTjM4ukU,시애틀에 있는 IONQ 양자 컴퓨터 제조 현장 방문 해 임원 면담까지 한 사연 (ft. 가을바람월드),"Oct 25, 2024",849,0
2024-06-03,LUVKTjM4ukU,시애틀에 있는 IONQ 양자 컴퓨터 제조 현장 방문 해 임원 면담까지 한 사연 (ft. 가을바람월드),"Oct 25, 2024",849,0
2024-06-04,LUVKTjM4ukU,시애틀에 있는 IONQ 양자 컴퓨터 제조 현장 방문 해 임원 면담까지 한 사연 (ft. 가을바람월드),"Oct 25, 2024",849,0
2024-06-05,LUVKTjM4ukU,시애틀에 있는 IONQ 양자 컴퓨터 제조 현장 방문 해 임원 면담까지 한 사연 (ft. 가을바람월드),"Oct 25, 2024",849,0
2024-06-06,LUVKTjM4ukU,시애틀에 있는 IONQ 양자 컴퓨터 제조 현장 방문 해 임원 면담까지 한 사연 (ft. 가을바람월드),"Oct 25, 2024",849,0
2024-06-07,LUVKTjM4ukU,시애틀에 있는 IONQ 양자 컴퓨터 제조 현장 방문 해 임원 면담까지 한 사연 (ft. 가을바람월드),"Oct 25, 2024",849,0
2024-06-08,LUVKTjM4ukU,시애틀에 있는 IONQ 양자 컴퓨터 제조 현장 방문 해 임원 면담까지 한 사연 (ft. 가을바람월드),"Oct 25, 2024",849,0
2024-06-09,LUVKTjM4ukU,시애틀에 있는 IONQ 양자 컴퓨터 제조 현장 방문 해 임원 면담까지 한 사연 (ft. 가을바람월드),"Oct 25, 2024",849,0
2024-06-10,LUVKTjM4ukU,시애틀에 있는 IONQ 양자 컴퓨터 제조 현장 방문 해 임원 면담까지 한 사연 (ft. 가을바람월드),"Oct 25, 2024",849,0
2024-06-11,LUVKTjM4ukU,시애틀에 있는 IONQ 양자 컴퓨터 제조 현장 방문 해 임원 면담까지 한 사연 (ft. 가을바람월드),"Oct 25, 2024",849,0
2024-06-12,LUVKTjM4ukU,시애틀에 있는 IONQ 양자 컴퓨터 제조 현장 방문 해 임원 면담까지 한 사연 (ft. 가을바람월드),"Oct 25, 2024",849,0
2024-06-13,LUVKTjM4ukU,시애틀에 있는 IONQ 양자 컴퓨터 제조 현장 방문 해 임원 면담까지 한 사연 (ft. 가을바람월드),"Oct 25, 2024",849,0
2024-06-14,LUVKTjM4ukU,시애틀에 있는 IONQ 양자 컴퓨터 제조 현장 방문 해 임원 면담까지 한 사연 (ft. 가을바람월드),"Oct 25, 2024",849,0
2024-06-15,LUVKTjM4ukU,시애틀에 있는 IONQ 양자 컴퓨터 제조 현장 방문 해 임원 면담까지 한 사연 (ft. 가을바람월드),"Oct 25, 2024",849,0
2024-06-16,LUVKTjM4ukU,시애틀에 있는 IONQ 양자 컴퓨터 제조 현장 방문 해 임원 면담까지 한 사연 (ft. 가을바람월드),"Oct 25, 2024",849,0
2024-06-17,LUVKTjM4ukU,시애틀에 있는 IONQ 양자 컴퓨터 제조 현장 방문 해 임원 면담까지 한 사연 (ft. 가을바람월드),"Oct 25, 2024",849,0
2024-06-18,LUVKTjM4ukU,시애틀에 있는 IONQ 양자 컴퓨터 제조 현장 방문 해 임원 면담까지 한 사연 (ft. 가을바람월드),"Oct 25, 2024",849,0
2024-06-19,LUVKTjM4ukU,시애틀에 있는 IONQ 양자 컴퓨터 제조 현장 방문 해 임원 면담까지 한 사연 (ft. 가을바람월드),"Oct 25, 2024",849,0
2024-06-20,LUVKTjM4ukU,시애틀에 있는 IONQ 양자 컴퓨터 제조 현장 방문 해 임원 면담까지 한 사연 (ft. 가을바람월드),"Oct 25, 2024",849,0
2024-06-21,LUVKTjM4ukU,시애틀에 있는 IONQ 양자 컴퓨터 제조 현장 방문 해 임원 면담까지 한 사연 (ft. 가을바람월드),"Oct 25, 2024",849,0
2024-06-22,LUVKTjM4ukU,시애틀에 있는 IONQ 양자 컴퓨터 제조 현장 방문 해 임원 면담까지 한 사연 (ft. 가을바람월드),"Oct 25, 2024",849,0
2024-06-23,LUVKTjM4ukU,시애틀에 있는 IONQ 양자 컴퓨터 제조 현장 방문 해 임원 면담까지 한 사연 (ft. 가을바람월드),"Oct 25, 2024",849,0
2024-06-24,LUVKTjM4ukU,시애틀에 있는 IONQ 양자 컴퓨터 제조 현장 방문 해 임원 면담까지 한 사연 (ft. 가을바람월드),"Oct 25, 2024",849,0
2024-06-25,LUVKTjM4ukU,시애틀에 있는 IONQ 양자 컴퓨터 제조 현장 방문 해 임원 면담까지 한 사연 (ft. 가을바람월드),"Oct 25, 2024",849,0
2024-06-26,LUVKTjM4ukU,시애틀에 있는 IONQ 양자 컴퓨터 제조 현장 방문 해 임원 면담까지 한 사연 (ft. 가을바람월드),"Oct 25, 2024",849,0
2024-06-27,LUVKTjM4ukU,시애틀에 있는 IONQ 양자 컴퓨터 제조 현장 방문 해 임원 면담까지 한 사연 (ft. 가을바람월드),"Oct 25, 2024",849,0
2024-06-28,LUVKTjM4ukU,시애틀에 있는 IONQ 양자 컴퓨터 제조 현장 방문 해 임원 면담까지 한 사연 (ft. 가을바람월드),"Oct 25, 2024",849,0
2024-06-29,LUVKTjM4ukU,시애틀에 있는 IONQ 양자 컴퓨터 제조 현장 방문 해 임원 면담까지 한 사연 (ft. 가을바람월드),"Oct 25, 2024",849,0
2024-06-30,LUVKTjM4ukU,시애틀에 있는 IONQ 양자 컴퓨터 제조 현장 방문 해 임원 면담까지 한 사연 (ft. 가을바람월드),"Oct 25, 2024",849,0
2024-07-01,LUVKTjM4ukU,시애틀에 있는 IONQ 양자 컴퓨터 제조 현장 방문 해 임원 면담까지 한 사연 (ft. 가을바람월드),"Oct 25, 2024",849,0
2024-07-02,LUVKTjM4ukU,시애틀에 있는 IONQ 양자 컴퓨터 제조 현장 방문 해 임원 면담까지 한 사연 (ft. 가을바람월드),"Oct 25, 2024",849,0
2024-07-03,LUVKTjM4ukU,시애틀에 있는 IONQ 양자 컴퓨터 제조 현장 방문 해 임원 면담까지 한 사연 (ft. 가을바람월드),"Oct 25, 2024",849,0
2024-07-04,LUVKTjM4ukU,시애틀에 있는 IONQ 양자 컴퓨터 제조 현장 방문 해 임원 면담까지 한 사연 (ft. 가을바람월드),"Oct 25, 2024",849,0
2024-07-05,LUVKTjM4ukU,시애틀에 있는 IONQ 양자 컴퓨터 제조 현장 방문 해 임원 면담까지 한 사연 (ft. 가을바람월드),"Oct 25, 2024",849,0
2024-07-06,LUVKTjM4ukU,시애틀에 있는 IONQ 양자 컴퓨터 제조 현장 방문 해 임원 면담까지 한 사연 (ft. 가을바람월드),"Oct 25, 2024",849,0
2024-07-07,LUVKTjM4ukU,시애틀에 있는 IONQ 양자 컴퓨터 제조 현장 방문 해 임원 면담까지 한 사연 (ft. 가을바람월드),"Oct 25, 2024",849,0
2024-07-08,LUVKTjM4ukU,시애틀에 있는 IONQ 양자 컴퓨터 제조 현장 방문 해 임원 면담까지 한 사연 (ft. 가을바람월드),"Oct 25, 2024",849,0
2024-07-09,LUVKTjM4ukU,시애틀에 있는 IONQ 양자 컴퓨터 제조 현장 방문 해 임원 면담까지 한 사연 (ft. 가을바람월드),"Oct 25, 2024",849,0
2024-07-10,LUVKTjM4ukU,시애틀에 있는 IONQ 양자 컴퓨터 제조 현장 방문 해 임원 면담까지 한 사연 (ft. 가을바람월드),"Oct 25, 2024",849,0
2024-07-11,LUVKTjM4ukU,시애틀에 있는 IONQ 양자 컴퓨터 제조 현장 방문 해 임원 면담까지 한 사연 (ft. 가을바람월드),"Oct 25, 2024",849,0
2024-07-12,LUVKTjM4ukU,시애틀에 있는 IONQ 양자 컴퓨터 제조 현장 방문 해 임원 면담까지 한 사연 (ft. 가을바람월드),"Oct 25, 2024",849,0
2024-07-13,LUVKTjM4ukU,시애틀에 있는 IONQ 양자 컴퓨터 제조 현장 방문 해 임원 면담까지 한 사연 (ft. 가을바람월드),"Oct 25, 2024",849,0
2024-07-14,LUVKTjM4ukU,시애틀에 있는 IONQ 양자 컴퓨터 제조 현장 방문 해 임원 면담까지 한 사연 (ft. 가을바람월드),"Oct 25, 2024",849,0
2024-07-15,LUVKTjM4ukU,시애틀에 있는 IONQ 양자 컴퓨터 제조 현장 방문 해 임원 면담까지 한 사연 (ft. 가을바람월드),"Oct 25, 2024",849,0
2024-07-16,LUVKTjM4ukU,시애틀에 있는 IONQ 양자 컴퓨터 제조 현장 방문 해 임원 면담까지 한 사연 (ft. 가을바람월드),"Oct 25, 2024",849,0
2024-07-17,LUVKTjM4ukU,시애틀에 있는 IONQ 양자 컴퓨터 제조 현장 방문 해 임원 면담까지 한 사연 (ft. 가을바람월드),"Oct 25, 2024",849,0
2024-07-18,LUVKTjM4ukU,시애틀에 있는 IONQ 양자 컴퓨터 제조 현장 방문 해 임원 면담까지 한 사연 (ft. 가을바람월드),"Oct 25, 2024",849,0
2024-07-19,LUVKTjM4ukU,시애틀에 있는 IONQ 양자 컴퓨터 제조 현장 방문 해 임원 면담까지 한 사연 (ft. 가을바람월드),"Oct 25, 2024",849,0
2024-07-20,LUVKTjM4ukU,시애틀에 있는 IONQ 양자 컴퓨터 제조 현장 방문 해 임원 면담까지 한 사연 (ft. 가을바람월드),"Oct 25, 2024",849,0
2024-07-21,LUVKTjM4ukU,시애틀에 있는 IONQ 양자 컴퓨터 제조 현장 방문 해 임원 면담까지 한 사연 (ft. 가을바람월드),"Oct 25, 2024",849,0
2024-07-22,LUVKTjM4ukU,시애틀에 있는 IONQ 양자 컴퓨터 제조 현장 방문 해 임원 면담까지 한 사연 (ft. 가을바람월드),"Oct 25, 2024",849,0
2024-07-23,LUVKTjM4ukU,시애틀에 있는 IONQ 양자 컴퓨터 제조 현장 방문 해 임원 면담까지 한 사연 (ft. 가을바람월드),"Oct 25, 2024",849,0
2024-07-24,LUVKTjM4ukU,시애틀에 있는 IONQ 양자 컴퓨터 제조 현장 방문 해 임원 면담까지 한 사연 (ft. 가을바람월드),"Oct 25, 2024",849,0
2024-07-25,LUVKTjM4ukU,시애틀에 있는 IONQ 양자 컴퓨터 제조 현장 방문 해 임원 면담까지 한 사연 (ft. 가을바람월드),"Oct 25, 2024",849,0
2024-07-26,LUVKTjM4ukU,시애틀에 있는 IONQ 양자 컴퓨터 제조 현장 방문 해 임원 면담까지 한 사연 (ft. 가을바람월드),"Oct 25, 2024",849,0
2024-07-27,LUVKTjM4ukU,시애틀에 있는 IONQ 양자 컴퓨터 제조 현장 방문 해 임원 면담까지 한 사연 (ft. 가을바람월드),"Oct 25, 2024",849,0
2024-07-28,LUVKTjM4ukU,시애틀에 있는 IONQ 양자 컴퓨터 제조 현장 방문 해 임원 면담까지 한 사연 (ft. 가을바람월드),"Oct 25, 2024",849,0
2024-07-29,LUVKTjM4ukU,시애틀에 있는 IONQ 양자 컴퓨터 제조 현장 방문 해 임원 면담까지 한 사연 (ft. 가을바람월드),"Oct 25, 2024",849,0
2024-07-30,LUVKTjM4ukU,시애틀에 있는 IONQ 양자 컴퓨터 제조 현장 방문 해 임원 면담까지 한 사연 (ft. 가을바람월드),"Oct 25, 2024",849,0
2024-07-31,LUVKTjM4ukU,시애틀에 있는 IONQ 양자 컴퓨터 제조 현장 방문 해 임원 면담까지 한 사연 (ft. 가을바람월드),"Oct 25, 2024",849,0
2024-08-01,LUVKTjM4ukU,시애틀에 있는 IONQ 양자 컴퓨터 제조 현장 방문 해 임원 면담까지 한 사연 (ft. 가을바람월드),"Oct 25, 2024",849,0
2024-08-02,LUVKTjM4ukU,시애틀에 있는 IONQ 양자 컴퓨터 제조 현장 방문 해 임원 면담까지 한 사연 (ft. 가을바람월드),"Oct 25, 2024",849,0
2024-08-03,LUVKTjM4ukU,시애틀에 있는 IONQ 양자 컴퓨터 제조 현장 방문 해 임원 면담까지 한 사연 (ft. 가을바람월드),"Oct 25, 2024",849,0
2024-08-04,LUVKTjM4ukU,시애틀에 있는 IONQ 양자 컴퓨터 제조 현장 방문 해 임원 면담까지 한 사연 (ft. 가을바람월드),"Oct 25, 2024",849,0
2024-08-05,LUVKTjM4ukU,시애틀에 있는 IONQ 양자 컴퓨터 제조 현장 방문 해 임원 면담까지 한 사연 (ft. 가을바람월드),"Oct 25, 2024",849,0
2024-08-06,LUVKTjM4ukU,시애틀에 있는 IONQ 양자 컴퓨터 제조 현장 방문 해 임원 면담까지 한 사연 (ft. 가을바람월드),"Oct 25, 2024",849,0
2024-08-07,LUVKTjM4ukU,시애틀에 있는 IONQ 양자 컴퓨터 제조 현장 방문 해 임원 면담까지 한 사연 (ft. 가을바람월드),"Oct 25, 2024",849,0
2024-08-08,LUVKTjM4ukU,시애틀에 있는 IONQ 양자 컴퓨터 제조 현장 방문 해 임원 면담까지 한 사연 (ft. 가을바람월드),"Oct 25, 2024",849,0
2024-08-09,LUVKTjM4ukU,시애틀에 있는 IONQ 양자 컴퓨터 제조 현장 방문 해 임원 면담까지 한 사연 (ft. 가을바람월드),"Oct 25, 2024",849,0
2024-08-10,LUVKTjM4ukU,시애틀에 있는 IONQ 양자 컴퓨터 제조 현장 방문 해 임원 면담까지 한 사연 (ft. 가을바람월드),"Oct 25, 2024",849,0
2024-08-11,LUVKTjM4ukU,시애틀에 있는 IONQ 양자 컴퓨터 제조 현장 방문 해 임원 면담까지 한 사연 (ft. 가을바람월드),"Oct 25, 2024",849,0
2024-08-12,LUVKTjM4ukU,시애틀에 있는 IONQ 양자 컴퓨터 제조 현장 방문 해 임원 면담까지 한 사연 (ft. 가을바람월드),"Oct 25, 2024",849,0
2024-08-13,LUVKTjM4ukU,시애틀에 있는 IONQ 양자 컴퓨터 제조 현장 방문 해 임원 면담까지 한 사연 (ft. 가을바람월드),"Oct 25, 2024",849,0
2024-08-14,LUVKTjM4ukU,시애틀에 있는 IONQ 양자 컴퓨터 제조 현장 방문 해 임원 면담까지 한 사연 (ft. 가을바람월드),"Oct 25, 2024",849,0
2024-08-15,LUVKTjM4ukU,시애틀에 있는 IONQ 양자 컴퓨터 제조 현장 방문 해 임원 면담까지 한 사연 (ft. 가을바람월드),"Oct 25, 2024",849,0
2024-08-16,LUVKTjM4ukU,시애틀에 있는 IONQ 양자 컴퓨터 제조 현장 방문 해 임원 면담까지 한 사연 (ft. 가을바람월드),"Oct 25, 2024",849,0
2024-08-17,LUVKTjM4ukU,시애틀에 있는 IONQ 양자 컴퓨터 제조 현장 방문 해 임원 면담까지 한 사연 (ft. 가을바람월드),"Oct 25, 2024",849,0
2024-08-18,LUVKTjM4ukU,시애틀에 있는 IONQ 양자 컴퓨터 제조 현장 방문 해 임원 면담까지 한 사연 (ft. 가을바람월드),"Oct 25, 2024",849,0
2024-08-19,LUVKTjM4ukU,시애틀에 있는 IONQ 양자 컴퓨터 제조 현장 방문 해 임원 면담까지 한 사연 (ft. 가을바람월드),"Oct 25, 2024",849,0
2024-08-20,LUVKTjM4ukU,시애틀에 있는 IONQ 양자 컴퓨터 제조 현장 방문 해 임원 면담까지 한 사연 (ft. 가을바람월드),"Oct 25, 2024",849,0
2024-08-21,LUVKTjM4ukU,시애틀에 있는 IONQ 양자 컴퓨터 제조 현장 방문 해 임원 면담까지 한 사연 (ft. 가을바람월드),"Oct 25, 2024",849,0
2024-08-22,LUVKTjM4ukU,시애틀에 있는 IONQ 양자 컴퓨터 제조 현장 방문 해 임원 면담까지 한 사연 (ft. 가을바람월드),"Oct 25, 2024",849,0
2024-08-23,LUVKTjM4ukU,시애틀에 있는 IONQ 양자 컴퓨터 제조 현장 방문 해 임원 면담까지 한 사연 (ft. 가을바람월드),"Oct 25, 2024",849,0
2024-08-24,LUVKTjM4ukU,시애틀에 있는 IONQ 양자 컴퓨터 제조 현장 방문 해 임원 면담까지 한 사연 (ft. 가을바람월드),"Oct 25, 2024",849,0
2024-08-25,LUVKTjM4ukU,시애틀에 있는 IONQ 양자 컴퓨터 제조 현장 방문 해 임원 면담까지 한 사연 (ft. 가을바람월드),"Oct 25, 2024",849,0
2024-08-26,LUVKTjM4ukU,시애틀에 있는 IONQ 양자 컴퓨터 제조 현장 방문 해 임원 면담까지 한 사연 (ft. 가을바람월드),"Oct 25, 2024",849,0
2024-08-27,LUVKTjM4ukU,시애틀에 있는 IONQ 양자 컴퓨터 제조 현장 방문 해 임원 면담까지 한 사연 (ft. 가을바람월드),"Oct 25, 2024",849,0
2024-08-28,LUVKTjM4ukU,시애틀에 있는 IONQ 양자 컴퓨터 제조 현장 방문 해 임원 면담까지 한 사연 (ft. 가을바람월드),"Oct 25, 2024",849,0
2024-08-29,LUVKTjM4ukU,시애틀에 있는 IONQ 양자 컴퓨터 제조 현장 방문 해 임원 면담까지 한 사연 (ft. 가을바람월드),"Oct 25, 2024",849,0
2024-08-30,LUVKTjM4ukU,시애틀에 있는 IONQ 양자 컴퓨터 제조 현장 방문 해 임원 면담까지 한 사연 (ft. 가을바람월드),"Oct 25, 2024",849,0
2024-08-31,LUVKTjM4ukU,시애틀에 있는 IONQ 양자 컴퓨터 제조 현장 방문 해 임원 면담까지 한 사연 (ft. 가을바람월드),"Oct 25, 2024",849,0
2024-09-01,LUVKTjM4ukU,시애틀에 있는 IONQ 양자 컴퓨터 제조 현장 방문 해 임원 면담까지 한 사연 (ft. 가을바람월드),"Oct 25, 2024",849,0
2024-09-02,LUVKTjM4ukU,시애틀에 있는 IONQ 양자 컴퓨터 제조 현장 방문 해 임원 면담까지 한 사연 (ft. 가을바람월드),"Oct 25, 2024",849,0
2024-09-03,LUVKTjM4ukU,시애틀에 있는 IONQ 양자 컴퓨터 제조 현장 방문 해 임원 면담까지 한 사연 (ft. 가을바람월드),"Oct 25, 2024",849,0
2024-09-04,LUVKTjM4ukU,시애틀에 있는 IONQ 양자 컴퓨터 제조 현장 방문 해 임원 면담까지 한 사연 (ft. 가을바람월드),"Oct 25, 2024",849,0
2024-09-05,LUVKTjM4ukU,시애틀에 있는 IONQ 양자 컴퓨터 제조 현장 방문 해 임원 면담까지 한 사연 (ft. 가을바람월드),"Oct 25, 2024",849,0
2024-09-06,LUVKTjM4ukU,시애틀에 있는 IONQ 양자 컴퓨터 제조 현장 방문 해 임원 면담까지 한 사연 (ft. 가을바람월드),"Oct 25, 2024",849,0
2024-09-07,LUVKTjM4ukU,시애틀에 있는 IONQ 양자 컴퓨터 제조 현장 방문 해 임원 면담까지 한 사연 (ft. 가을바람월드),"Oct 25, 2024",849,0
2024-09-08,LUVKTjM4ukU,시애틀에 있는 IONQ 양자 컴퓨터 제조 현장 방문 해 임원 면담까지 한 사연 (ft. 가을바람월드),"Oct 25, 2024",849,0
2024-09-09,LUVKTjM4ukU,시애틀에 있는 IONQ 양자 컴퓨터 제조 현장 방문 해 임원 면담까지 한 사연 (ft. 가을바람월드),"Oct 25, 2024",849,0
2024-09-10,LUVKTjM4ukU,시애틀에 있는 IONQ 양자 컴퓨터 제조 현장 방문 해 임원 면담까지 한 사연 (ft. 가을바람월드),"Oct 25, 2024",849,0
2024-09-11,LUVKTjM4ukU,시애틀에 있는 IONQ 양자 컴퓨터 제조 현장 방문 해 임원 면담까지 한 사연 (ft. 가을바람월드),"Oct 25, 2024",849,0
2024-09-12,LUVKTjM4ukU,시애틀에 있는 IONQ 양자 컴퓨터 제조 현장 방문 해 임원 면담까지 한 사연 (ft. 가을바람월드),"Oct 25, 2024",849,0
2024-09-13,LUVKTjM4ukU,시애틀에 있는 IONQ 양자 컴퓨터 제조 현장 방문 해 임원 면담까지 한 사연 (ft. 가을바람월드),"Oct 25, 2024",849,0
2024-09-14,LUVKTjM4ukU,시애틀에 있는 IONQ 양자 컴퓨터 제조 현장 방문 해 임원 면담까지 한 사연 (ft. 가을바람월드),"Oct 25, 2024",849,0
2024-09-15,LUVKTjM4ukU,시애틀에 있는 IONQ 양자 컴퓨터 제조 현장 방문 해 임원 면담까지 한 사연 (ft. 가을바람월드),"Oct 25, 2024",849,0
2024-09-16,LUVKTjM4ukU,시애틀에 있는 IONQ 양자 컴퓨터 제조 현장 방문 해 임원 면담까지 한 사연 (ft. 가을바람월드),"Oct 25, 2024",849,0
2024-09-17,LUVKTjM4ukU,시애틀에 있는 IONQ 양자 컴퓨터 제조 현장 방문 해 임원 면담까지 한 사연 (ft. 가을바람월드),"Oct 25, 2024",849,0
2024-09-18,LUVKTjM4ukU,시애틀에 있는 IONQ 양자 컴퓨터 제조 현장 방문 해 임원 면담까지 한 사연 (ft. 가을바람월드),"Oct 25, 2024",849,0
2024-09-19,LUVKTjM4ukU,시애틀에 있는 IONQ 양자 컴퓨터 제조 현장 방문 해 임원 면담까지 한 사연 (ft. 가을바람월드),"Oct 25, 2024",849,0
2024-09-20,LUVKTjM4ukU,시애틀에 있는 IONQ 양자 컴퓨터 제조 현장 방문 해 임원 면담까지 한 사연 (ft. 가을바람월드),"Oct 25, 2024",849,0
2024-09-21,LUVKTjM4ukU,시애틀에 있는 IONQ 양자 컴퓨터 제조 현장 방문 해 임원 면담까지 한 사연 (ft. 가을바람월드),"Oct 25, 2024",849,0
2024-09-22,LUVKTjM4ukU,시애틀에 있는 IONQ 양자 컴퓨터 제조 현장 방문 해 임원 면담까지 한 사연 (ft. 가을바람월드),"Oct 25, 2024",849,0
2024-09-23,LUVKTjM4ukU,시애틀에 있는 IONQ 양자 컴퓨터 제조 현장 방문 해 임원 면담까지 한 사연 (ft. 가을바람월드),"Oct 25, 2024",849,0
2024-09-24,LUVKTjM4ukU,시애틀에 있는 IONQ 양자 컴퓨터 제조 현장 방문 해 임원 면담까지 한 사연 (ft. 가을바람월드),"Oct 25, 2024",849,0
2024-09-25,LUVKTjM4ukU,시애틀에 있는 IONQ 양자 컴퓨터 제조 현장 방문 해 임원 면담까지 한 사연 (ft. 가을바람월드),"Oct 25, 2024",849,0
2024-09-26,LUVKTjM4ukU,시애틀에 있는 IONQ 양자 컴퓨터 제조 현장 방문 해 임원 면담까지 한 사연 (ft. 가을바람월드),"Oct 25, 2024",849,0
2024-09-27,LUVKTjM4ukU,시애틀에 있는 IONQ 양자 컴퓨터 제조 현장 방문 해 임원 면담까지 한 사연 (ft. 가을바람월드),"Oct 25, 2024",849,0
2024-09-28,LUVKTjM4ukU,시애틀에 있는 IONQ 양자 컴퓨터 제조 현장 방문 해 임원 면담까지 한 사연 (ft. 가을바람월드),"Oct 25, 2024",849,0
2024-09-29,LUVKTjM4ukU,시애틀에 있는 IONQ 양자 컴퓨터 제조 현장 방문 해 임원 면담까지 한 사연 (ft. 가을바람월드),"Oct 25, 2024",849,0
2024-09-30,LUVKTjM4ukU,시애틀에 있는 IONQ 양자 컴퓨터 제조 현장 방문 해 임원 면담까지 한 사연 (ft. 가을바람월드),"Oct 25, 2024",849,0
2024-10-01,LUVKTjM4ukU,시애틀에 있는 IONQ 양자 컴퓨터 제조 현장 방문 해 임원 면담까지 한 사연 (ft. 가을바람월드),"Oct 25, 2024",849,0
2024-10-02,LUVKTjM4ukU,시애틀에 있는 IONQ 양자 컴퓨터 제조 현장 방문 해 임원 면담까지 한 사연 (ft. 가을바람월드),"Oct 25, 2024",849,0
2024-10-03,LUVKTjM4ukU,시애틀에 있는 IONQ 양자 컴퓨터 제조 현장 방문 해 임원 면담까지 한 사연 (ft. 가을바람월드),"Oct 25, 2024",849,0
2024-10-04,LUVKTjM4ukU,시애틀에 있는 IONQ 양자 컴퓨터 제조 현장 방문 해 임원 면담까지 한 사연 (ft. 가을바람월드),"Oct 25, 2024",849,0
2024-10-05,LUVKTjM4ukU,시애틀에 있는 IONQ 양자 컴퓨터 제조 현장 방문 해 임원 면담까지 한 사연 (ft. 가을바람월드),"Oct 25, 2024",849,0
2024-10-06,LUVKTjM4ukU,시애틀에 있는 IONQ 양자 컴퓨터 제조 현장 방문 해 임원 면담까지 한 사연 (ft. 가을바람월드),"Oct 25, 2024",849,0
2024-10-07,LUVKTjM4ukU,시애틀에 있는 IONQ 양자 컴퓨터 제조 현장 방문 해 임원 면담까지 한 사연 (ft. 가을바람월드),"Oct 25, 2024",849,0
2024-10-08,LUVKTjM4ukU,시애틀에 있는 IONQ 양자 컴퓨터 제조 현장 방문 해 임원 면담까지 한 사연 (ft. 가을바람월드),"Oct 25, 2024",849,0
2024-10-09,LUVKTjM4ukU,시애틀에 있는 IONQ 양자 컴퓨터 제조 현장 방문 해 임원 면담까지 한 사연 (ft. 가을바람월드),"Oct 25, 2024",849,0
2024-10-10,LUVKTjM4ukU,시애틀에 있는 IONQ 양자 컴퓨터 제조 현장 방문 해 임원 면담까지 한 사연 (ft. 가을바람월드),"Oct 25, 2024",849,0
2024-10-11,LUVKTjM4ukU,시애틀에 있는 IONQ 양자 컴퓨터 제조 현장 방문 해 임원 면담까지 한 사연 (ft. 가을바람월드),"Oct 25, 2024",849,0
2024-10-12,LUVKTjM4ukU,시애틀에 있는 IONQ 양자 컴퓨터 제조 현장 방문 해 임원 면담까지 한 사연 (ft. 가을바람월드),"Oct 25, 2024",849,0
2024-10-13,LUVKTjM4ukU,시애틀에 있는 IONQ 양자 컴퓨터 제조 현장 방문 해 임원 면담까지 한 사연 (ft. 가을바람월드),"Oct 25, 2024",849,0
2024-10-14,LUVKTjM4ukU,시애틀에 있는 IONQ 양자 컴퓨터 제조 현장 방문 해 임원 면담까지 한 사연 (ft. 가을바람월드),"Oct 25, 2024",849,0
2024-10-15,LUVKTjM4ukU,시애틀에 있는 IONQ 양자 컴퓨터 제조 현장 방문 해 임원 면담까지 한 사연 (ft. 가을바람월드),"Oct 25, 2024",849,0
2024-10-16,LUVKTjM4ukU,시애틀에 있는 IONQ 양자 컴퓨터 제조 현장 방문 해 임원 면담까지 한 사연 (ft. 가을바람월드),"Oct 25, 2024",849,0
2024-10-17,LUVKTjM4ukU,시애틀에 있는 IONQ 양자 컴퓨터 제조 현장 방문 해 임원 면담까지 한 사연 (ft. 가을바람월드),"Oct 25, 2024",849,0
2024-10-18,LUVKTjM4ukU,시애틀에 있는 IONQ 양자 컴퓨터 제조 현장 방문 해 임원 면담까지 한 사연 (ft. 가을바람월드),"Oct 25, 2024",849,0
2024-10-19,LUVKTjM4ukU,시애틀에 있는 IONQ 양자 컴퓨터 제조 현장 방문 해 임원 면담까지 한 사연 (ft. 가을바람월드),"Oct 25, 2024",849,0
2024-10-20,LUVKTjM4ukU,시애틀에 있는 IONQ 양자 컴퓨터 제조 현장 방문 해 임원 면담까지 한 사연 (ft. 가을바람월드),"Oct 25, 2024",849,0
2024-10-21,LUVKTjM4ukU,시애틀에 있는 IONQ 양자 컴퓨터 제조 현장 방문 해 임원 면담까지 한 사연 (ft. 가을바람월드),"Oct 25, 2024",849,0
2024-10-22,LUVKTjM4ukU,시애틀에 있는 IONQ 양자 컴퓨터 제조 현장 방문 해 임원 면담까지 한 사연 (ft. 가을바람월드),"Oct 25, 2024",849,0
2024-10-23,LUVKTjM4ukU,시애틀에 있는 IONQ 양자 컴퓨터 제조 현장 방문 해 임원 면담까지 한 사연 (ft. 가을바람월드),"Oct 25, 2024",849,0
2024-10-24,LUVKTjM4ukU,시애틀에 있는 IONQ 양자 컴퓨터 제조 현장 방문 해 임원 면담까지 한 사연 (ft. 가을바람월드),"Oct 25, 2024",849,0
2024-10-25,LUVKTjM4ukU,시애틀에 있는 IONQ 양자 컴퓨터 제조 현장 방문 해 임원 면담까지 한 사연 (ft. 가을바람월드),"Oct 25, 2024",849,245.1279
2024-10-26,LUVKTjM4ukU,시애틀에 있는 IONQ 양자 컴퓨터 제조 현장 방문 해 임원 면담까지 한 사연 (ft. 가을바람월드),"Oct 25, 2024",849,107.2921
2024-10-27,LUVKTjM4ukU,시애틀에 있는 IONQ 양자 컴퓨터 제조 현장 방문 해 임원 면담까지 한 사연 (ft. 가을바람월드),"Oct 25, 2024",849,24.0798
2024-10-28,LUVKTjM4ukU,시애틀에 있는 IONQ 양자 컴퓨터 제조 현장 방문 해 임원 면담까지 한 사연 (ft. 가을바람월드),"Oct 25, 2024",849,10.0831
2024-10-29,LUVKTjM4ukU,시애틀에 있는 IONQ 양자 컴퓨터 제조 현장 방문 해 임원 면담까지 한 사연 (ft. 가을바람월드),"Oct 25, 2024",849,6.2233
2024-10-30,LUVKTjM4ukU,시애틀에 있는 IONQ 양자 컴퓨터 제조 현장 방문 해 임원 면담까지 한 사연 (ft. 가을바람월드),"Oct 25, 2024",849,1.8489
2024-10-31,LUVKTjM4ukU,시애틀에 있는 IONQ 양자 컴퓨터 제조 현장 방문 해 임원 면담까지 한 사연 (ft. 가을바람월드),"Oct 25, 2024",849,0.4826
2024-11-01,LUVKTjM4ukU,시애틀에 있는 IONQ 양자 컴퓨터 제조 현장 방문 해 임원 면담까지 한 사연 (ft. 가을바람월드),"Oct 25, 2024",849,2.4213
2024-11-02,LUVKTjM4ukU,시애틀에 있는 IONQ 양자 컴퓨터 제조 현장 방문 해 임원 면담까지 한 사연 (ft. 가을바람월드),"Oct 25, 2024",849,2.0558
2024-11-03,LUVKTjM4ukU,시애틀에 있는 IONQ 양자 컴퓨터 제조 현장 방문 해 임원 면담까지 한 사연 (ft. 가을바람월드),"Oct 25, 2024",849,1.492
2024-11-04,LUVKTjM4ukU,시애틀에 있는 IONQ 양자 컴퓨터 제조 현장 방문 해 임원 면담까지 한 사연 (ft. 가을바람월드),"Oct 25, 2024",849,1.0138
2024-11-05,LUVKTjM4ukU,시애틀에 있는 IONQ 양자 컴퓨터 제조 현장 방문 해 임원 면담까지 한 사연 (ft. 가을바람월드),"Oct 25, 2024",849,0.4757
2024-11-06,LUVKTjM4ukU,시애틀에 있는 IONQ 양자 컴퓨터 제조 현장 방문 해 임원 면담까지 한 사연 (ft. 가을바람월드),"Oct 25, 2024",849,0.3166
2024-11-07,LUVKTjM4ukU,시애틀에 있는 IONQ 양자 컴퓨터 제조 현장 방문 해 임원 면담까지 한 사연 (ft. 가을바람월드),"Oct 25, 2024",849,0.6545
2024-11-08,LUVKTjM4ukU,시애틀에 있는 IONQ 양자 컴퓨터 제조 현장 방문 해 임원 면담까지 한 사연 (ft. 가을바람월드),"Oct 25, 2024",849,0.4287
2024-11-09,LUVKTjM4ukU,시애틀에 있는 IONQ 양자 컴퓨터 제조 현장 방문 해 임원 면담까지 한 사연 (ft. 가을바람월드),"Oct 25, 2024",849,0.4634
2024-11-10,LUVKTjM4ukU,시애틀에 있는 IONQ 양자 컴퓨터 제조 현장 방문 해 임원 면담까지 한 사연 (ft. 가을바람월드),"Oct 25, 2024",849,0.6545
2024-11-11,LUVKTjM4ukU,시애틀에 있는 IONQ 양자 컴퓨터 제조 현장 방문 해 임원 면담까지 한 사연 (ft. 가을바람월드),"Oct 25, 2024",849,0.7736
2024-11-12,LUVKTjM4ukU,시애틀에 있는 IONQ 양자 컴퓨터 제조 현장 방문 해 임원 면담까지 한 사연 (ft. 가을바람월드),"Oct 25, 2024",849,0.5739
2024-11-13,LUVKTjM4ukU,시애틀에 있는 IONQ 양자 컴퓨터 제조 현장 방문 해 임원 면담까지 한 사연 (ft. 가을바람월드),"Oct 25, 2024",849,1.6426
2024-11-14,LUVKTjM4ukU,시애틀에 있는 IONQ 양자 컴퓨터 제조 현장 방문 해 임원 면담까지 한 사연 (ft. 가을바람월드),"Oct 25, 2024",849,0.6287
2024-11-15,LUVKTjM4ukU,시애틀에 있는 IONQ 양자 컴퓨터 제조 현장 방문 해 임원 면담까지 한 사연 (ft. 가을바람월드),"Oct 25, 2024",849,0.6557
2024-11-16,LUVKTjM4ukU,시애틀에 있는 IONQ 양자 컴퓨터 제조 현장 방문 해 임원 면담까지 한 사연 (ft. 가을바람월드),"Oct 25, 2024",849,0.6989
2024-11-17,LUVKTjM4ukU,시애틀에 있는 IONQ 양자 컴퓨터 제조 현장 방문 해 임원 면담까지 한 사연 (ft. 가을바람월드),"Oct 25, 2024",849,0.9018
2024-11-18,LUVKTjM4ukU,시애틀에 있는 IONQ 양자 컴퓨터 제조 현장 방문 해 임원 면담까지 한 사연 (ft. 가을바람월드),"Oct 25, 2024",849,0.5975
2024-11-19,LUVKTjM4ukU,시애틀에 있는 IONQ 양자 컴퓨터 제조 현장 방문 해 임원 면담까지 한 사연 (ft. 가을바람월드),"Oct 25, 2024",849,0.7051
2024-11-20,LUVKTjM4ukU,시애틀에 있는 IONQ 양자 컴퓨터 제조 현장 방문 해 임원 면담까지 한 사연 (ft. 가을바람월드),"Oct 25, 2024",849,0.7296
2024-11-21,LUVKTjM4ukU,시애틀에 있는 IONQ 양자 컴퓨터 제조 현장 방문 해 임원 면담까지 한 사연 (ft. 가을바람월드),"Oct 25, 2024",849,0.8201
2024-11-22,LUVKTjM4ukU,시애틀에 있는 IONQ 양자 컴퓨터 제조 현장 방문 해 임원 면담까지 한 사연 (ft. 가을바람월드),"Oct 25, 2024",849,0.7897
2024-11-23,LUVKTjM4ukU,시애틀에 있는 IONQ 양자 컴퓨터 제조 현장 방문 해 임원 면담까지 한 사연 (ft. 가을바람월드),"Oct 25, 2024",849,0.374
2024-11-24,LUVKTjM4ukU,시애틀에 있는 IONQ 양자 컴퓨터 제조 현장 방문 해 임원 면담까지 한 사연 (ft. 가을바람월드),"Oct 25, 2024",849,0.2105
2024-11-25,LUVKTjM4ukU,시애틀에 있는 IONQ 양자 컴퓨터 제조 현장 방문 해 임원 면담까지 한 사연 (ft. 가을바람월드),"Oct 25, 2024",849,0.3937
2024-11-26,LUVKTjM4ukU,시애틀에 있는 IONQ 양자 컴퓨터 제조 현장 방문 해 임원 면담까지 한 사연 (ft. 가을바람월드),"Oct 25, 2024",849,0.0927
2024-11-27,LUVKTjM4ukU,시애틀에 있는 IONQ 양자 컴퓨터 제조 현장 방문 해 임원 면담까지 한 사연 (ft. 가을바람월드),"Oct 25, 2024",849,0.3226
2024-11-28,LUVKTjM4ukU,시애틀에 있는 IONQ 양자 컴퓨터 제조 현장 방문 해 임원 면담까지 한 사연 (ft. 가을바람월드),"Oct 25, 2024",849,0.707
2024-11-29,LUVKTjM4ukU,시애틀에 있는 IONQ 양자 컴퓨터 제조 현장 방문 해 임원 면담까지 한 사연 (ft. 가을바람월드),"Oct 25, 2024",849,0.2278
2024-11-30,LUVKTjM4ukU,시애틀에 있는 IONQ 양자 컴퓨터 제조 현장 방문 해 임원 면담까지 한 사연 (ft. 가을바람월드),"Oct 25, 2024",849,0.0612
2024-12-01,LUVKTjM4ukU,시애틀에 있는 IONQ 양자 컴퓨터 제조 현장 방문 해 임원 면담까지 한 사연 (ft. 가을바람월드),"Oct 25, 2024",849,0.4581
2024-12-02,LUVKTjM4ukU,시애틀에 있는 IONQ 양자 컴퓨터 제조 현장 방문 해 임원 면담까지 한 사연 (ft. 가을바람월드),"Oct 25, 2024",849,0.6572
2024-12-03,LUVKTjM4ukU,시애틀에 있는 IONQ 양자 컴퓨터 제조 현장 방문 해 임원 면담까지 한 사연 (ft. 가을바람월드),"Oct 25, 2024",849,0.1477
2024-12-04,LUVKTjM4ukU,시애틀에 있는 IONQ 양자 컴퓨터 제조 현장 방문 해 임원 면담까지 한 사연 (ft. 가을바람월드),"Oct 25, 2024",849,0.101
2024-12-05,LUVKTjM4ukU,시애틀에 있는 IONQ 양자 컴퓨터 제조 현장 방문 해 임원 면담까지 한 사연 (ft. 가을바람월드),"Oct 25, 2024",849,0.0177
2024-12-06,LUVKTjM4ukU,시애틀에 있는 IONQ 양자 컴퓨터 제조 현장 방문 해 임원 면담까지 한 사연 (ft. 가을바람월드),"Oct 25, 2024",849,0.4345
2024-12-07,LUVKTjM4ukU,시애틀에 있는 IONQ 양자 컴퓨터 제조 현장 방문 해 임원 면담까지 한 사연 (ft. 가을바람월드),"Oct 25, 2024",849,0.076
2024-12-08,LUVKTjM4ukU,시애틀에 있는 IONQ 양자 컴퓨터 제조 현장 방문 해 임원 면담까지 한 사연 (ft. 가을바람월드),"Oct 25, 2024",849,0.0638
2024-12-09,LUVKTjM4ukU,시애틀에 있는 IONQ 양자 컴퓨터 제조 현장 방문 해 임원 면담까지 한 사연 (ft. 가을바람월드),"Oct 25, 2024",849,0.2654
2024-12-10,LUVKTjM4ukU,시애틀에 있는 IONQ 양자 컴퓨터 제조 현장 방문 해 임원 면담까지 한 사연 (ft. 가을바람월드),"Oct 25, 2024",849,0
2024-12-11,LUVKTjM4ukU,시애틀에 있는 IONQ 양자 컴퓨터 제조 현장 방문 해 임원 면담까지 한 사연 (ft. 가을바람월드),"Oct 25, 2024",849,0.1899
2024-12-12,LUVKTjM4ukU,시애틀에 있는 IONQ 양자 컴퓨터 제조 현장 방문 해 임원 면담까지 한 사연 (ft. 가을바람월드),"Oct 25, 2024",849,0.1163
2024-12-13,LUVKTjM4ukU,시애틀에 있는 IONQ 양자 컴퓨터 제조 현장 방문 해 임원 면담까지 한 사연 (ft. 가을바람월드),"Oct 25, 2024",849,0.0913
2024-12-14,LUVKTjM4ukU,시애틀에 있는 IONQ 양자 컴퓨터 제조 현장 방문 해 임원 면담까지 한 사연 (ft. 가을바람월드),"Oct 25, 2024",849,0.0784
2024-12-15,LUVKTjM4ukU,시애틀에 있는 IONQ 양자 컴퓨터 제조 현장 방문 해 임원 면담까지 한 사연 (ft. 가을바람월드),"Oct 25, 2024",849,0.0019
2024-12-16,LUVKTjM4ukU,시애틀에 있는 IONQ 양자 컴퓨터 제조 현장 방문 해 임원 면담까지 한 사연 (ft. 가을바람월드),"Oct 25, 2024",849,0
2024-12-17,LUVKTjM4ukU,시애틀에 있는 IONQ 양자 컴퓨터 제조 현장 방문 해 임원 면담까지 한 사연 (ft. 가을바람월드),"Oct 25, 2024",849,0.0185
2024-12-18,LUVKTjM4ukU,시애틀에 있는 IONQ 양자 컴퓨터 제조 현장 방문 해 임원 면담까지 한 사연 (ft. 가을바람월드),"Oct 25, 2024",849,0.177
2024-12-19,LUVKTjM4ukU,시애틀에 있는 IONQ 양자 컴퓨터 제조 현장 방문 해 임원 면담까지 한 사연 (ft. 가을바람월드),"Oct 25, 2024",849,0.0015
2024-12-20,LUVKTjM4ukU,시애틀에 있는 IONQ 양자 컴퓨터 제조 현장 방문 해 임원 면담까지 한 사연 (ft. 가을바람월드),"Oct 25, 2024",849,0.0629
2024-12-21,LUVKTjM4ukU,시애틀에 있는 IONQ 양자 컴퓨터 제조 현장 방문 해 임원 면담까지 한 사연 (ft. 가을바람월드),"Oct 25, 2024",849,0.2015
2024-12-22,LUVKTjM4ukU,시애틀에 있는 IONQ 양자 컴퓨터 제조 현장 방문 해 임원 면담까지 한 사연 (ft. 가을바람월드),"Oct 25, 2024",849,0.027
2024-12-23,LUVKTjM4ukU,시애틀에 있는 IONQ 양자 컴퓨터 제조 현장 방문 해 임원 면담까지 한 사연 (ft. 가을바람월드),"Oct 25, 2024",849,0.055
2024-12-24,LUVKTjM4ukU,시애틀에 있는 IONQ 양자 컴퓨터 제조 현장 방문 해 임원 면담까지 한 사연 (ft. 가을바람월드),"Oct 25, 2024",849,0.559
2024-12-25,LUVKTjM4ukU,시애틀에 있는 IONQ 양자 컴퓨터 제조 현장 방문 해 임원 면담까지 한 사연 (ft. 가을바람월드),"Oct 25, 2024",849,0.0748
2024-12-26,LUVKTjM4ukU,시애틀에 있는 IONQ 양자 컴퓨터 제조 현장 방문 해 임원 면담까지 한 사연 (ft. 가을바람월드),"Oct 25, 2024",849,0.0603
2024-12-27,LUVKTjM4ukU,시애틀에 있는 IONQ 양자 컴퓨터 제조 현장 방문 해 임원 면담까지 한 사연 (ft. 가을바람월드),"Oct 25, 2024",849,0.2715
2024-12-28,LUVKTjM4ukU,시애틀에 있는 IONQ 양자 컴퓨터 제조 현장 방문 해 임원 면담까지 한 사연 (ft. 가을바람월드),"Oct 25, 2024",849,0.0017
2024-12-29,LUVKTjM4ukU,시애틀에 있는 IONQ 양자 컴퓨터 제조 현장 방문 해 임원 면담까지 한 사연 (ft. 가을바람월드),"Oct 25, 2024",849,0.0029
2024-12-30,LUVKTjM4ukU,시애틀에 있는 IONQ 양자 컴퓨터 제조 현장 방문 해 임원 면담까지 한 사연 (ft. 가을바람월드),"Oct 25, 2024",849,0.2514
2024-12-31,LUVKTjM4ukU,시애틀에 있는 IONQ 양자 컴퓨터 제조 현장 방문 해 임원 면담까지 한 사연 (ft. 가을바람월드),"Oct 25, 2024",849,0.0903
2025-01-01,LUVKTjM4ukU,시애틀에 있는 IONQ 양자 컴퓨터 제조 현장 방문 해 임원 면담까지 한 사연 (ft. 가을바람월드),"Oct 25, 2024",849,0.0097
2025-01-02,LUVKTjM4ukU,시애틀에 있는 IONQ 양자 컴퓨터 제조 현장 방문 해 임원 면담까지 한 사연 (ft. 가을바람월드),"Oct 25, 2024",849,0.0952
2025-01-03,LUVKTjM4ukU,시애틀에 있는 IONQ 양자 컴퓨터 제조 현장 방문 해 임원 면담까지 한 사연 (ft. 가을바람월드),"Oct 25, 2024",849,0.2367
2025-01-04,LUVKTjM4ukU,시애틀에 있는 IONQ 양자 컴퓨터 제조 현장 방문 해 임원 면담까지 한 사연 (ft. 가을바람월드),"Oct 25, 2024",849,0.2757
2025-01-05,LUVKTjM4ukU,시애틀에 있는 IONQ 양자 컴퓨터 제조 현장 방문 해 임원 면담까지 한 사연 (ft. 가을바람월드),"Oct 25, 2024",849,0
2025-01-06,LUVKTjM4ukU,시애틀에 있는 IONQ 양자 컴퓨터 제조 현장 방문 해 임원 면담까지 한 사연 (ft. 가을바람월드),"Oct 25, 2024",849,0.1565
2025-01-07,LUVKTjM4ukU,시애틀에 있는 IONQ 양자 컴퓨터 제조 현장 방문 해 임원 면담까지 한 사연 (ft. 가을바람월드),"Oct 25, 2024",849,0.4744
2025-01-08,LUVKTjM4ukU,시애틀에 있는 IONQ 양자 컴퓨터 제조 현장 방문 해 임원 면담까지 한 사연 (ft. 가을바람월드),"Oct 25, 2024",849,0.4762
2025-01-09,LUVKTjM4ukU,시애틀에 있는 IONQ 양자 컴퓨터 제조 현장 방문 해 임원 면담까지 한 사연 (ft. 가을바람월드),"Oct 25, 2024",849,0.4515
2025-01-10,LUVKTjM4ukU,시애틀에 있는 IONQ 양자 컴퓨터 제조 현장 방문 해 임원 면담까지 한 사연 (ft. 가을바람월드),"Oct 25, 2024",849,0.289
2025-01-11,LUVKTjM4ukU,시애틀에 있는 IONQ 양자 컴퓨터 제조 현장 방문 해 임원 면담까지 한 사연 (ft. 가을바람월드),"Oct 25, 2024",849,0.8068
2025-01-12,LUVKTjM4ukU,시애틀에 있는 IONQ 양자 컴퓨터 제조 현장 방문 해 임원 면담까지 한 사연 (ft. 가을바람월드),"Oct 25, 2024",849,0.0414
2025-01-13,LUVKTjM4ukU,시애틀에 있는 IONQ 양자 컴퓨터 제조 현장 방문 해 임원 면담까지 한 사연 (ft. 가을바람월드),"Oct 25, 2024",849,0.33
2025-01-14,LUVKTjM4ukU,시애틀에 있는 IONQ 양자 컴퓨터 제조 현장 방문 해 임원 면담까지 한 사연 (ft. 가을바람월드),"Oct 25, 2024",849,0.0768
2025-01-15,LUVKTjM4ukU,시애틀에 있는 IONQ 양자 컴퓨터 제조 현장 방문 해 임원 면담까지 한 사연 (ft. 가을바람월드),"Oct 25, 2024",849,0.4925
2025-01-16,LUVKTjM4ukU,시애틀에 있는 IONQ 양자 컴퓨터 제조 현장 방문 해 임원 면담까지 한 사연 (ft. 가을바람월드),"Oct 25, 2024",849,0.2033
2025-01-17,LUVKTjM4ukU,시애틀에 있는 IONQ 양자 컴퓨터 제조 현장 방문 해 임원 면담까지 한 사연 (ft. 가을바람월드),"Oct 25, 2024",849,0.0374
2025-01-18,LUVKTjM4ukU,시애틀에 있는 IONQ 양자 컴퓨터 제조 현장 방문 해 임원 면담까지 한 사연 (ft. 가을바람월드),"Oct 25, 2024",849,0.3102
2025-01-19,LUVKTjM4ukU,시애틀에 있는 IONQ 양자 컴퓨터 제조 현장 방문 해 임원 면담까지 한 사연 (ft. 가을바람월드),"Oct 25, 2024",849,0.0044
2025-01-20,LUVKTjM4ukU,시애틀에 있는 IONQ 양자 컴퓨터 제조 현장 방문 해 임원 면담까지 한 사연 (ft. 가을바람월드),"Oct 25, 2024",849,0.0147
2025-01-21,LUVKTjM4ukU,시애틀에 있는 IONQ 양자 컴퓨터 제조 현장 방문 해 임원 면담까지 한 사연 (ft. 가을바람월드),"Oct 25, 2024",849,0.1035
2025-01-22,LUVKTjM4ukU,시애틀에 있는 IONQ 양자 컴퓨터 제조 현장 방문 해 임원 면담까지 한 사연 (ft. 가을바람월드),"Oct 25, 2024",849,0
2025-01-23,LUVKTjM4ukU,시애틀에 있는 IONQ 양자 컴퓨터 제조 현장 방문 해 임원 면담까지 한 사연 (ft. 가을바람월드),"Oct 25, 2024",849,0
2025-01-24,LUVKTjM4ukU,시애틀에 있는 IONQ 양자 컴퓨터 제조 현장 방문 해 임원 면담까지 한 사연 (ft. 가을바람월드),"Oct 25, 2024",849,0.0074
2025-01-25,LUVKTjM4ukU,시애틀에 있는 IONQ 양자 컴퓨터 제조 현장 방문 해 임원 면담까지 한 사연 (ft. 가을바람월드),"Oct 25, 2024",849,0.1421
2025-01-26,LUVKTjM4ukU,시애틀에 있는 IONQ 양자 컴퓨터 제조 현장 방문 해 임원 면담까지 한 사연 (ft. 가을바람월드),"Oct 25, 2024",849,0
2025-01-27,LUVKTjM4ukU,시애틀에 있는 IONQ 양자 컴퓨터 제조 현장 방문 해 임원 면담까지 한 사연 (ft. 가을바람월드),"Oct 25, 2024",849,0.0425
2025-01-28,LUVKTjM4ukU,시애틀에 있는 IONQ 양자 컴퓨터 제조 현장 방문 해 임원 면담까지 한 사연 (ft. 가을바람월드),"Oct 25, 2024",849,0.0371
2025-01-29,LUVKTjM4ukU,시애틀에 있는 IONQ 양자 컴퓨터 제조 현장 방문 해 임원 면담까지 한 사연 (ft. 가을바람월드),"Oct 25, 2024",849,0.0066
2025-01-30,LUVKTjM4ukU,시애틀에 있는 IONQ 양자 컴퓨터 제조 현장 방문 해 임원 면담까지 한 사연 (ft. 가을바람월드),"Oct 25, 2024",849,0.0233
2025-01-31,LUVKTjM4ukU,시애틀에 있는 IONQ 양자 컴퓨터 제조 현장 방문 해 임원 면담까지 한 사연 (ft. 가을바람월드),"Oct 25, 2024",849,0
2025-02-01,LUVKTjM4ukU,시애틀에 있는 IONQ 양자 컴퓨터 제조 현장 방문 해 임원 면담까지 한 사연 (ft. 가을바람월드),"Oct 25, 2024",849,0
2025-02-02,LUVKTjM4ukU,시애틀에 있는 IONQ 양자 컴퓨터 제조 현장 방문 해 임원 면담까지 한 사연 (ft. 가을바람월드),"Oct 25, 2024",849,0.0082
2025-02-03,LUVKTjM4ukU,시애틀에 있는 IONQ 양자 컴퓨터 제조 현장 방문 해 임원 면담까지 한 사연 (ft. 가을바람월드),"Oct 25, 2024",849,0.0287
2025-02-04,LUVKTjM4ukU,시애틀에 있는 IONQ 양자 컴퓨터 제조 현장 방문 해 임원 면담까지 한 사연 (ft. 가을바람월드),"Oct 25, 2024",849,0.4379
2025-02-05,LUVKTjM4ukU,시애틀에 있는 IONQ 양자 컴퓨터 제조 현장 방문 해 임원 면담까지 한 사연 (ft. 가을바람월드),"Oct 25, 2024",849,0.1153
2025-02-06,LUVKTjM4ukU,시애틀에 있는 IONQ 양자 컴퓨터 제조 현장 방문 해 임원 면담까지 한 사연 (ft. 가을바람월드),"Oct 25, 2024",849,0.2539
2025-02-07,LUVKTjM4ukU,시애틀에 있는 IONQ 양자 컴퓨터 제조 현장 방문 해 임원 면담까지 한 사연 (ft. 가을바람월드),"Oct 25, 2024",849,0
2025-02-08,LUVKTjM4ukU,시애틀에 있는 IONQ 양자 컴퓨터 제조 현장 방문 해 임원 면담까지 한 사연 (ft. 가을바람월드),"Oct 25, 2024",849,0.1994
2025-02-09,LUVKTjM4ukU,시애틀에 있는 IONQ 양자 컴퓨터 제조 현장 방문 해 임원 면담까지 한 사연 (ft. 가을바람월드),"Oct 25, 2024",849,0
2025-02-10,LUVKTjM4ukU,시애틀에 있는 IONQ 양자 컴퓨터 제조 현장 방문 해 임원 면담까지 한 사연 (ft. 가을바람월드),"Oct 25, 2024",849,0
2025-02-11,LUVKTjM4ukU,시애틀에 있는 IONQ 양자 컴퓨터 제조 현장 방문 해 임원 면담까지 한 사연 (ft. 가을바람월드),"Oct 25, 2024",849,0.2488
2025-02-12,LUVKTjM4ukU,시애틀에 있는 IONQ 양자 컴퓨터 제조 현장 방문 해 임원 면담까지 한 사연 (ft. 가을바람월드),"Oct 25, 2024",849,0.101
2025-02-13,LUVKTjM4ukU,시애틀에 있는 IONQ 양자 컴퓨터 제조 현장 방문 해 임원 면담까지 한 사연 (ft. 가을바람월드),"Oct 25, 2024",849,0.0124
2025-02-14,LUVKTjM4ukU,시애틀에 있는 IONQ 양자 컴퓨터 제조 현장 방문 해 임원 면담까지 한 사연 (ft. 가을바람월드),"Oct 25, 2024",849,0
2025-02-15,LUVKTjM4ukU,시애틀에 있는 IONQ 양자 컴퓨터 제조 현장 방문 해 임원 면담까지 한 사연 (ft. 가을바람월드),"Oct 25, 2024",849,0
2025-02-16,LUVKTjM4ukU,시애틀에 있는 IONQ 양자 컴퓨터 제조 현장 방문 해 임원 면담까지 한 사연 (ft. 가을바람월드),"Oct 25, 2024",849,0.0486
2025-02-17,LUVKTjM4ukU,시애틀에 있는 IONQ 양자 컴퓨터 제조 현장 방문 해 임원 면담까지 한 사연 (ft. 가을바람월드),"Oct 25, 2024",849,0.0313
2025-02-18,LUVKTjM4ukU,시애틀에 있는 IONQ 양자 컴퓨터 제조 현장 방문 해 임원 면담까지 한 사연 (ft. 가을바람월드),"Oct 25, 2024",849,0.0031
2025-02-19,LUVKTjM4ukU,시애틀에 있는 IONQ 양자 컴퓨터 제조 현장 방문 해 임원 면담까지 한 사연 (ft. 가을바람월드),"Oct 25, 2024",849,0.0243
2025-02-20,LUVKTjM4ukU,시애틀에 있는 IONQ 양자 컴퓨터 제조 현장 방문 해 임원 면담까지 한 사연 (ft. 가을바람월드),"Oct 25, 2024",849,0.038
2025-02-21,LUVKTjM4ukU,시애틀에 있는 IONQ 양자 컴퓨터 제조 현장 방문 해 임원 면담까지 한 사연 (ft. 가을바람월드),"Oct 25, 2024",849,0.2052
2025-02-22,LUVKTjM4ukU,시애틀에 있는 IONQ 양자 컴퓨터 제조 현장 방문 해 임원 면담까지 한 사연 (ft. 가을바람월드),"Oct 25, 2024",849,0.2289
2025-02-23,LUVKTjM4ukU,시애틀에 있는 IONQ 양자 컴퓨터 제조 현장 방문 해 임원 면담까지 한 사연 (ft. 가을바람월드),"Oct 25, 2024",849,0.0259
2025-02-24,LUVKTjM4ukU,시애틀에 있는 IONQ 양자 컴퓨터 제조 현장 방문 해 임원 면담까지 한 사연 (ft. 가을바람월드),"Oct 25, 2024",849,0.1933
2025-02-25,LUVKTjM4ukU,시애틀에 있는 IONQ 양자 컴퓨터 제조 현장 방문 해 임원 면담까지 한 사연 (ft. 가을바람월드),"Oct 25, 2024",849,0.0187
2025-02-26,LUVKTjM4ukU,시애틀에 있는 IONQ 양자 컴퓨터 제조 현장 방문 해 임원 면담까지 한 사연 (ft. 가을바람월드),"Oct 25, 2024",849,0.2514
2025-02-27,LUVKTjM4ukU,시애틀에 있는 IONQ 양자 컴퓨터 제조 현장 방문 해 임원 면담까지 한 사연 (ft. 가을바람월드),"Oct 25, 2024",849,0.1721
2025-02-28,LUVKTjM4ukU,시애틀에 있는 IONQ 양자 컴퓨터 제조 현장 방문 해 임원 면담까지 한 사연 (ft. 가을바람월드),"Oct 25, 2024",849,0.0465
2025-03-01,LUVKTjM4ukU,시애틀에 있는 IONQ 양자 컴퓨터 제조 현장 방문 해 임원 면담까지 한 사연 (ft. 가을바람월드),"Oct 25, 2024",849,0.0129
2025-03-02,LUVKTjM4ukU,시애틀에 있는 IONQ 양자 컴퓨터 제조 현장 방문 해 임원 면담까지 한 사연 (ft. 가을바람월드),"Oct 25, 2024",849,0.1271
2025-03-03,LUVKTjM4ukU,시애틀에 있는 IONQ 양자 컴퓨터 제조 현장 방문 해 임원 면담까지 한 사연 (ft. 가을바람월드),"Oct 25, 2024",849,0.1866
2025-03-04,LUVKTjM4ukU,시애틀에 있는 IONQ 양자 컴퓨터 제조 현장 방문 해 임원 면담까지 한 사연 (ft. 가을바람월드),"Oct 25, 2024",849,0
2025-03-05,LUVKTjM4ukU,시애틀에 있는 IONQ 양자 컴퓨터 제조 현장 방문 해 임원 면담까지 한 사연 (ft. 가을바람월드),"Oct 25, 2024",849,0.3116
2025-03-06,LUVKTjM4ukU,시애틀에 있는 IONQ 양자 컴퓨터 제조 현장 방문 해 임원 면담까지 한 사연 (ft. 가을바람월드),"Oct 25, 2024",849,0.0452
2025-03-07,LUVKTjM4ukU,시애틀에 있는 IONQ 양자 컴퓨터 제조 현장 방문 해 임원 면담까지 한 사연 (ft. 가을바람월드),"Oct 25, 2024",849,0.0024
2025-03-08,LUVKTjM4ukU,시애틀에 있는 IONQ 양자 컴퓨터 제조 현장 방문 해 임원 면담까지 한 사연 (ft. 가을바람월드),"Oct 25, 2024",849,0
2025-03-09,LUVKTjM4ukU,시애틀에 있는 IONQ 양자 컴퓨터 제조 현장 방문 해 임원 면담까지 한 사연 (ft. 가을바람월드),"Oct 25, 2024",849,0.1671
2025-03-10,LUVKTjM4ukU,시애틀에 있는 IONQ 양자 컴퓨터 제조 현장 방문 해 임원 면담까지 한 사연 (ft. 가을바람월드),"Oct 25, 2024",849,0.0062
2025-03-11,LUVKTjM4ukU,시애틀에 있는 IONQ 양자 컴퓨터 제조 현장 방문 해 임원 면담까지 한 사연 (ft. 가을바람월드),"Oct 25, 2024",849,0
2025-03-12,LUVKTjM4ukU,시애틀에 있는 IONQ 양자 컴퓨터 제조 현장 방문 해 임원 면담까지 한 사연 (ft. 가을바람월드),"Oct 25, 2024",849,0.0052
2025-03-13,LUVKTjM4ukU,시애틀에 있는 IONQ 양자 컴퓨터 제조 현장 방문 해 임원 면담까지 한 사연 (ft. 가을바람월드),"Oct 25, 2024",849,0
2025-03-14,LUVKTjM4ukU,시애틀에 있는 IONQ 양자 컴퓨터 제조 현장 방문 해 임원 면담까지 한 사연 (ft. 가을바람월드),"Oct 25, 2024",849,0.0058
2025-03-15,LUVKTjM4ukU,시애틀에 있는 IONQ 양자 컴퓨터 제조 현장 방문 해 임원 면담까지 한 사연 (ft. 가을바람월드),"Oct 25, 2024",849,0.0047
2025-03-16,LUVKTjM4ukU,시애틀에 있는 IONQ 양자 컴퓨터 제조 현장 방문 해 임원 면담까지 한 사연 (ft. 가을바람월드),"Oct 25, 2024",849,0.015
2025-03-17,LUVKTjM4ukU,시애틀에 있는 IONQ 양자 컴퓨터 제조 현장 방문 해 임원 면담까지 한 사연 (ft. 가을바람월드),"Oct 25, 2024",849,0
2025-03-18,LUVKTjM4ukU,시애틀에 있는 IONQ 양자 컴퓨터 제조 현장 방문 해 임원 면담까지 한 사연 (ft. 가을바람월드),"Oct 25, 2024",849,0
2025-03-19,LUVKTjM4ukU,시애틀에 있는 IONQ 양자 컴퓨터 제조 현장 방문 해 임원 면담까지 한 사연 (ft. 가을바람월드),"Oct 25, 2024",849,0
2025-03-20,LUVKTjM4ukU,시애틀에 있는 IONQ 양자 컴퓨터 제조 현장 방문 해 임원 면담까지 한 사연 (ft. 가을바람월드),"Oct 25, 2024",849,0
2025-03-21,LUVKTjM4ukU,시애틀에 있는 IONQ 양자 컴퓨터 제조 현장 방문 해 임원 면담까지 한 사연 (ft. 가을바람월드),"Oct 25, 2024",849,0.0031
2025-03-22,LUVKTjM4ukU,시애틀에 있는 IONQ 양자 컴퓨터 제조 현장 방문 해 임원 면담까지 한 사연 (ft. 가을바람월드),"Oct 25, 2024",849,0.2403
2025-03-23,LUVKTjM4ukU,시애틀에 있는 IONQ 양자 컴퓨터 제조 현장 방문 해 임원 면담까지 한 사연 (ft. 가을바람월드),"Oct 25, 2024",849,0.0147
2025-03-24,LUVKTjM4ukU,시애틀에 있는 IONQ 양자 컴퓨터 제조 현장 방문 해 임원 면담까지 한 사연 (ft. 가을바람월드),"Oct 25, 2024",849,0.0357
2025-03-25,LUVKTjM4ukU,시애틀에 있는 IONQ 양자 컴퓨터 제조 현장 방문 해 임원 면담까지 한 사연 (ft. 가을바람월드),"Oct 25, 2024",849,0.0525
2025-03-26,LUVKTjM4ukU,시애틀에 있는 IONQ 양자 컴퓨터 제조 현장 방문 해 임원 면담까지 한 사연 (ft. 가을바람월드),"Oct 25, 2024",849,0.0074
2025-03-27,LUVKTjM4ukU,시애틀에 있는 IONQ 양자 컴퓨터 제조 현장 방문 해 임원 면담까지 한 사연 (ft. 가을바람월드),"Oct 25, 2024",849,0.1915
2025-03-28,LUVKTjM4ukU,시애틀에 있는 IONQ 양자 컴퓨터 제조 현장 방문 해 임원 면담까지 한 사연 (ft. 가을바람월드),"Oct 25, 2024",849,0.0027
2025-03-29,LUVKTjM4ukU,시애틀에 있는 IONQ 양자 컴퓨터 제조 현장 방문 해 임원 면담까지 한 사연 (ft. 가을바람월드),"Oct 25, 2024",849,0
2025-03-30,LUVKTjM4ukU,시애틀에 있는 IONQ 양자 컴퓨터 제조 현장 방문 해 임원 면담까지 한 사연 (ft. 가을바람월드),"Oct 25, 2024",849,0.0046
2025-03-31,LUVKTjM4ukU,시애틀에 있는 IONQ 양자 컴퓨터 제조 현장 방문 해 임원 면담까지 한 사연 (ft. 가을바람월드),"Oct 25, 2024",849,0
2025-04-01,LUVKTjM4ukU,시애틀에 있는 IONQ 양자 컴퓨터 제조 현장 방문 해 임원 면담까지 한 사연 (ft. 가을바람월드),"Oct 25, 2024",849,0
2025-04-02,LUVKTjM4ukU,시애틀에 있는 IONQ 양자 컴퓨터 제조 현장 방문 해 임원 면담까지 한 사연 (ft. 가을바람월드),"Oct 25, 2024",849,0
2025-04-03,LUVKTjM4ukU,시애틀에 있는 IONQ 양자 컴퓨터 제조 현장 방문 해 임원 면담까지 한 사연 (ft. 가을바람월드),"Oct 25, 2024",849,0
2025-04-04,LUVKTjM4ukU,시애틀에 있는 IONQ 양자 컴퓨터 제조 현장 방문 해 임원 면담까지 한 사연 (ft. 가을바람월드),"Oct 25, 2024",849,0
2025-04-05,LUVKTjM4ukU,시애틀에 있는 IONQ 양자 컴퓨터 제조 현장 방문 해 임원 면담까지 한 사연 (ft. 가을바람월드),"Oct 25, 2024",849,0.0061
2025-04-06,LUVKTjM4ukU,시애틀에 있는 IONQ 양자 컴퓨터 제조 현장 방문 해 임원 면담까지 한 사연 (ft. 가을바람월드),"Oct 25, 2024",849,0.0386
2025-04-07,LUVKTjM4ukU,시애틀에 있는 IONQ 양자 컴퓨터 제조 현장 방문 해 임원 면담까지 한 사연 (ft. 가을바람월드),"Oct 25, 2024",849,0.1372
2025-04-08,LUVKTjM4ukU,시애틀에 있는 IONQ 양자 컴퓨터 제조 현장 방문 해 임원 면담까지 한 사연 (ft. 가을바람월드),"Oct 25, 2024",849,0
2025-04-09,LUVKTjM4ukU,시애틀에 있는 IONQ 양자 컴퓨터 제조 현장 방문 해 임원 면담까지 한 사연 (ft. 가을바람월드),"Oct 25, 2024",849,0
2025-04-10,LUVKTjM4ukU,시애틀에 있는 IONQ 양자 컴퓨터 제조 현장 방문 해 임원 면담까지 한 사연 (ft. 가을바람월드),"Oct 25, 2024",849,0.0084
2025-04-11,LUVKTjM4ukU,시애틀에 있는 IONQ 양자 컴퓨터 제조 현장 방문 해 임원 면담까지 한 사연 (ft. 가을바람월드),"Oct 25, 2024",849,0
2025-04-12,LUVKTjM4ukU,시애틀에 있는 IONQ 양자 컴퓨터 제조 현장 방문 해 임원 면담까지 한 사연 (ft. 가을바람월드),"Oct 25, 2024",849,0
2025-04-13,LUVKTjM4ukU,시애틀에 있는 IONQ 양자 컴퓨터 제조 현장 방문 해 임원 면담까지 한 사연 (ft. 가을바람월드),"Oct 25, 2024",849,0
2025-04-14,LUVKTjM4ukU,시애틀에 있는 IONQ 양자 컴퓨터 제조 현장 방문 해 임원 면담까지 한 사연 (ft. 가을바람월드),"Oct 25, 2024",849,0
2025-04-15,LUVKTjM4ukU,시애틀에 있는 IONQ 양자 컴퓨터 제조 현장 방문 해 임원 면담까지 한 사연 (ft. 가을바람월드),"Oct 25, 2024",849,0
2025-04-16,LUVKTjM4ukU,시애틀에 있는 IONQ 양자 컴퓨터 제조 현장 방문 해 임원 면담까지 한 사연 (ft. 가을바람월드),"Oct 25, 2024",849,0.0263
2025-04-17,LUVKTjM4ukU,시애틀에 있는 IONQ 양자 컴퓨터 제조 현장 방문 해 임원 면담까지 한 사연 (ft. 가을바람월드),"Oct 25, 2024",849,0.0696
2025-04-18,LUVKTjM4ukU,시애틀에 있는 IONQ 양자 컴퓨터 제조 현장 방문 해 임원 면담까지 한 사연 (ft. 가을바람월드),"Oct 25, 2024",849,0
2025-04-19,LUVKTjM4ukU,시애틀에 있는 IONQ 양자 컴퓨터 제조 현장 방문 해 임원 면담까지 한 사연 (ft. 가을바람월드),"Oct 25, 2024",849,0
2025-04-20,LUVKTjM4ukU,시애틀에 있는 IONQ 양자 컴퓨터 제조 현장 방문 해 임원 면담까지 한 사연 (ft. 가을바람월드),"Oct 25, 2024",849,0.002
2025-04-21,LUVKTjM4ukU,시애틀에 있는 IONQ 양자 컴퓨터 제조 현장 방문 해 임원 면담까지 한 사연 (ft. 가을바람월드),"Oct 25, 2024",849,0
2025-04-22,LUVKTjM4ukU,시애틀에 있는 IONQ 양자 컴퓨터 제조 현장 방문 해 임원 면담까지 한 사연 (ft. 가을바람월드),"Oct 25, 2024",849,0.2343
2025-04-23,LUVKTjM4ukU,시애틀에 있는 IONQ 양자 컴퓨터 제조 현장 방문 해 임원 면담까지 한 사연 (ft. 가을바람월드),"Oct 25, 2024",849,0.0129
2025-04-24,LUVKTjM4ukU,시애틀에 있는 IONQ 양자 컴퓨터 제조 현장 방문 해 임원 면담까지 한 사연 (ft. 가을바람월드),"Oct 25, 2024",849,0
2025-04-25,LUVKTjM4ukU,시애틀에 있는 IONQ 양자 컴퓨터 제조 현장 방문 해 임원 면담까지 한 사연 (ft. 가을바람월드),"Oct 25, 2024",849,0
2025-04-26,LUVKTjM4ukU,시애틀에 있는 IONQ 양자 컴퓨터 제조 현장 방문 해 임원 면담까지 한 사연 (ft. 가을바람월드),"Oct 25, 2024",849,0
2025-04-27,LUVKTjM4ukU,시애틀에 있는 IONQ 양자 컴퓨터 제조 현장 방문 해 임원 면담까지 한 사연 (ft. 가을바람월드),"Oct 25, 2024",849,0
2025-04-28,LUVKTjM4ukU,시애틀에 있는 IONQ 양자 컴퓨터 제조 현장 방문 해 임원 면담까지 한 사연 (ft. 가을바람월드),"Oct 25, 2024",849,0
2025-04-29,LUVKTjM4ukU,시애틀에 있는 IONQ 양자 컴퓨터 제조 현장 방문 해 임원 면담까지 한 사연 (ft. 가을바람월드),"Oct 25, 2024",849,0.0705
2025-04-30,LUVKTjM4ukU,시애틀에 있는 IONQ 양자 컴퓨터 제조 현장 방문 해 임원 면담까지 한 사연 (ft. 가을바람월드),"Oct 25, 2024",849,0
2025-05-01,LUVKTjM4ukU,시애틀에 있는 IONQ 양자 컴퓨터 제조 현장 방문 해 임원 면담까지 한 사연 (ft. 가을바람월드),"Oct 25, 2024",849,0
2025-05-02,LUVKTjM4ukU,시애틀에 있는 IONQ 양자 컴퓨터 제조 현장 방문 해 임원 면담까지 한 사연 (ft. 가을바람월드),"Oct 25, 2024",849,0
2025-05-03,LUVKTjM4ukU,시애틀에 있는 IONQ 양자 컴퓨터 제조 현장 방문 해 임원 면담까지 한 사연 (ft. 가을바람월드),"Oct 25, 2024",849,0
2025-05-04,LUVKTjM4ukU,시애틀에 있는 IONQ 양자 컴퓨터 제조 현장 방문 해 임원 면담까지 한 사연 (ft. 가을바람월드),"Oct 25, 2024",849,0.0212
2025-05-05,LUVKTjM4ukU,시애틀에 있는 IONQ 양자 컴퓨터 제조 현장 방문 해 임원 면담까지 한 사연 (ft. 가을바람월드),"Oct 25, 2024",849,0.0052
2025-05-06,LUVKTjM4ukU,시애틀에 있는 IONQ 양자 컴퓨터 제조 현장 방문 해 임원 면담까지 한 사연 (ft. 가을바람월드),"Oct 25, 2024",849,0
2025-05-07,LUVKTjM4ukU,시애틀에 있는 IONQ 양자 컴퓨터 제조 현장 방문 해 임원 면담까지 한 사연 (ft. 가을바람월드),"Oct 25, 2024",849,0.0037
2025-05-08,LUVKTjM4ukU,시애틀에 있는 IONQ 양자 컴퓨터 제조 현장 방문 해 임원 면담까지 한 사연 (ft. 가을바람월드),"Oct 25, 2024",849,0
2025-05-09,LUVKTjM4ukU,시애틀에 있는 IONQ 양자 컴퓨터 제조 현장 방문 해 임원 면담까지 한 사연 (ft. 가을바람월드),"Oct 25, 2024",849,0.0038
2025-05-10,LUVKTjM4ukU,시애틀에 있는 IONQ 양자 컴퓨터 제조 현장 방문 해 임원 면담까지 한 사연 (ft. 가을바람월드),"Oct 25, 2024",849,0.0573
2025-05-11,LUVKTjM4ukU,시애틀에 있는 IONQ 양자 컴퓨터 제조 현장 방문 해 임원 면담까지 한 사연 (ft. 가을바람월드),"Oct 25, 2024",849,0.0852
2025-05-12,LUVKTjM4ukU,시애틀에 있는 IONQ 양자 컴퓨터 제조 현장 방문 해 임원 면담까지 한 사연 (ft. 가을바람월드),"Oct 25, 2024",849,0.0067
2025-05-13,LUVKTjM4ukU,시애틀에 있는 IONQ 양자 컴퓨터 제조 현장 방문 해 임원 면담까지 한 사연 (ft. 가을바람월드),"Oct 25, 2024",849,0
2025-05-14,LUVKTjM4ukU,시애틀에 있는 IONQ 양자 컴퓨터 제조 현장 방문 해 임원 면담까지 한 사연 (ft. 가을바람월드),"Oct 25, 2024",849,0
2025-05-15,LUVKTjM4ukU,시애틀에 있는 IONQ 양자 컴퓨터 제조 현장 방문 해 임원 면담까지 한 사연 (ft. 가을바람월드),"Oct 25, 2024",849,0
2025-05-16,LUVKTjM4ukU,시애틀에 있는 IONQ 양자 컴퓨터 제조 현장 방문 해 임원 면담까지 한 사연 (ft. 가을바람월드),"Oct 25, 2024",849,0
2025-05-17,LUVKTjM4ukU,시애틀에 있는 IONQ 양자 컴퓨터 제조 현장 방문 해 임원 면담까지 한 사연 (ft. 가을바람월드),"Oct 25, 2024",849,0
2025-05-18,LUVKTjM4ukU,시애틀에 있는 IONQ 양자 컴퓨터 제조 현장 방문 해 임원 면담까지 한 사연 (ft. 가을바람월드),"Oct 25, 2024",849,0
2025-05-19,LUVKTjM4ukU,시애틀에 있는 IONQ 양자 컴퓨터 제조 현장 방문 해 임원 면담까지 한 사연 (ft. 가을바람월드),"Oct 25, 2024",849,0
2025-05-20,LUVKTjM4ukU,시애틀에 있는 IONQ 양자 컴퓨터 제조 현장 방문 해 임원 면담까지 한 사연 (ft. 가을바람월드),"Oct 25, 2024",849,0
2025-05-21,LUVKTjM4ukU,시애틀에 있는 IONQ 양자 컴퓨터 제조 현장 방문 해 임원 면담까지 한 사연 (ft. 가을바람월드),"Oct 25, 2024",849,0
2025-05-22,LUVKTjM4ukU,시애틀에 있는 IONQ 양자 컴퓨터 제조 현장 방문 해 임원 면담까지 한 사연 (ft. 가을바람월드),"Oct 25, 2024",849,0.0019
2025-05-23,LUVKTjM4ukU,시애틀에 있는 IONQ 양자 컴퓨터 제조 현장 방문 해 임원 면담까지 한 사연 (ft. 가을바람월드),"Oct 25, 2024",849,0.0497
2025-05-24,LUVKTjM4ukU,시애틀에 있는 IONQ 양자 컴퓨터 제조 현장 방문 해 임원 면담까지 한 사연 (ft. 가을바람월드),"Oct 25, 2024",849,0
2025-05-25,LUVKTjM4ukU,시애틀에 있는 IONQ 양자 컴퓨터 제조 현장 방문 해 임원 면담까지 한 사연 (ft. 가을바람월드),"Oct 25, 2024",849,0
2025-05-26,LUVKTjM4ukU,시애틀에 있는 IONQ 양자 컴퓨터 제조 현장 방문 해 임원 면담까지 한 사연 (ft. 가을바람월드),"Oct 25, 2024",849,0
2025-05-27,LUVKTjM4ukU,시애틀에 있는 IONQ 양자 컴퓨터 제조 현장 방문 해 임원 면담까지 한 사연 (ft. 가을바람월드),"Oct 25, 2024",849,0
2025-05-28,LUVKTjM4ukU,시애틀에 있는 IONQ 양자 컴퓨터 제조 현장 방문 해 임원 면담까지 한 사연 (ft. 가을바람월드),"Oct 25, 2024",849,0.0159
2025-05-29,LUVKTjM4ukU,시애틀에 있는 IONQ 양자 컴퓨터 제조 현장 방문 해 임원 면담까지 한 사연 (ft. 가을바람월드),"Oct 25, 2024",849,0
2025-05-30,LUVKTjM4ukU,시애틀에 있는 IONQ 양자 컴퓨터 제조 현장 방문 해 임원 면담까지 한 사연 (ft. 가을바람월드),"Oct 25, 2024",849,0
2025-05-31,LUVKTjM4ukU,시애틀에 있는 IONQ 양자 컴퓨터 제조 현장 방문 해 임원 면담까지 한 사연 (ft. 가을바람월드),"Oct 25, 2024",849,0
2025-06-01,LUVKTjM4ukU,시애틀에 있는 IONQ 양자 컴퓨터 제조 현장 방문 해 임원 면담까지 한 사연 (ft. 가을바람월드),"Oct 25, 2024",849,0
2025-06-02,LUVKTjM4ukU,시애틀에 있는 IONQ 양자 컴퓨터 제조 현장 방문 해 임원 면담까지 한 사연 (ft. 가을바람월드),"Oct 25, 2024",849,0
2025-06-03,LUVKTjM4ukU,시애틀에 있는 IONQ 양자 컴퓨터 제조 현장 방문 해 임원 면담까지 한 사연 (ft. 가을바람월드),"Oct 25, 2024",849,0
2025-06-04,LUVKTjM4ukU,시애틀에 있는 IONQ 양자 컴퓨터 제조 현장 방문 해 임원 면담까지 한 사연 (ft. 가을바람월드),"Oct 25, 2024",849,0
2025-06-05,LUVKTjM4ukU,시애틀에 있는 IONQ 양자 컴퓨터 제조 현장 방문 해 임원 면담까지 한 사연 (ft. 가을바람월드),"Oct 25, 2024",849,0
2025-06-06,LUVKTjM4ukU,시애틀에 있는 IONQ 양자 컴퓨터 제조 현장 방문 해 임원 면담까지 한 사연 (ft. 가을바람월드),"Oct 25, 2024",849,0.0044
2025-06-07,LUVKTjM4ukU,시애틀에 있는 IONQ 양자 컴퓨터 제조 현장 방문 해 임원 면담까지 한 사연 (ft. 가을바람월드),"Oct 25, 2024",849,0
2025-06-08,LUVKTjM4ukU,시애틀에 있는 IONQ 양자 컴퓨터 제조 현장 방문 해 임원 면담까지 한 사연 (ft. 가을바람월드),"Oct 25, 2024",849,0
2025-06-09,LUVKTjM4ukU,시애틀에 있는 IONQ 양자 컴퓨터 제조 현장 방문 해 임원 면담까지 한 사연 (ft. 가을바람월드),"Oct 25, 2024",849,0
2025-06-10,LUVKTjM4ukU,시애틀에 있는 IONQ 양자 컴퓨터 제조 현장 방문 해 임원 면담까지 한 사연 (ft. 가을바람월드),"Oct 25, 2024",849,0
2025-06-11,LUVKTjM4ukU,시애틀에 있는 IONQ 양자 컴퓨터 제조 현장 방문 해 임원 면담까지 한 사연 (ft. 가을바람월드),"Oct 25, 2024",849,0.0083
2025-06-12,LUVKTjM4ukU,시애틀에 있는 IONQ 양자 컴퓨터 제조 현장 방문 해 임원 면담까지 한 사연 (ft. 가을바람월드),"Oct 25, 2024",849,0
2025-06-13,LUVKTjM4ukU,시애틀에 있는 IONQ 양자 컴퓨터 제조 현장 방문 해 임원 면담까지 한 사연 (ft. 가을바람월드),"Oct 25, 2024",849,0.0029
2025-06-14,LUVKTjM4ukU,시애틀에 있는 IONQ 양자 컴퓨터 제조 현장 방문 해 임원 면담까지 한 사연 (ft. 가을바람월드),"Oct 25, 2024",849,0
2025-06-15,LUVKTjM4ukU,시애틀에 있는 IONQ 양자 컴퓨터 제조 현장 방문 해 임원 면담까지 한 사연 (ft. 가을바람월드),"Oct 25, 2024",849,0
2025-06-16,LUVKTjM4ukU,시애틀에 있는 IONQ 양자 컴퓨터 제조 현장 방문 해 임원 면담까지 한 사연 (ft. 가을바람월드),"Oct 25, 2024",849,0.0528
2025-06-17,LUVKTjM4ukU,시애틀에 있는 IONQ 양자 컴퓨터 제조 현장 방문 해 임원 면담까지 한 사연 (ft. 가을바람월드),"Oct 25, 2024",849,0
2025-06-18,LUVKTjM4ukU,시애틀에 있는 IONQ 양자 컴퓨터 제조 현장 방문 해 임원 면담까지 한 사연 (ft. 가을바람월드),"Oct 25, 2024",849,0
2025-06-19,LUVKTjM4ukU,시애틀에 있는 IONQ 양자 컴퓨터 제조 현장 방문 해 임원 면담까지 한 사연 (ft. 가을바람월드),"Oct 25, 2024",849,0
2025-06-20,LUVKTjM4ukU,시애틀에 있는 IONQ 양자 컴퓨터 제조 현장 방문 해 임원 면담까지 한 사연 (ft. 가을바람월드),"Oct 25, 2024",849,0
2025-06-21,LUVKTjM4ukU,시애틀에 있는 IONQ 양자 컴퓨터 제조 현장 방문 해 임원 면담까지 한 사연 (ft. 가을바람월드),"Oct 25, 2024",849,0
2025-06-22,LUVKTjM4ukU,시애틀에 있는 IONQ 양자 컴퓨터 제조 현장 방문 해 임원 면담까지 한 사연 (ft. 가을바람월드),"Oct 25, 2024",849,0
2025-06-23,LUVKTjM4ukU,시애틀에 있는 IONQ 양자 컴퓨터 제조 현장 방문 해 임원 면담까지 한 사연 (ft. 가을바람월드),"Oct 25, 2024",849,0
2025-06-24,LUVKTjM4ukU,시애틀에 있는 IONQ 양자 컴퓨터 제조 현장 방문 해 임원 면담까지 한 사연 (ft. 가을바람월드),"Oct 25, 2024",849,0
2025-06-25,LUVKTjM4ukU,시애틀에 있는 IONQ 양자 컴퓨터 제조 현장 방문 해 임원 면담까지 한 사연 (ft. 가을바람월드),"Oct 25, 2024",849,0
2025-06-26,LUVKTjM4ukU,시애틀에 있는 IONQ 양자 컴퓨터 제조 현장 방문 해 임원 면담까지 한 사연 (ft. 가을바람월드),"Oct 25, 2024",849,0
2025-06-27,LUVKTjM4ukU,시애틀에 있는 IONQ 양자 컴퓨터 제조 현장 방문 해 임원 면담까지 한 사연 (ft. 가을바람월드),"Oct 25, 2024",849,0
2025-06-28,LUVKTjM4ukU,시애틀에 있는 IONQ 양자 컴퓨터 제조 현장 방문 해 임원 면담까지 한 사연 (ft. 가을바람월드),"Oct 25, 2024",849,0
2025-06-29,LUVKTjM4ukU,시애틀에 있는 IONQ 양자 컴퓨터 제조 현장 방문 해 임원 면담까지 한 사연 (ft. 가을바람월드),"Oct 25, 2024",849,0.0124
2025-06-30,LUVKTjM4ukU,시애틀에 있는 IONQ 양자 컴퓨터 제조 현장 방문 해 임원 면담까지 한 사연 (ft. 가을바람월드),"Oct 25, 2024",849,0
2025-07-01,LUVKTjM4ukU,시애틀에 있는 IONQ 양자 컴퓨터 제조 현장 방문 해 임원 면담까지 한 사연 (ft. 가을바람월드),"Oct 25, 2024",849,0.0123
2025-07-02,LUVKTjM4ukU,시애틀에 있는 IONQ 양자 컴퓨터 제조 현장 방문 해 임원 면담까지 한 사연 (ft. 가을바람월드),"Oct 25, 2024",849,0
2025-07-03,LUVKTjM4ukU,시애틀에 있는 IONQ 양자 컴퓨터 제조 현장 방문 해 임원 면담까지 한 사연 (ft. 가을바람월드),"Oct 25, 2024",849,0
2025-07-04,LUVKTjM4ukU,시애틀에 있는 IONQ 양자 컴퓨터 제조 현장 방문 해 임원 면담까지 한 사연 (ft. 가을바람월드),"Oct 25, 2024",849,0
2025-07-05,LUVKTjM4ukU,시애틀에 있는 IONQ 양자 컴퓨터 제조 현장 방문 해 임원 면담까지 한 사연 (ft. 가을바람월드),"Oct 25, 2024",849,0
2025-07-06,LUVKTjM4ukU,시애틀에 있는 IONQ 양자 컴퓨터 제조 현장 방문 해 임원 면담까지 한 사연 (ft. 가을바람월드),"Oct 25, 2024",849,0
2025-07-07,LUVKTjM4ukU,시애틀에 있는 IONQ 양자 컴퓨터 제조 현장 방문 해 임원 면담까지 한 사연 (ft. 가을바람월드),"Oct 25, 2024",849,0
2025-07-08,LUVKTjM4ukU,시애틀에 있는 IONQ 양자 컴퓨터 제조 현장 방문 해 임원 면담까지 한 사연 (ft. 가을바람월드),"Oct 25, 2024",849,0
2025-07-09,LUVKTjM4ukU,시애틀에 있는 IONQ 양자 컴퓨터 제조 현장 방문 해 임원 면담까지 한 사연 (ft. 가을바람월드),"Oct 25, 2024",849,0.0027
2025-07-10,LUVKTjM4ukU,시애틀에 있는 IONQ 양자 컴퓨터 제조 현장 방문 해 임원 면담까지 한 사연 (ft. 가을바람월드),"Oct 25, 2024",849,0
2025-07-11,LUVKTjM4ukU,시애틀에 있는 IONQ 양자 컴퓨터 제조 현장 방문 해 임원 면담까지 한 사연 (ft. 가을바람월드),"Oct 25, 2024",849,0
2025-07-12,LUVKTjM4ukU,시애틀에 있는 IONQ 양자 컴퓨터 제조 현장 방문 해 임원 면담까지 한 사연 (ft. 가을바람월드),"Oct 25, 2024",849,0
2025-07-13,LUVKTjM4ukU,시애틀에 있는 IONQ 양자 컴퓨터 제조 현장 방문 해 임원 면담까지 한 사연 (ft. 가을바람월드),"Oct 25, 2024",849,0
2025-07-14,LUVKTjM4ukU,시애틀에 있는 IONQ 양자 컴퓨터 제조 현장 방문 해 임원 면담까지 한 사연 (ft. 가을바람월드),"Oct 25, 2024",849,0
2025-07-15,LUVKTjM4ukU,시애틀에 있는 IONQ 양자 컴퓨터 제조 현장 방문 해 임원 면담까지 한 사연 (ft. 가을바람월드),"Oct 25, 2024",849,0
2025-07-16,LUVKTjM4ukU,시애틀에 있는 IONQ 양자 컴퓨터 제조 현장 방문 해 임원 면담까지 한 사연 (ft. 가을바람월드),"Oct 25, 2024",849,0
2025-07-17,LUVKTjM4ukU,시애틀에 있는 IONQ 양자 컴퓨터 제조 현장 방문 해 임원 면담까지 한 사연 (ft. 가을바람월드),"Oct 25, 2024",849,0
2025-07-18,LUVKTjM4ukU,시애틀에 있는 IONQ 양자 컴퓨터 제조 현장 방문 해 임원 면담까지 한 사연 (ft. 가을바람월드),"Oct 25, 2024",849,0
2025-07-19,LUVKTjM4ukU,시애틀에 있는 IONQ 양자 컴퓨터 제조 현장 방문 해 임원 면담까지 한 사연 (ft. 가을바람월드),"Oct 25, 2024",849,0.0258
2025-07-20,LUVKTjM4ukU,시애틀에 있는 IONQ 양자 컴퓨터 제조 현장 방문 해 임원 면담까지 한 사연 (ft. 가을바람월드),"Oct 25, 2024",849,0
2025-07-21,LUVKTjM4ukU,시애틀에 있는 IONQ 양자 컴퓨터 제조 현장 방문 해 임원 면담까지 한 사연 (ft. 가을바람월드),"Oct 25, 2024",849,0
2025-07-22,LUVKTjM4ukU,시애틀에 있는 IONQ 양자 컴퓨터 제조 현장 방문 해 임원 면담까지 한 사연 (ft. 가을바람월드),"Oct 25, 2024",849,0
2025-07-23,LUVKTjM4ukU,시애틀에 있는 IONQ 양자 컴퓨터 제조 현장 방문 해 임원 면담까지 한 사연 (ft. 가을바람월드),"Oct 25, 2024",849,0
2025-07-24,LUVKTjM4ukU,시애틀에 있는 IONQ 양자 컴퓨터 제조 현장 방문 해 임원 면담까지 한 사연 (ft. 가을바람월드),"Oct 25, 2024",849,0
2025-07-25,LUVKTjM4ukU,시애틀에 있는 IONQ 양자 컴퓨터 제조 현장 방문 해 임원 면담까지 한 사연 (ft. 가을바람월드),"Oct 25, 2024",849,0
2025-07-26,LUVKTjM4ukU,시애틀에 있는 IONQ 양자 컴퓨터 제조 현장 방문 해 임원 면담까지 한 사연 (ft. 가을바람월드),"Oct 25, 2024",849,0
2025-07-27,LUVKTjM4ukU,시애틀에 있는 IONQ 양자 컴퓨터 제조 현장 방문 해 임원 면담까지 한 사연 (ft. 가을바람월드),"Oct 25, 2024",849,0
2025-07-28,LUVKTjM4ukU,시애틀에 있는 IONQ 양자 컴퓨터 제조 현장 방문 해 임원 면담까지 한 사연 (ft. 가을바람월드),"Oct 25, 2024",849,0
2025-07-29,LUVKTjM4ukU,시애틀에 있는 IONQ 양자 컴퓨터 제조 현장 방문 해 임원 면담까지 한 사연 (ft. 가을바람월드),"Oct 25, 2024",849,0
2025-07-30,LUVKTjM4ukU,시애틀에 있는 IONQ 양자 컴퓨터 제조 현장 방문 해 임원 면담까지 한 사연 (ft. 가을바람월드),"Oct 25, 2024",849,0
2025-07-31,LUVKTjM4ukU,시애틀에 있는 IONQ 양자 컴퓨터 제조 현장 방문 해 임원 면담까지 한 사연 (ft. 가을바람월드),"Oct 25, 2024",849,0.0131
2025-08-01,LUVKTjM4ukU,시애틀에 있는 IONQ 양자 컴퓨터 제조 현장 방문 해 임원 면담까지 한 사연 (ft. 가을바람월드),"Oct 25, 2024",849,0
2025-08-02,LUVKTjM4ukU,시애틀에 있는 IONQ 양자 컴퓨터 제조 현장 방문 해 임원 면담까지 한 사연 (ft. 가을바람월드),"Oct 25, 2024",849,0
2025-08-03,LUVKTjM4ukU,시애틀에 있는 IONQ 양자 컴퓨터 제조 현장 방문 해 임원 면담까지 한 사연 (ft. 가을바람월드),"Oct 25, 2024",849,0.056
2025-08-04,LUVKTjM4ukU,시애틀에 있는 IONQ 양자 컴퓨터 제조 현장 방문 해 임원 면담까지 한 사연 (ft. 가을바람월드),"Oct 25, 2024",849,0
2025-08-05,LUVKTjM4ukU,시애틀에 있는 IONQ 양자 컴퓨터 제조 현장 방문 해 임원 면담까지 한 사연 (ft. 가을바람월드),"Oct 25, 2024",849,0.0024
2025-08-06,LUVKTjM4ukU,시애틀에 있는 IONQ 양자 컴퓨터 제조 현장 방문 해 임원 면담까지 한 사연 (ft. 가을바람월드),"Oct 25, 2024",849,0
2025-08-07,LUVKTjM4ukU,시애틀에 있는 IONQ 양자 컴퓨터 제조 현장 방문 해 임원 면담까지 한 사연 (ft. 가을바람월드),"Oct 25, 2024",849,0
2025-08-08,LUVKTjM4ukU,시애틀에 있는 IONQ 양자 컴퓨터 제조 현장 방문 해 임원 면담까지 한 사연 (ft. 가을바람월드),"Oct 25, 2024",849,0
2025-08-09,LUVKTjM4ukU,시애틀에 있는 IONQ 양자 컴퓨터 제조 현장 방문 해 임원 면담까지 한 사연 (ft. 가을바람월드),"Oct 25, 2024",849,0.0291
2025-08-10,LUVKTjM4ukU,시애틀에 있는 IONQ 양자 컴퓨터 제조 현장 방문 해 임원 면담까지 한 사연 (ft. 가을바람월드),"Oct 25, 2024",849,0
2025-08-11,LUVKTjM4ukU,시애틀에 있는 IONQ 양자 컴퓨터 제조 현장 방문 해 임원 면담까지 한 사연 (ft. 가을바람월드),"Oct 25, 2024",849,0
2025-08-12,LUVKTjM4ukU,시애틀에 있는 IONQ 양자 컴퓨터 제조 현장 방문 해 임원 면담까지 한 사연 (ft. 가을바람월드),"Oct 25, 2024",849,0
2025-08-13,LUVKTjM4ukU,시애틀에 있는 IONQ 양자 컴퓨터 제조 현장 방문 해 임원 면담까지 한 사연 (ft. 가을바람월드),"Oct 25, 2024",849,0
2025-08-14,LUVKTjM4ukU,시애틀에 있는 IONQ 양자 컴퓨터 제조 현장 방문 해 임원 면담까지 한 사연 (ft. 가을바람월드),"Oct 25, 2024",849,0
2025-08-15,LUVKTjM4ukU,시애틀에 있는 IONQ 양자 컴퓨터 제조 현장 방문 해 임원 면담까지 한 사연 (ft. 가을바람월드),"Oct 25, 2024",849,0
2025-08-16,LUVKTjM4ukU,시애틀에 있는 IONQ 양자 컴퓨터 제조 현장 방문 해 임원 면담까지 한 사연 (ft. 가을바람월드),"Oct 25, 2024",849,0
2025-08-17,LUVKTjM4ukU,시애틀에 있는 IONQ 양자 컴퓨터 제조 현장 방문 해 임원 면담까지 한 사연 (ft. 가을바람월드),"Oct 25, 2024",849,0
2025-08-18,LUVKTjM4ukU,시애틀에 있는 IONQ 양자 컴퓨터 제조 현장 방문 해 임원 면담까지 한 사연 (ft. 가을바람월드),"Oct 25, 2024",849,0
2025-08-19,LUVKTjM4ukU,시애틀에 있는 IONQ 양자 컴퓨터 제조 현장 방문 해 임원 면담까지 한 사연 (ft. 가을바람월드),"Oct 25, 2024",849,0
2025-08-20,LUVKTjM4ukU,시애틀에 있는 IONQ 양자 컴퓨터 제조 현장 방문 해 임원 면담까지 한 사연 (ft. 가을바람월드),"Oct 25, 2024",849,0
2025-08-21,LUVKTjM4ukU,시애틀에 있는 IONQ 양자 컴퓨터 제조 현장 방문 해 임원 면담까지 한 사연 (ft. 가을바람월드),"Oct 25, 2024",849,0
2025-08-22,LUVKTjM4ukU,시애틀에 있는 IONQ 양자 컴퓨터 제조 현장 방문 해 임원 면담까지 한 사연 (ft. 가을바람월드),"Oct 25, 2024",849,0
2025-08-23,LUVKTjM4ukU,시애틀에 있는 IONQ 양자 컴퓨터 제조 현장 방문 해 임원 면담까지 한 사연 (ft. 가을바람월드),"Oct 25, 2024",849,0
2025-08-24,LUVKTjM4ukU,시애틀에 있는 IONQ 양자 컴퓨터 제조 현장 방문 해 임원 면담까지 한 사연 (ft. 가을바람월드),"Oct 25, 2024",849,0
2025-08-25,LUVKTjM4ukU,시애틀에 있는 IONQ 양자 컴퓨터 제조 현장 방문 해 임원 면담까지 한 사연 (ft. 가을바람월드),"Oct 25, 2024",849,0.0453
2025-08-26,LUVKTjM4ukU,시애틀에 있는 IONQ 양자 컴퓨터 제조 현장 방문 해 임원 면담까지 한 사연 (ft. 가을바람월드),"Oct 25, 2024",849,0
2025-08-27,LUVKTjM4ukU,시애틀에 있는 IONQ 양자 컴퓨터 제조 현장 방문 해 임원 면담까지 한 사연 (ft. 가을바람월드),"Oct 25, 2024",849,0
2025-08-28,LUVKTjM4ukU,시애틀에 있는 IONQ 양자 컴퓨터 제조 현장 방문 해 임원 면담까지 한 사연 (ft. 가을바람월드),"Oct 25, 2024",849,0
2025-08-29,LUVKTjM4ukU,시애틀에 있는 IONQ 양자 컴퓨터 제조 현장 방문 해 임원 면담까지 한 사연 (ft. 가을바람월드),"Oct 25, 2024",849,0
2025-08-30,LUVKTjM4ukU,시애틀에 있는 IONQ 양자 컴퓨터 제조 현장 방문 해 임원 면담까지 한 사연 (ft. 가을바람월드),"Oct 25, 2024",849,0
2025-08-31,LUVKTjM4ukU,시애틀에 있는 IONQ 양자 컴퓨터 제조 현장 방문 해 임원 면담까지 한 사연 (ft. 가을바람월드),"Oct 25, 2024",849,0
2025-09-01,LUVKTjM4ukU,시애틀에 있는 IONQ 양자 컴퓨터 제조 현장 방문 해 임원 면담까지 한 사연 (ft. 가을바람월드),"Oct 25, 2024",849,0
2025-09-02,LUVKTjM4ukU,시애틀에 있는 IONQ 양자 컴퓨터 제조 현장 방문 해 임원 면담까지 한 사연 (ft. 가을바람월드),"Oct 25, 2024",849,0.0079
2025-09-03,LUVKTjM4ukU,시애틀에 있는 IONQ 양자 컴퓨터 제조 현장 방문 해 임원 면담까지 한 사연 (ft. 가을바람월드),"Oct 25, 2024",849,0
2025-09-04,LUVKTjM4ukU,시애틀에 있는 IONQ 양자 컴퓨터 제조 현장 방문 해 임원 면담까지 한 사연 (ft. 가을바람월드),"Oct 25, 2024",849,0
2025-09-05,LUVKTjM4ukU,시애틀에 있는 IONQ 양자 컴퓨터 제조 현장 방문 해 임원 면담까지 한 사연 (ft. 가을바람월드),"Oct 25, 2024",849,0
2025-09-06,LUVKTjM4ukU,시애틀에 있는 IONQ 양자 컴퓨터 제조 현장 방문 해 임원 면담까지 한 사연 (ft. 가을바람월드),"Oct 25, 2024",849,0
2025-09-07,LUVKTjM4ukU,시애틀에 있는 IONQ 양자 컴퓨터 제조 현장 방문 해 임원 면담까지 한 사연 (ft. 가을바람월드),"Oct 25, 2024",849,0
2025-09-08,LUVKTjM4ukU,시애틀에 있는 IONQ 양자 컴퓨터 제조 현장 방문 해 임원 면담까지 한 사연 (ft. 가을바람월드),"Oct 25, 2024",849,0
2025-09-09,LUVKTjM4ukU,시애틀에 있는 IONQ 양자 컴퓨터 제조 현장 방문 해 임원 면담까지 한 사연 (ft. 가을바람월드),"Oct 25, 2024",849,0
2025-09-10,LUVKTjM4ukU,시애틀에 있는 IONQ 양자 컴퓨터 제조 현장 방문 해 임원 면담까지 한 사연 (ft. 가을바람월드),"Oct 25, 2024",849,0
2025-09-11,LUVKTjM4ukU,시애틀에 있는 IONQ 양자 컴퓨터 제조 현장 방문 해 임원 면담까지 한 사연 (ft. 가을바람월드),"Oct 25, 2024",849,0
2025-09-12,LUVKTjM4ukU,시애틀에 있는 IONQ 양자 컴퓨터 제조 현장 방문 해 임원 면담까지 한 사연 (ft. 가을바람월드),"Oct 25, 2024",849,0
2025-09-13,LUVKTjM4ukU,시애틀에 있는 IONQ 양자 컴퓨터 제조 현장 방문 해 임원 면담까지 한 사연 (ft. 가을바람월드),"Oct 25, 2024",849,0
2025-09-14,LUVKTjM4ukU,시애틀에 있는 IONQ 양자 컴퓨터 제조 현장 방문 해 임원 면담까지 한 사연 (ft. 가을바람월드),"Oct 25, 2024",849,0
2025-09-15,LUVKTjM4ukU,시애틀에 있는 IONQ 양자 컴퓨터 제조 현장 방문 해 임원 면담까지 한 사연 (ft. 가을바람월드),"Oct 25, 2024",849,0.0041
2025-09-16,LUVKTjM4ukU,시애틀에 있는 IONQ 양자 컴퓨터 제조 현장 방문 해 임원 면담까지 한 사연 (ft. 가을바람월드),"Oct 25, 2024",849,0
2025-09-17,LUVKTjM4ukU,시애틀에 있는 IONQ 양자 컴퓨터 제조 현장 방문 해 임원 면담까지 한 사연 (ft. 가을바람월드),"Oct 25, 2024",849,0
2025-09-18,LUVKTjM4ukU,시애틀에 있는 IONQ 양자 컴퓨터 제조 현장 방문 해 임원 면담까지 한 사연 (ft. 가을바람월드),"Oct 25, 2024",849,0
2025-09-19,LUVKTjM4ukU,시애틀에 있는 IONQ 양자 컴퓨터 제조 현장 방문 해 임원 면담까지 한 사연 (ft. 가을바람월드),"Oct 25, 2024",849,0
2025-09-20,LUVKTjM4ukU,시애틀에 있는 IONQ 양자 컴퓨터 제조 현장 방문 해 임원 면담까지 한 사연 (ft. 가을바람월드),"Oct 25, 2024",849,0
2025-09-21,LUVKTjM4ukU,시애틀에 있는 IONQ 양자 컴퓨터 제조 현장 방문 해 임원 면담까지 한 사연 (ft. 가을바람월드),"Oct 25, 2024",849,0.0032
2025-09-22,LUVKTjM4ukU,시애틀에 있는 IONQ 양자 컴퓨터 제조 현장 방문 해 임원 면담까지 한 사연 (ft. 가을바람월드),"Oct 25, 2024",849,0.0001
2025-09-23,LUVKTjM4ukU,시애틀에 있는 IONQ 양자 컴퓨터 제조 현장 방문 해 임원 면담까지 한 사연 (ft. 가을바람월드),"Oct 25, 2024",849,0.0216
2025-09-24,LUVKTjM4ukU,시애틀에 있는 IONQ 양자 컴퓨터 제조 현장 방문 해 임원 면담까지 한 사연 (ft. 가을바람월드),"Oct 25, 2024",849,0.0448
2025-09-25,LUVKTjM4ukU,시애틀에 있는 IONQ 양자 컴퓨터 제조 현장 방문 해 임원 면담까지 한 사연 (ft. 가을바람월드),"Oct 25, 2024",849,0
2025-09-26,LUVKTjM4ukU,시애틀에 있는 IONQ 양자 컴퓨터 제조 현장 방문 해 임원 면담까지 한 사연 (ft. 가을바람월드),"Oct 25, 2024",849,0
2025-09-27,LUVKTjM4ukU,시애틀에 있는 IONQ 양자 컴퓨터 제조 현장 방문 해 임원 면담까지 한 사연 (ft. 가을바람월드),"Oct 25, 2024",849,0
2025-09-28,LUVKTjM4ukU,시애틀에 있는 IONQ 양자 컴퓨터 제조 현장 방문 해 임원 면담까지 한 사연 (ft. 가을바람월드),"Oct 25, 2024",849,0
2025-09-29,LUVKTjM4ukU,시애틀에 있는 IONQ 양자 컴퓨터 제조 현장 방문 해 임원 면담까지 한 사연 (ft. 가을바람월드),"Oct 25, 2024",849,0
2025-09-30,LUVKTjM4ukU,시애틀에 있는 IONQ 양자 컴퓨터 제조 현장 방문 해 임원 면담까지 한 사연 (ft. 가을바람월드),"Oct 25, 2024",849,0
2025-10-01,LUVKTjM4ukU,시애틀에 있는 IONQ 양자 컴퓨터 제조 현장 방문 해 임원 면담까지 한 사연 (ft. 가을바람월드),"Oct 25, 2024",849,0
2025-10-02,LUVKTjM4ukU,시애틀에 있는 IONQ 양자 컴퓨터 제조 현장 방문 해 임원 면담까지 한 사연 (ft. 가을바람월드),"Oct 25, 2024",849,0
2025-10-03,LUVKTjM4ukU,시애틀에 있는 IONQ 양자 컴퓨터 제조 현장 방문 해 임원 면담까지 한 사연 (ft. 가을바람월드),"Oct 25, 2024",849,0
2025-10-04,LUVKTjM4ukU,시애틀에 있는 IONQ 양자 컴퓨터 제조 현장 방문 해 임원 면담까지 한 사연 (ft. 가을바람월드),"Oct 25, 2024",849,0.003
2025-10-05,LUVKTjM4ukU,시애틀에 있는 IONQ 양자 컴퓨터 제조 현장 방문 해 임원 면담까지 한 사연 (ft. 가을바람월드),"Oct 25, 2024",849,0
2025-10-06,LUVKTjM4ukU,시애틀에 있는 IONQ 양자 컴퓨터 제조 현장 방문 해 임원 면담까지 한 사연 (ft. 가을바람월드),"Oct 25, 2024",849,0
2025-10-07,LUVKTjM4ukU,시애틀에 있는 IONQ 양자 컴퓨터 제조 현장 방문 해 임원 면담까지 한 사연 (ft. 가을바람월드),"Oct 25, 2024",849,0
2025-10-08,LUVKTjM4ukU,시애틀에 있는 IONQ 양자 컴퓨터 제조 현장 방문 해 임원 면담까지 한 사연 (ft. 가을바람월드),"Oct 25, 2024",849,0
2025-10-09,LUVKTjM4ukU,시애틀에 있는 IONQ 양자 컴퓨터 제조 현장 방문 해 임원 면담까지 한 사연 (ft. 가을바람월드),"Oct 25, 2024",849,0
2025-10-10,LUVKTjM4ukU,시애틀에 있는 IONQ 양자 컴퓨터 제조 현장 방문 해 임원 면담까지 한 사연 (ft. 가을바람월드),"Oct 25, 2024",849,0
2025-10-11,LUVKTjM4ukU,시애틀에 있는 IONQ 양자 컴퓨터 제조 현장 방문 해 임원 면담까지 한 사연 (ft. 가을바람월드),"Oct 25, 2024",849,0
2025-10-12,LUVKTjM4ukU,시애틀에 있는 IONQ 양자 컴퓨터 제조 현장 방문 해 임원 면담까지 한 사연 (ft. 가을바람월드),"Oct 25, 2024",849,0
2025-10-13,LUVKTjM4ukU,시애틀에 있는 IONQ 양자 컴퓨터 제조 현장 방문 해 임원 면담까지 한 사연 (ft. 가을바람월드),"Oct 25, 2024",849,0
2025-10-14,LUVKTjM4ukU,시애틀에 있는 IONQ 양자 컴퓨터 제조 현장 방문 해 임원 면담까지 한 사연 (ft. 가을바람월드),"Oct 25, 2024",849,0.0082
2025-10-15,LUVKTjM4ukU,시애틀에 있는 IONQ 양자 컴퓨터 제조 현장 방문 해 임원 면담까지 한 사연 (ft. 가을바람월드),"Oct 25, 2024",849,0.0066
2025-10-16,LUVKTjM4ukU,시애틀에 있는 IONQ 양자 컴퓨터 제조 현장 방문 해 임원 면담까지 한 사연 (ft. 가을바람월드),"Oct 25, 2024",849,0
2025-10-17,LUVKTjM4ukU,시애틀에 있는 IONQ 양자 컴퓨터 제조 현장 방문 해 임원 면담까지 한 사연 (ft. 가을바람월드),"Oct 25, 2024",849,0
2025-10-18,LUVKTjM4ukU,시애틀에 있는 IONQ 양자 컴퓨터 제조 현장 방문 해 임원 면담까지 한 사연 (ft. 가을바람월드),"Oct 25, 2024",849,0
2025-10-19,LUVKTjM4ukU,시애틀에 있는 IONQ 양자 컴퓨터 제조 현장 방문 해 임원 면담까지 한 사연 (ft. 가을바람월드),"Oct 25, 2024",849,0
2025-10-20,LUVKTjM4ukU,시애틀에 있는 IONQ 양자 컴퓨터 제조 현장 방문 해 임원 면담까지 한 사연 (ft. 가을바람월드),"Oct 25, 2024",849,0
2025-10-21,LUVKTjM4ukU,시애틀에 있는 IONQ 양자 컴퓨터 제조 현장 방문 해 임원 면담까지 한 사연 (ft. 가을바람월드),"Oct 25, 2024",849,0
2025-10-22,LUVKTjM4ukU,시애틀에 있는 IONQ 양자 컴퓨터 제조 현장 방문 해 임원 면담까지 한 사연 (ft. 가을바람월드),"Oct 25, 2024",849,0
2025-10-23,LUVKTjM4ukU,시애틀에 있는 IONQ 양자 컴퓨터 제조 현장 방문 해 임원 면담까지 한 사연 (ft. 가을바람월드),"Oct 25, 2024",849,0
2025-10-24,LUVKTjM4ukU,시애틀에 있는 IONQ 양자 컴퓨터 제조 현장 방문 해 임원 면담까지 한 사연 (ft. 가을바람월드),"Oct 25, 2024",849,0
2025-10-25,LUVKTjM4ukU,시애틀에 있는 IONQ 양자 컴퓨터 제조 현장 방문 해 임원 면담까지 한 사연 (ft. 가을바람월드),"Oct 25, 2024",849,0.0162
2025-10-26,LUVKTjM4ukU,시애틀에 있는 IONQ 양자 컴퓨터 제조 현장 방문 해 임원 면담까지 한 사연 (ft. 가을바람월드),"Oct 25, 2024",849,0
2025-10-27,LUVKTjM4ukU,시애틀에 있는 IONQ 양자 컴퓨터 제조 현장 방문 해 임원 면담까지 한 사연 (ft. 가을바람월드),"Oct 25, 2024",849,0
2025-10-28,LUVKTjM4ukU,시애틀에 있는 IONQ 양자 컴퓨터 제조 현장 방문 해 임원 면담까지 한 사연 (ft. 가을바람월드),"Oct 25, 2024",849,0
2025-10-29,LUVKTjM4ukU,시애틀에 있는 IONQ 양자 컴퓨터 제조 현장 방문 해 임원 면담까지 한 사연 (ft. 가을바람월드),"Oct 25, 2024",849,0
2025-10-30,LUVKTjM4ukU,시애틀에 있는 IONQ 양자 컴퓨터 제조 현장 방문 해 임원 면담까지 한 사연 (ft. 가을바람월드),"Oct 25, 2024",849,0
2025-10-31,LUVKTjM4ukU,시애틀에 있는 IONQ 양자 컴퓨터 제조 현장 방문 해 임원 면담까지 한 사연 (ft. 가을바람월드),"Oct 25, 2024",849,0.0216
2025-11-01,LUVKTjM4ukU,시애틀에 있는 IONQ 양자 컴퓨터 제조 현장 방문 해 임원 면담까지 한 사연 (ft. 가을바람월드),"Oct 25, 2024",849,0
2025-11-02,LUVKTjM4ukU,시애틀에 있는 IONQ 양자 컴퓨터 제조 현장 방문 해 임원 면담까지 한 사연 (ft. 가을바람월드),"Oct 25, 2024",849,0
2025-11-03,LUVKTjM4ukU,시애틀에 있는 IONQ 양자 컴퓨터 제조 현장 방문 해 임원 면담까지 한 사연 (ft. 가을바람월드),"Oct 25, 2024",849,0
2025-11-04,LUVKTjM4ukU,시애틀에 있는 IONQ 양자 컴퓨터 제조 현장 방문 해 임원 면담까지 한 사연 (ft. 가을바람월드),"Oct 25, 2024",849,0
2025-11-05,LUVKTjM4ukU,시애틀에 있는 IONQ 양자 컴퓨터 제조 현장 방문 해 임원 면담까지 한 사연 (ft. 가을바람월드),"Oct 25, 2024",849,0
2025-11-06,LUVKTjM4ukU,시애틀에 있는 IONQ 양자 컴퓨터 제조 현장 방문 해 임원 면담까지 한 사연 (ft. 가을바람월드),"Oct 25, 2024",849,0
2025-11-07,LUVKTjM4ukU,시애틀에 있는 IONQ 양자 컴퓨터 제조 현장 방문 해 임원 면담까지 한 사연 (ft. 가을바람월드),"Oct 25, 2024",849,0
2025-11-08,LUVKTjM4ukU,시애틀에 있는 IONQ 양자 컴퓨터 제조 현장 방문 해 임원 면담까지 한 사연 (ft. 가을바람월드),"Oct 25, 2024",849,0
2025-11-09,LUVKTjM4ukU,시애틀에 있는 IONQ 양자 컴퓨터 제조 현장 방문 해 임원 면담까지 한 사연 (ft. 가을바람월드),"Oct 25, 2024",849,0
2025-11-10,LUVKTjM4ukU,시애틀에 있는 IONQ 양자 컴퓨터 제조 현장 방문 해 임원 면담까지 한 사연 (ft. 가을바람월드),"Oct 25, 2024",849,0
2025-11-11,LUVKTjM4ukU,시애틀에 있는 IONQ 양자 컴퓨터 제조 현장 방문 해 임원 면담까지 한 사연 (ft. 가을바람월드),"Oct 25, 2024",849,0.0346
2025-11-12,LUVKTjM4ukU,시애틀에 있는 IONQ 양자 컴퓨터 제조 현장 방문 해 임원 면담까지 한 사연 (ft. 가을바람월드),"Oct 25, 2024",849,0.0103
2025-11-13,LUVKTjM4ukU,시애틀에 있는 IONQ 양자 컴퓨터 제조 현장 방문 해 임원 면담까지 한 사연 (ft. 가을바람월드),"Oct 25, 2024",849,0.0004
2025-11-14,LUVKTjM4ukU,시애틀에 있는 IONQ 양자 컴퓨터 제조 현장 방문 해 임원 면담까지 한 사연 (ft. 가을바람월드),"Oct 25, 2024",849,0
2025-11-15,LUVKTjM4ukU,시애틀에 있는 IONQ 양자 컴퓨터 제조 현장 방문 해 임원 면담까지 한 사연 (ft. 가을바람월드),"Oct 25, 2024",849,0.0041
2025-11-16,LUVKTjM4ukU,시애틀에 있는 IONQ 양자 컴퓨터 제조 현장 방문 해 임원 면담까지 한 사연 (ft. 가을바람월드),"Oct 25, 2024",849,0
2025-11-17,LUVKTjM4ukU,시애틀에 있는 IONQ 양자 컴퓨터 제조 현장 방문 해 임원 면담까지 한 사연 (ft. 가을바람월드),"Oct 25, 2024",849,0
2025-11-18,LUVKTjM4ukU,시애틀에 있는 IONQ 양자 컴퓨터 제조 현장 방문 해 임원 면담까지 한 사연 (ft. 가을바람월드),"Oct 25, 2024",849,0.0065
2025-11-19,LUVKTjM4ukU,시애틀에 있는 IONQ 양자 컴퓨터 제조 현장 방문 해 임원 면담까지 한 사연 (ft. 가을바람월드),"Oct 25, 2024",849,0
2025-11-20,LUVKTjM4ukU,시애틀에 있는 IONQ 양자 컴퓨터 제조 현장 방문 해 임원 면담까지 한 사연 (ft. 가을바람월드),"Oct 25, 2024",849,0.0889
2025-11-21,LUVKTjM4ukU,시애틀에 있는 IONQ 양자 컴퓨터 제조 현장 방문 해 임원 면담까지 한 사연 (ft. 가을바람월드),"Oct 25, 2024",849,0
2025-11-22,LUVKTjM4ukU,시애틀에 있는 IONQ 양자 컴퓨터 제조 현장 방문 해 임원 면담까지 한 사연 (ft. 가을바람월드),"Oct 25, 2024",849,0
2025-11-23,LUVKTjM4ukU,시애틀에 있는 IONQ 양자 컴퓨터 제조 현장 방문 해 임원 면담까지 한 사연 (ft. 가을바람월드),"Oct 25, 2024",849,0.2153
2025-11-24,LUVKTjM4ukU,시애틀에 있는 IONQ 양자 컴퓨터 제조 현장 방문 해 임원 면담까지 한 사연 (ft. 가을바람월드),"Oct 25, 2024",849,0
2025-11-25,LUVKTjM4ukU,시애틀에 있는 IONQ 양자 컴퓨터 제조 현장 방문 해 임원 면담까지 한 사연 (ft. 가을바람월드),"Oct 25, 2024",849,0
2025-11-26,LUVKTjM4ukU,시애틀에 있는 IONQ 양자 컴퓨터 제조 현장 방문 해 임원 면담까지 한 사연 (ft. 가을바람월드),"Oct 25, 2024",849,0.0612
2025-11-27,LUVKTjM4ukU,시애틀에 있는 IONQ 양자 컴퓨터 제조 현장 방문 해 임원 면담까지 한 사연 (ft. 가을바람월드),"Oct 25, 2024",849,0
2025-11-28,LUVKTjM4ukU,시애틀에 있는 IONQ 양자 컴퓨터 제조 현장 방문 해 임원 면담까지 한 사연 (ft. 가을바람월드),"Oct 25, 2024",849,0
2025-11-29,LUVKTjM4ukU,시애틀에 있는 IONQ 양자 컴퓨터 제조 현장 방문 해 임원 면담까지 한 사연 (ft. 가을바람월드),"Oct 25, 2024",849,0
2025-11-30,LUVKTjM4ukU,시애틀에 있는 IONQ 양자 컴퓨터 제조 현장 방문 해 임원 면담까지 한 사연 (ft. 가을바람월드),"Oct 25, 2024",849,0
2025-12-01,LUVKTjM4ukU,시애틀에 있는 IONQ 양자 컴퓨터 제조 현장 방문 해 임원 면담까지 한 사연 (ft. 가을바람월드),"Oct 25, 2024",849,0
2025-12-02,LUVKTjM4ukU,시애틀에 있는 IONQ 양자 컴퓨터 제조 현장 방문 해 임원 면담까지 한 사연 (ft. 가을바람월드),"Oct 25, 2024",849,0
2025-12-03,LUVKTjM4ukU,시애틀에 있는 IONQ 양자 컴퓨터 제조 현장 방문 해 임원 면담까지 한 사연 (ft. 가을바람월드),"Oct 25, 2024",849,0.0012
2025-12-04,LUVKTjM4ukU,시애틀에 있는 IONQ 양자 컴퓨터 제조 현장 방문 해 임원 면담까지 한 사연 (ft. 가을바람월드),"Oct 25, 2024",849,0
2025-12-05,LUVKTjM4ukU,시애틀에 있는 IONQ 양자 컴퓨터 제조 현장 방문 해 임원 면담까지 한 사연 (ft. 가을바람월드),"Oct 25, 2024",849,0
2025-12-06,LUVKTjM4ukU,시애틀에 있는 IONQ 양자 컴퓨터 제조 현장 방문 해 임원 면담까지 한 사연 (ft. 가을바람월드),"Oct 25, 2024",849,0
2025-12-07,LUVKTjM4ukU,시애틀에 있는 IONQ 양자 컴퓨터 제조 현장 방문 해 임원 면담까지 한 사연 (ft. 가을바람월드),"Oct 25, 2024",849,0
2025-12-08,LUVKTjM4ukU,시애틀에 있는 IONQ 양자 컴퓨터 제조 현장 방문 해 임원 면담까지 한 사연 (ft. 가을바람월드),"Oct 25, 2024",849,0
2025-12-09,LUVKTjM4ukU,시애틀에 있는 IONQ 양자 컴퓨터 제조 현장 방문 해 임원 면담까지 한 사연 (ft. 가을바람월드),"Oct 25, 2024",849,0
2025-12-10,LUVKTjM4ukU,시애틀에 있는 IONQ 양자 컴퓨터 제조 현장 방문 해 임원 면담까지 한 사연 (ft. 가을바람월드),"Oct 25, 2024",849,0
2025-12-11,LUVKTjM4ukU,시애틀에 있는 IONQ 양자 컴퓨터 제조 현장 방문 해 임원 면담까지 한 사연 (ft. 가을바람월드),"Oct 25, 2024",849,0
2025-12-12,LUVKTjM4ukU,시애틀에 있는 IONQ 양자 컴퓨터 제조 현장 방문 해 임원 면담까지 한 사연 (ft. 가을바람월드),"Oct 25, 2024",849,0
2025-12-13,LUVKTjM4ukU,시애틀에 있는 IONQ 양자 컴퓨터 제조 현장 방문 해 임원 면담까지 한 사연 (ft. 가을바람월드),"Oct 25, 2024",849,0.0034
2025-12-14,LUVKTjM4ukU,시애틀에 있는 IONQ 양자 컴퓨터 제조 현장 방문 해 임원 면담까지 한 사연 (ft. 가을바람월드),"Oct 25, 2024",849,0.0087
2025-12-15,LUVKTjM4ukU,시애틀에 있는 IONQ 양자 컴퓨터 제조 현장 방문 해 임원 면담까지 한 사연 (ft. 가을바람월드),"Oct 25, 2024",849,0
2025-12-16,LUVKTjM4ukU,시애틀에 있는 IONQ 양자 컴퓨터 제조 현장 방문 해 임원 면담까지 한 사연 (ft. 가을바람월드),"Oct 25, 2024",849,0
2025-12-17,LUVKTjM4ukU,시애틀에 있는 IONQ 양자 컴퓨터 제조 현장 방문 해 임원 면담까지 한 사연 (ft. 가을바람월드),"Oct 25, 2024",849,0
2025-12-18,LUVKTjM4ukU,시애틀에 있는 IONQ 양자 컴퓨터 제조 현장 방문 해 임원 면담까지 한 사연 (ft. 가을바람월드),"Oct 25, 2024",849,0
2025-12-19,LUVKTjM4ukU,시애틀에 있는 IONQ 양자 컴퓨터 제조 현장 방문 해 임원 면담까지 한 사연 (ft. 가을바람월드),"Oct 25, 2024",849,0
2025-12-20,LUVKTjM4ukU,시애틀에 있는 IONQ 양자 컴퓨터 제조 현장 방문 해 임원 면담까지 한 사연 (ft. 가을바람월드),"Oct 25, 2024",849,0
2025-12-21,LUVKTjM4ukU,시애틀에 있는 IONQ 양자 컴퓨터 제조 현장 방문 해 임원 면담까지 한 사연 (ft. 가을바람월드),"Oct 25, 2024",849,0.0021
2025-12-22,LUVKTjM4ukU,시애틀에 있는 IONQ 양자 컴퓨터 제조 현장 방문 해 임원 면담까지 한 사연 (ft. 가을바람월드),"Oct 25, 2024",849,0.0044
2025-12-23,LUVKTjM4ukU,시애틀에 있는 IONQ 양자 컴퓨터 제조 현장 방문 해 임원 면담까지 한 사연 (ft. 가을바람월드),"Oct 25, 2024",849,0
2025-12-24,LUVKTjM4ukU,시애틀에 있는 IONQ 양자 컴퓨터 제조 현장 방문 해 임원 면담까지 한 사연 (ft. 가을바람월드),"Oct 25, 2024",849,0.0135
2025-12-25,LUVKTjM4ukU,시애틀에 있는 IONQ 양자 컴퓨터 제조 현장 방문 해 임원 면담까지 한 사연 (ft. 가을바람월드),"Oct 25, 2024",849,0
2025-12-26,LUVKTjM4ukU,시애틀에 있는 IONQ 양자 컴퓨터 제조 현장 방문 해 임원 면담까지 한 사연 (ft. 가을바람월드),"Oct 25, 2024",849,0
2025-12-27,LUVKTjM4ukU,시애틀에 있는 IONQ 양자 컴퓨터 제조 현장 방문 해 임원 면담까지 한 사연 (ft. 가을바람월드),"Oct 25, 2024",849,0
2025-12-28,LUVKTjM4ukU,시애틀에 있는 IONQ 양자 컴퓨터 제조 현장 방문 해 임원 면담까지 한 사연 (ft. 가을바람월드),"Oct 25, 2024",849,0.0165
2025-12-29,LUVKTjM4ukU,시애틀에 있는 IONQ 양자 컴퓨터 제조 현장 방문 해 임원 면담까지 한 사연 (ft. 가을바람월드),"Oct 25, 2024",849,0.0377
2025-12-30,LUVKTjM4ukU,시애틀에 있는 IONQ 양자 컴퓨터 제조 현장 방문 해 임원 면담까지 한 사연 (ft. 가을바람월드),"Oct 25, 2024",849,0
2025-12-31,LUVKTjM4ukU,시애틀에 있는 IONQ 양자 컴퓨터 제조 현장 방문 해 임원 면담까지 한 사연 (ft. 가을바람월드),"Oct 25, 2024",849,0
2026-01-01,LUVKTjM4ukU,시애틀에 있는 IONQ 양자 컴퓨터 제조 현장 방문 해 임원 면담까지 한 사연 (ft. 가을바람월드),"Oct 25, 2024",849,0
2026-01-02,LUVKTjM4ukU,시애틀에 있는 IONQ 양자 컴퓨터 제조 현장 방문 해 임원 면담까지 한 사연 (ft. 가을바람월드),"Oct 25, 2024",849,0
2026-01-03,LUVKTjM4ukU,시애틀에 있는 IONQ 양자 컴퓨터 제조 현장 방문 해 임원 면담까지 한 사연 (ft. 가을바람월드),"Oct 25, 2024",849,0
2026-01-04,LUVKTjM4ukU,시애틀에 있는 IONQ 양자 컴퓨터 제조 현장 방문 해 임원 면담까지 한 사연 (ft. 가을바람월드),"Oct 25, 2024",849,0
2026-01-05,LUVKTjM4ukU,시애틀에 있는 IONQ 양자 컴퓨터 제조 현장 방문 해 임원 면담까지 한 사연 (ft. 가을바람월드),"Oct 25, 2024",849,0
2026-01-06,LUVKTjM4ukU,시애틀에 있는 IONQ 양자 컴퓨터 제조 현장 방문 해 임원 면담까지 한 사연 (ft. 가을바람월드),"Oct 25, 2024",849,0
2026-01-07,LUVKTjM4ukU,시애틀에 있는 IONQ 양자 컴퓨터 제조 현장 방문 해 임원 면담까지 한 사연 (ft. 가을바람월드),"Oct 25, 2024",849,0
2026-01-08,LUVKTjM4ukU,시애틀에 있는 IONQ 양자 컴퓨터 제조 현장 방문 해 임원 면담까지 한 사연 (ft. 가을바람월드),"Oct 25, 2024",849,0
2026-01-09,LUVKTjM4ukU,시애틀에 있는 IONQ 양자 컴퓨터 제조 현장 방문 해 임원 면담까지 한 사연 (ft. 가을바람월드),"Oct 25, 2024",849,0
2026-01-10,LUVKTjM4ukU,시애틀에 있는 IONQ 양자 컴퓨터 제조 현장 방문 해 임원 면담까지 한 사연 (ft. 가을바람월드),"Oct 25, 2024",849,0
2026-01-11,LUVKTjM4ukU,시애틀에 있는 IONQ 양자 컴퓨터 제조 현장 방문 해 임원 면담까지 한 사연 (ft. 가을바람월드),"Oct 25, 2024",849,0
2026-01-12,LUVKTjM4ukU,시애틀에 있는 IONQ 양자 컴퓨터 제조 현장 방문 해 임원 면담까지 한 사연 (ft. 가을바람월드),"Oct 25, 2024",849,0
2026-01-13,LUVKTjM4ukU,시애틀에 있는 IONQ 양자 컴퓨터 제조 현장 방문 해 임원 면담까지 한 사연 (ft. 가을바람월드),"Oct 25, 2024",849,0
2026-01-14,LUVKTjM4ukU,시애틀에 있는 IONQ 양자 컴퓨터 제조 현장 방문 해 임원 면담까지 한 사연 (ft. 가을바람월드),"Oct 25, 2024",849,0
2026-01-15,LUVKTjM4ukU,시애틀에 있는 IONQ 양자 컴퓨터 제조 현장 방문 해 임원 면담까지 한 사연 (ft. 가을바람월드),"Oct 25, 2024",849,0
2026-01-16,LUVKTjM4ukU,시애틀에 있는 IONQ 양자 컴퓨터 제조 현장 방문 해 임원 면담까지 한 사연 (ft. 가을바람월드),"Oct 25, 2024",849,0
2026-01-17,LUVKTjM4ukU,시애틀에 있는 IONQ 양자 컴퓨터 제조 현장 방문 해 임원 면담까지 한 사연 (ft. 가을바람월드),"Oct 25, 2024",849,0
2026-01-18,LUVKTjM4ukU,시애틀에 있는 IONQ 양자 컴퓨터 제조 현장 방문 해 임원 면담까지 한 사연 (ft. 가을바람월드),"Oct 25, 2024",849,0
2026-01-19,LUVKTjM4ukU,시애틀에 있는 IONQ 양자 컴퓨터 제조 현장 방문 해 임원 면담까지 한 사연 (ft. 가을바람월드),"Oct 25, 2024",849,0
2026-01-20,LUVKTjM4ukU,시애틀에 있는 IONQ 양자 컴퓨터 제조 현장 방문 해 임원 면담까지 한 사연 (ft. 가을바람월드),"Oct 25, 2024",849,0
2026-01-21,LUVKTjM4ukU,시애틀에 있는 IONQ 양자 컴퓨터 제조 현장 방문 해 임원 면담까지 한 사연 (ft. 가을바람월드),"Oct 25, 2024",849,0
2026-01-22,LUVKTjM4ukU,시애틀에 있는 IONQ 양자 컴퓨터 제조 현장 방문 해 임원 면담까지 한 사연 (ft. 가을바람월드),"Oct 25, 2024",849,0
2026-01-23,LUVKTjM4ukU,시애틀에 있는 IONQ 양자 컴퓨터 제조 현장 방문 해 임원 면담까지 한 사연 (ft. 가을바람월드),"Oct 25, 2024",849,0
2026-01-24,LUVKTjM4ukU,시애틀에 있는 IONQ 양자 컴퓨터 제조 현장 방문 해 임원 면담까지 한 사연 (ft. 가을바람월드),"Oct 25, 2024",849,0
2026-01-25,LUVKTjM4ukU,시애틀에 있는 IONQ 양자 컴퓨터 제조 현장 방문 해 임원 면담까지 한 사연 (ft. 가을바람월드),"Oct 25, 2024",849,0
2026-01-26,LUVKTjM4ukU,시애틀에 있는 IONQ 양자 컴퓨터 제조 현장 방문 해 임원 면담까지 한 사연 (ft. 가을바람월드),"Oct 25, 2024",849,0
2026-01-27,LUVKTjM4ukU,시애틀에 있는 IONQ 양자 컴퓨터 제조 현장 방문 해 임원 면담까지 한 사연 (ft. 가을바람월드),"Oct 25, 2024",849,0
2026-01-28,LUVKTjM4ukU,시애틀에 있는 IONQ 양자 컴퓨터 제조 현장 방문 해 임원 면담까지 한 사연 (ft. 가을바람월드),"Oct 25, 2024",849,0
2026-01-29,LUVKTjM4ukU,시애틀에 있는 IONQ 양자 컴퓨터 제조 현장 방문 해 임원 면담까지 한 사연 (ft. 가을바람월드),"Oct 25, 2024",849,0.0042
2026-01-30,LUVKTjM4ukU,시애틀에 있는 IONQ 양자 컴퓨터 제조 현장 방문 해 임원 면담까지 한 사연 (ft. 가을바람월드),"Oct 25, 2024",849,0
2026-01-31,LUVKTjM4ukU,시애틀에 있는 IONQ 양자 컴퓨터 제조 현장 방문 해 임원 면담까지 한 사연 (ft. 가을바람월드),"Oct 25, 2024",849,0
2026-02-01,LUVKTjM4ukU,시애틀에 있는 IONQ 양자 컴퓨터 제조 현장 방문 해 임원 면담까지 한 사연 (ft. 가을바람월드),"Oct 25, 2024",849,0.0073
2026-02-02,LUVKTjM4ukU,시애틀에 있는 IONQ 양자 컴퓨터 제조 현장 방문 해 임원 면담까지 한 사연 (ft. 가을바람월드),"Oct 25, 2024",849,0
2026-02-03,LUVKTjM4ukU,시애틀에 있는 IONQ 양자 컴퓨터 제조 현장 방문 해 임원 면담까지 한 사연 (ft. 가을바람월드),"Oct 25, 2024",849,0
2026-02-04,LUVKTjM4ukU,시애틀에 있는 IONQ 양자 컴퓨터 제조 현장 방문 해 임원 면담까지 한 사연 (ft. 가을바람월드),"Oct 25, 2024",849,0
2026-02-05,LUVKTjM4ukU,시애틀에 있는 IONQ 양자 컴퓨터 제조 현장 방문 해 임원 면담까지 한 사연 (ft. 가을바람월드),"Oct 25, 2024",849,0
2026-02-06,LUVKTjM4ukU,시애틀에 있는 IONQ 양자 컴퓨터 제조 현장 방문 해 임원 면담까지 한 사연 (ft. 가을바람월드),"Oct 25, 2024",849,0
2026-02-07,LUVKTjM4ukU,시애틀에 있는 IONQ 양자 컴퓨터 제조 현장 방문 해 임원 면담까지 한 사연 (ft. 가을바람월드),"Oct 25, 2024",849,0
2026-02-08,LUVKTjM4ukU,시애틀에 있는 IONQ 양자 컴퓨터 제조 현장 방문 해 임원 면담까지 한 사연 (ft. 가을바람월드),"Oct 25, 2024",849,0.0045
2026-02-09,LUVKTjM4ukU,시애틀에 있는 IONQ 양자 컴퓨터 제조 현장 방문 해 임원 면담까지 한 사연 (ft. 가을바람월드),"Oct 25, 2024",849,0
2026-02-10,LUVKTjM4ukU,시애틀에 있는 IONQ 양자 컴퓨터 제조 현장 방문 해 임원 면담까지 한 사연 (ft. 가을바람월드),"Oct 25, 2024",849,0
2026-02-11,LUVKTjM4ukU,시애틀에 있는 IONQ 양자 컴퓨터 제조 현장 방문 해 임원 면담까지 한 사연 (ft. 가을바람월드),"Oct 25, 2024",849,0
2026-02-12,LUVKTjM4ukU,시애틀에 있는 IONQ 양자 컴퓨터 제조 현장 방문 해 임원 면담까지 한 사연 (ft. 가을바람월드),"Oct 25, 2024",849,0
2026-02-13,LUVKTjM4ukU,시애틀에 있는 IONQ 양자 컴퓨터 제조 현장 방문 해 임원 면담까지 한 사연 (ft. 가을바람월드),"Oct 25, 2024",849,0
2026-02-14,LUVKTjM4ukU,시애틀에 있는 IONQ 양자 컴퓨터 제조 현장 방문 해 임원 면담까지 한 사연 (ft. 가을바람월드),"Oct 25, 2024",849,0
2026-02-15,LUVKTjM4ukU,시애틀에 있는 IONQ 양자 컴퓨터 제조 현장 방문 해 임원 면담까지 한 사연 (ft. 가을바람월드),"Oct 25, 2024",849,0.0052
2026-02-16,LUVKTjM4ukU,시애틀에 있는 IONQ 양자 컴퓨터 제조 현장 방문 해 임원 면담까지 한 사연 (ft. 가을바람월드),"Oct 25, 2024",849,0
2026-02-17,LUVKTjM4ukU,시애틀에 있는 IONQ 양자 컴퓨터 제조 현장 방문 해 임원 면담까지 한 사연 (ft. 가을바람월드),"Oct 25, 2024",849,0
2026-02-18,LUVKTjM4ukU,시애틀에 있는 IONQ 양자 컴퓨터 제조 현장 방문 해 임원 면담까지 한 사연 (ft. 가을바람월드),"Oct 25, 2024",849,0
2026-02-19,LUVKTjM4ukU,시애틀에 있는 IONQ 양자 컴퓨터 제조 현장 방문 해 임원 면담까지 한 사연 (ft. 가을바람월드),"Oct 25, 2024",849,0
2026-02-20,LUVKTjM4ukU,시애틀에 있는 IONQ 양자 컴퓨터 제조 현장 방문 해 임원 면담까지 한 사연 (ft. 가을바람월드),"Oct 25, 2024",849,0.0073
2026-02-21,LUVKTjM4ukU,시애틀에 있는 IONQ 양자 컴퓨터 제조 현장 방문 해 임원 면담까지 한 사연 (ft. 가을바람월드),"Oct 25, 2024",849,0
2026-02-22,LUVKTjM4ukU,시애틀에 있는 IONQ 양자 컴퓨터 제조 현장 방문 해 임원 면담까지 한 사연 (ft. 가을바람월드),"Oct 25, 2024",849,0
2026-02-23,LUVKTjM4ukU,시애틀에 있는 IONQ 양자 컴퓨터 제조 현장 방문 해 임원 면담까지 한 사연 (ft. 가을바람월드),"Oct 25, 2024",849,0
2026-02-24,LUVKTjM4ukU,시애틀에 있는 IONQ 양자 컴퓨터 제조 현장 방문 해 임원 면담까지 한 사연 (ft. 가을바람월드),"Oct 25, 2024",849,0.0313
2026-02-25,LUVKTjM4ukU,시애틀에 있는 IONQ 양자 컴퓨터 제조 현장 방문 해 임원 면담까지 한 사연 (ft. 가을바람월드),"Oct 25, 2024",849,0
2026-02-26,LUVKTjM4ukU,시애틀에 있는 IONQ 양자 컴퓨터 제조 현장 방문 해 임원 면담까지 한 사연 (ft. 가을바람월드),"Oct 25, 2024",849,0
2026-02-27,LUVKTjM4ukU,시애틀에 있는 IONQ 양자 컴퓨터 제조 현장 방문 해 임원 면담까지 한 사연 (ft. 가을바람월드),"Oct 25, 2024",849,0
2026-02-28,LUVKTjM4ukU,시애틀에 있는 IONQ 양자 컴퓨터 제조 현장 방문 해 임원 면담까지 한 사연 (ft. 가을바람월드),"Oct 25, 2024",849,0
2026-03-01,LUVKTjM4ukU,시애틀에 있는 IONQ 양자 컴퓨터 제조 현장 방문 해 임원 면담까지 한 사연 (ft. 가을바람월드),"Oct 25, 2024",849,0
2026-03-02,LUVKTjM4ukU,시애틀에 있는 IONQ 양자 컴퓨터 제조 현장 방문 해 임원 면담까지 한 사연 (ft. 가을바람월드),"Oct 25, 2024",849,0
2026-03-03,LUVKTjM4ukU,시애틀에 있는 IONQ 양자 컴퓨터 제조 현장 방문 해 임원 면담까지 한 사연 (ft. 가을바람월드),"Oct 25, 2024",849,0
2026-03-04,LUVKTjM4ukU,시애틀에 있는 IONQ 양자 컴퓨터 제조 현장 방문 해 임원 면담까지 한 사연 (ft. 가을바람월드),"Oct 25, 2024",849,0
2026-03-05,LUVKTjM4ukU,시애틀에 있는 IONQ 양자 컴퓨터 제조 현장 방문 해 임원 면담까지 한 사연 (ft. 가을바람월드),"Oct 25, 2024",849,0
2026-03-06,LUVKTjM4ukU,시애틀에 있는 IONQ 양자 컴퓨터 제조 현장 방문 해 임원 면담까지 한 사연 (ft. 가을바람월드),"Oct 25, 2024",849,0.0094
2026-03-07,LUVKTjM4ukU,시애틀에 있는 IONQ 양자 컴퓨터 제조 현장 방문 해 임원 면담까지 한 사연 (ft. 가을바람월드),"Oct 25, 2024",849,0
2026-03-08,LUVKTjM4ukU,시애틀에 있는 IONQ 양자 컴퓨터 제조 현장 방문 해 임원 면담까지 한 사연 (ft. 가을바람월드),"Oct 25, 2024",849,0
2026-03-09,LUVKTjM4ukU,시애틀에 있는 IONQ 양자 컴퓨터 제조 현장 방문 해 임원 면담까지 한 사연 (ft. 가을바람월드),"Oct 25, 2024",849,0
2026-03-10,LUVKTjM4ukU,시애틀에 있는 IONQ 양자 컴퓨터 제조 현장 방문 해 임원 면담까지 한 사연 (ft. 가을바람월드),"Oct 25, 2024",849,0
2026-03-11,LUVKTjM4ukU,시애틀에 있는 IONQ 양자 컴퓨터 제조 현장 방문 해 임원 면담까지 한 사연 (ft. 가을바람월드),"Oct 25, 2024",849,0
2026-03-12,LUVKTjM4ukU,시애틀에 있는 IONQ 양자 컴퓨터 제조 현장 방문 해 임원 면담까지 한 사연 (ft. 가을바람월드),"Oct 25, 2024",849,0
2026-03-13,LUVKTjM4ukU,시애틀에 있는 IONQ 양자 컴퓨터 제조 현장 방문 해 임원 면담까지 한 사연 (ft. 가을바람월드),"Oct 25, 2024",849,0
2026-03-14,LUVKTjM4ukU,시애틀에 있는 IONQ 양자 컴퓨터 제조 현장 방문 해 임원 면담까지 한 사연 (ft. 가을바람월드),"Oct 25, 2024",849,0
2026-03-15,LUVKTjM4ukU,시애틀에 있는 IONQ 양자 컴퓨터 제조 현장 방문 해 임원 면담까지 한 사연 (ft. 가을바람월드),"Oct 25, 2024",849,0
2026-03-16,LUVKTjM4ukU,시애틀에 있는 IONQ 양자 컴퓨터 제조 현장 방문 해 임원 면담까지 한 사연 (ft. 가을바람월드),"Oct 25, 2024",849,0
2026-03-17,LUVKTjM4ukU,시애틀에 있는 IONQ 양자 컴퓨터 제조 현장 방문 해 임원 면담까지 한 사연 (ft. 가을바람월드),"Oct 25, 2024",849,0.0046
2026-03-18,LUVKTjM4ukU,시애틀에 있는 IONQ 양자 컴퓨터 제조 현장 방문 해 임원 면담까지 한 사연 (ft. 가을바람월드),"Oct 25, 2024",849,0
2026-03-19,LUVKTjM4ukU,시애틀에 있는 IONQ 양자 컴퓨터 제조 현장 방문 해 임원 면담까지 한 사연 (ft. 가을바람월드),"Oct 25, 2024",849,0
2026-03-20,LUVKTjM4ukU,시애틀에 있는 IONQ 양자 컴퓨터 제조 현장 방문 해 임원 면담까지 한 사연 (ft. 가을바람월드),"Oct 25, 2024",849,0
2026-03-21,LUVKTjM4ukU,시애틀에 있는 IONQ 양자 컴퓨터 제조 현장 방문 해 임원 면담까지 한 사연 (ft. 가을바람월드),"Oct 25, 2024",849,0
2026-03-22,LUVKTjM4ukU,시애틀에 있는 IONQ 양자 컴퓨터 제조 현장 방문 해 임원 면담까지 한 사연 (ft. 가을바람월드),"Oct 25, 2024",849,0
2026-03-23,LUVKTjM4ukU,시애틀에 있는 IONQ 양자 컴퓨터 제조 현장 방문 해 임원 면담까지 한 사연 (ft. 가을바람월드),"Oct 25, 2024",849,0
2026-03-24,LUVKTjM4ukU,시애틀에 있는 IONQ 양자 컴퓨터 제조 현장 방문 해 임원 면담까지 한 사연 (ft. 가을바람월드),"Oct 25, 2024",849,0.0417
2026-03-25,LUVKTjM4ukU,시애틀에 있는 IONQ 양자 컴퓨터 제조 현장 방문 해 임원 면담까지 한 사연 (ft. 가을바람월드),"Oct 25, 2024",849,0
2026-03-26,LUVKTjM4ukU,시애틀에 있는 IONQ 양자 컴퓨터 제조 현장 방문 해 임원 면담까지 한 사연 (ft. 가을바람월드),"Oct 25, 2024",849,0
2026-03-27,LUVKTjM4ukU,시애틀에 있는 IONQ 양자 컴퓨터 제조 현장 방문 해 임원 면담까지 한 사연 (ft. 가을바람월드),"Oct 25, 2024",849,0
2026-03-28,LUVKTjM4ukU,시애틀에 있는 IONQ 양자 컴퓨터 제조 현장 방문 해 임원 면담까지 한 사연 (ft. 가을바람월드),"Oct 25, 2024",849,0.0365
2026-03-29,LUVKTjM4ukU,시애틀에 있는 IONQ 양자 컴퓨터 제조 현장 방문 해 임원 면담까지 한 사연 (ft. 가을바람월드),"Oct 25, 2024",849,0
2026-03-30,LUVKTjM4ukU,시애틀에 있는 IONQ 양자 컴퓨터 제조 현장 방문 해 임원 면담까지 한 사연 (ft. 가을바람월드),"Oct 25, 2024",849,0
2026-03-31,LUVKTjM4ukU,시애틀에 있는 IONQ 양자 컴퓨터 제조 현장 방문 해 임원 면담까지 한 사연 (ft. 가을바람월드),"Oct 25, 2024",849,0
2026-04-01,LUVKTjM4ukU,시애틀에 있는 IONQ 양자 컴퓨터 제조 현장 방문 해 임원 면담까지 한 사연 (ft. 가을바람월드),"Oct 25, 2024",849,0
2026-04-02,LUVKTjM4ukU,시애틀에 있는 IONQ 양자 컴퓨터 제조 현장 방문 해 임원 면담까지 한 사연 (ft. 가을바람월드),"Oct 25, 2024",849,0
2026-04-03,LUVKTjM4ukU,시애틀에 있는 IONQ 양자 컴퓨터 제조 현장 방문 해 임원 면담까지 한 사연 (ft. 가을바람월드),"Oct 25, 2024",849,0
2026-04-04,LUVKTjM4ukU,시애틀에 있는 IONQ 양자 컴퓨터 제조 현장 방문 해 임원 면담까지 한 사연 (ft. 가을바람월드),"Oct 25, 2024",849,0
2026-04-05,LUVKTjM4ukU,시애틀에 있는 IONQ 양자 컴퓨터 제조 현장 방문 해 임원 면담까지 한 사연 (ft. 가을바람월드),"Oct 25, 2024",849,0.001
2026-04-06,LUVKTjM4ukU,시애틀에 있는 IONQ 양자 컴퓨터 제조 현장 방문 해 임원 면담까지 한 사연 (ft. 가을바람월드),"Oct 25, 2024",849,0
2026-04-07,LUVKTjM4ukU,시애틀에 있는 IONQ 양자 컴퓨터 제조 현장 방문 해 임원 면담까지 한 사연 (ft. 가을바람월드),"Oct 25, 2024",849,0
2026-04-08,LUVKTjM4ukU,시애틀에 있는 IONQ 양자 컴퓨터 제조 현장 방문 해 임원 면담까지 한 사연 (ft. 가을바람월드),"Oct 25, 2024",849,0.0053
2026-04-09,LUVKTjM4ukU,시애틀에 있는 IONQ 양자 컴퓨터 제조 현장 방문 해 임원 면담까지 한 사연 (ft. 가을바람월드),"Oct 25, 2024",849,0
2026-04-10,LUVKTjM4ukU,시애틀에 있는 IONQ 양자 컴퓨터 제조 현장 방문 해 임원 면담까지 한 사연 (ft. 가을바람월드),"Oct 25, 2024",849,0
2026-04-11,LUVKTjM4ukU,시애틀에 있는 IONQ 양자 컴퓨터 제조 현장 방문 해 임원 면담까지 한 사연 (ft. 가을바람월드),"Oct 25, 2024",849,0
2026-04-12,LUVKTjM4ukU,시애틀에 있는 IONQ 양자 컴퓨터 제조 현장 방문 해 임원 면담까지 한 사연 (ft. 가을바람월드),"Oct 25, 2024",849,0.0059
2026-04-13,LUVKTjM4ukU,시애틀에 있는 IONQ 양자 컴퓨터 제조 현장 방문 해 임원 면담까지 한 사연 (ft. 가을바람월드),"Oct 25, 2024",849,0
2026-04-14,LUVKTjM4ukU,시애틀에 있는 IONQ 양자 컴퓨터 제조 현장 방문 해 임원 면담까지 한 사연 (ft. 가을바람월드),"Oct 25, 2024",849,0
2026-04-15,LUVKTjM4ukU,시애틀에 있는 IONQ 양자 컴퓨터 제조 현장 방문 해 임원 면담까지 한 사연 (ft. 가을바람월드),"Oct 25, 2024",849,0
2026-04-16,LUVKTjM4ukU,시애틀에 있는 IONQ 양자 컴퓨터 제조 현장 방문 해 임원 면담까지 한 사연 (ft. 가을바람월드),"Oct 25, 2024",849,0
2026-04-17,LUVKTjM4ukU,시애틀에 있는 IONQ 양자 컴퓨터 제조 현장 방문 해 임원 면담까지 한 사연 (ft. 가을바람월드),"Oct 25, 2024",849,0
2026-04-18,LUVKTjM4ukU,시애틀에 있는 IONQ 양자 컴퓨터 제조 현장 방문 해 임원 면담까지 한 사연 (ft. 가을바람월드),"Oct 25, 2024",849,0
2026-04-19,LUVKTjM4ukU,시애틀에 있는 IONQ 양자 컴퓨터 제조 현장 방문 해 임원 면담까지 한 사연 (ft. 가을바람월드),"Oct 25, 2024",849,0
2026-04-20,LUVKTjM4ukU,시애틀에 있는 IONQ 양자 컴퓨터 제조 현장 방문 해 임원 면담까지 한 사연 (ft. 가을바람월드),"Oct 25, 2024",849,0
2026-04-21,LUVKTjM4ukU,시애틀에 있는 IONQ 양자 컴퓨터 제조 현장 방문 해 임원 면담까지 한 사연 (ft. 가을바람월드),"Oct 25, 2024",849,0.0073
2026-04-22,LUVKTjM4ukU,시애틀에 있는 IONQ 양자 컴퓨터 제조 현장 방문 해 임원 면담까지 한 사연 (ft. 가을바람월드),"Oct 25, 2024",849,0
2026-04-23,LUVKTjM4ukU,시애틀에 있는 IONQ 양자 컴퓨터 제조 현장 방문 해 임원 면담까지 한 사연 (ft. 가을바람월드),"Oct 25, 2024",849,0
2026-04-24,LUVKTjM4ukU,시애틀에 있는 IONQ 양자 컴퓨터 제조 현장 방문 해 임원 면담까지 한 사연 (ft. 가을바람월드),"Oct 25, 2024",849,0
2026-04-25,LUVKTjM4ukU,시애틀에 있는 IONQ 양자 컴퓨터 제조 현장 방문 해 임원 면담까지 한 사연 (ft. 가을바람월드),"Oct 25, 2024",849,0
2026-04-26,LUVKTjM4ukU,시애틀에 있는 IONQ 양자 컴퓨터 제조 현장 방문 해 임원 면담까지 한 사연 (ft. 가을바람월드),"Oct 25, 2024",849,0
2026-04-27,LUVKTjM4ukU,시애틀에 있는 IONQ 양자 컴퓨터 제조 현장 방문 해 임원 면담까지 한 사연 (ft. 가을바람월드),"Oct 25, 2024",849,0
2026-04-28,LUVKTjM4ukU,시애틀에 있는 IONQ 양자 컴퓨터 제조 현장 방문 해 임원 면담까지 한 사연 (ft. 가을바람월드),"Oct 25, 2024",849,0
2026-04-29,LUVKTjM4ukU,시애틀에 있는 IONQ 양자 컴퓨터 제조 현장 방문 해 임원 면담까지 한 사연 (ft. 가을바람월드),"Oct 25, 2024",849,0
2026-04-30,LUVKTjM4ukU,시애틀에 있는 IONQ 양자 컴퓨터 제조 현장 방문 해 임원 면담까지 한 사연 (ft. 가을바람월드),"Oct 25, 2024",849,0
2026-05-01,LUVKTjM4ukU,시애틀에 있는 IONQ 양자 컴퓨터 제조 현장 방문 해 임원 면담까지 한 사연 (ft. 가을바람월드),"Oct 25, 2024",849,0
2026-05-02,LUVKTjM4ukU,시애틀에 있는 IONQ 양자 컴퓨터 제조 현장 방문 해 임원 면담까지 한 사연 (ft. 가을바람월드),"Oct 25, 2024",849,0.0341
2026-05-03,LUVKTjM4ukU,시애틀에 있는 IONQ 양자 컴퓨터 제조 현장 방문 해 임원 면담까지 한 사연 (ft. 가을바람월드),"Oct 25, 2024",849,0
2026-05-04,LUVKTjM4ukU,시애틀에 있는 IONQ 양자 컴퓨터 제조 현장 방문 해 임원 면담까지 한 사연 (ft. 가을바람월드),"Oct 25, 2024",849,0
2026-05-05,LUVKTjM4ukU,시애틀에 있는 IONQ 양자 컴퓨터 제조 현장 방문 해 임원 면담까지 한 사연 (ft. 가을바람월드),"Oct 25, 2024",849,0
2026-05-06,LUVKTjM4ukU,시애틀에 있는 IONQ 양자 컴퓨터 제조 현장 방문 해 임원 면담까지 한 사연 (ft. 가을바람월드),"Oct 25, 2024",849,0
2026-05-07,LUVKTjM4ukU,시애틀에 있는 IONQ 양자 컴퓨터 제조 현장 방문 해 임원 면담까지 한 사연 (ft. 가을바람월드),"Oct 25, 2024",849,0
2026-05-08,LUVKTjM4ukU,시애틀에 있는 IONQ 양자 컴퓨터 제조 현장 방문 해 임원 면담까지 한 사연 (ft. 가을바람월드),"Oct 25, 2024",849,0
2026-05-09,LUVKTjM4ukU,시애틀에 있는 IONQ 양자 컴퓨터 제조 현장 방문 해 임원 면담까지 한 사연 (ft. 가을바람월드),"Oct 25, 2024",849,0
2026-05-10,LUVKTjM4ukU,시애틀에 있는 IONQ 양자 컴퓨터 제조 현장 방문 해 임원 면담까지 한 사연 (ft. 가을바람월드),"Oct 25, 2024",849,0
2026-05-11,LUVKTjM4ukU,시애틀에 있는 IONQ 양자 컴퓨터 제조 현장 방문 해 임원 면담까지 한 사연 (ft. 가을바람월드),"Oct 25, 2024",849,0
2026-05-12,LUVKTjM4ukU,시애틀에 있는 IONQ 양자 컴퓨터 제조 현장 방문 해 임원 면담까지 한 사연 (ft. 가을바람월드),"Oct 25, 2024",849,0
2026-05-13,LUVKTjM4ukU,시애틀에 있는 IONQ 양자 컴퓨터 제조 현장 방문 해 임원 면담까지 한 사연 (ft. 가을바람월드),"Oct 25, 2024",849,0
2026-05-14,LUVKTjM4ukU,시애틀에 있는 IONQ 양자 컴퓨터 제조 현장 방문 해 임원 면담까지 한 사연 (ft. 가을바람월드),"Oct 25, 2024",849,0.0013
2026-05-15,LUVKTjM4ukU,시애틀에 있는 IONQ 양자 컴퓨터 제조 현장 방문 해 임원 면담까지 한 사연 (ft. 가을바람월드),"Oct 25, 2024",849,0.0249
2026-05-16,LUVKTjM4ukU,시애틀에 있는 IONQ 양자 컴퓨터 제조 현장 방문 해 임원 면담까지 한 사연 (ft. 가을바람월드),"Oct 25, 2024",849,0
2026-05-17,LUVKTjM4ukU,시애틀에 있는 IONQ 양자 컴퓨터 제조 현장 방문 해 임원 면담까지 한 사연 (ft. 가을바람월드),"Oct 25, 2024",849,0
2026-05-18,LUVKTjM4ukU,시애틀에 있는 IONQ 양자 컴퓨터 제조 현장 방문 해 임원 면담까지 한 사연 (ft. 가을바람월드),"Oct 25, 2024",849,0
2026-05-19,LUVKTjM4ukU,시애틀에 있는 IONQ 양자 컴퓨터 제조 현장 방문 해 임원 면담까지 한 사연 (ft. 가을바람월드),"Oct 25, 2024",849,0
2026-05-20,LUVKTjM4ukU,시애틀에 있는 IONQ 양자 컴퓨터 제조 현장 방문 해 임원 면담까지 한 사연 (ft. 가을바람월드),"Oct 25, 2024",849,0.0529
2026-05-21,LUVKTjM4ukU,시애틀에 있는 IONQ 양자 컴퓨터 제조 현장 방문 해 임원 면담까지 한 사연 (ft. 가을바람월드),"Oct 25, 2024",849,0
2026-05-22,LUVKTjM4ukU,시애틀에 있는 IONQ 양자 컴퓨터 제조 현장 방문 해 임원 면담까지 한 사연 (ft. 가을바람월드),"Oct 25, 2024",849,0
2026-05-23,LUVKTjM4ukU,시애틀에 있는 IONQ 양자 컴퓨터 제조 현장 방문 해 임원 면담까지 한 사연 (ft. 가을바람월드),"Oct 25, 2024",849,0
2026-05-24,LUVKTjM4ukU,시애틀에 있는 IONQ 양자 컴퓨터 제조 현장 방문 해 임원 면담까지 한 사연 (ft. 가을바람월드),"Oct 25, 2024",849,0
2026-05-25,LUVKTjM4ukU,시애틀에 있는 IONQ 양자 컴퓨터 제조 현장 방문 해 임원 면담까지 한 사연 (ft. 가을바람월드),"Oct 25, 2024",849,0
2026-05-26,LUVKTjM4ukU,시애틀에 있는 IONQ 양자 컴퓨터 제조 현장 방문 해 임원 면담까지 한 사연 (ft. 가을바람월드),"Oct 25, 2024",849,0
2026-05-27,LUVKTjM4ukU,시애틀에 있는 IONQ 양자 컴퓨터 제조 현장 방문 해 임원 면담까지 한 사연 (ft. 가을바람월드),"Oct 25, 2024",849,0
2026-05-28,LUVKTjM4ukU,시애틀에 있는 IONQ 양자 컴퓨터 제조 현장 방문 해 임원 면담까지 한 사연 (ft. 가을바람월드),"Oct 25, 2024",849,0
2026-05-29,LUVKTjM4ukU,시애틀에 있는 IONQ 양자 컴퓨터 제조 현장 방문 해 임원 면담까지 한 사연 (ft. 가을바람월드),"Oct 25, 2024",849,0
2026-05-30,LUVKTjM4ukU,시애틀에 있는 IONQ 양자 컴퓨터 제조 현장 방문 해 임원 면담까지 한 사연 (ft. 가을바람월드),"Oct 25, 2024",849,0
2026-05-31,LUVKTjM4ukU,시애틀에 있는 IONQ 양자 컴퓨터 제조 현장 방문 해 임원 면담까지 한 사연 (ft. 가을바람월드),"Oct 25, 2024",849,0
2026-06-01,LUVKTjM4ukU,시애틀에 있는 IONQ 양자 컴퓨터 제조 현장 방문 해 임원 면담까지 한 사연 (ft. 가을바람월드),"Oct 25, 2024",849,0
2026-06-02,LUVKTjM4ukU,시애틀에 있는 IONQ 양자 컴퓨터 제조 현장 방문 해 임원 면담까지 한 사연 (ft. 가을바람월드),"Oct 25, 2024",849,0
2026-06-03,LUVKTjM4ukU,시애틀에 있는 IONQ 양자 컴퓨터 제조 현장 방문 해 임원 면담까지 한 사연 (ft. 가을바람월드),"Oct 25, 2024",849,0
2026-06-04,LUVKTjM4ukU,시애틀에 있는 IONQ 양자 컴퓨터 제조 현장 방문 해 임원 면담까지 한 사연 (ft. 가을바람월드),"Oct 25, 2024",849,0
2026-06-05,LUVKTjM4ukU,시애틀에 있는 IONQ 양자 컴퓨터 제조 현장 방문 해 임원 면담까지 한 사연 (ft. 가을바람월드),"Oct 25, 2024",849,0
2026-06-06,LUVKTjM4ukU,시애틀에 있는 IONQ 양자 컴퓨터 제조 현장 방문 해 임원 면담까지 한 사연 (ft. 가을바람월드),"Oct 25, 2024",849,0
2026-06-07,LUVKTjM4ukU,시애틀에 있는 IONQ 양자 컴퓨터 제조 현장 방문 해 임원 면담까지 한 사연 (ft. 가을바람월드),"Oct 25, 2024",849,0
2026-06-08,LUVKTjM4ukU,시애틀에 있는 IONQ 양자 컴퓨터 제조 현장 방문 해 임원 면담까지 한 사연 (ft. 가을바람월드),"Oct 25, 2024",849,0
2026-06-09,LUVKTjM4ukU,시애틀에 있는 IONQ 양자 컴퓨터 제조 현장 방문 해 임원 면담까지 한 사연 (ft. 가을바람월드),"Oct 25, 2024",849,0
2026-06-10,LUVKTjM4ukU,시애틀에 있는 IONQ 양자 컴퓨터 제조 현장 방문 해 임원 면담까지 한 사연 (ft. 가을바람월드),"Oct 25, 2024",849,0.0013
2026-06-11,LUVKTjM4ukU,시애틀에 있는 IONQ 양자 컴퓨터 제조 현장 방문 해 임원 면담까지 한 사연 (ft. 가을바람월드),"Oct 25, 2024",849,0
2026-06-12,LUVKTjM4ukU,시애틀에 있는 IONQ 양자 컴퓨터 제조 현장 방문 해 임원 면담까지 한 사연 (ft. 가을바람월드),"Oct 25, 2024",849,0
2026-06-13,LUVKTjM4ukU,시애틀에 있는 IONQ 양자 컴퓨터 제조 현장 방문 해 임원 면담까지 한 사연 (ft. 가을바람월드),"Oct 25, 2024",849,0
2026-06-14,LUVKTjM4ukU,시애틀에 있는 IONQ 양자 컴퓨터 제조 현장 방문 해 임원 면담까지 한 사연 (ft. 가을바람월드),"Oct 25, 2024",849,0
2026-06-15,LUVKTjM4ukU,시애틀에 있는 IONQ 양자 컴퓨터 제조 현장 방문 해 임원 면담까지 한 사연 (ft. 가을바람월드),"Oct 25, 2024",849,0.0061
2026-06-16,LUVKTjM4ukU,시애틀에 있는 IONQ 양자 컴퓨터 제조 현장 방문 해 임원 면담까지 한 사연 (ft. 가을바람월드),"Oct 25, 2024",849,0
2026-06-17,LUVKTjM4ukU,시애틀에 있는 IONQ 양자 컴퓨터 제조 현장 방문 해 임원 면담까지 한 사연 (ft. 가을바람월드),"Oct 25, 2024",849,0
2026-06-18,LUVKTjM4ukU,시애틀에 있는 IONQ 양자 컴퓨터 제조 현장 방문 해 임원 면담까지 한 사연 (ft. 가을바람월드),"Oct 25, 2024",849,0
2026-06-19,LUVKTjM4ukU,시애틀에 있는 IONQ 양자 컴퓨터 제조 현장 방문 해 임원 면담까지 한 사연 (ft. 가을바람월드),"Oct 25, 2024",849,0
2026-06-20,LUVKTjM4ukU,시애틀에 있는 IONQ 양자 컴퓨터 제조 현장 방문 해 임원 면담까지 한 사연 (ft. 가을바람월드),"Oct 25, 2024",849,0
2026-06-21,LUVKTjM4ukU,시애틀에 있는 IONQ 양자 컴퓨터 제조 현장 방문 해 임원 면담까지 한 사연 (ft. 가을바람월드),"Oct 25, 2024",849,0
2026-06-22,LUVKTjM4ukU,시애틀에 있는 IONQ 양자 컴퓨터 제조 현장 방문 해 임원 면담까지 한 사연 (ft. 가을바람월드),"Oct 25, 2024",849,0
2026-06-23,LUVKTjM4ukU,시애틀에 있는 IONQ 양자 컴퓨터 제조 현장 방문 해 임원 면담까지 한 사연 (ft. 가을바람월드),"Oct 25, 2024",849,0
2023-03-15,PSTsSCvuoMk,LLMCompiler : 한국인이 만든 추론 방법론으로 AI Agent를 만듭니다. 역시 '빨리빨리',"Mar 26, 2025",1243,0
2023-03-16,PSTsSCvuoMk,LLMCompiler : 한국인이 만든 추론 방법론으로 AI Agent를 만듭니다. 역시 '빨리빨리',"Mar 26, 2025",1243,0
2023-03-17,PSTsSCvuoMk,LLMCompiler : 한국인이 만든 추론 방법론으로 AI Agent를 만듭니다. 역시 '빨리빨리',"Mar 26, 2025",1243,0
2023-03-18,PSTsSCvuoMk,LLMCompiler : 한국인이 만든 추론 방법론으로 AI Agent를 만듭니다. 역시 '빨리빨리',"Mar 26, 2025",1243,0
2023-03-19,PSTsSCvuoMk,LLMCompiler : 한국인이 만든 추론 방법론으로 AI Agent를 만듭니다. 역시 '빨리빨리',"Mar 26, 2025",1243,0
2023-03-20,PSTsSCvuoMk,LLMCompiler : 한국인이 만든 추론 방법론으로 AI Agent를 만듭니다. 역시 '빨리빨리',"Mar 26, 2025",1243,0
2023-03-21,PSTsSCvuoMk,LLMCompiler : 한국인이 만든 추론 방법론으로 AI Agent를 만듭니다. 역시 '빨리빨리',"Mar 26, 2025",1243,0
2023-03-22,PSTsSCvuoMk,LLMCompiler : 한국인이 만든 추론 방법론으로 AI Agent를 만듭니다. 역시 '빨리빨리',"Mar 26, 2025",1243,0
2023-03-23,PSTsSCvuoMk,LLMCompiler : 한국인이 만든 추론 방법론으로 AI Agent를 만듭니다. 역시 '빨리빨리',"Mar 26, 2025",1243,0
2023-03-24,PSTsSCvuoMk,LLMCompiler : 한국인이 만든 추론 방법론으로 AI Agent를 만듭니다. 역시 '빨리빨리',"Mar 26, 2025",1243,0
2023-03-25,PSTsSCvuoMk,LLMCompiler : 한국인이 만든 추론 방법론으로 AI Agent를 만듭니다. 역시 '빨리빨리',"Mar 26, 2025",1243,0
2023-03-26,PSTsSCvuoMk,LLMCompiler : 한국인이 만든 추론 방법론으로 AI Agent를 만듭니다. 역시 '빨리빨리',"Mar 26, 2025",1243,0
2023-03-27,PSTsSCvuoMk,LLMCompiler : 한국인이 만든 추론 방법론으로 AI Agent를 만듭니다. 역시 '빨리빨리',"Mar 26, 2025",1243,0
2023-03-28,PSTsSCvuoMk,LLMCompiler : 한국인이 만든 추론 방법론으로 AI Agent를 만듭니다. 역시 '빨리빨리',"Mar 26, 2025",1243,0
2023-03-29,PSTsSCvuoMk,LLMCompiler : 한국인이 만든 추론 방법론으로 AI Agent를 만듭니다. 역시 '빨리빨리',"Mar 26, 2025",1243,0
2023-03-30,PSTsSCvuoMk,LLMCompiler : 한국인이 만든 추론 방법론으로 AI Agent를 만듭니다. 역시 '빨리빨리',"Mar 26, 2025",1243,0
2023-03-31,PSTsSCvuoMk,LLMCompiler : 한국인이 만든 추론 방법론으로 AI Agent를 만듭니다. 역시 '빨리빨리',"Mar 26, 2025",1243,0
2023-04-01,PSTsSCvuoMk,LLMCompiler : 한국인이 만든 추론 방법론으로 AI Agent를 만듭니다. 역시 '빨리빨리',"Mar 26, 2025",1243,0
2023-04-02,PSTsSCvuoMk,LLMCompiler : 한국인이 만든 추론 방법론으로 AI Agent를 만듭니다. 역시 '빨리빨리',"Mar 26, 2025",1243,0
2023-04-03,PSTsSCvuoMk,LLMCompiler : 한국인이 만든 추론 방법론으로 AI Agent를 만듭니다. 역시 '빨리빨리',"Mar 26, 2025",1243,0
2023-04-04,PSTsSCvuoMk,LLMCompiler : 한국인이 만든 추론 방법론으로 AI Agent를 만듭니다. 역시 '빨리빨리',"Mar 26, 2025",1243,0
2023-04-05,PSTsSCvuoMk,LLMCompiler : 한국인이 만든 추론 방법론으로 AI Agent를 만듭니다. 역시 '빨리빨리',"Mar 26, 2025",1243,0
2023-04-06,PSTsSCvuoMk,LLMCompiler : 한국인이 만든 추론 방법론으로 AI Agent를 만듭니다. 역시 '빨리빨리',"Mar 26, 2025",1243,0
2023-04-07,PSTsSCvuoMk,LLMCompiler : 한국인이 만든 추론 방법론으로 AI Agent를 만듭니다. 역시 '빨리빨리',"Mar 26, 2025",1243,0
2023-04-08,PSTsSCvuoMk,LLMCompiler : 한국인이 만든 추론 방법론으로 AI Agent를 만듭니다. 역시 '빨리빨리',"Mar 26, 2025",1243,0
2023-04-09,PSTsSCvuoMk,LLMCompiler : 한국인이 만든 추론 방법론으로 AI Agent를 만듭니다. 역시 '빨리빨리',"Mar 26, 2025",1243,0
2023-04-10,PSTsSCvuoMk,LLMCompiler : 한국인이 만든 추론 방법론으로 AI Agent를 만듭니다. 역시 '빨리빨리',"Mar 26, 2025",1243,0
2023-04-11,PSTsSCvuoMk,LLMCompiler : 한국인이 만든 추론 방법론으로 AI Agent를 만듭니다. 역시 '빨리빨리',"Mar 26, 2025",1243,0
2023-04-12,PSTsSCvuoMk,LLMCompiler : 한국인이 만든 추론 방법론으로 AI Agent를 만듭니다. 역시 '빨리빨리',"Mar 26, 2025",1243,0
2023-04-13,PSTsSCvuoMk,LLMCompiler : 한국인이 만든 추론 방법론으로 AI Agent를 만듭니다. 역시 '빨리빨리',"Mar 26, 2025",1243,0
2023-04-14,PSTsSCvuoMk,LLMCompiler : 한국인이 만든 추론 방법론으로 AI Agent를 만듭니다. 역시 '빨리빨리',"Mar 26, 2025",1243,0
2023-04-15,PSTsSCvuoMk,LLMCompiler : 한국인이 만든 추론 방법론으로 AI Agent를 만듭니다. 역시 '빨리빨리',"Mar 26, 2025",1243,0
2023-04-16,PSTsSCvuoMk,LLMCompiler : 한국인이 만든 추론 방법론으로 AI Agent를 만듭니다. 역시 '빨리빨리',"Mar 26, 2025",1243,0
2023-04-17,PSTsSCvuoMk,LLMCompiler : 한국인이 만든 추론 방법론으로 AI Agent를 만듭니다. 역시 '빨리빨리',"Mar 26, 2025",1243,0
2023-04-18,PSTsSCvuoMk,LLMCompiler : 한국인이 만든 추론 방법론으로 AI Agent를 만듭니다. 역시 '빨리빨리',"Mar 26, 2025",1243,0
2023-04-19,PSTsSCvuoMk,LLMCompiler : 한국인이 만든 추론 방법론으로 AI Agent를 만듭니다. 역시 '빨리빨리',"Mar 26, 2025",1243,0
2023-04-20,PSTsSCvuoMk,LLMCompiler : 한국인이 만든 추론 방법론으로 AI Agent를 만듭니다. 역시 '빨리빨리',"Mar 26, 2025",1243,0
2023-04-21,PSTsSCvuoMk,LLMCompiler : 한국인이 만든 추론 방법론으로 AI Agent를 만듭니다. 역시 '빨리빨리',"Mar 26, 2025",1243,0
2023-04-22,PSTsSCvuoMk,LLMCompiler : 한국인이 만든 추론 방법론으로 AI Agent를 만듭니다. 역시 '빨리빨리',"Mar 26, 2025",1243,0
2023-04-23,PSTsSCvuoMk,LLMCompiler : 한국인이 만든 추론 방법론으로 AI Agent를 만듭니다. 역시 '빨리빨리',"Mar 26, 2025",1243,0
2023-04-24,PSTsSCvuoMk,LLMCompiler : 한국인이 만든 추론 방법론으로 AI Agent를 만듭니다. 역시 '빨리빨리',"Mar 26, 2025",1243,0
2023-04-25,PSTsSCvuoMk,LLMCompiler : 한국인이 만든 추론 방법론으로 AI Agent를 만듭니다. 역시 '빨리빨리',"Mar 26, 2025",1243,0
2023-04-26,PSTsSCvuoMk,LLMCompiler : 한국인이 만든 추론 방법론으로 AI Agent를 만듭니다. 역시 '빨리빨리',"Mar 26, 2025",1243,0
2023-04-27,PSTsSCvuoMk,LLMCompiler : 한국인이 만든 추론 방법론으로 AI Agent를 만듭니다. 역시 '빨리빨리',"Mar 26, 2025",1243,0
2023-04-28,PSTsSCvuoMk,LLMCompiler : 한국인이 만든 추론 방법론으로 AI Agent를 만듭니다. 역시 '빨리빨리',"Mar 26, 2025",1243,0
2023-04-29,PSTsSCvuoMk,LLMCompiler : 한국인이 만든 추론 방법론으로 AI Agent를 만듭니다. 역시 '빨리빨리',"Mar 26, 2025",1243,0
2023-04-30,PSTsSCvuoMk,LLMCompiler : 한국인이 만든 추론 방법론으로 AI Agent를 만듭니다. 역시 '빨리빨리',"Mar 26, 2025",1243,0
2023-05-01,PSTsSCvuoMk,LLMCompiler : 한국인이 만든 추론 방법론으로 AI Agent를 만듭니다. 역시 '빨리빨리',"Mar 26, 2025",1243,0
2023-05-02,PSTsSCvuoMk,LLMCompiler : 한국인이 만든 추론 방법론으로 AI Agent를 만듭니다. 역시 '빨리빨리',"Mar 26, 2025",1243,0
2023-05-03,PSTsSCvuoMk,LLMCompiler : 한국인이 만든 추론 방법론으로 AI Agent를 만듭니다. 역시 '빨리빨리',"Mar 26, 2025",1243,0
2023-05-04,PSTsSCvuoMk,LLMCompiler : 한국인이 만든 추론 방법론으로 AI Agent를 만듭니다. 역시 '빨리빨리',"Mar 26, 2025",1243,0
2023-05-05,PSTsSCvuoMk,LLMCompiler : 한국인이 만든 추론 방법론으로 AI Agent를 만듭니다. 역시 '빨리빨리',"Mar 26, 2025",1243,0
2023-05-06,PSTsSCvuoMk,LLMCompiler : 한국인이 만든 추론 방법론으로 AI Agent를 만듭니다. 역시 '빨리빨리',"Mar 26, 2025",1243,0
2023-05-07,PSTsSCvuoMk,LLMCompiler : 한국인이 만든 추론 방법론으로 AI Agent를 만듭니다. 역시 '빨리빨리',"Mar 26, 2025",1243,0
2023-05-08,PSTsSCvuoMk,LLMCompiler : 한국인이 만든 추론 방법론으로 AI Agent를 만듭니다. 역시 '빨리빨리',"Mar 26, 2025",1243,0
2023-05-09,PSTsSCvuoMk,LLMCompiler : 한국인이 만든 추론 방법론으로 AI Agent를 만듭니다. 역시 '빨리빨리',"Mar 26, 2025",1243,0
2023-05-10,PSTsSCvuoMk,LLMCompiler : 한국인이 만든 추론 방법론으로 AI Agent를 만듭니다. 역시 '빨리빨리',"Mar 26, 2025",1243,0
2023-05-11,PSTsSCvuoMk,LLMCompiler : 한국인이 만든 추론 방법론으로 AI Agent를 만듭니다. 역시 '빨리빨리',"Mar 26, 2025",1243,0
2023-05-12,PSTsSCvuoMk,LLMCompiler : 한국인이 만든 추론 방법론으로 AI Agent를 만듭니다. 역시 '빨리빨리',"Mar 26, 2025",1243,0
2023-05-13,PSTsSCvuoMk,LLMCompiler : 한국인이 만든 추론 방법론으로 AI Agent를 만듭니다. 역시 '빨리빨리',"Mar 26, 2025",1243,0
2023-05-14,PSTsSCvuoMk,LLMCompiler : 한국인이 만든 추론 방법론으로 AI Agent를 만듭니다. 역시 '빨리빨리',"Mar 26, 2025",1243,0
2023-05-15,PSTsSCvuoMk,LLMCompiler : 한국인이 만든 추론 방법론으로 AI Agent를 만듭니다. 역시 '빨리빨리',"Mar 26, 2025",1243,0
2023-05-16,PSTsSCvuoMk,LLMCompiler : 한국인이 만든 추론 방법론으로 AI Agent를 만듭니다. 역시 '빨리빨리',"Mar 26, 2025",1243,0
2023-05-17,PSTsSCvuoMk,LLMCompiler : 한국인이 만든 추론 방법론으로 AI Agent를 만듭니다. 역시 '빨리빨리',"Mar 26, 2025",1243,0
2023-05-18,PSTsSCvuoMk,LLMCompiler : 한국인이 만든 추론 방법론으로 AI Agent를 만듭니다. 역시 '빨리빨리',"Mar 26, 2025",1243,0
2023-05-19,PSTsSCvuoMk,LLMCompiler : 한국인이 만든 추론 방법론으로 AI Agent를 만듭니다. 역시 '빨리빨리',"Mar 26, 2025",1243,0
2023-05-20,PSTsSCvuoMk,LLMCompiler : 한국인이 만든 추론 방법론으로 AI Agent를 만듭니다. 역시 '빨리빨리',"Mar 26, 2025",1243,0
2023-05-21,PSTsSCvuoMk,LLMCompiler : 한국인이 만든 추론 방법론으로 AI Agent를 만듭니다. 역시 '빨리빨리',"Mar 26, 2025",1243,0
2023-05-22,PSTsSCvuoMk,LLMCompiler : 한국인이 만든 추론 방법론으로 AI Agent를 만듭니다. 역시 '빨리빨리',"Mar 26, 2025",1243,0
2023-05-23,PSTsSCvuoMk,LLMCompiler : 한국인이 만든 추론 방법론으로 AI Agent를 만듭니다. 역시 '빨리빨리',"Mar 26, 2025",1243,0
2023-05-24,PSTsSCvuoMk,LLMCompiler : 한국인이 만든 추론 방법론으로 AI Agent를 만듭니다. 역시 '빨리빨리',"Mar 26, 2025",1243,0
2023-05-25,PSTsSCvuoMk,LLMCompiler : 한국인이 만든 추론 방법론으로 AI Agent를 만듭니다. 역시 '빨리빨리',"Mar 26, 2025",1243,0
2023-05-26,PSTsSCvuoMk,LLMCompiler : 한국인이 만든 추론 방법론으로 AI Agent를 만듭니다. 역시 '빨리빨리',"Mar 26, 2025",1243,0
2023-05-27,PSTsSCvuoMk,LLMCompiler : 한국인이 만든 추론 방법론으로 AI Agent를 만듭니다. 역시 '빨리빨리',"Mar 26, 2025",1243,0
2023-05-28,PSTsSCvuoMk,LLMCompiler : 한국인이 만든 추론 방법론으로 AI Agent를 만듭니다. 역시 '빨리빨리',"Mar 26, 2025",1243,0
2023-05-29,PSTsSCvuoMk,LLMCompiler : 한국인이 만든 추론 방법론으로 AI Agent를 만듭니다. 역시 '빨리빨리',"Mar 26, 2025",1243,0
2023-05-30,PSTsSCvuoMk,LLMCompiler : 한국인이 만든 추론 방법론으로 AI Agent를 만듭니다. 역시 '빨리빨리',"Mar 26, 2025",1243,0
2023-05-31,PSTsSCvuoMk,LLMCompiler : 한국인이 만든 추론 방법론으로 AI Agent를 만듭니다. 역시 '빨리빨리',"Mar 26, 2025",1243,0
2023-06-01,PSTsSCvuoMk,LLMCompiler : 한국인이 만든 추론 방법론으로 AI Agent를 만듭니다. 역시 '빨리빨리',"Mar 26, 2025",1243,0
2023-06-02,PSTsSCvuoMk,LLMCompiler : 한국인이 만든 추론 방법론으로 AI Agent를 만듭니다. 역시 '빨리빨리',"Mar 26, 2025",1243,0
2023-06-03,PSTsSCvuoMk,LLMCompiler : 한국인이 만든 추론 방법론으로 AI Agent를 만듭니다. 역시 '빨리빨리',"Mar 26, 2025",1243,0
2023-06-04,PSTsSCvuoMk,LLMCompiler : 한국인이 만든 추론 방법론으로 AI Agent를 만듭니다. 역시 '빨리빨리',"Mar 26, 2025",1243,0
2023-06-05,PSTsSCvuoMk,LLMCompiler : 한국인이 만든 추론 방법론으로 AI Agent를 만듭니다. 역시 '빨리빨리',"Mar 26, 2025",1243,0
2023-06-06,PSTsSCvuoMk,LLMCompiler : 한국인이 만든 추론 방법론으로 AI Agent를 만듭니다. 역시 '빨리빨리',"Mar 26, 2025",1243,0
2023-06-07,PSTsSCvuoMk,LLMCompiler : 한국인이 만든 추론 방법론으로 AI Agent를 만듭니다. 역시 '빨리빨리',"Mar 26, 2025",1243,0
2023-06-08,PSTsSCvuoMk,LLMCompiler : 한국인이 만든 추론 방법론으로 AI Agent를 만듭니다. 역시 '빨리빨리',"Mar 26, 2025",1243,0
2023-06-09,PSTsSCvuoMk,LLMCompiler : 한국인이 만든 추론 방법론으로 AI Agent를 만듭니다. 역시 '빨리빨리',"Mar 26, 2025",1243,0
2023-06-10,PSTsSCvuoMk,LLMCompiler : 한국인이 만든 추론 방법론으로 AI Agent를 만듭니다. 역시 '빨리빨리',"Mar 26, 2025",1243,0
2023-06-11,PSTsSCvuoMk,LLMCompiler : 한국인이 만든 추론 방법론으로 AI Agent를 만듭니다. 역시 '빨리빨리',"Mar 26, 2025",1243,0
2023-06-12,PSTsSCvuoMk,LLMCompiler : 한국인이 만든 추론 방법론으로 AI Agent를 만듭니다. 역시 '빨리빨리',"Mar 26, 2025",1243,0
2023-06-13,PSTsSCvuoMk,LLMCompiler : 한국인이 만든 추론 방법론으로 AI Agent를 만듭니다. 역시 '빨리빨리',"Mar 26, 2025",1243,0
2023-06-14,PSTsSCvuoMk,LLMCompiler : 한국인이 만든 추론 방법론으로 AI Agent를 만듭니다. 역시 '빨리빨리',"Mar 26, 2025",1243,0
2023-06-15,PSTsSCvuoMk,LLMCompiler : 한국인이 만든 추론 방법론으로 AI Agent를 만듭니다. 역시 '빨리빨리',"Mar 26, 2025",1243,0
2023-06-16,PSTsSCvuoMk,LLMCompiler : 한국인이 만든 추론 방법론으로 AI Agent를 만듭니다. 역시 '빨리빨리',"Mar 26, 2025",1243,0
2023-06-17,PSTsSCvuoMk,LLMCompiler : 한국인이 만든 추론 방법론으로 AI Agent를 만듭니다. 역시 '빨리빨리',"Mar 26, 2025",1243,0
2023-06-18,PSTsSCvuoMk,LLMCompiler : 한국인이 만든 추론 방법론으로 AI Agent를 만듭니다. 역시 '빨리빨리',"Mar 26, 2025",1243,0
2023-06-19,PSTsSCvuoMk,LLMCompiler : 한국인이 만든 추론 방법론으로 AI Agent를 만듭니다. 역시 '빨리빨리',"Mar 26, 2025",1243,0
2023-06-20,PSTsSCvuoMk,LLMCompiler : 한국인이 만든 추론 방법론으로 AI Agent를 만듭니다. 역시 '빨리빨리',"Mar 26, 2025",1243,0
2023-06-21,PSTsSCvuoMk,LLMCompiler : 한국인이 만든 추론 방법론으로 AI Agent를 만듭니다. 역시 '빨리빨리',"Mar 26, 2025",1243,0
2023-06-22,PSTsSCvuoMk,LLMCompiler : 한국인이 만든 추론 방법론으로 AI Agent를 만듭니다. 역시 '빨리빨리',"Mar 26, 2025",1243,0
2023-06-23,PSTsSCvuoMk,LLMCompiler : 한국인이 만든 추론 방법론으로 AI Agent를 만듭니다. 역시 '빨리빨리',"Mar 26, 2025",1243,0
2023-06-24,PSTsSCvuoMk,LLMCompiler : 한국인이 만든 추론 방법론으로 AI Agent를 만듭니다. 역시 '빨리빨리',"Mar 26, 2025",1243,0
2023-06-25,PSTsSCvuoMk,LLMCompiler : 한국인이 만든 추론 방법론으로 AI Agent를 만듭니다. 역시 '빨리빨리',"Mar 26, 2025",1243,0
2023-06-26,PSTsSCvuoMk,LLMCompiler : 한국인이 만든 추론 방법론으로 AI Agent를 만듭니다. 역시 '빨리빨리',"Mar 26, 2025",1243,0
2023-06-27,PSTsSCvuoMk,LLMCompiler : 한국인이 만든 추론 방법론으로 AI Agent를 만듭니다. 역시 '빨리빨리',"Mar 26, 2025",1243,0
2023-06-28,PSTsSCvuoMk,LLMCompiler : 한국인이 만든 추론 방법론으로 AI Agent를 만듭니다. 역시 '빨리빨리',"Mar 26, 2025",1243,0
2023-06-29,PSTsSCvuoMk,LLMCompiler : 한국인이 만든 추론 방법론으로 AI Agent를 만듭니다. 역시 '빨리빨리',"Mar 26, 2025",1243,0
2023-06-30,PSTsSCvuoMk,LLMCompiler : 한국인이 만든 추론 방법론으로 AI Agent를 만듭니다. 역시 '빨리빨리',"Mar 26, 2025",1243,0
2023-07-01,PSTsSCvuoMk,LLMCompiler : 한국인이 만든 추론 방법론으로 AI Agent를 만듭니다. 역시 '빨리빨리',"Mar 26, 2025",1243,0
2023-07-02,PSTsSCvuoMk,LLMCompiler : 한국인이 만든 추론 방법론으로 AI Agent를 만듭니다. 역시 '빨리빨리',"Mar 26, 2025",1243,0
2023-07-03,PSTsSCvuoMk,LLMCompiler : 한국인이 만든 추론 방법론으로 AI Agent를 만듭니다. 역시 '빨리빨리',"Mar 26, 2025",1243,0
2023-07-04,PSTsSCvuoMk,LLMCompiler : 한국인이 만든 추론 방법론으로 AI Agent를 만듭니다. 역시 '빨리빨리',"Mar 26, 2025",1243,0
2023-07-05,PSTsSCvuoMk,LLMCompiler : 한국인이 만든 추론 방법론으로 AI Agent를 만듭니다. 역시 '빨리빨리',"Mar 26, 2025",1243,0
2023-07-06,PSTsSCvuoMk,LLMCompiler : 한국인이 만든 추론 방법론으로 AI Agent를 만듭니다. 역시 '빨리빨리',"Mar 26, 2025",1243,0
2023-07-07,PSTsSCvuoMk,LLMCompiler : 한국인이 만든 추론 방법론으로 AI Agent를 만듭니다. 역시 '빨리빨리',"Mar 26, 2025",1243,0
2023-07-08,PSTsSCvuoMk,LLMCompiler : 한국인이 만든 추론 방법론으로 AI Agent를 만듭니다. 역시 '빨리빨리',"Mar 26, 2025",1243,0
2023-07-09,PSTsSCvuoMk,LLMCompiler : 한국인이 만든 추론 방법론으로 AI Agent를 만듭니다. 역시 '빨리빨리',"Mar 26, 2025",1243,0
2023-07-10,PSTsSCvuoMk,LLMCompiler : 한국인이 만든 추론 방법론으로 AI Agent를 만듭니다. 역시 '빨리빨리',"Mar 26, 2025",1243,0
2023-07-11,PSTsSCvuoMk,LLMCompiler : 한국인이 만든 추론 방법론으로 AI Agent를 만듭니다. 역시 '빨리빨리',"Mar 26, 2025",1243,0
2023-07-12,PSTsSCvuoMk,LLMCompiler : 한국인이 만든 추론 방법론으로 AI Agent를 만듭니다. 역시 '빨리빨리',"Mar 26, 2025",1243,0
2023-07-13,PSTsSCvuoMk,LLMCompiler : 한국인이 만든 추론 방법론으로 AI Agent를 만듭니다. 역시 '빨리빨리',"Mar 26, 2025",1243,0
2023-07-14,PSTsSCvuoMk,LLMCompiler : 한국인이 만든 추론 방법론으로 AI Agent를 만듭니다. 역시 '빨리빨리',"Mar 26, 2025",1243,0
2023-07-15,PSTsSCvuoMk,LLMCompiler : 한국인이 만든 추론 방법론으로 AI Agent를 만듭니다. 역시 '빨리빨리',"Mar 26, 2025",1243,0
2023-07-16,PSTsSCvuoMk,LLMCompiler : 한국인이 만든 추론 방법론으로 AI Agent를 만듭니다. 역시 '빨리빨리',"Mar 26, 2025",1243,0
2023-07-17,PSTsSCvuoMk,LLMCompiler : 한국인이 만든 추론 방법론으로 AI Agent를 만듭니다. 역시 '빨리빨리',"Mar 26, 2025",1243,0
2023-07-18,PSTsSCvuoMk,LLMCompiler : 한국인이 만든 추론 방법론으로 AI Agent를 만듭니다. 역시 '빨리빨리',"Mar 26, 2025",1243,0
2023-07-19,PSTsSCvuoMk,LLMCompiler : 한국인이 만든 추론 방법론으로 AI Agent를 만듭니다. 역시 '빨리빨리',"Mar 26, 2025",1243,0
2023-07-20,PSTsSCvuoMk,LLMCompiler : 한국인이 만든 추론 방법론으로 AI Agent를 만듭니다. 역시 '빨리빨리',"Mar 26, 2025",1243,0
2023-07-21,PSTsSCvuoMk,LLMCompiler : 한국인이 만든 추론 방법론으로 AI Agent를 만듭니다. 역시 '빨리빨리',"Mar 26, 2025",1243,0
2023-07-22,PSTsSCvuoMk,LLMCompiler : 한국인이 만든 추론 방법론으로 AI Agent를 만듭니다. 역시 '빨리빨리',"Mar 26, 2025",1243,0
2023-07-23,PSTsSCvuoMk,LLMCompiler : 한국인이 만든 추론 방법론으로 AI Agent를 만듭니다. 역시 '빨리빨리',"Mar 26, 2025",1243,0
2023-07-24,PSTsSCvuoMk,LLMCompiler : 한국인이 만든 추론 방법론으로 AI Agent를 만듭니다. 역시 '빨리빨리',"Mar 26, 2025",1243,0
2023-07-25,PSTsSCvuoMk,LLMCompiler : 한국인이 만든 추론 방법론으로 AI Agent를 만듭니다. 역시 '빨리빨리',"Mar 26, 2025",1243,0
2023-07-26,PSTsSCvuoMk,LLMCompiler : 한국인이 만든 추론 방법론으로 AI Agent를 만듭니다. 역시 '빨리빨리',"Mar 26, 2025",1243,0
2023-07-27,PSTsSCvuoMk,LLMCompiler : 한국인이 만든 추론 방법론으로 AI Agent를 만듭니다. 역시 '빨리빨리',"Mar 26, 2025",1243,0
2023-07-28,PSTsSCvuoMk,LLMCompiler : 한국인이 만든 추론 방법론으로 AI Agent를 만듭니다. 역시 '빨리빨리',"Mar 26, 2025",1243,0
2023-07-29,PSTsSCvuoMk,LLMCompiler : 한국인이 만든 추론 방법론으로 AI Agent를 만듭니다. 역시 '빨리빨리',"Mar 26, 2025",1243,0
2023-07-30,PSTsSCvuoMk,LLMCompiler : 한국인이 만든 추론 방법론으로 AI Agent를 만듭니다. 역시 '빨리빨리',"Mar 26, 2025",1243,0
2023-07-31,PSTsSCvuoMk,LLMCompiler : 한국인이 만든 추론 방법론으로 AI Agent를 만듭니다. 역시 '빨리빨리',"Mar 26, 2025",1243,0
2023-08-01,PSTsSCvuoMk,LLMCompiler : 한국인이 만든 추론 방법론으로 AI Agent를 만듭니다. 역시 '빨리빨리',"Mar 26, 2025",1243,0
2023-08-02,PSTsSCvuoMk,LLMCompiler : 한국인이 만든 추론 방법론으로 AI Agent를 만듭니다. 역시 '빨리빨리',"Mar 26, 2025",1243,0
2023-08-03,PSTsSCvuoMk,LLMCompiler : 한국인이 만든 추론 방법론으로 AI Agent를 만듭니다. 역시 '빨리빨리',"Mar 26, 2025",1243,0
2023-08-04,PSTsSCvuoMk,LLMCompiler : 한국인이 만든 추론 방법론으로 AI Agent를 만듭니다. 역시 '빨리빨리',"Mar 26, 2025",1243,0
2023-08-05,PSTsSCvuoMk,LLMCompiler : 한국인이 만든 추론 방법론으로 AI Agent를 만듭니다. 역시 '빨리빨리',"Mar 26, 2025",1243,0
2023-08-06,PSTsSCvuoMk,LLMCompiler : 한국인이 만든 추론 방법론으로 AI Agent를 만듭니다. 역시 '빨리빨리',"Mar 26, 2025",1243,0
2023-08-07,PSTsSCvuoMk,LLMCompiler : 한국인이 만든 추론 방법론으로 AI Agent를 만듭니다. 역시 '빨리빨리',"Mar 26, 2025",1243,0
2023-08-08,PSTsSCvuoMk,LLMCompiler : 한국인이 만든 추론 방법론으로 AI Agent를 만듭니다. 역시 '빨리빨리',"Mar 26, 2025",1243,0
2023-08-09,PSTsSCvuoMk,LLMCompiler : 한국인이 만든 추론 방법론으로 AI Agent를 만듭니다. 역시 '빨리빨리',"Mar 26, 2025",1243,0
2023-08-10,PSTsSCvuoMk,LLMCompiler : 한국인이 만든 추론 방법론으로 AI Agent를 만듭니다. 역시 '빨리빨리',"Mar 26, 2025",1243,0
2023-08-11,PSTsSCvuoMk,LLMCompiler : 한국인이 만든 추론 방법론으로 AI Agent를 만듭니다. 역시 '빨리빨리',"Mar 26, 2025",1243,0
2023-08-12,PSTsSCvuoMk,LLMCompiler : 한국인이 만든 추론 방법론으로 AI Agent를 만듭니다. 역시 '빨리빨리',"Mar 26, 2025",1243,0
2023-08-13,PSTsSCvuoMk,LLMCompiler : 한국인이 만든 추론 방법론으로 AI Agent를 만듭니다. 역시 '빨리빨리',"Mar 26, 2025",1243,0
2023-08-14,PSTsSCvuoMk,LLMCompiler : 한국인이 만든 추론 방법론으로 AI Agent를 만듭니다. 역시 '빨리빨리',"Mar 26, 2025",1243,0
2023-08-15,PSTsSCvuoMk,LLMCompiler : 한국인이 만든 추론 방법론으로 AI Agent를 만듭니다. 역시 '빨리빨리',"Mar 26, 2025",1243,0
2023-08-16,PSTsSCvuoMk,LLMCompiler : 한국인이 만든 추론 방법론으로 AI Agent를 만듭니다. 역시 '빨리빨리',"Mar 26, 2025",1243,0
2023-08-17,PSTsSCvuoMk,LLMCompiler : 한국인이 만든 추론 방법론으로 AI Agent를 만듭니다. 역시 '빨리빨리',"Mar 26, 2025",1243,0
2023-08-18,PSTsSCvuoMk,LLMCompiler : 한국인이 만든 추론 방법론으로 AI Agent를 만듭니다. 역시 '빨리빨리',"Mar 26, 2025",1243,0
2023-08-19,PSTsSCvuoMk,LLMCompiler : 한국인이 만든 추론 방법론으로 AI Agent를 만듭니다. 역시 '빨리빨리',"Mar 26, 2025",1243,0
2023-08-20,PSTsSCvuoMk,LLMCompiler : 한국인이 만든 추론 방법론으로 AI Agent를 만듭니다. 역시 '빨리빨리',"Mar 26, 2025",1243,0
2023-08-21,PSTsSCvuoMk,LLMCompiler : 한국인이 만든 추론 방법론으로 AI Agent를 만듭니다. 역시 '빨리빨리',"Mar 26, 2025",1243,0
2023-08-22,PSTsSCvuoMk,LLMCompiler : 한국인이 만든 추론 방법론으로 AI Agent를 만듭니다. 역시 '빨리빨리',"Mar 26, 2025",1243,0
2023-08-23,PSTsSCvuoMk,LLMCompiler : 한국인이 만든 추론 방법론으로 AI Agent를 만듭니다. 역시 '빨리빨리',"Mar 26, 2025",1243,0
2023-08-24,PSTsSCvuoMk,LLMCompiler : 한국인이 만든 추론 방법론으로 AI Agent를 만듭니다. 역시 '빨리빨리',"Mar 26, 2025",1243,0
2023-08-25,PSTsSCvuoMk,LLMCompiler : 한국인이 만든 추론 방법론으로 AI Agent를 만듭니다. 역시 '빨리빨리',"Mar 26, 2025",1243,0
2023-08-26,PSTsSCvuoMk,LLMCompiler : 한국인이 만든 추론 방법론으로 AI Agent를 만듭니다. 역시 '빨리빨리',"Mar 26, 2025",1243,0
2023-08-27,PSTsSCvuoMk,LLMCompiler : 한국인이 만든 추론 방법론으로 AI Agent를 만듭니다. 역시 '빨리빨리',"Mar 26, 2025",1243,0
2023-08-28,PSTsSCvuoMk,LLMCompiler : 한국인이 만든 추론 방법론으로 AI Agent를 만듭니다. 역시 '빨리빨리',"Mar 26, 2025",1243,0
2023-08-29,PSTsSCvuoMk,LLMCompiler : 한국인이 만든 추론 방법론으로 AI Agent를 만듭니다. 역시 '빨리빨리',"Mar 26, 2025",1243,0
2023-08-30,PSTsSCvuoMk,LLMCompiler : 한국인이 만든 추론 방법론으로 AI Agent를 만듭니다. 역시 '빨리빨리',"Mar 26, 2025",1243,0
2023-08-31,PSTsSCvuoMk,LLMCompiler : 한국인이 만든 추론 방법론으로 AI Agent를 만듭니다. 역시 '빨리빨리',"Mar 26, 2025",1243,0
2023-09-01,PSTsSCvuoMk,LLMCompiler : 한국인이 만든 추론 방법론으로 AI Agent를 만듭니다. 역시 '빨리빨리',"Mar 26, 2025",1243,0
2023-09-02,PSTsSCvuoMk,LLMCompiler : 한국인이 만든 추론 방법론으로 AI Agent를 만듭니다. 역시 '빨리빨리',"Mar 26, 2025",1243,0
2023-09-03,PSTsSCvuoMk,LLMCompiler : 한국인이 만든 추론 방법론으로 AI Agent를 만듭니다. 역시 '빨리빨리',"Mar 26, 2025",1243,0
2023-09-04,PSTsSCvuoMk,LLMCompiler : 한국인이 만든 추론 방법론으로 AI Agent를 만듭니다. 역시 '빨리빨리',"Mar 26, 2025",1243,0
2023-09-05,PSTsSCvuoMk,LLMCompiler : 한국인이 만든 추론 방법론으로 AI Agent를 만듭니다. 역시 '빨리빨리',"Mar 26, 2025",1243,0
2023-09-06,PSTsSCvuoMk,LLMCompiler : 한국인이 만든 추론 방법론으로 AI Agent를 만듭니다. 역시 '빨리빨리',"Mar 26, 2025",1243,0
2023-09-07,PSTsSCvuoMk,LLMCompiler : 한국인이 만든 추론 방법론으로 AI Agent를 만듭니다. 역시 '빨리빨리',"Mar 26, 2025",1243,0
2023-09-08,PSTsSCvuoMk,LLMCompiler : 한국인이 만든 추론 방법론으로 AI Agent를 만듭니다. 역시 '빨리빨리',"Mar 26, 2025",1243,0
2023-09-09,PSTsSCvuoMk,LLMCompiler : 한국인이 만든 추론 방법론으로 AI Agent를 만듭니다. 역시 '빨리빨리',"Mar 26, 2025",1243,0
2023-09-10,PSTsSCvuoMk,LLMCompiler : 한국인이 만든 추론 방법론으로 AI Agent를 만듭니다. 역시 '빨리빨리',"Mar 26, 2025",1243,0
2023-09-11,PSTsSCvuoMk,LLMCompiler : 한국인이 만든 추론 방법론으로 AI Agent를 만듭니다. 역시 '빨리빨리',"Mar 26, 2025",1243,0
2023-09-12,PSTsSCvuoMk,LLMCompiler : 한국인이 만든 추론 방법론으로 AI Agent를 만듭니다. 역시 '빨리빨리',"Mar 26, 2025",1243,0
2023-09-13,PSTsSCvuoMk,LLMCompiler : 한국인이 만든 추론 방법론으로 AI Agent를 만듭니다. 역시 '빨리빨리',"Mar 26, 2025",1243,0
2023-09-14,PSTsSCvuoMk,LLMCompiler : 한국인이 만든 추론 방법론으로 AI Agent를 만듭니다. 역시 '빨리빨리',"Mar 26, 2025",1243,0
2023-09-15,PSTsSCvuoMk,LLMCompiler : 한국인이 만든 추론 방법론으로 AI Agent를 만듭니다. 역시 '빨리빨리',"Mar 26, 2025",1243,0
2023-09-16,PSTsSCvuoMk,LLMCompiler : 한국인이 만든 추론 방법론으로 AI Agent를 만듭니다. 역시 '빨리빨리',"Mar 26, 2025",1243,0
2023-09-17,PSTsSCvuoMk,LLMCompiler : 한국인이 만든 추론 방법론으로 AI Agent를 만듭니다. 역시 '빨리빨리',"Mar 26, 2025",1243,0
2023-09-18,PSTsSCvuoMk,LLMCompiler : 한국인이 만든 추론 방법론으로 AI Agent를 만듭니다. 역시 '빨리빨리',"Mar 26, 2025",1243,0
2023-09-19,PSTsSCvuoMk,LLMCompiler : 한국인이 만든 추론 방법론으로 AI Agent를 만듭니다. 역시 '빨리빨리',"Mar 26, 2025",1243,0
2023-09-20,PSTsSCvuoMk,LLMCompiler : 한국인이 만든 추론 방법론으로 AI Agent를 만듭니다. 역시 '빨리빨리',"Mar 26, 2025",1243,0
2023-09-21,PSTsSCvuoMk,LLMCompiler : 한국인이 만든 추론 방법론으로 AI Agent를 만듭니다. 역시 '빨리빨리',"Mar 26, 2025",1243,0
2023-09-22,PSTsSCvuoMk,LLMCompiler : 한국인이 만든 추론 방법론으로 AI Agent를 만듭니다. 역시 '빨리빨리',"Mar 26, 2025",1243,0
2023-09-23,PSTsSCvuoMk,LLMCompiler : 한국인이 만든 추론 방법론으로 AI Agent를 만듭니다. 역시 '빨리빨리',"Mar 26, 2025",1243,0
2023-09-24,PSTsSCvuoMk,LLMCompiler : 한국인이 만든 추론 방법론으로 AI Agent를 만듭니다. 역시 '빨리빨리',"Mar 26, 2025",1243,0
2023-09-25,PSTsSCvuoMk,LLMCompiler : 한국인이 만든 추론 방법론으로 AI Agent를 만듭니다. 역시 '빨리빨리',"Mar 26, 2025",1243,0
2023-09-26,PSTsSCvuoMk,LLMCompiler : 한국인이 만든 추론 방법론으로 AI Agent를 만듭니다. 역시 '빨리빨리',"Mar 26, 2025",1243,0
2023-09-27,PSTsSCvuoMk,LLMCompiler : 한국인이 만든 추론 방법론으로 AI Agent를 만듭니다. 역시 '빨리빨리',"Mar 26, 2025",1243,0
2023-09-28,PSTsSCvuoMk,LLMCompiler : 한국인이 만든 추론 방법론으로 AI Agent를 만듭니다. 역시 '빨리빨리',"Mar 26, 2025",1243,0
2023-09-29,PSTsSCvuoMk,LLMCompiler : 한국인이 만든 추론 방법론으로 AI Agent를 만듭니다. 역시 '빨리빨리',"Mar 26, 2025",1243,0
2023-09-30,PSTsSCvuoMk,LLMCompiler : 한국인이 만든 추론 방법론으로 AI Agent를 만듭니다. 역시 '빨리빨리',"Mar 26, 2025",1243,0
2023-10-01,PSTsSCvuoMk,LLMCompiler : 한국인이 만든 추론 방법론으로 AI Agent를 만듭니다. 역시 '빨리빨리',"Mar 26, 2025",1243,0
2023-10-02,PSTsSCvuoMk,LLMCompiler : 한국인이 만든 추론 방법론으로 AI Agent를 만듭니다. 역시 '빨리빨리',"Mar 26, 2025",1243,0
2023-10-03,PSTsSCvuoMk,LLMCompiler : 한국인이 만든 추론 방법론으로 AI Agent를 만듭니다. 역시 '빨리빨리',"Mar 26, 2025",1243,0
2023-10-04,PSTsSCvuoMk,LLMCompiler : 한국인이 만든 추론 방법론으로 AI Agent를 만듭니다. 역시 '빨리빨리',"Mar 26, 2025",1243,0
2023-10-05,PSTsSCvuoMk,LLMCompiler : 한국인이 만든 추론 방법론으로 AI Agent를 만듭니다. 역시 '빨리빨리',"Mar 26, 2025",1243,0
2023-10-06,PSTsSCvuoMk,LLMCompiler : 한국인이 만든 추론 방법론으로 AI Agent를 만듭니다. 역시 '빨리빨리',"Mar 26, 2025",1243,0
2023-10-07,PSTsSCvuoMk,LLMCompiler : 한국인이 만든 추론 방법론으로 AI Agent를 만듭니다. 역시 '빨리빨리',"Mar 26, 2025",1243,0
2023-10-08,PSTsSCvuoMk,LLMCompiler : 한국인이 만든 추론 방법론으로 AI Agent를 만듭니다. 역시 '빨리빨리',"Mar 26, 2025",1243,0
2023-10-09,PSTsSCvuoMk,LLMCompiler : 한국인이 만든 추론 방법론으로 AI Agent를 만듭니다. 역시 '빨리빨리',"Mar 26, 2025",1243,0
2023-10-10,PSTsSCvuoMk,LLMCompiler : 한국인이 만든 추론 방법론으로 AI Agent를 만듭니다. 역시 '빨리빨리',"Mar 26, 2025",1243,0
2023-10-11,PSTsSCvuoMk,LLMCompiler : 한국인이 만든 추론 방법론으로 AI Agent를 만듭니다. 역시 '빨리빨리',"Mar 26, 2025",1243,0
2023-10-12,PSTsSCvuoMk,LLMCompiler : 한국인이 만든 추론 방법론으로 AI Agent를 만듭니다. 역시 '빨리빨리',"Mar 26, 2025",1243,0
2023-10-13,PSTsSCvuoMk,LLMCompiler : 한국인이 만든 추론 방법론으로 AI Agent를 만듭니다. 역시 '빨리빨리',"Mar 26, 2025",1243,0
2023-10-14,PSTsSCvuoMk,LLMCompiler : 한국인이 만든 추론 방법론으로 AI Agent를 만듭니다. 역시 '빨리빨리',"Mar 26, 2025",1243,0
2023-10-15,PSTsSCvuoMk,LLMCompiler : 한국인이 만든 추론 방법론으로 AI Agent를 만듭니다. 역시 '빨리빨리',"Mar 26, 2025",1243,0
2023-10-16,PSTsSCvuoMk,LLMCompiler : 한국인이 만든 추론 방법론으로 AI Agent를 만듭니다. 역시 '빨리빨리',"Mar 26, 2025",1243,0
2023-10-17,PSTsSCvuoMk,LLMCompiler : 한국인이 만든 추론 방법론으로 AI Agent를 만듭니다. 역시 '빨리빨리',"Mar 26, 2025",1243,0
2023-10-18,PSTsSCvuoMk,LLMCompiler : 한국인이 만든 추론 방법론으로 AI Agent를 만듭니다. 역시 '빨리빨리',"Mar 26, 2025",1243,0
2023-10-19,PSTsSCvuoMk,LLMCompiler : 한국인이 만든 추론 방법론으로 AI Agent를 만듭니다. 역시 '빨리빨리',"Mar 26, 2025",1243,0
2023-10-20,PSTsSCvuoMk,LLMCompiler : 한국인이 만든 추론 방법론으로 AI Agent를 만듭니다. 역시 '빨리빨리',"Mar 26, 2025",1243,0
2023-10-21,PSTsSCvuoMk,LLMCompiler : 한국인이 만든 추론 방법론으로 AI Agent를 만듭니다. 역시 '빨리빨리',"Mar 26, 2025",1243,0
2023-10-22,PSTsSCvuoMk,LLMCompiler : 한국인이 만든 추론 방법론으로 AI Agent를 만듭니다. 역시 '빨리빨리',"Mar 26, 2025",1243,0
2023-10-23,PSTsSCvuoMk,LLMCompiler : 한국인이 만든 추론 방법론으로 AI Agent를 만듭니다. 역시 '빨리빨리',"Mar 26, 2025",1243,0
2023-10-24,PSTsSCvuoMk,LLMCompiler : 한국인이 만든 추론 방법론으로 AI Agent를 만듭니다. 역시 '빨리빨리',"Mar 26, 2025",1243,0
2023-10-25,PSTsSCvuoMk,LLMCompiler : 한국인이 만든 추론 방법론으로 AI Agent를 만듭니다. 역시 '빨리빨리',"Mar 26, 2025",1243,0
2023-10-26,PSTsSCvuoMk,LLMCompiler : 한국인이 만든 추론 방법론으로 AI Agent를 만듭니다. 역시 '빨리빨리',"Mar 26, 2025",1243,0
2023-10-27,PSTsSCvuoMk,LLMCompiler : 한국인이 만든 추론 방법론으로 AI Agent를 만듭니다. 역시 '빨리빨리',"Mar 26, 2025",1243,0
2023-10-28,PSTsSCvuoMk,LLMCompiler : 한국인이 만든 추론 방법론으로 AI Agent를 만듭니다. 역시 '빨리빨리',"Mar 26, 2025",1243,0
2023-10-29,PSTsSCvuoMk,LLMCompiler : 한국인이 만든 추론 방법론으로 AI Agent를 만듭니다. 역시 '빨리빨리',"Mar 26, 2025",1243,0
2023-10-30,PSTsSCvuoMk,LLMCompiler : 한국인이 만든 추론 방법론으로 AI Agent를 만듭니다. 역시 '빨리빨리',"Mar 26, 2025",1243,0
2023-10-31,PSTsSCvuoMk,LLMCompiler : 한국인이 만든 추론 방법론으로 AI Agent를 만듭니다. 역시 '빨리빨리',"Mar 26, 2025",1243,0
2023-11-01,PSTsSCvuoMk,LLMCompiler : 한국인이 만든 추론 방법론으로 AI Agent를 만듭니다. 역시 '빨리빨리',"Mar 26, 2025",1243,0
2023-11-02,PSTsSCvuoMk,LLMCompiler : 한국인이 만든 추론 방법론으로 AI Agent를 만듭니다. 역시 '빨리빨리',"Mar 26, 2025",1243,0
2023-11-03,PSTsSCvuoMk,LLMCompiler : 한국인이 만든 추론 방법론으로 AI Agent를 만듭니다. 역시 '빨리빨리',"Mar 26, 2025",1243,0
2023-11-04,PSTsSCvuoMk,LLMCompiler : 한국인이 만든 추론 방법론으로 AI Agent를 만듭니다. 역시 '빨리빨리',"Mar 26, 2025",1243,0
2023-11-05,PSTsSCvuoMk,LLMCompiler : 한국인이 만든 추론 방법론으로 AI Agent를 만듭니다. 역시 '빨리빨리',"Mar 26, 2025",1243,0
2023-11-06,PSTsSCvuoMk,LLMCompiler : 한국인이 만든 추론 방법론으로 AI Agent를 만듭니다. 역시 '빨리빨리',"Mar 26, 2025",1243,0
2023-11-07,PSTsSCvuoMk,LLMCompiler : 한국인이 만든 추론 방법론으로 AI Agent를 만듭니다. 역시 '빨리빨리',"Mar 26, 2025",1243,0
2023-11-08,PSTsSCvuoMk,LLMCompiler : 한국인이 만든 추론 방법론으로 AI Agent를 만듭니다. 역시 '빨리빨리',"Mar 26, 2025",1243,0
2023-11-09,PSTsSCvuoMk,LLMCompiler : 한국인이 만든 추론 방법론으로 AI Agent를 만듭니다. 역시 '빨리빨리',"Mar 26, 2025",1243,0
2023-11-10,PSTsSCvuoMk,LLMCompiler : 한국인이 만든 추론 방법론으로 AI Agent를 만듭니다. 역시 '빨리빨리',"Mar 26, 2025",1243,0
2023-11-11,PSTsSCvuoMk,LLMCompiler : 한국인이 만든 추론 방법론으로 AI Agent를 만듭니다. 역시 '빨리빨리',"Mar 26, 2025",1243,0
2023-11-12,PSTsSCvuoMk,LLMCompiler : 한국인이 만든 추론 방법론으로 AI Agent를 만듭니다. 역시 '빨리빨리',"Mar 26, 2025",1243,0
2023-11-13,PSTsSCvuoMk,LLMCompiler : 한국인이 만든 추론 방법론으로 AI Agent를 만듭니다. 역시 '빨리빨리',"Mar 26, 2025",1243,0
2023-11-14,PSTsSCvuoMk,LLMCompiler : 한국인이 만든 추론 방법론으로 AI Agent를 만듭니다. 역시 '빨리빨리',"Mar 26, 2025",1243,0
2023-11-15,PSTsSCvuoMk,LLMCompiler : 한국인이 만든 추론 방법론으로 AI Agent를 만듭니다. 역시 '빨리빨리',"Mar 26, 2025",1243,0
2023-11-16,PSTsSCvuoMk,LLMCompiler : 한국인이 만든 추론 방법론으로 AI Agent를 만듭니다. 역시 '빨리빨리',"Mar 26, 2025",1243,0
2023-11-17,PSTsSCvuoMk,LLMCompiler : 한국인이 만든 추론 방법론으로 AI Agent를 만듭니다. 역시 '빨리빨리',"Mar 26, 2025",1243,0
2023-11-18,PSTsSCvuoMk,LLMCompiler : 한국인이 만든 추론 방법론으로 AI Agent를 만듭니다. 역시 '빨리빨리',"Mar 26, 2025",1243,0
2023-11-19,PSTsSCvuoMk,LLMCompiler : 한국인이 만든 추론 방법론으로 AI Agent를 만듭니다. 역시 '빨리빨리',"Mar 26, 2025",1243,0
2023-11-20,PSTsSCvuoMk,LLMCompiler : 한국인이 만든 추론 방법론으로 AI Agent를 만듭니다. 역시 '빨리빨리',"Mar 26, 2025",1243,0
2023-11-21,PSTsSCvuoMk,LLMCompiler : 한국인이 만든 추론 방법론으로 AI Agent를 만듭니다. 역시 '빨리빨리',"Mar 26, 2025",1243,0
2023-11-22,PSTsSCvuoMk,LLMCompiler : 한국인이 만든 추론 방법론으로 AI Agent를 만듭니다. 역시 '빨리빨리',"Mar 26, 2025",1243,0
2023-11-23,PSTsSCvuoMk,LLMCompiler : 한국인이 만든 추론 방법론으로 AI Agent를 만듭니다. 역시 '빨리빨리',"Mar 26, 2025",1243,0
2023-11-24,PSTsSCvuoMk,LLMCompiler : 한국인이 만든 추론 방법론으로 AI Agent를 만듭니다. 역시 '빨리빨리',"Mar 26, 2025",1243,0
2023-11-25,PSTsSCvuoMk,LLMCompiler : 한국인이 만든 추론 방법론으로 AI Agent를 만듭니다. 역시 '빨리빨리',"Mar 26, 2025",1243,0
2023-11-26,PSTsSCvuoMk,LLMCompiler : 한국인이 만든 추론 방법론으로 AI Agent를 만듭니다. 역시 '빨리빨리',"Mar 26, 2025",1243,0
2023-11-27,PSTsSCvuoMk,LLMCompiler : 한국인이 만든 추론 방법론으로 AI Agent를 만듭니다. 역시 '빨리빨리',"Mar 26, 2025",1243,0
2023-11-28,PSTsSCvuoMk,LLMCompiler : 한국인이 만든 추론 방법론으로 AI Agent를 만듭니다. 역시 '빨리빨리',"Mar 26, 2025",1243,0
2023-11-29,PSTsSCvuoMk,LLMCompiler : 한국인이 만든 추론 방법론으로 AI Agent를 만듭니다. 역시 '빨리빨리',"Mar 26, 2025",1243,0
2023-11-30,PSTsSCvuoMk,LLMCompiler : 한국인이 만든 추론 방법론으로 AI Agent를 만듭니다. 역시 '빨리빨리',"Mar 26, 2025",1243,0
2023-12-01,PSTsSCvuoMk,LLMCompiler : 한국인이 만든 추론 방법론으로 AI Agent를 만듭니다. 역시 '빨리빨리',"Mar 26, 2025",1243,0
2023-12-02,PSTsSCvuoMk,LLMCompiler : 한국인이 만든 추론 방법론으로 AI Agent를 만듭니다. 역시 '빨리빨리',"Mar 26, 2025",1243,0
2023-12-03,PSTsSCvuoMk,LLMCompiler : 한국인이 만든 추론 방법론으로 AI Agent를 만듭니다. 역시 '빨리빨리',"Mar 26, 2025",1243,0
2023-12-04,PSTsSCvuoMk,LLMCompiler : 한국인이 만든 추론 방법론으로 AI Agent를 만듭니다. 역시 '빨리빨리',"Mar 26, 2025",1243,0
2023-12-05,PSTsSCvuoMk,LLMCompiler : 한국인이 만든 추론 방법론으로 AI Agent를 만듭니다. 역시 '빨리빨리',"Mar 26, 2025",1243,0
2023-12-06,PSTsSCvuoMk,LLMCompiler : 한국인이 만든 추론 방법론으로 AI Agent를 만듭니다. 역시 '빨리빨리',"Mar 26, 2025",1243,0
2023-12-07,PSTsSCvuoMk,LLMCompiler : 한국인이 만든 추론 방법론으로 AI Agent를 만듭니다. 역시 '빨리빨리',"Mar 26, 2025",1243,0
2023-12-08,PSTsSCvuoMk,LLMCompiler : 한국인이 만든 추론 방법론으로 AI Agent를 만듭니다. 역시 '빨리빨리',"Mar 26, 2025",1243,0
2023-12-09,PSTsSCvuoMk,LLMCompiler : 한국인이 만든 추론 방법론으로 AI Agent를 만듭니다. 역시 '빨리빨리',"Mar 26, 2025",1243,0
2023-12-10,PSTsSCvuoMk,LLMCompiler : 한국인이 만든 추론 방법론으로 AI Agent를 만듭니다. 역시 '빨리빨리',"Mar 26, 2025",1243,0
2023-12-11,PSTsSCvuoMk,LLMCompiler : 한국인이 만든 추론 방법론으로 AI Agent를 만듭니다. 역시 '빨리빨리',"Mar 26, 2025",1243,0
2023-12-12,PSTsSCvuoMk,LLMCompiler : 한국인이 만든 추론 방법론으로 AI Agent를 만듭니다. 역시 '빨리빨리',"Mar 26, 2025",1243,0
2023-12-13,PSTsSCvuoMk,LLMCompiler : 한국인이 만든 추론 방법론으로 AI Agent를 만듭니다. 역시 '빨리빨리',"Mar 26, 2025",1243,0
2023-12-14,PSTsSCvuoMk,LLMCompiler : 한국인이 만든 추론 방법론으로 AI Agent를 만듭니다. 역시 '빨리빨리',"Mar 26, 2025",1243,0
2023-12-15,PSTsSCvuoMk,LLMCompiler : 한국인이 만든 추론 방법론으로 AI Agent를 만듭니다. 역시 '빨리빨리',"Mar 26, 2025",1243,0
2023-12-16,PSTsSCvuoMk,LLMCompiler : 한국인이 만든 추론 방법론으로 AI Agent를 만듭니다. 역시 '빨리빨리',"Mar 26, 2025",1243,0
2023-12-17,PSTsSCvuoMk,LLMCompiler : 한국인이 만든 추론 방법론으로 AI Agent를 만듭니다. 역시 '빨리빨리',"Mar 26, 2025",1243,0
2023-12-18,PSTsSCvuoMk,LLMCompiler : 한국인이 만든 추론 방법론으로 AI Agent를 만듭니다. 역시 '빨리빨리',"Mar 26, 2025",1243,0
2023-12-19,PSTsSCvuoMk,LLMCompiler : 한국인이 만든 추론 방법론으로 AI Agent를 만듭니다. 역시 '빨리빨리',"Mar 26, 2025",1243,0
2023-12-20,PSTsSCvuoMk,LLMCompiler : 한국인이 만든 추론 방법론으로 AI Agent를 만듭니다. 역시 '빨리빨리',"Mar 26, 2025",1243,0
2023-12-21,PSTsSCvuoMk,LLMCompiler : 한국인이 만든 추론 방법론으로 AI Agent를 만듭니다. 역시 '빨리빨리',"Mar 26, 2025",1243,0
2023-12-22,PSTsSCvuoMk,LLMCompiler : 한국인이 만든 추론 방법론으로 AI Agent를 만듭니다. 역시 '빨리빨리',"Mar 26, 2025",1243,0
2023-12-23,PSTsSCvuoMk,LLMCompiler : 한국인이 만든 추론 방법론으로 AI Agent를 만듭니다. 역시 '빨리빨리',"Mar 26, 2025",1243,0
2023-12-24,PSTsSCvuoMk,LLMCompiler : 한국인이 만든 추론 방법론으로 AI Agent를 만듭니다. 역시 '빨리빨리',"Mar 26, 2025",1243,0
2023-12-25,PSTsSCvuoMk,LLMCompiler : 한국인이 만든 추론 방법론으로 AI Agent를 만듭니다. 역시 '빨리빨리',"Mar 26, 2025",1243,0
2023-12-26,PSTsSCvuoMk,LLMCompiler : 한국인이 만든 추론 방법론으로 AI Agent를 만듭니다. 역시 '빨리빨리',"Mar 26, 2025",1243,0
2023-12-27,PSTsSCvuoMk,LLMCompiler : 한국인이 만든 추론 방법론으로 AI Agent를 만듭니다. 역시 '빨리빨리',"Mar 26, 2025",1243,0
2023-12-28,PSTsSCvuoMk,LLMCompiler : 한국인이 만든 추론 방법론으로 AI Agent를 만듭니다. 역시 '빨리빨리',"Mar 26, 2025",1243,0
2023-12-29,PSTsSCvuoMk,LLMCompiler : 한국인이 만든 추론 방법론으로 AI Agent를 만듭니다. 역시 '빨리빨리',"Mar 26, 2025",1243,0
2023-12-30,PSTsSCvuoMk,LLMCompiler : 한국인이 만든 추론 방법론으로 AI Agent를 만듭니다. 역시 '빨리빨리',"Mar 26, 2025",1243,0
2023-12-31,PSTsSCvuoMk,LLMCompiler : 한국인이 만든 추론 방법론으로 AI Agent를 만듭니다. 역시 '빨리빨리',"Mar 26, 2025",1243,0
2024-01-01,PSTsSCvuoMk,LLMCompiler : 한국인이 만든 추론 방법론으로 AI Agent를 만듭니다. 역시 '빨리빨리',"Mar 26, 2025",1243,0
2024-01-02,PSTsSCvuoMk,LLMCompiler : 한국인이 만든 추론 방법론으로 AI Agent를 만듭니다. 역시 '빨리빨리',"Mar 26, 2025",1243,0
2024-01-03,PSTsSCvuoMk,LLMCompiler : 한국인이 만든 추론 방법론으로 AI Agent를 만듭니다. 역시 '빨리빨리',"Mar 26, 2025",1243,0
2024-01-04,PSTsSCvuoMk,LLMCompiler : 한국인이 만든 추론 방법론으로 AI Agent를 만듭니다. 역시 '빨리빨리',"Mar 26, 2025",1243,0
2024-01-05,PSTsSCvuoMk,LLMCompiler : 한국인이 만든 추론 방법론으로 AI Agent를 만듭니다. 역시 '빨리빨리',"Mar 26, 2025",1243,0
2024-01-06,PSTsSCvuoMk,LLMCompiler : 한국인이 만든 추론 방법론으로 AI Agent를 만듭니다. 역시 '빨리빨리',"Mar 26, 2025",1243,0
2024-01-07,PSTsSCvuoMk,LLMCompiler : 한국인이 만든 추론 방법론으로 AI Agent를 만듭니다. 역시 '빨리빨리',"Mar 26, 2025",1243,0
2024-01-08,PSTsSCvuoMk,LLMCompiler : 한국인이 만든 추론 방법론으로 AI Agent를 만듭니다. 역시 '빨리빨리',"Mar 26, 2025",1243,0
2024-01-09,PSTsSCvuoMk,LLMCompiler : 한국인이 만든 추론 방법론으로 AI Agent를 만듭니다. 역시 '빨리빨리',"Mar 26, 2025",1243,0
2024-01-10,PSTsSCvuoMk,LLMCompiler : 한국인이 만든 추론 방법론으로 AI Agent를 만듭니다. 역시 '빨리빨리',"Mar 26, 2025",1243,0
2024-01-11,PSTsSCvuoMk,LLMCompiler : 한국인이 만든 추론 방법론으로 AI Agent를 만듭니다. 역시 '빨리빨리',"Mar 26, 2025",1243,0
2024-01-12,PSTsSCvuoMk,LLMCompiler : 한국인이 만든 추론 방법론으로 AI Agent를 만듭니다. 역시 '빨리빨리',"Mar 26, 2025",1243,0
2024-01-13,PSTsSCvuoMk,LLMCompiler : 한국인이 만든 추론 방법론으로 AI Agent를 만듭니다. 역시 '빨리빨리',"Mar 26, 2025",1243,0
2024-01-14,PSTsSCvuoMk,LLMCompiler : 한국인이 만든 추론 방법론으로 AI Agent를 만듭니다. 역시 '빨리빨리',"Mar 26, 2025",1243,0
2024-01-15,PSTsSCvuoMk,LLMCompiler : 한국인이 만든 추론 방법론으로 AI Agent를 만듭니다. 역시 '빨리빨리',"Mar 26, 2025",1243,0
2024-01-16,PSTsSCvuoMk,LLMCompiler : 한국인이 만든 추론 방법론으로 AI Agent를 만듭니다. 역시 '빨리빨리',"Mar 26, 2025",1243,0
2024-01-17,PSTsSCvuoMk,LLMCompiler : 한국인이 만든 추론 방법론으로 AI Agent를 만듭니다. 역시 '빨리빨리',"Mar 26, 2025",1243,0
2024-01-18,PSTsSCvuoMk,LLMCompiler : 한국인이 만든 추론 방법론으로 AI Agent를 만듭니다. 역시 '빨리빨리',"Mar 26, 2025",1243,0
2024-01-19,PSTsSCvuoMk,LLMCompiler : 한국인이 만든 추론 방법론으로 AI Agent를 만듭니다. 역시 '빨리빨리',"Mar 26, 2025",1243,0
2024-01-20,PSTsSCvuoMk,LLMCompiler : 한국인이 만든 추론 방법론으로 AI Agent를 만듭니다. 역시 '빨리빨리',"Mar 26, 2025",1243,0
2024-01-21,PSTsSCvuoMk,LLMCompiler : 한국인이 만든 추론 방법론으로 AI Agent를 만듭니다. 역시 '빨리빨리',"Mar 26, 2025",1243,0
2024-01-22,PSTsSCvuoMk,LLMCompiler : 한국인이 만든 추론 방법론으로 AI Agent를 만듭니다. 역시 '빨리빨리',"Mar 26, 2025",1243,0
2024-01-23,PSTsSCvuoMk,LLMCompiler : 한국인이 만든 추론 방법론으로 AI Agent를 만듭니다. 역시 '빨리빨리',"Mar 26, 2025",1243,0
2024-01-24,PSTsSCvuoMk,LLMCompiler : 한국인이 만든 추론 방법론으로 AI Agent를 만듭니다. 역시 '빨리빨리',"Mar 26, 2025",1243,0
2024-01-25,PSTsSCvuoMk,LLMCompiler : 한국인이 만든 추론 방법론으로 AI Agent를 만듭니다. 역시 '빨리빨리',"Mar 26, 2025",1243,0
2024-01-26,PSTsSCvuoMk,LLMCompiler : 한국인이 만든 추론 방법론으로 AI Agent를 만듭니다. 역시 '빨리빨리',"Mar 26, 2025",1243,0
2024-01-27,PSTsSCvuoMk,LLMCompiler : 한국인이 만든 추론 방법론으로 AI Agent를 만듭니다. 역시 '빨리빨리',"Mar 26, 2025",1243,0
2024-01-28,PSTsSCvuoMk,LLMCompiler : 한국인이 만든 추론 방법론으로 AI Agent를 만듭니다. 역시 '빨리빨리',"Mar 26, 2025",1243,0
2024-01-29,PSTsSCvuoMk,LLMCompiler : 한국인이 만든 추론 방법론으로 AI Agent를 만듭니다. 역시 '빨리빨리',"Mar 26, 2025",1243,0
2024-01-30,PSTsSCvuoMk,LLMCompiler : 한국인이 만든 추론 방법론으로 AI Agent를 만듭니다. 역시 '빨리빨리',"Mar 26, 2025",1243,0
2024-01-31,PSTsSCvuoMk,LLMCompiler : 한국인이 만든 추론 방법론으로 AI Agent를 만듭니다. 역시 '빨리빨리',"Mar 26, 2025",1243,0
2024-02-01,PSTsSCvuoMk,LLMCompiler : 한국인이 만든 추론 방법론으로 AI Agent를 만듭니다. 역시 '빨리빨리',"Mar 26, 2025",1243,0
2024-02-02,PSTsSCvuoMk,LLMCompiler : 한국인이 만든 추론 방법론으로 AI Agent를 만듭니다. 역시 '빨리빨리',"Mar 26, 2025",1243,0
2024-02-03,PSTsSCvuoMk,LLMCompiler : 한국인이 만든 추론 방법론으로 AI Agent를 만듭니다. 역시 '빨리빨리',"Mar 26, 2025",1243,0
2024-02-04,PSTsSCvuoMk,LLMCompiler : 한국인이 만든 추론 방법론으로 AI Agent를 만듭니다. 역시 '빨리빨리',"Mar 26, 2025",1243,0
2024-02-05,PSTsSCvuoMk,LLMCompiler : 한국인이 만든 추론 방법론으로 AI Agent를 만듭니다. 역시 '빨리빨리',"Mar 26, 2025",1243,0
2024-02-06,PSTsSCvuoMk,LLMCompiler : 한국인이 만든 추론 방법론으로 AI Agent를 만듭니다. 역시 '빨리빨리',"Mar 26, 2025",1243,0
2024-02-07,PSTsSCvuoMk,LLMCompiler : 한국인이 만든 추론 방법론으로 AI Agent를 만듭니다. 역시 '빨리빨리',"Mar 26, 2025",1243,0
2024-02-08,PSTsSCvuoMk,LLMCompiler : 한국인이 만든 추론 방법론으로 AI Agent를 만듭니다. 역시 '빨리빨리',"Mar 26, 2025",1243,0
2024-02-09,PSTsSCvuoMk,LLMCompiler : 한국인이 만든 추론 방법론으로 AI Agent를 만듭니다. 역시 '빨리빨리',"Mar 26, 2025",1243,0
2024-02-10,PSTsSCvuoMk,LLMCompiler : 한국인이 만든 추론 방법론으로 AI Agent를 만듭니다. 역시 '빨리빨리',"Mar 26, 2025",1243,0
2024-02-11,PSTsSCvuoMk,LLMCompiler : 한국인이 만든 추론 방법론으로 AI Agent를 만듭니다. 역시 '빨리빨리',"Mar 26, 2025",1243,0
2024-02-12,PSTsSCvuoMk,LLMCompiler : 한국인이 만든 추론 방법론으로 AI Agent를 만듭니다. 역시 '빨리빨리',"Mar 26, 2025",1243,0
2024-02-13,PSTsSCvuoMk,LLMCompiler : 한국인이 만든 추론 방법론으로 AI Agent를 만듭니다. 역시 '빨리빨리',"Mar 26, 2025",1243,0
2024-02-14,PSTsSCvuoMk,LLMCompiler : 한국인이 만든 추론 방법론으로 AI Agent를 만듭니다. 역시 '빨리빨리',"Mar 26, 2025",1243,0
2024-02-15,PSTsSCvuoMk,LLMCompiler : 한국인이 만든 추론 방법론으로 AI Agent를 만듭니다. 역시 '빨리빨리',"Mar 26, 2025",1243,0
2024-02-16,PSTsSCvuoMk,LLMCompiler : 한국인이 만든 추론 방법론으로 AI Agent를 만듭니다. 역시 '빨리빨리',"Mar 26, 2025",1243,0
2024-02-17,PSTsSCvuoMk,LLMCompiler : 한국인이 만든 추론 방법론으로 AI Agent를 만듭니다. 역시 '빨리빨리',"Mar 26, 2025",1243,0
2024-02-18,PSTsSCvuoMk,LLMCompiler : 한국인이 만든 추론 방법론으로 AI Agent를 만듭니다. 역시 '빨리빨리',"Mar 26, 2025",1243,0
2024-02-19,PSTsSCvuoMk,LLMCompiler : 한국인이 만든 추론 방법론으로 AI Agent를 만듭니다. 역시 '빨리빨리',"Mar 26, 2025",1243,0
2024-02-20,PSTsSCvuoMk,LLMCompiler : 한국인이 만든 추론 방법론으로 AI Agent를 만듭니다. 역시 '빨리빨리',"Mar 26, 2025",1243,0
2024-02-21,PSTsSCvuoMk,LLMCompiler : 한국인이 만든 추론 방법론으로 AI Agent를 만듭니다. 역시 '빨리빨리',"Mar 26, 2025",1243,0
2024-02-22,PSTsSCvuoMk,LLMCompiler : 한국인이 만든 추론 방법론으로 AI Agent를 만듭니다. 역시 '빨리빨리',"Mar 26, 2025",1243,0
2024-02-23,PSTsSCvuoMk,LLMCompiler : 한국인이 만든 추론 방법론으로 AI Agent를 만듭니다. 역시 '빨리빨리',"Mar 26, 2025",1243,0
2024-02-24,PSTsSCvuoMk,LLMCompiler : 한국인이 만든 추론 방법론으로 AI Agent를 만듭니다. 역시 '빨리빨리',"Mar 26, 2025",1243,0
2024-02-25,PSTsSCvuoMk,LLMCompiler : 한국인이 만든 추론 방법론으로 AI Agent를 만듭니다. 역시 '빨리빨리',"Mar 26, 2025",1243,0
2024-02-26,PSTsSCvuoMk,LLMCompiler : 한국인이 만든 추론 방법론으로 AI Agent를 만듭니다. 역시 '빨리빨리',"Mar 26, 2025",1243,0
2024-02-27,PSTsSCvuoMk,LLMCompiler : 한국인이 만든 추론 방법론으로 AI Agent를 만듭니다. 역시 '빨리빨리',"Mar 26, 2025",1243,0
2024-02-28,PSTsSCvuoMk,LLMCompiler : 한국인이 만든 추론 방법론으로 AI Agent를 만듭니다. 역시 '빨리빨리',"Mar 26, 2025",1243,0
2024-02-29,PSTsSCvuoMk,LLMCompiler : 한국인이 만든 추론 방법론으로 AI Agent를 만듭니다. 역시 '빨리빨리',"Mar 26, 2025",1243,0
2024-03-01,PSTsSCvuoMk,LLMCompiler : 한국인이 만든 추론 방법론으로 AI Agent를 만듭니다. 역시 '빨리빨리',"Mar 26, 2025",1243,0
2024-03-02,PSTsSCvuoMk,LLMCompiler : 한국인이 만든 추론 방법론으로 AI Agent를 만듭니다. 역시 '빨리빨리',"Mar 26, 2025",1243,0
2024-03-03,PSTsSCvuoMk,LLMCompiler : 한국인이 만든 추론 방법론으로 AI Agent를 만듭니다. 역시 '빨리빨리',"Mar 26, 2025",1243,0
2024-03-04,PSTsSCvuoMk,LLMCompiler : 한국인이 만든 추론 방법론으로 AI Agent를 만듭니다. 역시 '빨리빨리',"Mar 26, 2025",1243,0
2024-03-05,PSTsSCvuoMk,LLMCompiler : 한국인이 만든 추론 방법론으로 AI Agent를 만듭니다. 역시 '빨리빨리',"Mar 26, 2025",1243,0
2024-03-06,PSTsSCvuoMk,LLMCompiler : 한국인이 만든 추론 방법론으로 AI Agent를 만듭니다. 역시 '빨리빨리',"Mar 26, 2025",1243,0
2024-03-07,PSTsSCvuoMk,LLMCompiler : 한국인이 만든 추론 방법론으로 AI Agent를 만듭니다. 역시 '빨리빨리',"Mar 26, 2025",1243,0
2024-03-08,PSTsSCvuoMk,LLMCompiler : 한국인이 만든 추론 방법론으로 AI Agent를 만듭니다. 역시 '빨리빨리',"Mar 26, 2025",1243,0
2024-03-09,PSTsSCvuoMk,LLMCompiler : 한국인이 만든 추론 방법론으로 AI Agent를 만듭니다. 역시 '빨리빨리',"Mar 26, 2025",1243,0
2024-03-10,PSTsSCvuoMk,LLMCompiler : 한국인이 만든 추론 방법론으로 AI Agent를 만듭니다. 역시 '빨리빨리',"Mar 26, 2025",1243,0
2024-03-11,PSTsSCvuoMk,LLMCompiler : 한국인이 만든 추론 방법론으로 AI Agent를 만듭니다. 역시 '빨리빨리',"Mar 26, 2025",1243,0
2024-03-12,PSTsSCvuoMk,LLMCompiler : 한국인이 만든 추론 방법론으로 AI Agent를 만듭니다. 역시 '빨리빨리',"Mar 26, 2025",1243,0
2024-03-13,PSTsSCvuoMk,LLMCompiler : 한국인이 만든 추론 방법론으로 AI Agent를 만듭니다. 역시 '빨리빨리',"Mar 26, 2025",1243,0
2024-03-14,PSTsSCvuoMk,LLMCompiler : 한국인이 만든 추론 방법론으로 AI Agent를 만듭니다. 역시 '빨리빨리',"Mar 26, 2025",1243,0
2024-03-15,PSTsSCvuoMk,LLMCompiler : 한국인이 만든 추론 방법론으로 AI Agent를 만듭니다. 역시 '빨리빨리',"Mar 26, 2025",1243,0
2024-03-16,PSTsSCvuoMk,LLMCompiler : 한국인이 만든 추론 방법론으로 AI Agent를 만듭니다. 역시 '빨리빨리',"Mar 26, 2025",1243,0
2024-03-17,PSTsSCvuoMk,LLMCompiler : 한국인이 만든 추론 방법론으로 AI Agent를 만듭니다. 역시 '빨리빨리',"Mar 26, 2025",1243,0
2024-03-18,PSTsSCvuoMk,LLMCompiler : 한국인이 만든 추론 방법론으로 AI Agent를 만듭니다. 역시 '빨리빨리',"Mar 26, 2025",1243,0
2024-03-19,PSTsSCvuoMk,LLMCompiler : 한국인이 만든 추론 방법론으로 AI Agent를 만듭니다. 역시 '빨리빨리',"Mar 26, 2025",1243,0
2024-03-20,PSTsSCvuoMk,LLMCompiler : 한국인이 만든 추론 방법론으로 AI Agent를 만듭니다. 역시 '빨리빨리',"Mar 26, 2025",1243,0
2024-03-21,PSTsSCvuoMk,LLMCompiler : 한국인이 만든 추론 방법론으로 AI Agent를 만듭니다. 역시 '빨리빨리',"Mar 26, 2025",1243,0
2024-03-22,PSTsSCvuoMk,LLMCompiler : 한국인이 만든 추론 방법론으로 AI Agent를 만듭니다. 역시 '빨리빨리',"Mar 26, 2025",1243,0
2024-03-23,PSTsSCvuoMk,LLMCompiler : 한국인이 만든 추론 방법론으로 AI Agent를 만듭니다. 역시 '빨리빨리',"Mar 26, 2025",1243,0
2024-03-24,PSTsSCvuoMk,LLMCompiler : 한국인이 만든 추론 방법론으로 AI Agent를 만듭니다. 역시 '빨리빨리',"Mar 26, 2025",1243,0
2024-03-25,PSTsSCvuoMk,LLMCompiler : 한국인이 만든 추론 방법론으로 AI Agent를 만듭니다. 역시 '빨리빨리',"Mar 26, 2025",1243,0
2024-03-26,PSTsSCvuoMk,LLMCompiler : 한국인이 만든 추론 방법론으로 AI Agent를 만듭니다. 역시 '빨리빨리',"Mar 26, 2025",1243,0
2024-03-27,PSTsSCvuoMk,LLMCompiler : 한국인이 만든 추론 방법론으로 AI Agent를 만듭니다. 역시 '빨리빨리',"Mar 26, 2025",1243,0
2024-03-28,PSTsSCvuoMk,LLMCompiler : 한국인이 만든 추론 방법론으로 AI Agent를 만듭니다. 역시 '빨리빨리',"Mar 26, 2025",1243,0
2024-03-29,PSTsSCvuoMk,LLMCompiler : 한국인이 만든 추론 방법론으로 AI Agent를 만듭니다. 역시 '빨리빨리',"Mar 26, 2025",1243,0
2024-03-30,PSTsSCvuoMk,LLMCompiler : 한국인이 만든 추론 방법론으로 AI Agent를 만듭니다. 역시 '빨리빨리',"Mar 26, 2025",1243,0
2024-03-31,PSTsSCvuoMk,LLMCompiler : 한국인이 만든 추론 방법론으로 AI Agent를 만듭니다. 역시 '빨리빨리',"Mar 26, 2025",1243,0
2024-04-01,PSTsSCvuoMk,LLMCompiler : 한국인이 만든 추론 방법론으로 AI Agent를 만듭니다. 역시 '빨리빨리',"Mar 26, 2025",1243,0
2024-04-02,PSTsSCvuoMk,LLMCompiler : 한국인이 만든 추론 방법론으로 AI Agent를 만듭니다. 역시 '빨리빨리',"Mar 26, 2025",1243,0
2024-04-03,PSTsSCvuoMk,LLMCompiler : 한국인이 만든 추론 방법론으로 AI Agent를 만듭니다. 역시 '빨리빨리',"Mar 26, 2025",1243,0
2024-04-04,PSTsSCvuoMk,LLMCompiler : 한국인이 만든 추론 방법론으로 AI Agent를 만듭니다. 역시 '빨리빨리',"Mar 26, 2025",1243,0
2024-04-05,PSTsSCvuoMk,LLMCompiler : 한국인이 만든 추론 방법론으로 AI Agent를 만듭니다. 역시 '빨리빨리',"Mar 26, 2025",1243,0
2024-04-06,PSTsSCvuoMk,LLMCompiler : 한국인이 만든 추론 방법론으로 AI Agent를 만듭니다. 역시 '빨리빨리',"Mar 26, 2025",1243,0
2024-04-07,PSTsSCvuoMk,LLMCompiler : 한국인이 만든 추론 방법론으로 AI Agent를 만듭니다. 역시 '빨리빨리',"Mar 26, 2025",1243,0
2024-04-08,PSTsSCvuoMk,LLMCompiler : 한국인이 만든 추론 방법론으로 AI Agent를 만듭니다. 역시 '빨리빨리',"Mar 26, 2025",1243,0
2024-04-09,PSTsSCvuoMk,LLMCompiler : 한국인이 만든 추론 방법론으로 AI Agent를 만듭니다. 역시 '빨리빨리',"Mar 26, 2025",1243,0
2024-04-10,PSTsSCvuoMk,LLMCompiler : 한국인이 만든 추론 방법론으로 AI Agent를 만듭니다. 역시 '빨리빨리',"Mar 26, 2025",1243,0
2024-04-11,PSTsSCvuoMk,LLMCompiler : 한국인이 만든 추론 방법론으로 AI Agent를 만듭니다. 역시 '빨리빨리',"Mar 26, 2025",1243,0
2024-04-12,PSTsSCvuoMk,LLMCompiler : 한국인이 만든 추론 방법론으로 AI Agent를 만듭니다. 역시 '빨리빨리',"Mar 26, 2025",1243,0
2024-04-13,PSTsSCvuoMk,LLMCompiler : 한국인이 만든 추론 방법론으로 AI Agent를 만듭니다. 역시 '빨리빨리',"Mar 26, 2025",1243,0
2024-04-14,PSTsSCvuoMk,LLMCompiler : 한국인이 만든 추론 방법론으로 AI Agent를 만듭니다. 역시 '빨리빨리',"Mar 26, 2025",1243,0
2024-04-15,PSTsSCvuoMk,LLMCompiler : 한국인이 만든 추론 방법론으로 AI Agent를 만듭니다. 역시 '빨리빨리',"Mar 26, 2025",1243,0
2024-04-16,PSTsSCvuoMk,LLMCompiler : 한국인이 만든 추론 방법론으로 AI Agent를 만듭니다. 역시 '빨리빨리',"Mar 26, 2025",1243,0
2024-04-17,PSTsSCvuoMk,LLMCompiler : 한국인이 만든 추론 방법론으로 AI Agent를 만듭니다. 역시 '빨리빨리',"Mar 26, 2025",1243,0
2024-04-18,PSTsSCvuoMk,LLMCompiler : 한국인이 만든 추론 방법론으로 AI Agent를 만듭니다. 역시 '빨리빨리',"Mar 26, 2025",1243,0
2024-04-19,PSTsSCvuoMk,LLMCompiler : 한국인이 만든 추론 방법론으로 AI Agent를 만듭니다. 역시 '빨리빨리',"Mar 26, 2025",1243,0
2024-04-20,PSTsSCvuoMk,LLMCompiler : 한국인이 만든 추론 방법론으로 AI Agent를 만듭니다. 역시 '빨리빨리',"Mar 26, 2025",1243,0
2024-04-21,PSTsSCvuoMk,LLMCompiler : 한국인이 만든 추론 방법론으로 AI Agent를 만듭니다. 역시 '빨리빨리',"Mar 26, 2025",1243,0
2024-04-22,PSTsSCvuoMk,LLMCompiler : 한국인이 만든 추론 방법론으로 AI Agent를 만듭니다. 역시 '빨리빨리',"Mar 26, 2025",1243,0
2024-04-23,PSTsSCvuoMk,LLMCompiler : 한국인이 만든 추론 방법론으로 AI Agent를 만듭니다. 역시 '빨리빨리',"Mar 26, 2025",1243,0
2024-04-24,PSTsSCvuoMk,LLMCompiler : 한국인이 만든 추론 방법론으로 AI Agent를 만듭니다. 역시 '빨리빨리',"Mar 26, 2025",1243,0
2024-04-25,PSTsSCvuoMk,LLMCompiler : 한국인이 만든 추론 방법론으로 AI Agent를 만듭니다. 역시 '빨리빨리',"Mar 26, 2025",1243,0
2024-04-26,PSTsSCvuoMk,LLMCompiler : 한국인이 만든 추론 방법론으로 AI Agent를 만듭니다. 역시 '빨리빨리',"Mar 26, 2025",1243,0
2024-04-27,PSTsSCvuoMk,LLMCompiler : 한국인이 만든 추론 방법론으로 AI Agent를 만듭니다. 역시 '빨리빨리',"Mar 26, 2025",1243,0
2024-04-28,PSTsSCvuoMk,LLMCompiler : 한국인이 만든 추론 방법론으로 AI Agent를 만듭니다. 역시 '빨리빨리',"Mar 26, 2025",1243,0
2024-04-29,PSTsSCvuoMk,LLMCompiler : 한국인이 만든 추론 방법론으로 AI Agent를 만듭니다. 역시 '빨리빨리',"Mar 26, 2025",1243,0
2024-04-30,PSTsSCvuoMk,LLMCompiler : 한국인이 만든 추론 방법론으로 AI Agent를 만듭니다. 역시 '빨리빨리',"Mar 26, 2025",1243,0
2024-05-01,PSTsSCvuoMk,LLMCompiler : 한국인이 만든 추론 방법론으로 AI Agent를 만듭니다. 역시 '빨리빨리',"Mar 26, 2025",1243,0
2024-05-02,PSTsSCvuoMk,LLMCompiler : 한국인이 만든 추론 방법론으로 AI Agent를 만듭니다. 역시 '빨리빨리',"Mar 26, 2025",1243,0
2024-05-03,PSTsSCvuoMk,LLMCompiler : 한국인이 만든 추론 방법론으로 AI Agent를 만듭니다. 역시 '빨리빨리',"Mar 26, 2025",1243,0
2024-05-04,PSTsSCvuoMk,LLMCompiler : 한국인이 만든 추론 방법론으로 AI Agent를 만듭니다. 역시 '빨리빨리',"Mar 26, 2025",1243,0
2024-05-05,PSTsSCvuoMk,LLMCompiler : 한국인이 만든 추론 방법론으로 AI Agent를 만듭니다. 역시 '빨리빨리',"Mar 26, 2025",1243,0
2024-05-06,PSTsSCvuoMk,LLMCompiler : 한국인이 만든 추론 방법론으로 AI Agent를 만듭니다. 역시 '빨리빨리',"Mar 26, 2025",1243,0
2024-05-07,PSTsSCvuoMk,LLMCompiler : 한국인이 만든 추론 방법론으로 AI Agent를 만듭니다. 역시 '빨리빨리',"Mar 26, 2025",1243,0
2024-05-08,PSTsSCvuoMk,LLMCompiler : 한국인이 만든 추론 방법론으로 AI Agent를 만듭니다. 역시 '빨리빨리',"Mar 26, 2025",1243,0
2024-05-09,PSTsSCvuoMk,LLMCompiler : 한국인이 만든 추론 방법론으로 AI Agent를 만듭니다. 역시 '빨리빨리',"Mar 26, 2025",1243,0
2024-05-10,PSTsSCvuoMk,LLMCompiler : 한국인이 만든 추론 방법론으로 AI Agent를 만듭니다. 역시 '빨리빨리',"Mar 26, 2025",1243,0
2024-05-11,PSTsSCvuoMk,LLMCompiler : 한국인이 만든 추론 방법론으로 AI Agent를 만듭니다. 역시 '빨리빨리',"Mar 26, 2025",1243,0
2024-05-12,PSTsSCvuoMk,LLMCompiler : 한국인이 만든 추론 방법론으로 AI Agent를 만듭니다. 역시 '빨리빨리',"Mar 26, 2025",1243,0
2024-05-13,PSTsSCvuoMk,LLMCompiler : 한국인이 만든 추론 방법론으로 AI Agent를 만듭니다. 역시 '빨리빨리',"Mar 26, 2025",1243,0
2024-05-14,PSTsSCvuoMk,LLMCompiler : 한국인이 만든 추론 방법론으로 AI Agent를 만듭니다. 역시 '빨리빨리',"Mar 26, 2025",1243,0
2024-05-15,PSTsSCvuoMk,LLMCompiler : 한국인이 만든 추론 방법론으로 AI Agent를 만듭니다. 역시 '빨리빨리',"Mar 26, 2025",1243,0
2024-05-16,PSTsSCvuoMk,LLMCompiler : 한국인이 만든 추론 방법론으로 AI Agent를 만듭니다. 역시 '빨리빨리',"Mar 26, 2025",1243,0
2024-05-17,PSTsSCvuoMk,LLMCompiler : 한국인이 만든 추론 방법론으로 AI Agent를 만듭니다. 역시 '빨리빨리',"Mar 26, 2025",1243,0
2024-05-18,PSTsSCvuoMk,LLMCompiler : 한국인이 만든 추론 방법론으로 AI Agent를 만듭니다. 역시 '빨리빨리',"Mar 26, 2025",1243,0
2024-05-19,PSTsSCvuoMk,LLMCompiler : 한국인이 만든 추론 방법론으로 AI Agent를 만듭니다. 역시 '빨리빨리',"Mar 26, 2025",1243,0
2024-05-20,PSTsSCvuoMk,LLMCompiler : 한국인이 만든 추론 방법론으로 AI Agent를 만듭니다. 역시 '빨리빨리',"Mar 26, 2025",1243,0
2024-05-21,PSTsSCvuoMk,LLMCompiler : 한국인이 만든 추론 방법론으로 AI Agent를 만듭니다. 역시 '빨리빨리',"Mar 26, 2025",1243,0
2024-05-22,PSTsSCvuoMk,LLMCompiler : 한국인이 만든 추론 방법론으로 AI Agent를 만듭니다. 역시 '빨리빨리',"Mar 26, 2025",1243,0
2024-05-23,PSTsSCvuoMk,LLMCompiler : 한국인이 만든 추론 방법론으로 AI Agent를 만듭니다. 역시 '빨리빨리',"Mar 26, 2025",1243,0
2024-05-24,PSTsSCvuoMk,LLMCompiler : 한국인이 만든 추론 방법론으로 AI Agent를 만듭니다. 역시 '빨리빨리',"Mar 26, 2025",1243,0
2024-05-25,PSTsSCvuoMk,LLMCompiler : 한국인이 만든 추론 방법론으로 AI Agent를 만듭니다. 역시 '빨리빨리',"Mar 26, 2025",1243,0
2024-05-26,PSTsSCvuoMk,LLMCompiler : 한국인이 만든 추론 방법론으로 AI Agent를 만듭니다. 역시 '빨리빨리',"Mar 26, 2025",1243,0
2024-05-27,PSTsSCvuoMk,LLMCompiler : 한국인이 만든 추론 방법론으로 AI Agent를 만듭니다. 역시 '빨리빨리',"Mar 26, 2025",1243,0
2024-05-28,PSTsSCvuoMk,LLMCompiler : 한국인이 만든 추론 방법론으로 AI Agent를 만듭니다. 역시 '빨리빨리',"Mar 26, 2025",1243,0
2024-05-29,PSTsSCvuoMk,LLMCompiler : 한국인이 만든 추론 방법론으로 AI Agent를 만듭니다. 역시 '빨리빨리',"Mar 26, 2025",1243,0
2024-05-30,PSTsSCvuoMk,LLMCompiler : 한국인이 만든 추론 방법론으로 AI Agent를 만듭니다. 역시 '빨리빨리',"Mar 26, 2025",1243,0
2024-05-31,PSTsSCvuoMk,LLMCompiler : 한국인이 만든 추론 방법론으로 AI Agent를 만듭니다. 역시 '빨리빨리',"Mar 26, 2025",1243,0
2024-06-01,PSTsSCvuoMk,LLMCompiler : 한국인이 만든 추론 방법론으로 AI Agent를 만듭니다. 역시 '빨리빨리',"Mar 26, 2025",1243,0
2024-06-02,PSTsSCvuoMk,LLMCompiler : 한국인이 만든 추론 방법론으로 AI Agent를 만듭니다. 역시 '빨리빨리',"Mar 26, 2025",1243,0
2024-06-03,PSTsSCvuoMk,LLMCompiler : 한국인이 만든 추론 방법론으로 AI Agent를 만듭니다. 역시 '빨리빨리',"Mar 26, 2025",1243,0
2024-06-04,PSTsSCvuoMk,LLMCompiler : 한국인이 만든 추론 방법론으로 AI Agent를 만듭니다. 역시 '빨리빨리',"Mar 26, 2025",1243,0
2024-06-05,PSTsSCvuoMk,LLMCompiler : 한국인이 만든 추론 방법론으로 AI Agent를 만듭니다. 역시 '빨리빨리',"Mar 26, 2025",1243,0
2024-06-06,PSTsSCvuoMk,LLMCompiler : 한국인이 만든 추론 방법론으로 AI Agent를 만듭니다. 역시 '빨리빨리',"Mar 26, 2025",1243,0
2024-06-07,PSTsSCvuoMk,LLMCompiler : 한국인이 만든 추론 방법론으로 AI Agent를 만듭니다. 역시 '빨리빨리',"Mar 26, 2025",1243,0
2024-06-08,PSTsSCvuoMk,LLMCompiler : 한국인이 만든 추론 방법론으로 AI Agent를 만듭니다. 역시 '빨리빨리',"Mar 26, 2025",1243,0
2024-06-09,PSTsSCvuoMk,LLMCompiler : 한국인이 만든 추론 방법론으로 AI Agent를 만듭니다. 역시 '빨리빨리',"Mar 26, 2025",1243,0
2024-06-10,PSTsSCvuoMk,LLMCompiler : 한국인이 만든 추론 방법론으로 AI Agent를 만듭니다. 역시 '빨리빨리',"Mar 26, 2025",1243,0
2024-06-11,PSTsSCvuoMk,LLMCompiler : 한국인이 만든 추론 방법론으로 AI Agent를 만듭니다. 역시 '빨리빨리',"Mar 26, 2025",1243,0
2024-06-12,PSTsSCvuoMk,LLMCompiler : 한국인이 만든 추론 방법론으로 AI Agent를 만듭니다. 역시 '빨리빨리',"Mar 26, 2025",1243,0
2024-06-13,PSTsSCvuoMk,LLMCompiler : 한국인이 만든 추론 방법론으로 AI Agent를 만듭니다. 역시 '빨리빨리',"Mar 26, 2025",1243,0
2024-06-14,PSTsSCvuoMk,LLMCompiler : 한국인이 만든 추론 방법론으로 AI Agent를 만듭니다. 역시 '빨리빨리',"Mar 26, 2025",1243,0
2024-06-15,PSTsSCvuoMk,LLMCompiler : 한국인이 만든 추론 방법론으로 AI Agent를 만듭니다. 역시 '빨리빨리',"Mar 26, 2025",1243,0
2024-06-16,PSTsSCvuoMk,LLMCompiler : 한국인이 만든 추론 방법론으로 AI Agent를 만듭니다. 역시 '빨리빨리',"Mar 26, 2025",1243,0
2024-06-17,PSTsSCvuoMk,LLMCompiler : 한국인이 만든 추론 방법론으로 AI Agent를 만듭니다. 역시 '빨리빨리',"Mar 26, 2025",1243,0
2024-06-18,PSTsSCvuoMk,LLMCompiler : 한국인이 만든 추론 방법론으로 AI Agent를 만듭니다. 역시 '빨리빨리',"Mar 26, 2025",1243,0
2024-06-19,PSTsSCvuoMk,LLMCompiler : 한국인이 만든 추론 방법론으로 AI Agent를 만듭니다. 역시 '빨리빨리',"Mar 26, 2025",1243,0
2024-06-20,PSTsSCvuoMk,LLMCompiler : 한국인이 만든 추론 방법론으로 AI Agent를 만듭니다. 역시 '빨리빨리',"Mar 26, 2025",1243,0
2024-06-21,PSTsSCvuoMk,LLMCompiler : 한국인이 만든 추론 방법론으로 AI Agent를 만듭니다. 역시 '빨리빨리',"Mar 26, 2025",1243,0
2024-06-22,PSTsSCvuoMk,LLMCompiler : 한국인이 만든 추론 방법론으로 AI Agent를 만듭니다. 역시 '빨리빨리',"Mar 26, 2025",1243,0
2024-06-23,PSTsSCvuoMk,LLMCompiler : 한국인이 만든 추론 방법론으로 AI Agent를 만듭니다. 역시 '빨리빨리',"Mar 26, 2025",1243,0
2024-06-24,PSTsSCvuoMk,LLMCompiler : 한국인이 만든 추론 방법론으로 AI Agent를 만듭니다. 역시 '빨리빨리',"Mar 26, 2025",1243,0
2024-06-25,PSTsSCvuoMk,LLMCompiler : 한국인이 만든 추론 방법론으로 AI Agent를 만듭니다. 역시 '빨리빨리',"Mar 26, 2025",1243,0
2024-06-26,PSTsSCvuoMk,LLMCompiler : 한국인이 만든 추론 방법론으로 AI Agent를 만듭니다. 역시 '빨리빨리',"Mar 26, 2025",1243,0
2024-06-27,PSTsSCvuoMk,LLMCompiler : 한국인이 만든 추론 방법론으로 AI Agent를 만듭니다. 역시 '빨리빨리',"Mar 26, 2025",1243,0
2024-06-28,PSTsSCvuoMk,LLMCompiler : 한국인이 만든 추론 방법론으로 AI Agent를 만듭니다. 역시 '빨리빨리',"Mar 26, 2025",1243,0
2024-06-29,PSTsSCvuoMk,LLMCompiler : 한국인이 만든 추론 방법론으로 AI Agent를 만듭니다. 역시 '빨리빨리',"Mar 26, 2025",1243,0
2024-06-30,PSTsSCvuoMk,LLMCompiler : 한국인이 만든 추론 방법론으로 AI Agent를 만듭니다. 역시 '빨리빨리',"Mar 26, 2025",1243,0
2024-07-01,PSTsSCvuoMk,LLMCompiler : 한국인이 만든 추론 방법론으로 AI Agent를 만듭니다. 역시 '빨리빨리',"Mar 26, 2025",1243,0
2024-07-02,PSTsSCvuoMk,LLMCompiler : 한국인이 만든 추론 방법론으로 AI Agent를 만듭니다. 역시 '빨리빨리',"Mar 26, 2025",1243,0
2024-07-03,PSTsSCvuoMk,LLMCompiler : 한국인이 만든 추론 방법론으로 AI Agent를 만듭니다. 역시 '빨리빨리',"Mar 26, 2025",1243,0
2024-07-04,PSTsSCvuoMk,LLMCompiler : 한국인이 만든 추론 방법론으로 AI Agent를 만듭니다. 역시 '빨리빨리',"Mar 26, 2025",1243,0
2024-07-05,PSTsSCvuoMk,LLMCompiler : 한국인이 만든 추론 방법론으로 AI Agent를 만듭니다. 역시 '빨리빨리',"Mar 26, 2025",1243,0
2024-07-06,PSTsSCvuoMk,LLMCompiler : 한국인이 만든 추론 방법론으로 AI Agent를 만듭니다. 역시 '빨리빨리',"Mar 26, 2025",1243,0
2024-07-07,PSTsSCvuoMk,LLMCompiler : 한국인이 만든 추론 방법론으로 AI Agent를 만듭니다. 역시 '빨리빨리',"Mar 26, 2025",1243,0
2024-07-08,PSTsSCvuoMk,LLMCompiler : 한국인이 만든 추론 방법론으로 AI Agent를 만듭니다. 역시 '빨리빨리',"Mar 26, 2025",1243,0
2024-07-09,PSTsSCvuoMk,LLMCompiler : 한국인이 만든 추론 방법론으로 AI Agent를 만듭니다. 역시 '빨리빨리',"Mar 26, 2025",1243,0
2024-07-10,PSTsSCvuoMk,LLMCompiler : 한국인이 만든 추론 방법론으로 AI Agent를 만듭니다. 역시 '빨리빨리',"Mar 26, 2025",1243,0
2024-07-11,PSTsSCvuoMk,LLMCompiler : 한국인이 만든 추론 방법론으로 AI Agent를 만듭니다. 역시 '빨리빨리',"Mar 26, 2025",1243,0
2024-07-12,PSTsSCvuoMk,LLMCompiler : 한국인이 만든 추론 방법론으로 AI Agent를 만듭니다. 역시 '빨리빨리',"Mar 26, 2025",1243,0
2024-07-13,PSTsSCvuoMk,LLMCompiler : 한국인이 만든 추론 방법론으로 AI Agent를 만듭니다. 역시 '빨리빨리',"Mar 26, 2025",1243,0
2024-07-14,PSTsSCvuoMk,LLMCompiler : 한국인이 만든 추론 방법론으로 AI Agent를 만듭니다. 역시 '빨리빨리',"Mar 26, 2025",1243,0
2024-07-15,PSTsSCvuoMk,LLMCompiler : 한국인이 만든 추론 방법론으로 AI Agent를 만듭니다. 역시 '빨리빨리',"Mar 26, 2025",1243,0
2024-07-16,PSTsSCvuoMk,LLMCompiler : 한국인이 만든 추론 방법론으로 AI Agent를 만듭니다. 역시 '빨리빨리',"Mar 26, 2025",1243,0
2024-07-17,PSTsSCvuoMk,LLMCompiler : 한국인이 만든 추론 방법론으로 AI Agent를 만듭니다. 역시 '빨리빨리',"Mar 26, 2025",1243,0
2024-07-18,PSTsSCvuoMk,LLMCompiler : 한국인이 만든 추론 방법론으로 AI Agent를 만듭니다. 역시 '빨리빨리',"Mar 26, 2025",1243,0
2024-07-19,PSTsSCvuoMk,LLMCompiler : 한국인이 만든 추론 방법론으로 AI Agent를 만듭니다. 역시 '빨리빨리',"Mar 26, 2025",1243,0
2024-07-20,PSTsSCvuoMk,LLMCompiler : 한국인이 만든 추론 방법론으로 AI Agent를 만듭니다. 역시 '빨리빨리',"Mar 26, 2025",1243,0
2024-07-21,PSTsSCvuoMk,LLMCompiler : 한국인이 만든 추론 방법론으로 AI Agent를 만듭니다. 역시 '빨리빨리',"Mar 26, 2025",1243,0
2024-07-22,PSTsSCvuoMk,LLMCompiler : 한국인이 만든 추론 방법론으로 AI Agent를 만듭니다. 역시 '빨리빨리',"Mar 26, 2025",1243,0
2024-07-23,PSTsSCvuoMk,LLMCompiler : 한국인이 만든 추론 방법론으로 AI Agent를 만듭니다. 역시 '빨리빨리',"Mar 26, 2025",1243,0
2024-07-24,PSTsSCvuoMk,LLMCompiler : 한국인이 만든 추론 방법론으로 AI Agent를 만듭니다. 역시 '빨리빨리',"Mar 26, 2025",1243,0
2024-07-25,PSTsSCvuoMk,LLMCompiler : 한국인이 만든 추론 방법론으로 AI Agent를 만듭니다. 역시 '빨리빨리',"Mar 26, 2025",1243,0
2024-07-26,PSTsSCvuoMk,LLMCompiler : 한국인이 만든 추론 방법론으로 AI Agent를 만듭니다. 역시 '빨리빨리',"Mar 26, 2025",1243,0
2024-07-27,PSTsSCvuoMk,LLMCompiler : 한국인이 만든 추론 방법론으로 AI Agent를 만듭니다. 역시 '빨리빨리',"Mar 26, 2025",1243,0
2024-07-28,PSTsSCvuoMk,LLMCompiler : 한국인이 만든 추론 방법론으로 AI Agent를 만듭니다. 역시 '빨리빨리',"Mar 26, 2025",1243,0
2024-07-29,PSTsSCvuoMk,LLMCompiler : 한국인이 만든 추론 방법론으로 AI Agent를 만듭니다. 역시 '빨리빨리',"Mar 26, 2025",1243,0
2024-07-30,PSTsSCvuoMk,LLMCompiler : 한국인이 만든 추론 방법론으로 AI Agent를 만듭니다. 역시 '빨리빨리',"Mar 26, 2025",1243,0
2024-07-31,PSTsSCvuoMk,LLMCompiler : 한국인이 만든 추론 방법론으로 AI Agent를 만듭니다. 역시 '빨리빨리',"Mar 26, 2025",1243,0
2024-08-01,PSTsSCvuoMk,LLMCompiler : 한국인이 만든 추론 방법론으로 AI Agent를 만듭니다. 역시 '빨리빨리',"Mar 26, 2025",1243,0
2024-08-02,PSTsSCvuoMk,LLMCompiler : 한국인이 만든 추론 방법론으로 AI Agent를 만듭니다. 역시 '빨리빨리',"Mar 26, 2025",1243,0
2024-08-03,PSTsSCvuoMk,LLMCompiler : 한국인이 만든 추론 방법론으로 AI Agent를 만듭니다. 역시 '빨리빨리',"Mar 26, 2025",1243,0
2024-08-04,PSTsSCvuoMk,LLMCompiler : 한국인이 만든 추론 방법론으로 AI Agent를 만듭니다. 역시 '빨리빨리',"Mar 26, 2025",1243,0
2024-08-05,PSTsSCvuoMk,LLMCompiler : 한국인이 만든 추론 방법론으로 AI Agent를 만듭니다. 역시 '빨리빨리',"Mar 26, 2025",1243,0
2024-08-06,PSTsSCvuoMk,LLMCompiler : 한국인이 만든 추론 방법론으로 AI Agent를 만듭니다. 역시 '빨리빨리',"Mar 26, 2025",1243,0
2024-08-07,PSTsSCvuoMk,LLMCompiler : 한국인이 만든 추론 방법론으로 AI Agent를 만듭니다. 역시 '빨리빨리',"Mar 26, 2025",1243,0
2024-08-08,PSTsSCvuoMk,LLMCompiler : 한국인이 만든 추론 방법론으로 AI Agent를 만듭니다. 역시 '빨리빨리',"Mar 26, 2025",1243,0
2024-08-09,PSTsSCvuoMk,LLMCompiler : 한국인이 만든 추론 방법론으로 AI Agent를 만듭니다. 역시 '빨리빨리',"Mar 26, 2025",1243,0
2024-08-10,PSTsSCvuoMk,LLMCompiler : 한국인이 만든 추론 방법론으로 AI Agent를 만듭니다. 역시 '빨리빨리',"Mar 26, 2025",1243,0
2024-08-11,PSTsSCvuoMk,LLMCompiler : 한국인이 만든 추론 방법론으로 AI Agent를 만듭니다. 역시 '빨리빨리',"Mar 26, 2025",1243,0
2024-08-12,PSTsSCvuoMk,LLMCompiler : 한국인이 만든 추론 방법론으로 AI Agent를 만듭니다. 역시 '빨리빨리',"Mar 26, 2025",1243,0
2024-08-13,PSTsSCvuoMk,LLMCompiler : 한국인이 만든 추론 방법론으로 AI Agent를 만듭니다. 역시 '빨리빨리',"Mar 26, 2025",1243,0
2024-08-14,PSTsSCvuoMk,LLMCompiler : 한국인이 만든 추론 방법론으로 AI Agent를 만듭니다. 역시 '빨리빨리',"Mar 26, 2025",1243,0
2024-08-15,PSTsSCvuoMk,LLMCompiler : 한국인이 만든 추론 방법론으로 AI Agent를 만듭니다. 역시 '빨리빨리',"Mar 26, 2025",1243,0
2024-08-16,PSTsSCvuoMk,LLMCompiler : 한국인이 만든 추론 방법론으로 AI Agent를 만듭니다. 역시 '빨리빨리',"Mar 26, 2025",1243,0
2024-08-17,PSTsSCvuoMk,LLMCompiler : 한국인이 만든 추론 방법론으로 AI Agent를 만듭니다. 역시 '빨리빨리',"Mar 26, 2025",1243,0
2024-08-18,PSTsSCvuoMk,LLMCompiler : 한국인이 만든 추론 방법론으로 AI Agent를 만듭니다. 역시 '빨리빨리',"Mar 26, 2025",1243,0
2024-08-19,PSTsSCvuoMk,LLMCompiler : 한국인이 만든 추론 방법론으로 AI Agent를 만듭니다. 역시 '빨리빨리',"Mar 26, 2025",1243,0
2024-08-20,PSTsSCvuoMk,LLMCompiler : 한국인이 만든 추론 방법론으로 AI Agent를 만듭니다. 역시 '빨리빨리',"Mar 26, 2025",1243,0
2024-08-21,PSTsSCvuoMk,LLMCompiler : 한국인이 만든 추론 방법론으로 AI Agent를 만듭니다. 역시 '빨리빨리',"Mar 26, 2025",1243,0
2024-08-22,PSTsSCvuoMk,LLMCompiler : 한국인이 만든 추론 방법론으로 AI Agent를 만듭니다. 역시 '빨리빨리',"Mar 26, 2025",1243,0
2024-08-23,PSTsSCvuoMk,LLMCompiler : 한국인이 만든 추론 방법론으로 AI Agent를 만듭니다. 역시 '빨리빨리',"Mar 26, 2025",1243,0
2024-08-24,PSTsSCvuoMk,LLMCompiler : 한국인이 만든 추론 방법론으로 AI Agent를 만듭니다. 역시 '빨리빨리',"Mar 26, 2025",1243,0
2024-08-25,PSTsSCvuoMk,LLMCompiler : 한국인이 만든 추론 방법론으로 AI Agent를 만듭니다. 역시 '빨리빨리',"Mar 26, 2025",1243,0
2024-08-26,PSTsSCvuoMk,LLMCompiler : 한국인이 만든 추론 방법론으로 AI Agent를 만듭니다. 역시 '빨리빨리',"Mar 26, 2025",1243,0
2024-08-27,PSTsSCvuoMk,LLMCompiler : 한국인이 만든 추론 방법론으로 AI Agent를 만듭니다. 역시 '빨리빨리',"Mar 26, 2025",1243,0
2024-08-28,PSTsSCvuoMk,LLMCompiler : 한국인이 만든 추론 방법론으로 AI Agent를 만듭니다. 역시 '빨리빨리',"Mar 26, 2025",1243,0
2024-08-29,PSTsSCvuoMk,LLMCompiler : 한국인이 만든 추론 방법론으로 AI Agent를 만듭니다. 역시 '빨리빨리',"Mar 26, 2025",1243,0
2024-08-30,PSTsSCvuoMk,LLMCompiler : 한국인이 만든 추론 방법론으로 AI Agent를 만듭니다. 역시 '빨리빨리',"Mar 26, 2025",1243,0
2024-08-31,PSTsSCvuoMk,LLMCompiler : 한국인이 만든 추론 방법론으로 AI Agent를 만듭니다. 역시 '빨리빨리',"Mar 26, 2025",1243,0
2024-09-01,PSTsSCvuoMk,LLMCompiler : 한국인이 만든 추론 방법론으로 AI Agent를 만듭니다. 역시 '빨리빨리',"Mar 26, 2025",1243,0
2024-09-02,PSTsSCvuoMk,LLMCompiler : 한국인이 만든 추론 방법론으로 AI Agent를 만듭니다. 역시 '빨리빨리',"Mar 26, 2025",1243,0
2024-09-03,PSTsSCvuoMk,LLMCompiler : 한국인이 만든 추론 방법론으로 AI Agent를 만듭니다. 역시 '빨리빨리',"Mar 26, 2025",1243,0
2024-09-04,PSTsSCvuoMk,LLMCompiler : 한국인이 만든 추론 방법론으로 AI Agent를 만듭니다. 역시 '빨리빨리',"Mar 26, 2025",1243,0
2024-09-05,PSTsSCvuoMk,LLMCompiler : 한국인이 만든 추론 방법론으로 AI Agent를 만듭니다. 역시 '빨리빨리',"Mar 26, 2025",1243,0
2024-09-06,PSTsSCvuoMk,LLMCompiler : 한국인이 만든 추론 방법론으로 AI Agent를 만듭니다. 역시 '빨리빨리',"Mar 26, 2025",1243,0
2024-09-07,PSTsSCvuoMk,LLMCompiler : 한국인이 만든 추론 방법론으로 AI Agent를 만듭니다. 역시 '빨리빨리',"Mar 26, 2025",1243,0
2024-09-08,PSTsSCvuoMk,LLMCompiler : 한국인이 만든 추론 방법론으로 AI Agent를 만듭니다. 역시 '빨리빨리',"Mar 26, 2025",1243,0
2024-09-09,PSTsSCvuoMk,LLMCompiler : 한국인이 만든 추론 방법론으로 AI Agent를 만듭니다. 역시 '빨리빨리',"Mar 26, 2025",1243,0
2024-09-10,PSTsSCvuoMk,LLMCompiler : 한국인이 만든 추론 방법론으로 AI Agent를 만듭니다. 역시 '빨리빨리',"Mar 26, 2025",1243,0
2024-09-11,PSTsSCvuoMk,LLMCompiler : 한국인이 만든 추론 방법론으로 AI Agent를 만듭니다. 역시 '빨리빨리',"Mar 26, 2025",1243,0
2024-09-12,PSTsSCvuoMk,LLMCompiler : 한국인이 만든 추론 방법론으로 AI Agent를 만듭니다. 역시 '빨리빨리',"Mar 26, 2025",1243,0
2024-09-13,PSTsSCvuoMk,LLMCompiler : 한국인이 만든 추론 방법론으로 AI Agent를 만듭니다. 역시 '빨리빨리',"Mar 26, 2025",1243,0
2024-09-14,PSTsSCvuoMk,LLMCompiler : 한국인이 만든 추론 방법론으로 AI Agent를 만듭니다. 역시 '빨리빨리',"Mar 26, 2025",1243,0
2024-09-15,PSTsSCvuoMk,LLMCompiler : 한국인이 만든 추론 방법론으로 AI Agent를 만듭니다. 역시 '빨리빨리',"Mar 26, 2025",1243,0
2024-09-16,PSTsSCvuoMk,LLMCompiler : 한국인이 만든 추론 방법론으로 AI Agent를 만듭니다. 역시 '빨리빨리',"Mar 26, 2025",1243,0
2024-09-17,PSTsSCvuoMk,LLMCompiler : 한국인이 만든 추론 방법론으로 AI Agent를 만듭니다. 역시 '빨리빨리',"Mar 26, 2025",1243,0
2024-09-18,PSTsSCvuoMk,LLMCompiler : 한국인이 만든 추론 방법론으로 AI Agent를 만듭니다. 역시 '빨리빨리',"Mar 26, 2025",1243,0
2024-09-19,PSTsSCvuoMk,LLMCompiler : 한국인이 만든 추론 방법론으로 AI Agent를 만듭니다. 역시 '빨리빨리',"Mar 26, 2025",1243,0
2024-09-20,PSTsSCvuoMk,LLMCompiler : 한국인이 만든 추론 방법론으로 AI Agent를 만듭니다. 역시 '빨리빨리',"Mar 26, 2025",1243,0
2024-09-21,PSTsSCvuoMk,LLMCompiler : 한국인이 만든 추론 방법론으로 AI Agent를 만듭니다. 역시 '빨리빨리',"Mar 26, 2025",1243,0
2024-09-22,PSTsSCvuoMk,LLMCompiler : 한국인이 만든 추론 방법론으로 AI Agent를 만듭니다. 역시 '빨리빨리',"Mar 26, 2025",1243,0
2024-09-23,PSTsSCvuoMk,LLMCompiler : 한국인이 만든 추론 방법론으로 AI Agent를 만듭니다. 역시 '빨리빨리',"Mar 26, 2025",1243,0
2024-09-24,PSTsSCvuoMk,LLMCompiler : 한국인이 만든 추론 방법론으로 AI Agent를 만듭니다. 역시 '빨리빨리',"Mar 26, 2025",1243,0
2024-09-25,PSTsSCvuoMk,LLMCompiler : 한국인이 만든 추론 방법론으로 AI Agent를 만듭니다. 역시 '빨리빨리',"Mar 26, 2025",1243,0
2024-09-26,PSTsSCvuoMk,LLMCompiler : 한국인이 만든 추론 방법론으로 AI Agent를 만듭니다. 역시 '빨리빨리',"Mar 26, 2025",1243,0
2024-09-27,PSTsSCvuoMk,LLMCompiler : 한국인이 만든 추론 방법론으로 AI Agent를 만듭니다. 역시 '빨리빨리',"Mar 26, 2025",1243,0
2024-09-28,PSTsSCvuoMk,LLMCompiler : 한국인이 만든 추론 방법론으로 AI Agent를 만듭니다. 역시 '빨리빨리',"Mar 26, 2025",1243,0
2024-09-29,PSTsSCvuoMk,LLMCompiler : 한국인이 만든 추론 방법론으로 AI Agent를 만듭니다. 역시 '빨리빨리',"Mar 26, 2025",1243,0
2024-09-30,PSTsSCvuoMk,LLMCompiler : 한국인이 만든 추론 방법론으로 AI Agent를 만듭니다. 역시 '빨리빨리',"Mar 26, 2025",1243,0
2024-10-01,PSTsSCvuoMk,LLMCompiler : 한국인이 만든 추론 방법론으로 AI Agent를 만듭니다. 역시 '빨리빨리',"Mar 26, 2025",1243,0
2024-10-02,PSTsSCvuoMk,LLMCompiler : 한국인이 만든 추론 방법론으로 AI Agent를 만듭니다. 역시 '빨리빨리',"Mar 26, 2025",1243,0
2024-10-03,PSTsSCvuoMk,LLMCompiler : 한국인이 만든 추론 방법론으로 AI Agent를 만듭니다. 역시 '빨리빨리',"Mar 26, 2025",1243,0
2024-10-04,PSTsSCvuoMk,LLMCompiler : 한국인이 만든 추론 방법론으로 AI Agent를 만듭니다. 역시 '빨리빨리',"Mar 26, 2025",1243,0
2024-10-05,PSTsSCvuoMk,LLMCompiler : 한국인이 만든 추론 방법론으로 AI Agent를 만듭니다. 역시 '빨리빨리',"Mar 26, 2025",1243,0
2024-10-06,PSTsSCvuoMk,LLMCompiler : 한국인이 만든 추론 방법론으로 AI Agent를 만듭니다. 역시 '빨리빨리',"Mar 26, 2025",1243,0
2024-10-07,PSTsSCvuoMk,LLMCompiler : 한국인이 만든 추론 방법론으로 AI Agent를 만듭니다. 역시 '빨리빨리',"Mar 26, 2025",1243,0
2024-10-08,PSTsSCvuoMk,LLMCompiler : 한국인이 만든 추론 방법론으로 AI Agent를 만듭니다. 역시 '빨리빨리',"Mar 26, 2025",1243,0
2024-10-09,PSTsSCvuoMk,LLMCompiler : 한국인이 만든 추론 방법론으로 AI Agent를 만듭니다. 역시 '빨리빨리',"Mar 26, 2025",1243,0
2024-10-10,PSTsSCvuoMk,LLMCompiler : 한국인이 만든 추론 방법론으로 AI Agent를 만듭니다. 역시 '빨리빨리',"Mar 26, 2025",1243,0
2024-10-11,PSTsSCvuoMk,LLMCompiler : 한국인이 만든 추론 방법론으로 AI Agent를 만듭니다. 역시 '빨리빨리',"Mar 26, 2025",1243,0
2024-10-12,PSTsSCvuoMk,LLMCompiler : 한국인이 만든 추론 방법론으로 AI Agent를 만듭니다. 역시 '빨리빨리',"Mar 26, 2025",1243,0
2024-10-13,PSTsSCvuoMk,LLMCompiler : 한국인이 만든 추론 방법론으로 AI Agent를 만듭니다. 역시 '빨리빨리',"Mar 26, 2025",1243,0
2024-10-14,PSTsSCvuoMk,LLMCompiler : 한국인이 만든 추론 방법론으로 AI Agent를 만듭니다. 역시 '빨리빨리',"Mar 26, 2025",1243,0
2024-10-15,PSTsSCvuoMk,LLMCompiler : 한국인이 만든 추론 방법론으로 AI Agent를 만듭니다. 역시 '빨리빨리',"Mar 26, 2025",1243,0
2024-10-16,PSTsSCvuoMk,LLMCompiler : 한국인이 만든 추론 방법론으로 AI Agent를 만듭니다. 역시 '빨리빨리',"Mar 26, 2025",1243,0
2024-10-17,PSTsSCvuoMk,LLMCompiler : 한국인이 만든 추론 방법론으로 AI Agent를 만듭니다. 역시 '빨리빨리',"Mar 26, 2025",1243,0
2024-10-18,PSTsSCvuoMk,LLMCompiler : 한국인이 만든 추론 방법론으로 AI Agent를 만듭니다. 역시 '빨리빨리',"Mar 26, 2025",1243,0
2024-10-19,PSTsSCvuoMk,LLMCompiler : 한국인이 만든 추론 방법론으로 AI Agent를 만듭니다. 역시 '빨리빨리',"Mar 26, 2025",1243,0
2024-10-20,PSTsSCvuoMk,LLMCompiler : 한국인이 만든 추론 방법론으로 AI Agent를 만듭니다. 역시 '빨리빨리',"Mar 26, 2025",1243,0
2024-10-21,PSTsSCvuoMk,LLMCompiler : 한국인이 만든 추론 방법론으로 AI Agent를 만듭니다. 역시 '빨리빨리',"Mar 26, 2025",1243,0
2024-10-22,PSTsSCvuoMk,LLMCompiler : 한국인이 만든 추론 방법론으로 AI Agent를 만듭니다. 역시 '빨리빨리',"Mar 26, 2025",1243,0
2024-10-23,PSTsSCvuoMk,LLMCompiler : 한국인이 만든 추론 방법론으로 AI Agent를 만듭니다. 역시 '빨리빨리',"Mar 26, 2025",1243,0
2024-10-24,PSTsSCvuoMk,LLMCompiler : 한국인이 만든 추론 방법론으로 AI Agent를 만듭니다. 역시 '빨리빨리',"Mar 26, 2025",1243,0
2024-10-25,PSTsSCvuoMk,LLMCompiler : 한국인이 만든 추론 방법론으로 AI Agent를 만듭니다. 역시 '빨리빨리',"Mar 26, 2025",1243,0
2024-10-26,PSTsSCvuoMk,LLMCompiler : 한국인이 만든 추론 방법론으로 AI Agent를 만듭니다. 역시 '빨리빨리',"Mar 26, 2025",1243,0
2024-10-27,PSTsSCvuoMk,LLMCompiler : 한국인이 만든 추론 방법론으로 AI Agent를 만듭니다. 역시 '빨리빨리',"Mar 26, 2025",1243,0
2024-10-28,PSTsSCvuoMk,LLMCompiler : 한국인이 만든 추론 방법론으로 AI Agent를 만듭니다. 역시 '빨리빨리',"Mar 26, 2025",1243,0
2024-10-29,PSTsSCvuoMk,LLMCompiler : 한국인이 만든 추론 방법론으로 AI Agent를 만듭니다. 역시 '빨리빨리',"Mar 26, 2025",1243,0
2024-10-30,PSTsSCvuoMk,LLMCompiler : 한국인이 만든 추론 방법론으로 AI Agent를 만듭니다. 역시 '빨리빨리',"Mar 26, 2025",1243,0
2024-10-31,PSTsSCvuoMk,LLMCompiler : 한국인이 만든 추론 방법론으로 AI Agent를 만듭니다. 역시 '빨리빨리',"Mar 26, 2025",1243,0
2024-11-01,PSTsSCvuoMk,LLMCompiler : 한국인이 만든 추론 방법론으로 AI Agent를 만듭니다. 역시 '빨리빨리',"Mar 26, 2025",1243,0
2024-11-02,PSTsSCvuoMk,LLMCompiler : 한국인이 만든 추론 방법론으로 AI Agent를 만듭니다. 역시 '빨리빨리',"Mar 26, 2025",1243,0
2024-11-03,PSTsSCvuoMk,LLMCompiler : 한국인이 만든 추론 방법론으로 AI Agent를 만듭니다. 역시 '빨리빨리',"Mar 26, 2025",1243,0
2024-11-04,PSTsSCvuoMk,LLMCompiler : 한국인이 만든 추론 방법론으로 AI Agent를 만듭니다. 역시 '빨리빨리',"Mar 26, 2025",1243,0
2024-11-05,PSTsSCvuoMk,LLMCompiler : 한국인이 만든 추론 방법론으로 AI Agent를 만듭니다. 역시 '빨리빨리',"Mar 26, 2025",1243,0
2024-11-06,PSTsSCvuoMk,LLMCompiler : 한국인이 만든 추론 방법론으로 AI Agent를 만듭니다. 역시 '빨리빨리',"Mar 26, 2025",1243,0
2024-11-07,PSTsSCvuoMk,LLMCompiler : 한국인이 만든 추론 방법론으로 AI Agent를 만듭니다. 역시 '빨리빨리',"Mar 26, 2025",1243,0
2024-11-08,PSTsSCvuoMk,LLMCompiler : 한국인이 만든 추론 방법론으로 AI Agent를 만듭니다. 역시 '빨리빨리',"Mar 26, 2025",1243,0
2024-11-09,PSTsSCvuoMk,LLMCompiler : 한국인이 만든 추론 방법론으로 AI Agent를 만듭니다. 역시 '빨리빨리',"Mar 26, 2025",1243,0
2024-11-10,PSTsSCvuoMk,LLMCompiler : 한국인이 만든 추론 방법론으로 AI Agent를 만듭니다. 역시 '빨리빨리',"Mar 26, 2025",1243,0
2024-11-11,PSTsSCvuoMk,LLMCompiler : 한국인이 만든 추론 방법론으로 AI Agent를 만듭니다. 역시 '빨리빨리',"Mar 26, 2025",1243,0
2024-11-12,PSTsSCvuoMk,LLMCompiler : 한국인이 만든 추론 방법론으로 AI Agent를 만듭니다. 역시 '빨리빨리',"Mar 26, 2025",1243,0
2024-11-13,PSTsSCvuoMk,LLMCompiler : 한국인이 만든 추론 방법론으로 AI Agent를 만듭니다. 역시 '빨리빨리',"Mar 26, 2025",1243,0
2024-11-14,PSTsSCvuoMk,LLMCompiler : 한국인이 만든 추론 방법론으로 AI Agent를 만듭니다. 역시 '빨리빨리',"Mar 26, 2025",1243,0
2024-11-15,PSTsSCvuoMk,LLMCompiler : 한국인이 만든 추론 방법론으로 AI Agent를 만듭니다. 역시 '빨리빨리',"Mar 26, 2025",1243,0
2024-11-16,PSTsSCvuoMk,LLMCompiler : 한국인이 만든 추론 방법론으로 AI Agent를 만듭니다. 역시 '빨리빨리',"Mar 26, 2025",1243,0
2024-11-17,PSTsSCvuoMk,LLMCompiler : 한국인이 만든 추론 방법론으로 AI Agent를 만듭니다. 역시 '빨리빨리',"Mar 26, 2025",1243,0
2024-11-18,PSTsSCvuoMk,LLMCompiler : 한국인이 만든 추론 방법론으로 AI Agent를 만듭니다. 역시 '빨리빨리',"Mar 26, 2025",1243,0
2024-11-19,PSTsSCvuoMk,LLMCompiler : 한국인이 만든 추론 방법론으로 AI Agent를 만듭니다. 역시 '빨리빨리',"Mar 26, 2025",1243,0
2024-11-20,PSTsSCvuoMk,LLMCompiler : 한국인이 만든 추론 방법론으로 AI Agent를 만듭니다. 역시 '빨리빨리',"Mar 26, 2025",1243,0
2024-11-21,PSTsSCvuoMk,LLMCompiler : 한국인이 만든 추론 방법론으로 AI Agent를 만듭니다. 역시 '빨리빨리',"Mar 26, 2025",1243,0
2024-11-22,PSTsSCvuoMk,LLMCompiler : 한국인이 만든 추론 방법론으로 AI Agent를 만듭니다. 역시 '빨리빨리',"Mar 26, 2025",1243,0
2024-11-23,PSTsSCvuoMk,LLMCompiler : 한국인이 만든 추론 방법론으로 AI Agent를 만듭니다. 역시 '빨리빨리',"Mar 26, 2025",1243,0
2024-11-24,PSTsSCvuoMk,LLMCompiler : 한국인이 만든 추론 방법론으로 AI Agent를 만듭니다. 역시 '빨리빨리',"Mar 26, 2025",1243,0
2024-11-25,PSTsSCvuoMk,LLMCompiler : 한국인이 만든 추론 방법론으로 AI Agent를 만듭니다. 역시 '빨리빨리',"Mar 26, 2025",1243,0
2024-11-26,PSTsSCvuoMk,LLMCompiler : 한국인이 만든 추론 방법론으로 AI Agent를 만듭니다. 역시 '빨리빨리',"Mar 26, 2025",1243,0
2024-11-27,PSTsSCvuoMk,LLMCompiler : 한국인이 만든 추론 방법론으로 AI Agent를 만듭니다. 역시 '빨리빨리',"Mar 26, 2025",1243,0
2024-11-28,PSTsSCvuoMk,LLMCompiler : 한국인이 만든 추론 방법론으로 AI Agent를 만듭니다. 역시 '빨리빨리',"Mar 26, 2025",1243,0
2024-11-29,PSTsSCvuoMk,LLMCompiler : 한국인이 만든 추론 방법론으로 AI Agent를 만듭니다. 역시 '빨리빨리',"Mar 26, 2025",1243,0
2024-11-30,PSTsSCvuoMk,LLMCompiler : 한국인이 만든 추론 방법론으로 AI Agent를 만듭니다. 역시 '빨리빨리',"Mar 26, 2025",1243,0
2024-12-01,PSTsSCvuoMk,LLMCompiler : 한국인이 만든 추론 방법론으로 AI Agent를 만듭니다. 역시 '빨리빨리',"Mar 26, 2025",1243,0
2024-12-02,PSTsSCvuoMk,LLMCompiler : 한국인이 만든 추론 방법론으로 AI Agent를 만듭니다. 역시 '빨리빨리',"Mar 26, 2025",1243,0
2024-12-03,PSTsSCvuoMk,LLMCompiler : 한국인이 만든 추론 방법론으로 AI Agent를 만듭니다. 역시 '빨리빨리',"Mar 26, 2025",1243,0
2024-12-04,PSTsSCvuoMk,LLMCompiler : 한국인이 만든 추론 방법론으로 AI Agent를 만듭니다. 역시 '빨리빨리',"Mar 26, 2025",1243,0
2024-12-05,PSTsSCvuoMk,LLMCompiler : 한국인이 만든 추론 방법론으로 AI Agent를 만듭니다. 역시 '빨리빨리',"Mar 26, 2025",1243,0
2024-12-06,PSTsSCvuoMk,LLMCompiler : 한국인이 만든 추론 방법론으로 AI Agent를 만듭니다. 역시 '빨리빨리',"Mar 26, 2025",1243,0
2024-12-07,PSTsSCvuoMk,LLMCompiler : 한국인이 만든 추론 방법론으로 AI Agent를 만듭니다. 역시 '빨리빨리',"Mar 26, 2025",1243,0
2024-12-08,PSTsSCvuoMk,LLMCompiler : 한국인이 만든 추론 방법론으로 AI Agent를 만듭니다. 역시 '빨리빨리',"Mar 26, 2025",1243,0
2024-12-09,PSTsSCvuoMk,LLMCompiler : 한국인이 만든 추론 방법론으로 AI Agent를 만듭니다. 역시 '빨리빨리',"Mar 26, 2025",1243,0
2024-12-10,PSTsSCvuoMk,LLMCompiler : 한국인이 만든 추론 방법론으로 AI Agent를 만듭니다. 역시 '빨리빨리',"Mar 26, 2025",1243,0
2024-12-11,PSTsSCvuoMk,LLMCompiler : 한국인이 만든 추론 방법론으로 AI Agent를 만듭니다. 역시 '빨리빨리',"Mar 26, 2025",1243,0
2024-12-12,PSTsSCvuoMk,LLMCompiler : 한국인이 만든 추론 방법론으로 AI Agent를 만듭니다. 역시 '빨리빨리',"Mar 26, 2025",1243,0
2024-12-13,PSTsSCvuoMk,LLMCompiler : 한국인이 만든 추론 방법론으로 AI Agent를 만듭니다. 역시 '빨리빨리',"Mar 26, 2025",1243,0
2024-12-14,PSTsSCvuoMk,LLMCompiler : 한국인이 만든 추론 방법론으로 AI Agent를 만듭니다. 역시 '빨리빨리',"Mar 26, 2025",1243,0
2024-12-15,PSTsSCvuoMk,LLMCompiler : 한국인이 만든 추론 방법론으로 AI Agent를 만듭니다. 역시 '빨리빨리',"Mar 26, 2025",1243,0
2024-12-16,PSTsSCvuoMk,LLMCompiler : 한국인이 만든 추론 방법론으로 AI Agent를 만듭니다. 역시 '빨리빨리',"Mar 26, 2025",1243,0
2024-12-17,PSTsSCvuoMk,LLMCompiler : 한국인이 만든 추론 방법론으로 AI Agent를 만듭니다. 역시 '빨리빨리',"Mar 26, 2025",1243,0
2024-12-18,PSTsSCvuoMk,LLMCompiler : 한국인이 만든 추론 방법론으로 AI Agent를 만듭니다. 역시 '빨리빨리',"Mar 26, 2025",1243,0
2024-12-19,PSTsSCvuoMk,LLMCompiler : 한국인이 만든 추론 방법론으로 AI Agent를 만듭니다. 역시 '빨리빨리',"Mar 26, 2025",1243,0
2024-12-20,PSTsSCvuoMk,LLMCompiler : 한국인이 만든 추론 방법론으로 AI Agent를 만듭니다. 역시 '빨리빨리',"Mar 26, 2025",1243,0
2024-12-21,PSTsSCvuoMk,LLMCompiler : 한국인이 만든 추론 방법론으로 AI Agent를 만듭니다. 역시 '빨리빨리',"Mar 26, 2025",1243,0
2024-12-22,PSTsSCvuoMk,LLMCompiler : 한국인이 만든 추론 방법론으로 AI Agent를 만듭니다. 역시 '빨리빨리',"Mar 26, 2025",1243,0
2024-12-23,PSTsSCvuoMk,LLMCompiler : 한국인이 만든 추론 방법론으로 AI Agent를 만듭니다. 역시 '빨리빨리',"Mar 26, 2025",1243,0
2024-12-24,PSTsSCvuoMk,LLMCompiler : 한국인이 만든 추론 방법론으로 AI Agent를 만듭니다. 역시 '빨리빨리',"Mar 26, 2025",1243,0
2024-12-25,PSTsSCvuoMk,LLMCompiler : 한국인이 만든 추론 방법론으로 AI Agent를 만듭니다. 역시 '빨리빨리',"Mar 26, 2025",1243,0
2024-12-26,PSTsSCvuoMk,LLMCompiler : 한국인이 만든 추론 방법론으로 AI Agent를 만듭니다. 역시 '빨리빨리',"Mar 26, 2025",1243,0
2024-12-27,PSTsSCvuoMk,LLMCompiler : 한국인이 만든 추론 방법론으로 AI Agent를 만듭니다. 역시 '빨리빨리',"Mar 26, 2025",1243,0
2024-12-28,PSTsSCvuoMk,LLMCompiler : 한국인이 만든 추론 방법론으로 AI Agent를 만듭니다. 역시 '빨리빨리',"Mar 26, 2025",1243,0
2024-12-29,PSTsSCvuoMk,LLMCompiler : 한국인이 만든 추론 방법론으로 AI Agent를 만듭니다. 역시 '빨리빨리',"Mar 26, 2025",1243,0
2024-12-30,PSTsSCvuoMk,LLMCompiler : 한국인이 만든 추론 방법론으로 AI Agent를 만듭니다. 역시 '빨리빨리',"Mar 26, 2025",1243,0
2024-12-31,PSTsSCvuoMk,LLMCompiler : 한국인이 만든 추론 방법론으로 AI Agent를 만듭니다. 역시 '빨리빨리',"Mar 26, 2025",1243,0
2025-01-01,PSTsSCvuoMk,LLMCompiler : 한국인이 만든 추론 방법론으로 AI Agent를 만듭니다. 역시 '빨리빨리',"Mar 26, 2025",1243,0
2025-01-02,PSTsSCvuoMk,LLMCompiler : 한국인이 만든 추론 방법론으로 AI Agent를 만듭니다. 역시 '빨리빨리',"Mar 26, 2025",1243,0
2025-01-03,PSTsSCvuoMk,LLMCompiler : 한국인이 만든 추론 방법론으로 AI Agent를 만듭니다. 역시 '빨리빨리',"Mar 26, 2025",1243,0
2025-01-04,PSTsSCvuoMk,LLMCompiler : 한국인이 만든 추론 방법론으로 AI Agent를 만듭니다. 역시 '빨리빨리',"Mar 26, 2025",1243,0
2025-01-05,PSTsSCvuoMk,LLMCompiler : 한국인이 만든 추론 방법론으로 AI Agent를 만듭니다. 역시 '빨리빨리',"Mar 26, 2025",1243,0
2025-01-06,PSTsSCvuoMk,LLMCompiler : 한국인이 만든 추론 방법론으로 AI Agent를 만듭니다. 역시 '빨리빨리',"Mar 26, 2025",1243,0
2025-01-07,PSTsSCvuoMk,LLMCompiler : 한국인이 만든 추론 방법론으로 AI Agent를 만듭니다. 역시 '빨리빨리',"Mar 26, 2025",1243,0
2025-01-08,PSTsSCvuoMk,LLMCompiler : 한국인이 만든 추론 방법론으로 AI Agent를 만듭니다. 역시 '빨리빨리',"Mar 26, 2025",1243,0
2025-01-09,PSTsSCvuoMk,LLMCompiler : 한국인이 만든 추론 방법론으로 AI Agent를 만듭니다. 역시 '빨리빨리',"Mar 26, 2025",1243,0
2025-01-10,PSTsSCvuoMk,LLMCompiler : 한국인이 만든 추론 방법론으로 AI Agent를 만듭니다. 역시 '빨리빨리',"Mar 26, 2025",1243,0
2025-01-11,PSTsSCvuoMk,LLMCompiler : 한국인이 만든 추론 방법론으로 AI Agent를 만듭니다. 역시 '빨리빨리',"Mar 26, 2025",1243,0
2025-01-12,PSTsSCvuoMk,LLMCompiler : 한국인이 만든 추론 방법론으로 AI Agent를 만듭니다. 역시 '빨리빨리',"Mar 26, 2025",1243,0
2025-01-13,PSTsSCvuoMk,LLMCompiler : 한국인이 만든 추론 방법론으로 AI Agent를 만듭니다. 역시 '빨리빨리',"Mar 26, 2025",1243,0
2025-01-14,PSTsSCvuoMk,LLMCompiler : 한국인이 만든 추론 방법론으로 AI Agent를 만듭니다. 역시 '빨리빨리',"Mar 26, 2025",1243,0
2025-01-15,PSTsSCvuoMk,LLMCompiler : 한국인이 만든 추론 방법론으로 AI Agent를 만듭니다. 역시 '빨리빨리',"Mar 26, 2025",1243,0
2025-01-16,PSTsSCvuoMk,LLMCompiler : 한국인이 만든 추론 방법론으로 AI Agent를 만듭니다. 역시 '빨리빨리',"Mar 26, 2025",1243,0
2025-01-17,PSTsSCvuoMk,LLMCompiler : 한국인이 만든 추론 방법론으로 AI Agent를 만듭니다. 역시 '빨리빨리',"Mar 26, 2025",1243,0
2025-01-18,PSTsSCvuoMk,LLMCompiler : 한국인이 만든 추론 방법론으로 AI Agent를 만듭니다. 역시 '빨리빨리',"Mar 26, 2025",1243,0
2025-01-19,PSTsSCvuoMk,LLMCompiler : 한국인이 만든 추론 방법론으로 AI Agent를 만듭니다. 역시 '빨리빨리',"Mar 26, 2025",1243,0
2025-01-20,PSTsSCvuoMk,LLMCompiler : 한국인이 만든 추론 방법론으로 AI Agent를 만듭니다. 역시 '빨리빨리',"Mar 26, 2025",1243,0
2025-01-21,PSTsSCvuoMk,LLMCompiler : 한국인이 만든 추론 방법론으로 AI Agent를 만듭니다. 역시 '빨리빨리',"Mar 26, 2025",1243,0
2025-01-22,PSTsSCvuoMk,LLMCompiler : 한국인이 만든 추론 방법론으로 AI Agent를 만듭니다. 역시 '빨리빨리',"Mar 26, 2025",1243,0
2025-01-23,PSTsSCvuoMk,LLMCompiler : 한국인이 만든 추론 방법론으로 AI Agent를 만듭니다. 역시 '빨리빨리',"Mar 26, 2025",1243,0
2025-01-24,PSTsSCvuoMk,LLMCompiler : 한국인이 만든 추론 방법론으로 AI Agent를 만듭니다. 역시 '빨리빨리',"Mar 26, 2025",1243,0
2025-01-25,PSTsSCvuoMk,LLMCompiler : 한국인이 만든 추론 방법론으로 AI Agent를 만듭니다. 역시 '빨리빨리',"Mar 26, 2025",1243,0
2025-01-26,PSTsSCvuoMk,LLMCompiler : 한국인이 만든 추론 방법론으로 AI Agent를 만듭니다. 역시 '빨리빨리',"Mar 26, 2025",1243,0
2025-01-27,PSTsSCvuoMk,LLMCompiler : 한국인이 만든 추론 방법론으로 AI Agent를 만듭니다. 역시 '빨리빨리',"Mar 26, 2025",1243,0
2025-01-28,PSTsSCvuoMk,LLMCompiler : 한국인이 만든 추론 방법론으로 AI Agent를 만듭니다. 역시 '빨리빨리',"Mar 26, 2025",1243,0
2025-01-29,PSTsSCvuoMk,LLMCompiler : 한국인이 만든 추론 방법론으로 AI Agent를 만듭니다. 역시 '빨리빨리',"Mar 26, 2025",1243,0
2025-01-30,PSTsSCvuoMk,LLMCompiler : 한국인이 만든 추론 방법론으로 AI Agent를 만듭니다. 역시 '빨리빨리',"Mar 26, 2025",1243,0
2025-01-31,PSTsSCvuoMk,LLMCompiler : 한국인이 만든 추론 방법론으로 AI Agent를 만듭니다. 역시 '빨리빨리',"Mar 26, 2025",1243,0
2025-02-01,PSTsSCvuoMk,LLMCompiler : 한국인이 만든 추론 방법론으로 AI Agent를 만듭니다. 역시 '빨리빨리',"Mar 26, 2025",1243,0
2025-02-02,PSTsSCvuoMk,LLMCompiler : 한국인이 만든 추론 방법론으로 AI Agent를 만듭니다. 역시 '빨리빨리',"Mar 26, 2025",1243,0
2025-02-03,PSTsSCvuoMk,LLMCompiler : 한국인이 만든 추론 방법론으로 AI Agent를 만듭니다. 역시 '빨리빨리',"Mar 26, 2025",1243,0
2025-02-04,PSTsSCvuoMk,LLMCompiler : 한국인이 만든 추론 방법론으로 AI Agent를 만듭니다. 역시 '빨리빨리',"Mar 26, 2025",1243,0
2025-02-05,PSTsSCvuoMk,LLMCompiler : 한국인이 만든 추론 방법론으로 AI Agent를 만듭니다. 역시 '빨리빨리',"Mar 26, 2025",1243,0
2025-02-06,PSTsSCvuoMk,LLMCompiler : 한국인이 만든 추론 방법론으로 AI Agent를 만듭니다. 역시 '빨리빨리',"Mar 26, 2025",1243,0
2025-02-07,PSTsSCvuoMk,LLMCompiler : 한국인이 만든 추론 방법론으로 AI Agent를 만듭니다. 역시 '빨리빨리',"Mar 26, 2025",1243,0
2025-02-08,PSTsSCvuoMk,LLMCompiler : 한국인이 만든 추론 방법론으로 AI Agent를 만듭니다. 역시 '빨리빨리',"Mar 26, 2025",1243,0
2025-02-09,PSTsSCvuoMk,LLMCompiler : 한국인이 만든 추론 방법론으로 AI Agent를 만듭니다. 역시 '빨리빨리',"Mar 26, 2025",1243,0
2025-02-10,PSTsSCvuoMk,LLMCompiler : 한국인이 만든 추론 방법론으로 AI Agent를 만듭니다. 역시 '빨리빨리',"Mar 26, 2025",1243,0
2025-02-11,PSTsSCvuoMk,LLMCompiler : 한국인이 만든 추론 방법론으로 AI Agent를 만듭니다. 역시 '빨리빨리',"Mar 26, 2025",1243,0
2025-02-12,PSTsSCvuoMk,LLMCompiler : 한국인이 만든 추론 방법론으로 AI Agent를 만듭니다. 역시 '빨리빨리',"Mar 26, 2025",1243,0
2025-02-13,PSTsSCvuoMk,LLMCompiler : 한국인이 만든 추론 방법론으로 AI Agent를 만듭니다. 역시 '빨리빨리',"Mar 26, 2025",1243,0
2025-02-14,PSTsSCvuoMk,LLMCompiler : 한국인이 만든 추론 방법론으로 AI Agent를 만듭니다. 역시 '빨리빨리',"Mar 26, 2025",1243,0
2025-02-15,PSTsSCvuoMk,LLMCompiler : 한국인이 만든 추론 방법론으로 AI Agent를 만듭니다. 역시 '빨리빨리',"Mar 26, 2025",1243,0
2025-02-16,PSTsSCvuoMk,LLMCompiler : 한국인이 만든 추론 방법론으로 AI Agent를 만듭니다. 역시 '빨리빨리',"Mar 26, 2025",1243,0
2025-02-17,PSTsSCvuoMk,LLMCompiler : 한국인이 만든 추론 방법론으로 AI Agent를 만듭니다. 역시 '빨리빨리',"Mar 26, 2025",1243,0
2025-02-18,PSTsSCvuoMk,LLMCompiler : 한국인이 만든 추론 방법론으로 AI Agent를 만듭니다. 역시 '빨리빨리',"Mar 26, 2025",1243,0
2025-02-19,PSTsSCvuoMk,LLMCompiler : 한국인이 만든 추론 방법론으로 AI Agent를 만듭니다. 역시 '빨리빨리',"Mar 26, 2025",1243,0
2025-02-20,PSTsSCvuoMk,LLMCompiler : 한국인이 만든 추론 방법론으로 AI Agent를 만듭니다. 역시 '빨리빨리',"Mar 26, 2025",1243,0
2025-02-21,PSTsSCvuoMk,LLMCompiler : 한국인이 만든 추론 방법론으로 AI Agent를 만듭니다. 역시 '빨리빨리',"Mar 26, 2025",1243,0
2025-02-22,PSTsSCvuoMk,LLMCompiler : 한국인이 만든 추론 방법론으로 AI Agent를 만듭니다. 역시 '빨리빨리',"Mar 26, 2025",1243,0
2025-02-23,PSTsSCvuoMk,LLMCompiler : 한국인이 만든 추론 방법론으로 AI Agent를 만듭니다. 역시 '빨리빨리',"Mar 26, 2025",1243,0
2025-02-24,PSTsSCvuoMk,LLMCompiler : 한국인이 만든 추론 방법론으로 AI Agent를 만듭니다. 역시 '빨리빨리',"Mar 26, 2025",1243,0
2025-02-25,PSTsSCvuoMk,LLMCompiler : 한국인이 만든 추론 방법론으로 AI Agent를 만듭니다. 역시 '빨리빨리',"Mar 26, 2025",1243,0
2025-02-26,PSTsSCvuoMk,LLMCompiler : 한국인이 만든 추론 방법론으로 AI Agent를 만듭니다. 역시 '빨리빨리',"Mar 26, 2025",1243,0
2025-02-27,PSTsSCvuoMk,LLMCompiler : 한국인이 만든 추론 방법론으로 AI Agent를 만듭니다. 역시 '빨리빨리',"Mar 26, 2025",1243,0
2025-02-28,PSTsSCvuoMk,LLMCompiler : 한국인이 만든 추론 방법론으로 AI Agent를 만듭니다. 역시 '빨리빨리',"Mar 26, 2025",1243,0
2025-03-01,PSTsSCvuoMk,LLMCompiler : 한국인이 만든 추론 방법론으로 AI Agent를 만듭니다. 역시 '빨리빨리',"Mar 26, 2025",1243,0
2025-03-02,PSTsSCvuoMk,LLMCompiler : 한국인이 만든 추론 방법론으로 AI Agent를 만듭니다. 역시 '빨리빨리',"Mar 26, 2025",1243,0
2025-03-03,PSTsSCvuoMk,LLMCompiler : 한국인이 만든 추론 방법론으로 AI Agent를 만듭니다. 역시 '빨리빨리',"Mar 26, 2025",1243,0
2025-03-04,PSTsSCvuoMk,LLMCompiler : 한국인이 만든 추론 방법론으로 AI Agent를 만듭니다. 역시 '빨리빨리',"Mar 26, 2025",1243,0
2025-03-05,PSTsSCvuoMk,LLMCompiler : 한국인이 만든 추론 방법론으로 AI Agent를 만듭니다. 역시 '빨리빨리',"Mar 26, 2025",1243,0
2025-03-06,PSTsSCvuoMk,LLMCompiler : 한국인이 만든 추론 방법론으로 AI Agent를 만듭니다. 역시 '빨리빨리',"Mar 26, 2025",1243,0
2025-03-07,PSTsSCvuoMk,LLMCompiler : 한국인이 만든 추론 방법론으로 AI Agent를 만듭니다. 역시 '빨리빨리',"Mar 26, 2025",1243,0
2025-03-08,PSTsSCvuoMk,LLMCompiler : 한국인이 만든 추론 방법론으로 AI Agent를 만듭니다. 역시 '빨리빨리',"Mar 26, 2025",1243,0
2025-03-09,PSTsSCvuoMk,LLMCompiler : 한국인이 만든 추론 방법론으로 AI Agent를 만듭니다. 역시 '빨리빨리',"Mar 26, 2025",1243,0
2025-03-10,PSTsSCvuoMk,LLMCompiler : 한국인이 만든 추론 방법론으로 AI Agent를 만듭니다. 역시 '빨리빨리',"Mar 26, 2025",1243,0
2025-03-11,PSTsSCvuoMk,LLMCompiler : 한국인이 만든 추론 방법론으로 AI Agent를 만듭니다. 역시 '빨리빨리',"Mar 26, 2025",1243,0
2025-03-12,PSTsSCvuoMk,LLMCompiler : 한국인이 만든 추론 방법론으로 AI Agent를 만듭니다. 역시 '빨리빨리',"Mar 26, 2025",1243,0
2025-03-13,PSTsSCvuoMk,LLMCompiler : 한국인이 만든 추론 방법론으로 AI Agent를 만듭니다. 역시 '빨리빨리',"Mar 26, 2025",1243,0
2025-03-14,PSTsSCvuoMk,LLMCompiler : 한국인이 만든 추론 방법론으로 AI Agent를 만듭니다. 역시 '빨리빨리',"Mar 26, 2025",1243,0
2025-03-15,PSTsSCvuoMk,LLMCompiler : 한국인이 만든 추론 방법론으로 AI Agent를 만듭니다. 역시 '빨리빨리',"Mar 26, 2025",1243,0
2025-03-16,PSTsSCvuoMk,LLMCompiler : 한국인이 만든 추론 방법론으로 AI Agent를 만듭니다. 역시 '빨리빨리',"Mar 26, 2025",1243,0
2025-03-17,PSTsSCvuoMk,LLMCompiler : 한국인이 만든 추론 방법론으로 AI Agent를 만듭니다. 역시 '빨리빨리',"Mar 26, 2025",1243,0
2025-03-18,PSTsSCvuoMk,LLMCompiler : 한국인이 만든 추론 방법론으로 AI Agent를 만듭니다. 역시 '빨리빨리',"Mar 26, 2025",1243,0
2025-03-19,PSTsSCvuoMk,LLMCompiler : 한국인이 만든 추론 방법론으로 AI Agent를 만듭니다. 역시 '빨리빨리',"Mar 26, 2025",1243,0
2025-03-20,PSTsSCvuoMk,LLMCompiler : 한국인이 만든 추론 방법론으로 AI Agent를 만듭니다. 역시 '빨리빨리',"Mar 26, 2025",1243,0
2025-03-21,PSTsSCvuoMk,LLMCompiler : 한국인이 만든 추론 방법론으로 AI Agent를 만듭니다. 역시 '빨리빨리',"Mar 26, 2025",1243,0
2025-03-22,PSTsSCvuoMk,LLMCompiler : 한국인이 만든 추론 방법론으로 AI Agent를 만듭니다. 역시 '빨리빨리',"Mar 26, 2025",1243,0
2025-03-23,PSTsSCvuoMk,LLMCompiler : 한국인이 만든 추론 방법론으로 AI Agent를 만듭니다. 역시 '빨리빨리',"Mar 26, 2025",1243,0
2025-03-24,PSTsSCvuoMk,LLMCompiler : 한국인이 만든 추론 방법론으로 AI Agent를 만듭니다. 역시 '빨리빨리',"Mar 26, 2025",1243,0
2025-03-25,PSTsSCvuoMk,LLMCompiler : 한국인이 만든 추론 방법론으로 AI Agent를 만듭니다. 역시 '빨리빨리',"Mar 26, 2025",1243,0
2025-03-26,PSTsSCvuoMk,LLMCompiler : 한국인이 만든 추론 방법론으로 AI Agent를 만듭니다. 역시 '빨리빨리',"Mar 26, 2025",1243,22.9413
2025-03-27,PSTsSCvuoMk,LLMCompiler : 한국인이 만든 추론 방법론으로 AI Agent를 만듭니다. 역시 '빨리빨리',"Mar 26, 2025",1243,72.0682
2025-03-28,PSTsSCvuoMk,LLMCompiler : 한국인이 만든 추론 방법론으로 AI Agent를 만듭니다. 역시 '빨리빨리',"Mar 26, 2025",1243,11.0508
2025-03-29,PSTsSCvuoMk,LLMCompiler : 한국인이 만든 추론 방법론으로 AI Agent를 만듭니다. 역시 '빨리빨리',"Mar 26, 2025",1243,6.4063
2025-03-30,PSTsSCvuoMk,LLMCompiler : 한국인이 만든 추론 방법론으로 AI Agent를 만듭니다. 역시 '빨리빨리',"Mar 26, 2025",1243,1.798
2025-03-31,PSTsSCvuoMk,LLMCompiler : 한국인이 만든 추론 방법론으로 AI Agent를 만듭니다. 역시 '빨리빨리',"Mar 26, 2025",1243,1.2845
2025-04-01,PSTsSCvuoMk,LLMCompiler : 한국인이 만든 추론 방법론으로 AI Agent를 만듭니다. 역시 '빨리빨리',"Mar 26, 2025",1243,1.861
2025-04-02,PSTsSCvuoMk,LLMCompiler : 한국인이 만든 추론 방법론으로 AI Agent를 만듭니다. 역시 '빨리빨리',"Mar 26, 2025",1243,1.4577
2025-04-03,PSTsSCvuoMk,LLMCompiler : 한국인이 만든 추론 방법론으로 AI Agent를 만듭니다. 역시 '빨리빨리',"Mar 26, 2025",1243,2.0527
2025-04-04,PSTsSCvuoMk,LLMCompiler : 한국인이 만든 추론 방법론으로 AI Agent를 만듭니다. 역시 '빨리빨리',"Mar 26, 2025",1243,1.9766
2025-04-05,PSTsSCvuoMk,LLMCompiler : 한국인이 만든 추론 방법론으로 AI Agent를 만듭니다. 역시 '빨리빨리',"Mar 26, 2025",1243,1.318
2025-04-06,PSTsSCvuoMk,LLMCompiler : 한국인이 만든 추론 방법론으로 AI Agent를 만듭니다. 역시 '빨리빨리',"Mar 26, 2025",1243,2.6557
2025-04-07,PSTsSCvuoMk,LLMCompiler : 한국인이 만든 추론 방법론으로 AI Agent를 만듭니다. 역시 '빨리빨리',"Mar 26, 2025",1243,2.4978
2025-04-08,PSTsSCvuoMk,LLMCompiler : 한국인이 만든 추론 방법론으로 AI Agent를 만듭니다. 역시 '빨리빨리',"Mar 26, 2025",1243,0.7401
2025-04-09,PSTsSCvuoMk,LLMCompiler : 한국인이 만든 추론 방법론으로 AI Agent를 만듭니다. 역시 '빨리빨리',"Mar 26, 2025",1243,0.6527
2025-04-10,PSTsSCvuoMk,LLMCompiler : 한국인이 만든 추론 방법론으로 AI Agent를 만듭니다. 역시 '빨리빨리',"Mar 26, 2025",1243,0.8338
2025-04-11,PSTsSCvuoMk,LLMCompiler : 한국인이 만든 추론 방법론으로 AI Agent를 만듭니다. 역시 '빨리빨리',"Mar 26, 2025",1243,0.7596
2025-04-12,PSTsSCvuoMk,LLMCompiler : 한국인이 만든 추론 방법론으로 AI Agent를 만듭니다. 역시 '빨리빨리',"Mar 26, 2025",1243,1.0276
2025-04-13,PSTsSCvuoMk,LLMCompiler : 한국인이 만든 추론 방법론으로 AI Agent를 만듭니다. 역시 '빨리빨리',"Mar 26, 2025",1243,2.3603
2025-04-14,PSTsSCvuoMk,LLMCompiler : 한국인이 만든 추론 방법론으로 AI Agent를 만듭니다. 역시 '빨리빨리',"Mar 26, 2025",1243,3.1176
2025-04-15,PSTsSCvuoMk,LLMCompiler : 한국인이 만든 추론 방법론으로 AI Agent를 만듭니다. 역시 '빨리빨리',"Mar 26, 2025",1243,1.8662
2025-04-16,PSTsSCvuoMk,LLMCompiler : 한국인이 만든 추론 방법론으로 AI Agent를 만듭니다. 역시 '빨리빨리',"Mar 26, 2025",1243,2.0032
2025-04-17,PSTsSCvuoMk,LLMCompiler : 한국인이 만든 추론 방법론으로 AI Agent를 만듭니다. 역시 '빨리빨리',"Mar 26, 2025",1243,1.2137
2025-04-18,PSTsSCvuoMk,LLMCompiler : 한국인이 만든 추론 방법론으로 AI Agent를 만듭니다. 역시 '빨리빨리',"Mar 26, 2025",1243,0.6318
2025-04-19,PSTsSCvuoMk,LLMCompiler : 한국인이 만든 추론 방법론으로 AI Agent를 만듭니다. 역시 '빨리빨리',"Mar 26, 2025",1243,0.9698
2025-04-20,PSTsSCvuoMk,LLMCompiler : 한국인이 만든 추론 방법론으로 AI Agent를 만듭니다. 역시 '빨리빨리',"Mar 26, 2025",1243,0.8692
2025-04-21,PSTsSCvuoMk,LLMCompiler : 한국인이 만든 추론 방법론으로 AI Agent를 만듭니다. 역시 '빨리빨리',"Mar 26, 2025",1243,0.13
2025-04-22,PSTsSCvuoMk,LLMCompiler : 한국인이 만든 추론 방법론으로 AI Agent를 만듭니다. 역시 '빨리빨리',"Mar 26, 2025",1243,0.887
2025-04-23,PSTsSCvuoMk,LLMCompiler : 한국인이 만든 추론 방법론으로 AI Agent를 만듭니다. 역시 '빨리빨리',"Mar 26, 2025",1243,0.2379
2025-04-24,PSTsSCvuoMk,LLMCompiler : 한국인이 만든 추론 방법론으로 AI Agent를 만듭니다. 역시 '빨리빨리',"Mar 26, 2025",1243,0.5682
2025-04-25,PSTsSCvuoMk,LLMCompiler : 한국인이 만든 추론 방법론으로 AI Agent를 만듭니다. 역시 '빨리빨리',"Mar 26, 2025",1243,1.1127
2025-04-26,PSTsSCvuoMk,LLMCompiler : 한국인이 만든 추론 방법론으로 AI Agent를 만듭니다. 역시 '빨리빨리',"Mar 26, 2025",1243,0.5503
2025-04-27,PSTsSCvuoMk,LLMCompiler : 한국인이 만든 추론 방법론으로 AI Agent를 만듭니다. 역시 '빨리빨리',"Mar 26, 2025",1243,0.2458
2025-04-28,PSTsSCvuoMk,LLMCompiler : 한국인이 만든 추론 방법론으로 AI Agent를 만듭니다. 역시 '빨리빨리',"Mar 26, 2025",1243,0.5281
2025-04-29,PSTsSCvuoMk,LLMCompiler : 한국인이 만든 추론 방법론으로 AI Agent를 만듭니다. 역시 '빨리빨리',"Mar 26, 2025",1243,0.044
2025-04-30,PSTsSCvuoMk,LLMCompiler : 한국인이 만든 추론 방법론으로 AI Agent를 만듭니다. 역시 '빨리빨리',"Mar 26, 2025",1243,0.1891
2025-05-01,PSTsSCvuoMk,LLMCompiler : 한국인이 만든 추론 방법론으로 AI Agent를 만듭니다. 역시 '빨리빨리',"Mar 26, 2025",1243,0.165
2025-05-02,PSTsSCvuoMk,LLMCompiler : 한국인이 만든 추론 방법론으로 AI Agent를 만듭니다. 역시 '빨리빨리',"Mar 26, 2025",1243,0.9367
2025-05-03,PSTsSCvuoMk,LLMCompiler : 한국인이 만든 추론 방법론으로 AI Agent를 만듭니다. 역시 '빨리빨리',"Mar 26, 2025",1243,0.0642
2025-05-04,PSTsSCvuoMk,LLMCompiler : 한국인이 만든 추론 방법론으로 AI Agent를 만듭니다. 역시 '빨리빨리',"Mar 26, 2025",1243,0.0344
2025-05-05,PSTsSCvuoMk,LLMCompiler : 한국인이 만든 추론 방법론으로 AI Agent를 만듭니다. 역시 '빨리빨리',"Mar 26, 2025",1243,0.046
2025-05-06,PSTsSCvuoMk,LLMCompiler : 한국인이 만든 추론 방법론으로 AI Agent를 만듭니다. 역시 '빨리빨리',"Mar 26, 2025",1243,0.0878
2025-05-07,PSTsSCvuoMk,LLMCompiler : 한국인이 만든 추론 방법론으로 AI Agent를 만듭니다. 역시 '빨리빨리',"Mar 26, 2025",1243,0.2652
2025-05-08,PSTsSCvuoMk,LLMCompiler : 한국인이 만든 추론 방법론으로 AI Agent를 만듭니다. 역시 '빨리빨리',"Mar 26, 2025",1243,0.2465
2025-05-09,PSTsSCvuoMk,LLMCompiler : 한국인이 만든 추론 방법론으로 AI Agent를 만듭니다. 역시 '빨리빨리',"Mar 26, 2025",1243,0.0962
2025-05-10,PSTsSCvuoMk,LLMCompiler : 한국인이 만든 추론 방법론으로 AI Agent를 만듭니다. 역시 '빨리빨리',"Mar 26, 2025",1243,0.5483
2025-05-11,PSTsSCvuoMk,LLMCompiler : 한국인이 만든 추론 방법론으로 AI Agent를 만듭니다. 역시 '빨리빨리',"Mar 26, 2025",1243,0.242
2025-05-12,PSTsSCvuoMk,LLMCompiler : 한국인이 만든 추론 방법론으로 AI Agent를 만듭니다. 역시 '빨리빨리',"Mar 26, 2025",1243,0
2025-05-13,PSTsSCvuoMk,LLMCompiler : 한국인이 만든 추론 방법론으로 AI Agent를 만듭니다. 역시 '빨리빨리',"Mar 26, 2025",1243,0.0003
2025-05-14,PSTsSCvuoMk,LLMCompiler : 한국인이 만든 추론 방법론으로 AI Agent를 만듭니다. 역시 '빨리빨리',"Mar 26, 2025",1243,0.2406
2025-05-15,PSTsSCvuoMk,LLMCompiler : 한국인이 만든 추론 방법론으로 AI Agent를 만듭니다. 역시 '빨리빨리',"Mar 26, 2025",1243,0.0914
2025-05-16,PSTsSCvuoMk,LLMCompiler : 한국인이 만든 추론 방법론으로 AI Agent를 만듭니다. 역시 '빨리빨리',"Mar 26, 2025",1243,0
2025-05-17,PSTsSCvuoMk,LLMCompiler : 한국인이 만든 추론 방법론으로 AI Agent를 만듭니다. 역시 '빨리빨리',"Mar 26, 2025",1243,0
2025-05-18,PSTsSCvuoMk,LLMCompiler : 한국인이 만든 추론 방법론으로 AI Agent를 만듭니다. 역시 '빨리빨리',"Mar 26, 2025",1243,0
2025-05-19,PSTsSCvuoMk,LLMCompiler : 한국인이 만든 추론 방법론으로 AI Agent를 만듭니다. 역시 '빨리빨리',"Mar 26, 2025",1243,0.0008
2025-05-20,PSTsSCvuoMk,LLMCompiler : 한국인이 만든 추론 방법론으로 AI Agent를 만듭니다. 역시 '빨리빨리',"Mar 26, 2025",1243,0
2025-05-21,PSTsSCvuoMk,LLMCompiler : 한국인이 만든 추론 방법론으로 AI Agent를 만듭니다. 역시 '빨리빨리',"Mar 26, 2025",1243,0
2025-05-22,PSTsSCvuoMk,LLMCompiler : 한국인이 만든 추론 방법론으로 AI Agent를 만듭니다. 역시 '빨리빨리',"Mar 26, 2025",1243,0.0374
2025-05-23,PSTsSCvuoMk,LLMCompiler : 한국인이 만든 추론 방법론으로 AI Agent를 만듭니다. 역시 '빨리빨리',"Mar 26, 2025",1243,0
2025-05-24,PSTsSCvuoMk,LLMCompiler : 한국인이 만든 추론 방법론으로 AI Agent를 만듭니다. 역시 '빨리빨리',"Mar 26, 2025",1243,0.0041
2025-05-25,PSTsSCvuoMk,LLMCompiler : 한국인이 만든 추론 방법론으로 AI Agent를 만듭니다. 역시 '빨리빨리',"Mar 26, 2025",1243,0.0307
2025-05-26,PSTsSCvuoMk,LLMCompiler : 한국인이 만든 추론 방법론으로 AI Agent를 만듭니다. 역시 '빨리빨리',"Mar 26, 2025",1243,0
2025-05-27,PSTsSCvuoMk,LLMCompiler : 한국인이 만든 추론 방법론으로 AI Agent를 만듭니다. 역시 '빨리빨리',"Mar 26, 2025",1243,0.0552
2025-05-28,PSTsSCvuoMk,LLMCompiler : 한국인이 만든 추론 방법론으로 AI Agent를 만듭니다. 역시 '빨리빨리',"Mar 26, 2025",1243,0.6
2025-05-29,PSTsSCvuoMk,LLMCompiler : 한국인이 만든 추론 방법론으로 AI Agent를 만듭니다. 역시 '빨리빨리',"Mar 26, 2025",1243,0.4666
2025-05-30,PSTsSCvuoMk,LLMCompiler : 한국인이 만든 추론 방법론으로 AI Agent를 만듭니다. 역시 '빨리빨리',"Mar 26, 2025",1243,0.001
2025-05-31,PSTsSCvuoMk,LLMCompiler : 한국인이 만든 추론 방법론으로 AI Agent를 만듭니다. 역시 '빨리빨리',"Mar 26, 2025",1243,0.1256
2025-06-01,PSTsSCvuoMk,LLMCompiler : 한국인이 만든 추론 방법론으로 AI Agent를 만듭니다. 역시 '빨리빨리',"Mar 26, 2025",1243,0.3451
2025-06-02,PSTsSCvuoMk,LLMCompiler : 한국인이 만든 추론 방법론으로 AI Agent를 만듭니다. 역시 '빨리빨리',"Mar 26, 2025",1243,0.383
2025-06-03,PSTsSCvuoMk,LLMCompiler : 한국인이 만든 추론 방법론으로 AI Agent를 만듭니다. 역시 '빨리빨리',"Mar 26, 2025",1243,0.01
2025-06-04,PSTsSCvuoMk,LLMCompiler : 한국인이 만든 추론 방법론으로 AI Agent를 만듭니다. 역시 '빨리빨리',"Mar 26, 2025",1243,0.0004
2025-06-05,PSTsSCvuoMk,LLMCompiler : 한국인이 만든 추론 방법론으로 AI Agent를 만듭니다. 역시 '빨리빨리',"Mar 26, 2025",1243,0.0066
2025-06-06,PSTsSCvuoMk,LLMCompiler : 한국인이 만든 추론 방법론으로 AI Agent를 만듭니다. 역시 '빨리빨리',"Mar 26, 2025",1243,0.0489
2025-06-07,PSTsSCvuoMk,LLMCompiler : 한국인이 만든 추론 방법론으로 AI Agent를 만듭니다. 역시 '빨리빨리',"Mar 26, 2025",1243,0.0406
2025-06-08,PSTsSCvuoMk,LLMCompiler : 한국인이 만든 추론 방법론으로 AI Agent를 만듭니다. 역시 '빨리빨리',"Mar 26, 2025",1243,0.5392
2025-06-09,PSTsSCvuoMk,LLMCompiler : 한국인이 만든 추론 방법론으로 AI Agent를 만듭니다. 역시 '빨리빨리',"Mar 26, 2025",1243,0.0209
2025-06-10,PSTsSCvuoMk,LLMCompiler : 한국인이 만든 추론 방법론으로 AI Agent를 만듭니다. 역시 '빨리빨리',"Mar 26, 2025",1243,0.2123
2025-06-11,PSTsSCvuoMk,LLMCompiler : 한국인이 만든 추론 방법론으로 AI Agent를 만듭니다. 역시 '빨리빨리',"Mar 26, 2025",1243,0.6842
2025-06-12,PSTsSCvuoMk,LLMCompiler : 한국인이 만든 추론 방법론으로 AI Agent를 만듭니다. 역시 '빨리빨리',"Mar 26, 2025",1243,0.3858
2025-06-13,PSTsSCvuoMk,LLMCompiler : 한국인이 만든 추론 방법론으로 AI Agent를 만듭니다. 역시 '빨리빨리',"Mar 26, 2025",1243,0.0817
2025-06-14,PSTsSCvuoMk,LLMCompiler : 한국인이 만든 추론 방법론으로 AI Agent를 만듭니다. 역시 '빨리빨리',"Mar 26, 2025",1243,0.0309
2025-06-15,PSTsSCvuoMk,LLMCompiler : 한국인이 만든 추론 방법론으로 AI Agent를 만듭니다. 역시 '빨리빨리',"Mar 26, 2025",1243,0.0058
2025-06-16,PSTsSCvuoMk,LLMCompiler : 한국인이 만든 추론 방법론으로 AI Agent를 만듭니다. 역시 '빨리빨리',"Mar 26, 2025",1243,0.2028
2025-06-17,PSTsSCvuoMk,LLMCompiler : 한국인이 만든 추론 방법론으로 AI Agent를 만듭니다. 역시 '빨리빨리',"Mar 26, 2025",1243,0
2025-06-18,PSTsSCvuoMk,LLMCompiler : 한국인이 만든 추론 방법론으로 AI Agent를 만듭니다. 역시 '빨리빨리',"Mar 26, 2025",1243,0.1481
2025-06-19,PSTsSCvuoMk,LLMCompiler : 한국인이 만든 추론 방법론으로 AI Agent를 만듭니다. 역시 '빨리빨리',"Mar 26, 2025",1243,0.0091
2025-06-20,PSTsSCvuoMk,LLMCompiler : 한국인이 만든 추론 방법론으로 AI Agent를 만듭니다. 역시 '빨리빨리',"Mar 26, 2025",1243,0.0447
2025-06-21,PSTsSCvuoMk,LLMCompiler : 한국인이 만든 추론 방법론으로 AI Agent를 만듭니다. 역시 '빨리빨리',"Mar 26, 2025",1243,0.1687
2025-06-22,PSTsSCvuoMk,LLMCompiler : 한국인이 만든 추론 방법론으로 AI Agent를 만듭니다. 역시 '빨리빨리',"Mar 26, 2025",1243,0.0108
2025-06-23,PSTsSCvuoMk,LLMCompiler : 한국인이 만든 추론 방법론으로 AI Agent를 만듭니다. 역시 '빨리빨리',"Mar 26, 2025",1243,0.3183
2025-06-24,PSTsSCvuoMk,LLMCompiler : 한국인이 만든 추론 방법론으로 AI Agent를 만듭니다. 역시 '빨리빨리',"Mar 26, 2025",1243,0.0991
2025-06-25,PSTsSCvuoMk,LLMCompiler : 한국인이 만든 추론 방법론으로 AI Agent를 만듭니다. 역시 '빨리빨리',"Mar 26, 2025",1243,0.003
2025-06-26,PSTsSCvuoMk,LLMCompiler : 한국인이 만든 추론 방법론으로 AI Agent를 만듭니다. 역시 '빨리빨리',"Mar 26, 2025",1243,0.3099
2025-06-27,PSTsSCvuoMk,LLMCompiler : 한국인이 만든 추론 방법론으로 AI Agent를 만듭니다. 역시 '빨리빨리',"Mar 26, 2025",1243,0.0167
2025-06-28,PSTsSCvuoMk,LLMCompiler : 한국인이 만든 추론 방법론으로 AI Agent를 만듭니다. 역시 '빨리빨리',"Mar 26, 2025",1243,0
2025-06-29,PSTsSCvuoMk,LLMCompiler : 한국인이 만든 추론 방법론으로 AI Agent를 만듭니다. 역시 '빨리빨리',"Mar 26, 2025",1243,0.0272
2025-06-30,PSTsSCvuoMk,LLMCompiler : 한국인이 만든 추론 방법론으로 AI Agent를 만듭니다. 역시 '빨리빨리',"Mar 26, 2025",1243,0.0196
2025-07-01,PSTsSCvuoMk,LLMCompiler : 한국인이 만든 추론 방법론으로 AI Agent를 만듭니다. 역시 '빨리빨리',"Mar 26, 2025",1243,0
2025-07-02,PSTsSCvuoMk,LLMCompiler : 한국인이 만든 추론 방법론으로 AI Agent를 만듭니다. 역시 '빨리빨리',"Mar 26, 2025",1243,0.2648
2025-07-03,PSTsSCvuoMk,LLMCompiler : 한국인이 만든 추론 방법론으로 AI Agent를 만듭니다. 역시 '빨리빨리',"Mar 26, 2025",1243,0.0079
2025-07-04,PSTsSCvuoMk,LLMCompiler : 한국인이 만든 추론 방법론으로 AI Agent를 만듭니다. 역시 '빨리빨리',"Mar 26, 2025",1243,0.0075
2025-07-05,PSTsSCvuoMk,LLMCompiler : 한국인이 만든 추론 방법론으로 AI Agent를 만듭니다. 역시 '빨리빨리',"Mar 26, 2025",1243,0.0843
2025-07-06,PSTsSCvuoMk,LLMCompiler : 한국인이 만든 추론 방법론으로 AI Agent를 만듭니다. 역시 '빨리빨리',"Mar 26, 2025",1243,0.0733
2025-07-07,PSTsSCvuoMk,LLMCompiler : 한국인이 만든 추론 방법론으로 AI Agent를 만듭니다. 역시 '빨리빨리',"Mar 26, 2025",1243,0.0037
2025-07-08,PSTsSCvuoMk,LLMCompiler : 한국인이 만든 추론 방법론으로 AI Agent를 만듭니다. 역시 '빨리빨리',"Mar 26, 2025",1243,0.0266
2025-07-09,PSTsSCvuoMk,LLMCompiler : 한국인이 만든 추론 방법론으로 AI Agent를 만듭니다. 역시 '빨리빨리',"Mar 26, 2025",1243,0.1935
2025-07-10,PSTsSCvuoMk,LLMCompiler : 한국인이 만든 추론 방법론으로 AI Agent를 만듭니다. 역시 '빨리빨리',"Mar 26, 2025",1243,0.0498
2025-07-11,PSTsSCvuoMk,LLMCompiler : 한국인이 만든 추론 방법론으로 AI Agent를 만듭니다. 역시 '빨리빨리',"Mar 26, 2025",1243,0.2412
2025-07-12,PSTsSCvuoMk,LLMCompiler : 한국인이 만든 추론 방법론으로 AI Agent를 만듭니다. 역시 '빨리빨리',"Mar 26, 2025",1243,0
2025-07-13,PSTsSCvuoMk,LLMCompiler : 한국인이 만든 추론 방법론으로 AI Agent를 만듭니다. 역시 '빨리빨리',"Mar 26, 2025",1243,0.0073
2025-07-14,PSTsSCvuoMk,LLMCompiler : 한국인이 만든 추론 방법론으로 AI Agent를 만듭니다. 역시 '빨리빨리',"Mar 26, 2025",1243,0.0015
2025-07-15,PSTsSCvuoMk,LLMCompiler : 한국인이 만든 추론 방법론으로 AI Agent를 만듭니다. 역시 '빨리빨리',"Mar 26, 2025",1243,0.0031
2025-07-16,PSTsSCvuoMk,LLMCompiler : 한국인이 만든 추론 방법론으로 AI Agent를 만듭니다. 역시 '빨리빨리',"Mar 26, 2025",1243,0.033
2025-07-17,PSTsSCvuoMk,LLMCompiler : 한국인이 만든 추론 방법론으로 AI Agent를 만듭니다. 역시 '빨리빨리',"Mar 26, 2025",1243,0.2065
2025-07-18,PSTsSCvuoMk,LLMCompiler : 한국인이 만든 추론 방법론으로 AI Agent를 만듭니다. 역시 '빨리빨리',"Mar 26, 2025",1243,0.0179
2025-07-19,PSTsSCvuoMk,LLMCompiler : 한국인이 만든 추론 방법론으로 AI Agent를 만듭니다. 역시 '빨리빨리',"Mar 26, 2025",1243,0.3015
2025-07-20,PSTsSCvuoMk,LLMCompiler : 한국인이 만든 추론 방법론으로 AI Agent를 만듭니다. 역시 '빨리빨리',"Mar 26, 2025",1243,0.0186
2025-07-21,PSTsSCvuoMk,LLMCompiler : 한국인이 만든 추론 방법론으로 AI Agent를 만듭니다. 역시 '빨리빨리',"Mar 26, 2025",1243,0
2025-07-22,PSTsSCvuoMk,LLMCompiler : 한국인이 만든 추론 방법론으로 AI Agent를 만듭니다. 역시 '빨리빨리',"Mar 26, 2025",1243,0.1534
2025-07-23,PSTsSCvuoMk,LLMCompiler : 한국인이 만든 추론 방법론으로 AI Agent를 만듭니다. 역시 '빨리빨리',"Mar 26, 2025",1243,0.1316
2025-07-24,PSTsSCvuoMk,LLMCompiler : 한국인이 만든 추론 방법론으로 AI Agent를 만듭니다. 역시 '빨리빨리',"Mar 26, 2025",1243,0.3451
2025-07-25,PSTsSCvuoMk,LLMCompiler : 한국인이 만든 추론 방법론으로 AI Agent를 만듭니다. 역시 '빨리빨리',"Mar 26, 2025",1243,0.0121
2025-07-26,PSTsSCvuoMk,LLMCompiler : 한국인이 만든 추론 방법론으로 AI Agent를 만듭니다. 역시 '빨리빨리',"Mar 26, 2025",1243,0.2823
2025-07-27,PSTsSCvuoMk,LLMCompiler : 한국인이 만든 추론 방법론으로 AI Agent를 만듭니다. 역시 '빨리빨리',"Mar 26, 2025",1243,0.0376
2025-07-28,PSTsSCvuoMk,LLMCompiler : 한국인이 만든 추론 방법론으로 AI Agent를 만듭니다. 역시 '빨리빨리',"Mar 26, 2025",1243,0
2025-07-29,PSTsSCvuoMk,LLMCompiler : 한국인이 만든 추론 방법론으로 AI Agent를 만듭니다. 역시 '빨리빨리',"Mar 26, 2025",1243,0.0058
2025-07-30,PSTsSCvuoMk,LLMCompiler : 한국인이 만든 추론 방법론으로 AI Agent를 만듭니다. 역시 '빨리빨리',"Mar 26, 2025",1243,0
2025-07-31,PSTsSCvuoMk,LLMCompiler : 한국인이 만든 추론 방법론으로 AI Agent를 만듭니다. 역시 '빨리빨리',"Mar 26, 2025",1243,0
2025-08-01,PSTsSCvuoMk,LLMCompiler : 한국인이 만든 추론 방법론으로 AI Agent를 만듭니다. 역시 '빨리빨리',"Mar 26, 2025",1243,0.0282
2025-08-02,PSTsSCvuoMk,LLMCompiler : 한국인이 만든 추론 방법론으로 AI Agent를 만듭니다. 역시 '빨리빨리',"Mar 26, 2025",1243,0.0464
2025-08-03,PSTsSCvuoMk,LLMCompiler : 한국인이 만든 추론 방법론으로 AI Agent를 만듭니다. 역시 '빨리빨리',"Mar 26, 2025",1243,0.3058
2025-08-04,PSTsSCvuoMk,LLMCompiler : 한국인이 만든 추론 방법론으로 AI Agent를 만듭니다. 역시 '빨리빨리',"Mar 26, 2025",1243,0.1179
2025-08-05,PSTsSCvuoMk,LLMCompiler : 한국인이 만든 추론 방법론으로 AI Agent를 만듭니다. 역시 '빨리빨리',"Mar 26, 2025",1243,0.003
2025-08-06,PSTsSCvuoMk,LLMCompiler : 한국인이 만든 추론 방법론으로 AI Agent를 만듭니다. 역시 '빨리빨리',"Mar 26, 2025",1243,0
2025-08-07,PSTsSCvuoMk,LLMCompiler : 한국인이 만든 추론 방법론으로 AI Agent를 만듭니다. 역시 '빨리빨리',"Mar 26, 2025",1243,0
2025-08-08,PSTsSCvuoMk,LLMCompiler : 한국인이 만든 추론 방법론으로 AI Agent를 만듭니다. 역시 '빨리빨리',"Mar 26, 2025",1243,0
2025-08-09,PSTsSCvuoMk,LLMCompiler : 한국인이 만든 추론 방법론으로 AI Agent를 만듭니다. 역시 '빨리빨리',"Mar 26, 2025",1243,0
2025-08-10,PSTsSCvuoMk,LLMCompiler : 한국인이 만든 추론 방법론으로 AI Agent를 만듭니다. 역시 '빨리빨리',"Mar 26, 2025",1243,0.0176
2025-08-11,PSTsSCvuoMk,LLMCompiler : 한국인이 만든 추론 방법론으로 AI Agent를 만듭니다. 역시 '빨리빨리',"Mar 26, 2025",1243,0.0857
2025-08-12,PSTsSCvuoMk,LLMCompiler : 한국인이 만든 추론 방법론으로 AI Agent를 만듭니다. 역시 '빨리빨리',"Mar 26, 2025",1243,0
2025-08-13,PSTsSCvuoMk,LLMCompiler : 한국인이 만든 추론 방법론으로 AI Agent를 만듭니다. 역시 '빨리빨리',"Mar 26, 2025",1243,0.1545
2025-08-14,PSTsSCvuoMk,LLMCompiler : 한국인이 만든 추론 방법론으로 AI Agent를 만듭니다. 역시 '빨리빨리',"Mar 26, 2025",1243,0.1158
2025-08-15,PSTsSCvuoMk,LLMCompiler : 한국인이 만든 추론 방법론으로 AI Agent를 만듭니다. 역시 '빨리빨리',"Mar 26, 2025",1243,0.1644
2025-08-16,PSTsSCvuoMk,LLMCompiler : 한국인이 만든 추론 방법론으로 AI Agent를 만듭니다. 역시 '빨리빨리',"Mar 26, 2025",1243,0.0174
2025-08-17,PSTsSCvuoMk,LLMCompiler : 한국인이 만든 추론 방법론으로 AI Agent를 만듭니다. 역시 '빨리빨리',"Mar 26, 2025",1243,0.3834
2025-08-18,PSTsSCvuoMk,LLMCompiler : 한국인이 만든 추론 방법론으로 AI Agent를 만듭니다. 역시 '빨리빨리',"Mar 26, 2025",1243,0
2025-08-19,PSTsSCvuoMk,LLMCompiler : 한국인이 만든 추론 방법론으로 AI Agent를 만듭니다. 역시 '빨리빨리',"Mar 26, 2025",1243,0.3451
2025-08-20,PSTsSCvuoMk,LLMCompiler : 한국인이 만든 추론 방법론으로 AI Agent를 만듭니다. 역시 '빨리빨리',"Mar 26, 2025",1243,0
2025-08-21,PSTsSCvuoMk,LLMCompiler : 한국인이 만든 추론 방법론으로 AI Agent를 만듭니다. 역시 '빨리빨리',"Mar 26, 2025",1243,0.0301
2025-08-22,PSTsSCvuoMk,LLMCompiler : 한국인이 만든 추론 방법론으로 AI Agent를 만듭니다. 역시 '빨리빨리',"Mar 26, 2025",1243,0
2025-08-23,PSTsSCvuoMk,LLMCompiler : 한국인이 만든 추론 방법론으로 AI Agent를 만듭니다. 역시 '빨리빨리',"Mar 26, 2025",1243,0.0288
2025-08-24,PSTsSCvuoMk,LLMCompiler : 한국인이 만든 추론 방법론으로 AI Agent를 만듭니다. 역시 '빨리빨리',"Mar 26, 2025",1243,0
2025-08-25,PSTsSCvuoMk,LLMCompiler : 한국인이 만든 추론 방법론으로 AI Agent를 만듭니다. 역시 '빨리빨리',"Mar 26, 2025",1243,0
2025-08-26,PSTsSCvuoMk,LLMCompiler : 한국인이 만든 추론 방법론으로 AI Agent를 만듭니다. 역시 '빨리빨리',"Mar 26, 2025",1243,0
2025-08-27,PSTsSCvuoMk,LLMCompiler : 한국인이 만든 추론 방법론으로 AI Agent를 만듭니다. 역시 '빨리빨리',"Mar 26, 2025",1243,0.0029
2025-08-28,PSTsSCvuoMk,LLMCompiler : 한국인이 만든 추론 방법론으로 AI Agent를 만듭니다. 역시 '빨리빨리',"Mar 26, 2025",1243,0.0143
2025-08-29,PSTsSCvuoMk,LLMCompiler : 한국인이 만든 추론 방법론으로 AI Agent를 만듭니다. 역시 '빨리빨리',"Mar 26, 2025",1243,0.0141
2025-08-30,PSTsSCvuoMk,LLMCompiler : 한국인이 만든 추론 방법론으로 AI Agent를 만듭니다. 역시 '빨리빨리',"Mar 26, 2025",1243,0.379
2025-08-31,PSTsSCvuoMk,LLMCompiler : 한국인이 만든 추론 방법론으로 AI Agent를 만듭니다. 역시 '빨리빨리',"Mar 26, 2025",1243,0.3833
2025-09-01,PSTsSCvuoMk,LLMCompiler : 한국인이 만든 추론 방법론으로 AI Agent를 만듭니다. 역시 '빨리빨리',"Mar 26, 2025",1243,0
2025-09-02,PSTsSCvuoMk,LLMCompiler : 한국인이 만든 추론 방법론으로 AI Agent를 만듭니다. 역시 '빨리빨리',"Mar 26, 2025",1243,0.003
2025-09-03,PSTsSCvuoMk,LLMCompiler : 한국인이 만든 추론 방법론으로 AI Agent를 만듭니다. 역시 '빨리빨리',"Mar 26, 2025",1243,0.007
2025-09-04,PSTsSCvuoMk,LLMCompiler : 한국인이 만든 추론 방법론으로 AI Agent를 만듭니다. 역시 '빨리빨리',"Mar 26, 2025",1243,0.0016
2025-09-05,PSTsSCvuoMk,LLMCompiler : 한국인이 만든 추론 방법론으로 AI Agent를 만듭니다. 역시 '빨리빨리',"Mar 26, 2025",1243,0
2025-09-06,PSTsSCvuoMk,LLMCompiler : 한국인이 만든 추론 방법론으로 AI Agent를 만듭니다. 역시 '빨리빨리',"Mar 26, 2025",1243,0.0032
2025-09-07,PSTsSCvuoMk,LLMCompiler : 한국인이 만든 추론 방법론으로 AI Agent를 만듭니다. 역시 '빨리빨리',"Mar 26, 2025",1243,0.1479
2025-09-08,PSTsSCvuoMk,LLMCompiler : 한국인이 만든 추론 방법론으로 AI Agent를 만듭니다. 역시 '빨리빨리',"Mar 26, 2025",1243,0
2025-09-09,PSTsSCvuoMk,LLMCompiler : 한국인이 만든 추론 방법론으로 AI Agent를 만듭니다. 역시 '빨리빨리',"Mar 26, 2025",1243,0
2025-09-10,PSTsSCvuoMk,LLMCompiler : 한국인이 만든 추론 방법론으로 AI Agent를 만듭니다. 역시 '빨리빨리',"Mar 26, 2025",1243,0
2025-09-11,PSTsSCvuoMk,LLMCompiler : 한국인이 만든 추론 방법론으로 AI Agent를 만듭니다. 역시 '빨리빨리',"Mar 26, 2025",1243,0
2025-09-12,PSTsSCvuoMk,LLMCompiler : 한국인이 만든 추론 방법론으로 AI Agent를 만듭니다. 역시 '빨리빨리',"Mar 26, 2025",1243,0.0003
2025-09-13,PSTsSCvuoMk,LLMCompiler : 한국인이 만든 추론 방법론으로 AI Agent를 만듭니다. 역시 '빨리빨리',"Mar 26, 2025",1243,0
2025-09-14,PSTsSCvuoMk,LLMCompiler : 한국인이 만든 추론 방법론으로 AI Agent를 만듭니다. 역시 '빨리빨리',"Mar 26, 2025",1243,0.0261
2025-09-15,PSTsSCvuoMk,LLMCompiler : 한국인이 만든 추론 방법론으로 AI Agent를 만듭니다. 역시 '빨리빨리',"Mar 26, 2025",1243,0
2025-09-16,PSTsSCvuoMk,LLMCompiler : 한국인이 만든 추론 방법론으로 AI Agent를 만듭니다. 역시 '빨리빨리',"Mar 26, 2025",1243,0
2025-09-17,PSTsSCvuoMk,LLMCompiler : 한국인이 만든 추론 방법론으로 AI Agent를 만듭니다. 역시 '빨리빨리',"Mar 26, 2025",1243,0
2025-09-18,PSTsSCvuoMk,LLMCompiler : 한국인이 만든 추론 방법론으로 AI Agent를 만듭니다. 역시 '빨리빨리',"Mar 26, 2025",1243,0.0324
2025-09-19,PSTsSCvuoMk,LLMCompiler : 한국인이 만든 추론 방법론으로 AI Agent를 만듭니다. 역시 '빨리빨리',"Mar 26, 2025",1243,0.0516
2025-09-20,PSTsSCvuoMk,LLMCompiler : 한국인이 만든 추론 방법론으로 AI Agent를 만듭니다. 역시 '빨리빨리',"Mar 26, 2025",1243,0
2025-09-21,PSTsSCvuoMk,LLMCompiler : 한국인이 만든 추론 방법론으로 AI Agent를 만듭니다. 역시 '빨리빨리',"Mar 26, 2025",1243,0
2025-09-22,PSTsSCvuoMk,LLMCompiler : 한국인이 만든 추론 방법론으로 AI Agent를 만듭니다. 역시 '빨리빨리',"Mar 26, 2025",1243,0.0073
2025-09-23,PSTsSCvuoMk,LLMCompiler : 한국인이 만든 추론 방법론으로 AI Agent를 만듭니다. 역시 '빨리빨리',"Mar 26, 2025",1243,0
2025-09-24,PSTsSCvuoMk,LLMCompiler : 한국인이 만든 추론 방법론으로 AI Agent를 만듭니다. 역시 '빨리빨리',"Mar 26, 2025",1243,0.0392
2025-09-25,PSTsSCvuoMk,LLMCompiler : 한국인이 만든 추론 방법론으로 AI Agent를 만듭니다. 역시 '빨리빨리',"Mar 26, 2025",1243,0
2025-09-26,PSTsSCvuoMk,LLMCompiler : 한국인이 만든 추론 방법론으로 AI Agent를 만듭니다. 역시 '빨리빨리',"Mar 26, 2025",1243,0
2025-09-27,PSTsSCvuoMk,LLMCompiler : 한국인이 만든 추론 방법론으로 AI Agent를 만듭니다. 역시 '빨리빨리',"Mar 26, 2025",1243,0.0331
2025-09-28,PSTsSCvuoMk,LLMCompiler : 한국인이 만든 추론 방법론으로 AI Agent를 만듭니다. 역시 '빨리빨리',"Mar 26, 2025",1243,0.0056
2025-09-29,PSTsSCvuoMk,LLMCompiler : 한국인이 만든 추론 방법론으로 AI Agent를 만듭니다. 역시 '빨리빨리',"Mar 26, 2025",1243,0.012
2025-09-30,PSTsSCvuoMk,LLMCompiler : 한국인이 만든 추론 방법론으로 AI Agent를 만듭니다. 역시 '빨리빨리',"Mar 26, 2025",1243,0
2025-10-01,PSTsSCvuoMk,LLMCompiler : 한국인이 만든 추론 방법론으로 AI Agent를 만듭니다. 역시 '빨리빨리',"Mar 26, 2025",1243,0
2025-10-02,PSTsSCvuoMk,LLMCompiler : 한국인이 만든 추론 방법론으로 AI Agent를 만듭니다. 역시 '빨리빨리',"Mar 26, 2025",1243,0.0157
2025-10-03,PSTsSCvuoMk,LLMCompiler : 한국인이 만든 추론 방법론으로 AI Agent를 만듭니다. 역시 '빨리빨리',"Mar 26, 2025",1243,0
2025-10-04,PSTsSCvuoMk,LLMCompiler : 한국인이 만든 추론 방법론으로 AI Agent를 만듭니다. 역시 '빨리빨리',"Mar 26, 2025",1243,0
2025-10-05,PSTsSCvuoMk,LLMCompiler : 한국인이 만든 추론 방법론으로 AI Agent를 만듭니다. 역시 '빨리빨리',"Mar 26, 2025",1243,0
2025-10-06,PSTsSCvuoMk,LLMCompiler : 한국인이 만든 추론 방법론으로 AI Agent를 만듭니다. 역시 '빨리빨리',"Mar 26, 2025",1243,0.0585
2025-10-07,PSTsSCvuoMk,LLMCompiler : 한국인이 만든 추론 방법론으로 AI Agent를 만듭니다. 역시 '빨리빨리',"Mar 26, 2025",1243,0
2025-10-08,PSTsSCvuoMk,LLMCompiler : 한국인이 만든 추론 방법론으로 AI Agent를 만듭니다. 역시 '빨리빨리',"Mar 26, 2025",1243,0
2025-10-09,PSTsSCvuoMk,LLMCompiler : 한국인이 만든 추론 방법론으로 AI Agent를 만듭니다. 역시 '빨리빨리',"Mar 26, 2025",1243,0
2025-10-10,PSTsSCvuoMk,LLMCompiler : 한국인이 만든 추론 방법론으로 AI Agent를 만듭니다. 역시 '빨리빨리',"Mar 26, 2025",1243,0
2025-10-11,PSTsSCvuoMk,LLMCompiler : 한국인이 만든 추론 방법론으로 AI Agent를 만듭니다. 역시 '빨리빨리',"Mar 26, 2025",1243,0
2025-10-12,PSTsSCvuoMk,LLMCompiler : 한국인이 만든 추론 방법론으로 AI Agent를 만듭니다. 역시 '빨리빨리',"Mar 26, 2025",1243,0
2025-10-13,PSTsSCvuoMk,LLMCompiler : 한국인이 만든 추론 방법론으로 AI Agent를 만듭니다. 역시 '빨리빨리',"Mar 26, 2025",1243,0
2025-10-14,PSTsSCvuoMk,LLMCompiler : 한국인이 만든 추론 방법론으로 AI Agent를 만듭니다. 역시 '빨리빨리',"Mar 26, 2025",1243,0.0004
2025-10-15,PSTsSCvuoMk,LLMCompiler : 한국인이 만든 추론 방법론으로 AI Agent를 만듭니다. 역시 '빨리빨리',"Mar 26, 2025",1243,0
2025-10-16,PSTsSCvuoMk,LLMCompiler : 한국인이 만든 추론 방법론으로 AI Agent를 만듭니다. 역시 '빨리빨리',"Mar 26, 2025",1243,0
2025-10-17,PSTsSCvuoMk,LLMCompiler : 한국인이 만든 추론 방법론으로 AI Agent를 만듭니다. 역시 '빨리빨리',"Mar 26, 2025",1243,0
2025-10-18,PSTsSCvuoMk,LLMCompiler : 한국인이 만든 추론 방법론으로 AI Agent를 만듭니다. 역시 '빨리빨리',"Mar 26, 2025",1243,0
2025-10-19,PSTsSCvuoMk,LLMCompiler : 한국인이 만든 추론 방법론으로 AI Agent를 만듭니다. 역시 '빨리빨리',"Mar 26, 2025",1243,0
2025-10-20,PSTsSCvuoMk,LLMCompiler : 한국인이 만든 추론 방법론으로 AI Agent를 만듭니다. 역시 '빨리빨리',"Mar 26, 2025",1243,0
2025-10-21,PSTsSCvuoMk,LLMCompiler : 한국인이 만든 추론 방법론으로 AI Agent를 만듭니다. 역시 '빨리빨리',"Mar 26, 2025",1243,0
2025-10-22,PSTsSCvuoMk,LLMCompiler : 한국인이 만든 추론 방법론으로 AI Agent를 만듭니다. 역시 '빨리빨리',"Mar 26, 2025",1243,0
2025-10-23,PSTsSCvuoMk,LLMCompiler : 한국인이 만든 추론 방법론으로 AI Agent를 만듭니다. 역시 '빨리빨리',"Mar 26, 2025",1243,0.0073
2025-10-24,PSTsSCvuoMk,LLMCompiler : 한국인이 만든 추론 방법론으로 AI Agent를 만듭니다. 역시 '빨리빨리',"Mar 26, 2025",1243,0
2025-10-25,PSTsSCvuoMk,LLMCompiler : 한국인이 만든 추론 방법론으로 AI Agent를 만듭니다. 역시 '빨리빨리',"Mar 26, 2025",1243,0
2025-10-26,PSTsSCvuoMk,LLMCompiler : 한국인이 만든 추론 방법론으로 AI Agent를 만듭니다. 역시 '빨리빨리',"Mar 26, 2025",1243,0
2025-10-27,PSTsSCvuoMk,LLMCompiler : 한국인이 만든 추론 방법론으로 AI Agent를 만듭니다. 역시 '빨리빨리',"Mar 26, 2025",1243,0
2025-10-28,PSTsSCvuoMk,LLMCompiler : 한국인이 만든 추론 방법론으로 AI Agent를 만듭니다. 역시 '빨리빨리',"Mar 26, 2025",1243,0
2025-10-29,PSTsSCvuoMk,LLMCompiler : 한국인이 만든 추론 방법론으로 AI Agent를 만듭니다. 역시 '빨리빨리',"Mar 26, 2025",1243,0
2025-10-30,PSTsSCvuoMk,LLMCompiler : 한국인이 만든 추론 방법론으로 AI Agent를 만듭니다. 역시 '빨리빨리',"Mar 26, 2025",1243,0
2025-10-31,PSTsSCvuoMk,LLMCompiler : 한국인이 만든 추론 방법론으로 AI Agent를 만듭니다. 역시 '빨리빨리',"Mar 26, 2025",1243,0
2025-11-01,PSTsSCvuoMk,LLMCompiler : 한국인이 만든 추론 방법론으로 AI Agent를 만듭니다. 역시 '빨리빨리',"Mar 26, 2025",1243,0
2025-11-02,PSTsSCvuoMk,LLMCompiler : 한국인이 만든 추론 방법론으로 AI Agent를 만듭니다. 역시 '빨리빨리',"Mar 26, 2025",1243,0
2025-11-03,PSTsSCvuoMk,LLMCompiler : 한국인이 만든 추론 방법론으로 AI Agent를 만듭니다. 역시 '빨리빨리',"Mar 26, 2025",1243,0.0037
2025-11-04,PSTsSCvuoMk,LLMCompiler : 한국인이 만든 추론 방법론으로 AI Agent를 만듭니다. 역시 '빨리빨리',"Mar 26, 2025",1243,0.0873
2025-11-05,PSTsSCvuoMk,LLMCompiler : 한국인이 만든 추론 방법론으로 AI Agent를 만듭니다. 역시 '빨리빨리',"Mar 26, 2025",1243,0
2025-11-06,PSTsSCvuoMk,LLMCompiler : 한국인이 만든 추론 방법론으로 AI Agent를 만듭니다. 역시 '빨리빨리',"Mar 26, 2025",1243,0
2025-11-07,PSTsSCvuoMk,LLMCompiler : 한국인이 만든 추론 방법론으로 AI Agent를 만듭니다. 역시 '빨리빨리',"Mar 26, 2025",1243,0
2025-11-08,PSTsSCvuoMk,LLMCompiler : 한국인이 만든 추론 방법론으로 AI Agent를 만듭니다. 역시 '빨리빨리',"Mar 26, 2025",1243,0
2025-11-09,PSTsSCvuoMk,LLMCompiler : 한국인이 만든 추론 방법론으로 AI Agent를 만듭니다. 역시 '빨리빨리',"Mar 26, 2025",1243,0
2025-11-10,PSTsSCvuoMk,LLMCompiler : 한국인이 만든 추론 방법론으로 AI Agent를 만듭니다. 역시 '빨리빨리',"Mar 26, 2025",1243,0.0041
2025-11-11,PSTsSCvuoMk,LLMCompiler : 한국인이 만든 추론 방법론으로 AI Agent를 만듭니다. 역시 '빨리빨리',"Mar 26, 2025",1243,0
2025-11-12,PSTsSCvuoMk,LLMCompiler : 한국인이 만든 추론 방법론으로 AI Agent를 만듭니다. 역시 '빨리빨리',"Mar 26, 2025",1243,0.0232
2025-11-13,PSTsSCvuoMk,LLMCompiler : 한국인이 만든 추론 방법론으로 AI Agent를 만듭니다. 역시 '빨리빨리',"Mar 26, 2025",1243,0
2025-11-14,PSTsSCvuoMk,LLMCompiler : 한국인이 만든 추론 방법론으로 AI Agent를 만듭니다. 역시 '빨리빨리',"Mar 26, 2025",1243,0
2025-11-15,PSTsSCvuoMk,LLMCompiler : 한국인이 만든 추론 방법론으로 AI Agent를 만듭니다. 역시 '빨리빨리',"Mar 26, 2025",1243,0
2025-11-16,PSTsSCvuoMk,LLMCompiler : 한국인이 만든 추론 방법론으로 AI Agent를 만듭니다. 역시 '빨리빨리',"Mar 26, 2025",1243,0.0091
2025-11-17,PSTsSCvuoMk,LLMCompiler : 한국인이 만든 추론 방법론으로 AI Agent를 만듭니다. 역시 '빨리빨리',"Mar 26, 2025",1243,0
2025-11-18,PSTsSCvuoMk,LLMCompiler : 한국인이 만든 추론 방법론으로 AI Agent를 만듭니다. 역시 '빨리빨리',"Mar 26, 2025",1243,0.0076
2025-11-19,PSTsSCvuoMk,LLMCompiler : 한국인이 만든 추론 방법론으로 AI Agent를 만듭니다. 역시 '빨리빨리',"Mar 26, 2025",1243,0.0013
2025-11-20,PSTsSCvuoMk,LLMCompiler : 한국인이 만든 추론 방법론으로 AI Agent를 만듭니다. 역시 '빨리빨리',"Mar 26, 2025",1243,0
2025-11-21,PSTsSCvuoMk,LLMCompiler : 한국인이 만든 추론 방법론으로 AI Agent를 만듭니다. 역시 '빨리빨리',"Mar 26, 2025",1243,0
2025-11-22,PSTsSCvuoMk,LLMCompiler : 한국인이 만든 추론 방법론으로 AI Agent를 만듭니다. 역시 '빨리빨리',"Mar 26, 2025",1243,0
2025-11-23,PSTsSCvuoMk,LLMCompiler : 한국인이 만든 추론 방법론으로 AI Agent를 만듭니다. 역시 '빨리빨리',"Mar 26, 2025",1243,0
2025-11-24,PSTsSCvuoMk,LLMCompiler : 한국인이 만든 추론 방법론으로 AI Agent를 만듭니다. 역시 '빨리빨리',"Mar 26, 2025",1243,0
2025-11-25,PSTsSCvuoMk,LLMCompiler : 한국인이 만든 추론 방법론으로 AI Agent를 만듭니다. 역시 '빨리빨리',"Mar 26, 2025",1243,0
2025-11-26,PSTsSCvuoMk,LLMCompiler : 한국인이 만든 추론 방법론으로 AI Agent를 만듭니다. 역시 '빨리빨리',"Mar 26, 2025",1243,0
2025-11-27,PSTsSCvuoMk,LLMCompiler : 한국인이 만든 추론 방법론으로 AI Agent를 만듭니다. 역시 '빨리빨리',"Mar 26, 2025",1243,0
2025-11-28,PSTsSCvuoMk,LLMCompiler : 한국인이 만든 추론 방법론으로 AI Agent를 만듭니다. 역시 '빨리빨리',"Mar 26, 2025",1243,0
2025-11-29,PSTsSCvuoMk,LLMCompiler : 한국인이 만든 추론 방법론으로 AI Agent를 만듭니다. 역시 '빨리빨리',"Mar 26, 2025",1243,0.0068
2025-11-30,PSTsSCvuoMk,LLMCompiler : 한국인이 만든 추론 방법론으로 AI Agent를 만듭니다. 역시 '빨리빨리',"Mar 26, 2025",1243,0
2025-12-01,PSTsSCvuoMk,LLMCompiler : 한국인이 만든 추론 방법론으로 AI Agent를 만듭니다. 역시 '빨리빨리',"Mar 26, 2025",1243,0.3451
2025-12-02,PSTsSCvuoMk,LLMCompiler : 한국인이 만든 추론 방법론으로 AI Agent를 만듭니다. 역시 '빨리빨리',"Mar 26, 2025",1243,0
2025-12-03,PSTsSCvuoMk,LLMCompiler : 한국인이 만든 추론 방법론으로 AI Agent를 만듭니다. 역시 '빨리빨리',"Mar 26, 2025",1243,0
2025-12-04,PSTsSCvuoMk,LLMCompiler : 한국인이 만든 추론 방법론으로 AI Agent를 만듭니다. 역시 '빨리빨리',"Mar 26, 2025",1243,0.1042
2025-12-05,PSTsSCvuoMk,LLMCompiler : 한국인이 만든 추론 방법론으로 AI Agent를 만듭니다. 역시 '빨리빨리',"Mar 26, 2025",1243,0.0036
2025-12-06,PSTsSCvuoMk,LLMCompiler : 한국인이 만든 추론 방법론으로 AI Agent를 만듭니다. 역시 '빨리빨리',"Mar 26, 2025",1243,0
2025-12-07,PSTsSCvuoMk,LLMCompiler : 한국인이 만든 추론 방법론으로 AI Agent를 만듭니다. 역시 '빨리빨리',"Mar 26, 2025",1243,0
2025-12-08,PSTsSCvuoMk,LLMCompiler : 한국인이 만든 추론 방법론으로 AI Agent를 만듭니다. 역시 '빨리빨리',"Mar 26, 2025",1243,0.0196
2025-12-09,PSTsSCvuoMk,LLMCompiler : 한국인이 만든 추론 방법론으로 AI Agent를 만듭니다. 역시 '빨리빨리',"Mar 26, 2025",1243,0.0518
2025-12-10,PSTsSCvuoMk,LLMCompiler : 한국인이 만든 추론 방법론으로 AI Agent를 만듭니다. 역시 '빨리빨리',"Mar 26, 2025",1243,0
2025-12-11,PSTsSCvuoMk,LLMCompiler : 한국인이 만든 추론 방법론으로 AI Agent를 만듭니다. 역시 '빨리빨리',"Mar 26, 2025",1243,0.3215
2025-12-12,PSTsSCvuoMk,LLMCompiler : 한국인이 만든 추론 방법론으로 AI Agent를 만듭니다. 역시 '빨리빨리',"Mar 26, 2025",1243,0
2025-12-13,PSTsSCvuoMk,LLMCompiler : 한국인이 만든 추론 방법론으로 AI Agent를 만듭니다. 역시 '빨리빨리',"Mar 26, 2025",1243,0.0014
2025-12-14,PSTsSCvuoMk,LLMCompiler : 한국인이 만든 추론 방법론으로 AI Agent를 만듭니다. 역시 '빨리빨리',"Mar 26, 2025",1243,0.0145
2025-12-15,PSTsSCvuoMk,LLMCompiler : 한국인이 만든 추론 방법론으로 AI Agent를 만듭니다. 역시 '빨리빨리',"Mar 26, 2025",1243,0.0073
2025-12-16,PSTsSCvuoMk,LLMCompiler : 한국인이 만든 추론 방법론으로 AI Agent를 만듭니다. 역시 '빨리빨리',"Mar 26, 2025",1243,0.0715
2025-12-17,PSTsSCvuoMk,LLMCompiler : 한국인이 만든 추론 방법론으로 AI Agent를 만듭니다. 역시 '빨리빨리',"Mar 26, 2025",1243,0
2025-12-18,PSTsSCvuoMk,LLMCompiler : 한국인이 만든 추론 방법론으로 AI Agent를 만듭니다. 역시 '빨리빨리',"Mar 26, 2025",1243,0
2025-12-19,PSTsSCvuoMk,LLMCompiler : 한국인이 만든 추론 방법론으로 AI Agent를 만듭니다. 역시 '빨리빨리',"Mar 26, 2025",1243,0
2025-12-20,PSTsSCvuoMk,LLMCompiler : 한국인이 만든 추론 방법론으로 AI Agent를 만듭니다. 역시 '빨리빨리',"Mar 26, 2025",1243,0.0058
2025-12-21,PSTsSCvuoMk,LLMCompiler : 한국인이 만든 추론 방법론으로 AI Agent를 만듭니다. 역시 '빨리빨리',"Mar 26, 2025",1243,0
2025-12-22,PSTsSCvuoMk,LLMCompiler : 한국인이 만든 추론 방법론으로 AI Agent를 만듭니다. 역시 '빨리빨리',"Mar 26, 2025",1243,0
2025-12-23,PSTsSCvuoMk,LLMCompiler : 한국인이 만든 추론 방법론으로 AI Agent를 만듭니다. 역시 '빨리빨리',"Mar 26, 2025",1243,0
2025-12-24,PSTsSCvuoMk,LLMCompiler : 한국인이 만든 추론 방법론으로 AI Agent를 만듭니다. 역시 '빨리빨리',"Mar 26, 2025",1243,0
2025-12-25,PSTsSCvuoMk,LLMCompiler : 한국인이 만든 추론 방법론으로 AI Agent를 만듭니다. 역시 '빨리빨리',"Mar 26, 2025",1243,0
2025-12-26,PSTsSCvuoMk,LLMCompiler : 한국인이 만든 추론 방법론으로 AI Agent를 만듭니다. 역시 '빨리빨리',"Mar 26, 2025",1243,0.3278
2025-12-27,PSTsSCvuoMk,LLMCompiler : 한국인이 만든 추론 방법론으로 AI Agent를 만듭니다. 역시 '빨리빨리',"Mar 26, 2025",1243,0
2025-12-28,PSTsSCvuoMk,LLMCompiler : 한국인이 만든 추론 방법론으로 AI Agent를 만듭니다. 역시 '빨리빨리',"Mar 26, 2025",1243,0.0593
2025-12-29,PSTsSCvuoMk,LLMCompiler : 한국인이 만든 추론 방법론으로 AI Agent를 만듭니다. 역시 '빨리빨리',"Mar 26, 2025",1243,0.2476
2025-12-30,PSTsSCvuoMk,LLMCompiler : 한국인이 만든 추론 방법론으로 AI Agent를 만듭니다. 역시 '빨리빨리',"Mar 26, 2025",1243,0
2025-12-31,PSTsSCvuoMk,LLMCompiler : 한국인이 만든 추론 방법론으로 AI Agent를 만듭니다. 역시 '빨리빨리',"Mar 26, 2025",1243,0
2026-01-01,PSTsSCvuoMk,LLMCompiler : 한국인이 만든 추론 방법론으로 AI Agent를 만듭니다. 역시 '빨리빨리',"Mar 26, 2025",1243,0
2026-01-02,PSTsSCvuoMk,LLMCompiler : 한국인이 만든 추론 방법론으로 AI Agent를 만듭니다. 역시 '빨리빨리',"Mar 26, 2025",1243,0.236
2026-01-03,PSTsSCvuoMk,LLMCompiler : 한국인이 만든 추론 방법론으로 AI Agent를 만듭니다. 역시 '빨리빨리',"Mar 26, 2025",1243,0
2026-01-04,PSTsSCvuoMk,LLMCompiler : 한국인이 만든 추론 방법론으로 AI Agent를 만듭니다. 역시 '빨리빨리',"Mar 26, 2025",1243,0.0164
2026-01-05,PSTsSCvuoMk,LLMCompiler : 한국인이 만든 추론 방법론으로 AI Agent를 만듭니다. 역시 '빨리빨리',"Mar 26, 2025",1243,0
2026-01-06,PSTsSCvuoMk,LLMCompiler : 한국인이 만든 추론 방법론으로 AI Agent를 만듭니다. 역시 '빨리빨리',"Mar 26, 2025",1243,0
2026-01-07,PSTsSCvuoMk,LLMCompiler : 한국인이 만든 추론 방법론으로 AI Agent를 만듭니다. 역시 '빨리빨리',"Mar 26, 2025",1243,0
2026-01-08,PSTsSCvuoMk,LLMCompiler : 한국인이 만든 추론 방법론으로 AI Agent를 만듭니다. 역시 '빨리빨리',"Mar 26, 2025",1243,0
2026-01-09,PSTsSCvuoMk,LLMCompiler : 한국인이 만든 추론 방법론으로 AI Agent를 만듭니다. 역시 '빨리빨리',"Mar 26, 2025",1243,0
2026-01-10,PSTsSCvuoMk,LLMCompiler : 한국인이 만든 추론 방법론으로 AI Agent를 만듭니다. 역시 '빨리빨리',"Mar 26, 2025",1243,0
2026-01-11,PSTsSCvuoMk,LLMCompiler : 한국인이 만든 추론 방법론으로 AI Agent를 만듭니다. 역시 '빨리빨리',"Mar 26, 2025",1243,0.0647
2026-01-12,PSTsSCvuoMk,LLMCompiler : 한국인이 만든 추론 방법론으로 AI Agent를 만듭니다. 역시 '빨리빨리',"Mar 26, 2025",1243,0
2026-01-13,PSTsSCvuoMk,LLMCompiler : 한국인이 만든 추론 방법론으로 AI Agent를 만듭니다. 역시 '빨리빨리',"Mar 26, 2025",1243,0
2026-01-14,PSTsSCvuoMk,LLMCompiler : 한국인이 만든 추론 방법론으로 AI Agent를 만듭니다. 역시 '빨리빨리',"Mar 26, 2025",1243,0
2026-01-15,PSTsSCvuoMk,LLMCompiler : 한국인이 만든 추론 방법론으로 AI Agent를 만듭니다. 역시 '빨리빨리',"Mar 26, 2025",1243,0
2026-01-16,PSTsSCvuoMk,LLMCompiler : 한국인이 만든 추론 방법론으로 AI Agent를 만듭니다. 역시 '빨리빨리',"Mar 26, 2025",1243,0
2026-01-17,PSTsSCvuoMk,LLMCompiler : 한국인이 만든 추론 방법론으로 AI Agent를 만듭니다. 역시 '빨리빨리',"Mar 26, 2025",1243,0.0056
2026-01-18,PSTsSCvuoMk,LLMCompiler : 한국인이 만든 추론 방법론으로 AI Agent를 만듭니다. 역시 '빨리빨리',"Mar 26, 2025",1243,0.0192
2026-01-19,PSTsSCvuoMk,LLMCompiler : 한국인이 만든 추론 방법론으로 AI Agent를 만듭니다. 역시 '빨리빨리',"Mar 26, 2025",1243,0.0046
2026-01-20,PSTsSCvuoMk,LLMCompiler : 한국인이 만든 추론 방법론으로 AI Agent를 만듭니다. 역시 '빨리빨리',"Mar 26, 2025",1243,0
2026-01-21,PSTsSCvuoMk,LLMCompiler : 한국인이 만든 추론 방법론으로 AI Agent를 만듭니다. 역시 '빨리빨리',"Mar 26, 2025",1243,0.4244
2026-01-22,PSTsSCvuoMk,LLMCompiler : 한국인이 만든 추론 방법론으로 AI Agent를 만듭니다. 역시 '빨리빨리',"Mar 26, 2025",1243,0.2086
2026-01-23,PSTsSCvuoMk,LLMCompiler : 한국인이 만든 추론 방법론으로 AI Agent를 만듭니다. 역시 '빨리빨리',"Mar 26, 2025",1243,0
2026-01-24,PSTsSCvuoMk,LLMCompiler : 한국인이 만든 추론 방법론으로 AI Agent를 만듭니다. 역시 '빨리빨리',"Mar 26, 2025",1243,0
2026-01-25,PSTsSCvuoMk,LLMCompiler : 한국인이 만든 추론 방법론으로 AI Agent를 만듭니다. 역시 '빨리빨리',"Mar 26, 2025",1243,0
2026-01-26,PSTsSCvuoMk,LLMCompiler : 한국인이 만든 추론 방법론으로 AI Agent를 만듭니다. 역시 '빨리빨리',"Mar 26, 2025",1243,0.226
2026-01-27,PSTsSCvuoMk,LLMCompiler : 한국인이 만든 추론 방법론으로 AI Agent를 만듭니다. 역시 '빨리빨리',"Mar 26, 2025",1243,0
2026-01-28,PSTsSCvuoMk,LLMCompiler : 한국인이 만든 추론 방법론으로 AI Agent를 만듭니다. 역시 '빨리빨리',"Mar 26, 2025",1243,0.0057
2026-01-29,PSTsSCvuoMk,LLMCompiler : 한국인이 만든 추론 방법론으로 AI Agent를 만듭니다. 역시 '빨리빨리',"Mar 26, 2025",1243,0
2026-01-30,PSTsSCvuoMk,LLMCompiler : 한국인이 만든 추론 방법론으로 AI Agent를 만듭니다. 역시 '빨리빨리',"Mar 26, 2025",1243,0.007
2026-01-31,PSTsSCvuoMk,LLMCompiler : 한국인이 만든 추론 방법론으로 AI Agent를 만듭니다. 역시 '빨리빨리',"Mar 26, 2025",1243,0
2026-02-01,PSTsSCvuoMk,LLMCompiler : 한국인이 만든 추론 방법론으로 AI Agent를 만듭니다. 역시 '빨리빨리',"Mar 26, 2025",1243,0
2026-02-02,PSTsSCvuoMk,LLMCompiler : 한국인이 만든 추론 방법론으로 AI Agent를 만듭니다. 역시 '빨리빨리',"Mar 26, 2025",1243,0
2026-02-03,PSTsSCvuoMk,LLMCompiler : 한국인이 만든 추론 방법론으로 AI Agent를 만듭니다. 역시 '빨리빨리',"Mar 26, 2025",1243,0
2026-02-04,PSTsSCvuoMk,LLMCompiler : 한국인이 만든 추론 방법론으로 AI Agent를 만듭니다. 역시 '빨리빨리',"Mar 26, 2025",1243,0
2026-02-05,PSTsSCvuoMk,LLMCompiler : 한국인이 만든 추론 방법론으로 AI Agent를 만듭니다. 역시 '빨리빨리',"Mar 26, 2025",1243,0
2026-02-06,PSTsSCvuoMk,LLMCompiler : 한국인이 만든 추론 방법론으로 AI Agent를 만듭니다. 역시 '빨리빨리',"Mar 26, 2025",1243,0.0171
2026-02-07,PSTsSCvuoMk,LLMCompiler : 한국인이 만든 추론 방법론으로 AI Agent를 만듭니다. 역시 '빨리빨리',"Mar 26, 2025",1243,0.0059
2026-02-08,PSTsSCvuoMk,LLMCompiler : 한국인이 만든 추론 방법론으로 AI Agent를 만듭니다. 역시 '빨리빨리',"Mar 26, 2025",1243,0.0108
2026-02-09,PSTsSCvuoMk,LLMCompiler : 한국인이 만든 추론 방법론으로 AI Agent를 만듭니다. 역시 '빨리빨리',"Mar 26, 2025",1243,0.0187
2026-02-10,PSTsSCvuoMk,LLMCompiler : 한국인이 만든 추론 방법론으로 AI Agent를 만듭니다. 역시 '빨리빨리',"Mar 26, 2025",1243,0
2026-02-11,PSTsSCvuoMk,LLMCompiler : 한국인이 만든 추론 방법론으로 AI Agent를 만듭니다. 역시 '빨리빨리',"Mar 26, 2025",1243,0
2026-02-12,PSTsSCvuoMk,LLMCompiler : 한국인이 만든 추론 방법론으로 AI Agent를 만듭니다. 역시 '빨리빨리',"Mar 26, 2025",1243,0
2026-02-13,PSTsSCvuoMk,LLMCompiler : 한국인이 만든 추론 방법론으로 AI Agent를 만듭니다. 역시 '빨리빨리',"Mar 26, 2025",1243,0.0097
2026-02-14,PSTsSCvuoMk,LLMCompiler : 한국인이 만든 추론 방법론으로 AI Agent를 만듭니다. 역시 '빨리빨리',"Mar 26, 2025",1243,0
2026-02-15,PSTsSCvuoMk,LLMCompiler : 한국인이 만든 추론 방법론으로 AI Agent를 만듭니다. 역시 '빨리빨리',"Mar 26, 2025",1243,0.0624
2026-02-16,PSTsSCvuoMk,LLMCompiler : 한국인이 만든 추론 방법론으로 AI Agent를 만듭니다. 역시 '빨리빨리',"Mar 26, 2025",1243,0
2026-02-17,PSTsSCvuoMk,LLMCompiler : 한국인이 만든 추론 방법론으로 AI Agent를 만듭니다. 역시 '빨리빨리',"Mar 26, 2025",1243,0
2026-02-18,PSTsSCvuoMk,LLMCompiler : 한국인이 만든 추론 방법론으로 AI Agent를 만듭니다. 역시 '빨리빨리',"Mar 26, 2025",1243,0
2026-02-19,PSTsSCvuoMk,LLMCompiler : 한국인이 만든 추론 방법론으로 AI Agent를 만듭니다. 역시 '빨리빨리',"Mar 26, 2025",1243,0.0039
2026-02-20,PSTsSCvuoMk,LLMCompiler : 한국인이 만든 추론 방법론으로 AI Agent를 만듭니다. 역시 '빨리빨리',"Mar 26, 2025",1243,0.0254
2026-02-21,PSTsSCvuoMk,LLMCompiler : 한국인이 만든 추론 방법론으로 AI Agent를 만듭니다. 역시 '빨리빨리',"Mar 26, 2025",1243,0
2026-02-22,PSTsSCvuoMk,LLMCompiler : 한국인이 만든 추론 방법론으로 AI Agent를 만듭니다. 역시 '빨리빨리',"Mar 26, 2025",1243,0.3761
2026-02-23,PSTsSCvuoMk,LLMCompiler : 한국인이 만든 추론 방법론으로 AI Agent를 만듭니다. 역시 '빨리빨리',"Mar 26, 2025",1243,0
2026-02-24,PSTsSCvuoMk,LLMCompiler : 한국인이 만든 추론 방법론으로 AI Agent를 만듭니다. 역시 '빨리빨리',"Mar 26, 2025",1243,0
2026-02-25,PSTsSCvuoMk,LLMCompiler : 한국인이 만든 추론 방법론으로 AI Agent를 만듭니다. 역시 '빨리빨리',"Mar 26, 2025",1243,0
2026-02-26,PSTsSCvuoMk,LLMCompiler : 한국인이 만든 추론 방법론으로 AI Agent를 만듭니다. 역시 '빨리빨리',"Mar 26, 2025",1243,0.0064
2026-02-27,PSTsSCvuoMk,LLMCompiler : 한국인이 만든 추론 방법론으로 AI Agent를 만듭니다. 역시 '빨리빨리',"Mar 26, 2025",1243,0.0019
2026-02-28,PSTsSCvuoMk,LLMCompiler : 한국인이 만든 추론 방법론으로 AI Agent를 만듭니다. 역시 '빨리빨리',"Mar 26, 2025",1243,0
2026-03-01,PSTsSCvuoMk,LLMCompiler : 한국인이 만든 추론 방법론으로 AI Agent를 만듭니다. 역시 '빨리빨리',"Mar 26, 2025",1243,0.0053
2026-03-02,PSTsSCvuoMk,LLMCompiler : 한국인이 만든 추론 방법론으로 AI Agent를 만듭니다. 역시 '빨리빨리',"Mar 26, 2025",1243,0.3451
2026-03-03,PSTsSCvuoMk,LLMCompiler : 한국인이 만든 추론 방법론으로 AI Agent를 만듭니다. 역시 '빨리빨리',"Mar 26, 2025",1243,0
2026-03-04,PSTsSCvuoMk,LLMCompiler : 한국인이 만든 추론 방법론으로 AI Agent를 만듭니다. 역시 '빨리빨리',"Mar 26, 2025",1243,0.0041
2026-03-05,PSTsSCvuoMk,LLMCompiler : 한국인이 만든 추론 방법론으로 AI Agent를 만듭니다. 역시 '빨리빨리',"Mar 26, 2025",1243,0
2026-03-06,PSTsSCvuoMk,LLMCompiler : 한국인이 만든 추론 방법론으로 AI Agent를 만듭니다. 역시 '빨리빨리',"Mar 26, 2025",1243,0
2026-03-07,PSTsSCvuoMk,LLMCompiler : 한국인이 만든 추론 방법론으로 AI Agent를 만듭니다. 역시 '빨리빨리',"Mar 26, 2025",1243,0
2026-03-08,PSTsSCvuoMk,LLMCompiler : 한국인이 만든 추론 방법론으로 AI Agent를 만듭니다. 역시 '빨리빨리',"Mar 26, 2025",1243,0.003
2026-03-09,PSTsSCvuoMk,LLMCompiler : 한국인이 만든 추론 방법론으로 AI Agent를 만듭니다. 역시 '빨리빨리',"Mar 26, 2025",1243,0
2026-03-10,PSTsSCvuoMk,LLMCompiler : 한국인이 만든 추론 방법론으로 AI Agent를 만듭니다. 역시 '빨리빨리',"Mar 26, 2025",1243,0
2026-03-11,PSTsSCvuoMk,LLMCompiler : 한국인이 만든 추론 방법론으로 AI Agent를 만듭니다. 역시 '빨리빨리',"Mar 26, 2025",1243,0.0003
2026-03-12,PSTsSCvuoMk,LLMCompiler : 한국인이 만든 추론 방법론으로 AI Agent를 만듭니다. 역시 '빨리빨리',"Mar 26, 2025",1243,0.3451
2026-03-13,PSTsSCvuoMk,LLMCompiler : 한국인이 만든 추론 방법론으로 AI Agent를 만듭니다. 역시 '빨리빨리',"Mar 26, 2025",1243,0
2026-03-14,PSTsSCvuoMk,LLMCompiler : 한국인이 만든 추론 방법론으로 AI Agent를 만듭니다. 역시 '빨리빨리',"Mar 26, 2025",1243,0.0552
2026-03-15,PSTsSCvuoMk,LLMCompiler : 한국인이 만든 추론 방법론으로 AI Agent를 만듭니다. 역시 '빨리빨리',"Mar 26, 2025",1243,0
2026-03-16,PSTsSCvuoMk,LLMCompiler : 한국인이 만든 추론 방법론으로 AI Agent를 만듭니다. 역시 '빨리빨리',"Mar 26, 2025",1243,0
2026-03-17,PSTsSCvuoMk,LLMCompiler : 한국인이 만든 추론 방법론으로 AI Agent를 만듭니다. 역시 '빨리빨리',"Mar 26, 2025",1243,0
2026-03-18,PSTsSCvuoMk,LLMCompiler : 한국인이 만든 추론 방법론으로 AI Agent를 만듭니다. 역시 '빨리빨리',"Mar 26, 2025",1243,0
2026-03-19,PSTsSCvuoMk,LLMCompiler : 한국인이 만든 추론 방법론으로 AI Agent를 만듭니다. 역시 '빨리빨리',"Mar 26, 2025",1243,0.0044
2026-03-20,PSTsSCvuoMk,LLMCompiler : 한국인이 만든 추론 방법론으로 AI Agent를 만듭니다. 역시 '빨리빨리',"Mar 26, 2025",1243,0.0379
2026-03-21,PSTsSCvuoMk,LLMCompiler : 한국인이 만든 추론 방법론으로 AI Agent를 만듭니다. 역시 '빨리빨리',"Mar 26, 2025",1243,0.0118
2026-03-22,PSTsSCvuoMk,LLMCompiler : 한국인이 만든 추론 방법론으로 AI Agent를 만듭니다. 역시 '빨리빨리',"Mar 26, 2025",1243,0
2026-03-23,PSTsSCvuoMk,LLMCompiler : 한국인이 만든 추론 방법론으로 AI Agent를 만듭니다. 역시 '빨리빨리',"Mar 26, 2025",1243,0
2026-03-24,PSTsSCvuoMk,LLMCompiler : 한국인이 만든 추론 방법론으로 AI Agent를 만듭니다. 역시 '빨리빨리',"Mar 26, 2025",1243,0.0032
2026-03-25,PSTsSCvuoMk,LLMCompiler : 한국인이 만든 추론 방법론으로 AI Agent를 만듭니다. 역시 '빨리빨리',"Mar 26, 2025",1243,0.4163
2026-03-26,PSTsSCvuoMk,LLMCompiler : 한국인이 만든 추론 방법론으로 AI Agent를 만듭니다. 역시 '빨리빨리',"Mar 26, 2025",1243,0
2026-03-27,PSTsSCvuoMk,LLMCompiler : 한국인이 만든 추론 방법론으로 AI Agent를 만듭니다. 역시 '빨리빨리',"Mar 26, 2025",1243,0
2026-03-28,PSTsSCvuoMk,LLMCompiler : 한국인이 만든 추론 방법론으로 AI Agent를 만듭니다. 역시 '빨리빨리',"Mar 26, 2025",1243,0
2026-03-29,PSTsSCvuoMk,LLMCompiler : 한국인이 만든 추론 방법론으로 AI Agent를 만듭니다. 역시 '빨리빨리',"Mar 26, 2025",1243,0
2026-03-30,PSTsSCvuoMk,LLMCompiler : 한국인이 만든 추론 방법론으로 AI Agent를 만듭니다. 역시 '빨리빨리',"Mar 26, 2025",1243,0
2026-03-31,PSTsSCvuoMk,LLMCompiler : 한국인이 만든 추론 방법론으로 AI Agent를 만듭니다. 역시 '빨리빨리',"Mar 26, 2025",1243,0
2026-04-01,PSTsSCvuoMk,LLMCompiler : 한국인이 만든 추론 방법론으로 AI Agent를 만듭니다. 역시 '빨리빨리',"Mar 26, 2025",1243,0
2026-04-02,PSTsSCvuoMk,LLMCompiler : 한국인이 만든 추론 방법론으로 AI Agent를 만듭니다. 역시 '빨리빨리',"Mar 26, 2025",1243,0
2026-04-03,PSTsSCvuoMk,LLMCompiler : 한국인이 만든 추론 방법론으로 AI Agent를 만듭니다. 역시 '빨리빨리',"Mar 26, 2025",1243,0
2026-04-04,PSTsSCvuoMk,LLMCompiler : 한국인이 만든 추론 방법론으로 AI Agent를 만듭니다. 역시 '빨리빨리',"Mar 26, 2025",1243,0
2026-04-05,PSTsSCvuoMk,LLMCompiler : 한국인이 만든 추론 방법론으로 AI Agent를 만듭니다. 역시 '빨리빨리',"Mar 26, 2025",1243,0
2026-04-06,PSTsSCvuoMk,LLMCompiler : 한국인이 만든 추론 방법론으로 AI Agent를 만듭니다. 역시 '빨리빨리',"Mar 26, 2025",1243,0
2026-04-07,PSTsSCvuoMk,LLMCompiler : 한국인이 만든 추론 방법론으로 AI Agent를 만듭니다. 역시 '빨리빨리',"Mar 26, 2025",1243,0.0086
2026-04-08,PSTsSCvuoMk,LLMCompiler : 한국인이 만든 추론 방법론으로 AI Agent를 만듭니다. 역시 '빨리빨리',"Mar 26, 2025",1243,0.0423
2026-04-09,PSTsSCvuoMk,LLMCompiler : 한국인이 만든 추론 방법론으로 AI Agent를 만듭니다. 역시 '빨리빨리',"Mar 26, 2025",1243,0
2026-04-10,PSTsSCvuoMk,LLMCompiler : 한국인이 만든 추론 방법론으로 AI Agent를 만듭니다. 역시 '빨리빨리',"Mar 26, 2025",1243,0
2026-04-11,PSTsSCvuoMk,LLMCompiler : 한국인이 만든 추론 방법론으로 AI Agent를 만듭니다. 역시 '빨리빨리',"Mar 26, 2025",1243,0
2026-04-12,PSTsSCvuoMk,LLMCompiler : 한국인이 만든 추론 방법론으로 AI Agent를 만듭니다. 역시 '빨리빨리',"Mar 26, 2025",1243,0.0205
2026-04-13,PSTsSCvuoMk,LLMCompiler : 한국인이 만든 추론 방법론으로 AI Agent를 만듭니다. 역시 '빨리빨리',"Mar 26, 2025",1243,0
2026-04-14,PSTsSCvuoMk,LLMCompiler : 한국인이 만든 추론 방법론으로 AI Agent를 만듭니다. 역시 '빨리빨리',"Mar 26, 2025",1243,0.0497
2026-04-15,PSTsSCvuoMk,LLMCompiler : 한국인이 만든 추론 방법론으로 AI Agent를 만듭니다. 역시 '빨리빨리',"Mar 26, 2025",1243,0
2026-04-16,PSTsSCvuoMk,LLMCompiler : 한국인이 만든 추론 방법론으로 AI Agent를 만듭니다. 역시 '빨리빨리',"Mar 26, 2025",1243,0
2026-04-17,PSTsSCvuoMk,LLMCompiler : 한국인이 만든 추론 방법론으로 AI Agent를 만듭니다. 역시 '빨리빨리',"Mar 26, 2025",1243,0
2026-04-18,PSTsSCvuoMk,LLMCompiler : 한국인이 만든 추론 방법론으로 AI Agent를 만듭니다. 역시 '빨리빨리',"Mar 26, 2025",1243,0
2026-04-19,PSTsSCvuoMk,LLMCompiler : 한국인이 만든 추론 방법론으로 AI Agent를 만듭니다. 역시 '빨리빨리',"Mar 26, 2025",1243,0
2026-04-20,PSTsSCvuoMk,LLMCompiler : 한국인이 만든 추론 방법론으로 AI Agent를 만듭니다. 역시 '빨리빨리',"Mar 26, 2025",1243,0
2026-04-21,PSTsSCvuoMk,LLMCompiler : 한국인이 만든 추론 방법론으로 AI Agent를 만듭니다. 역시 '빨리빨리',"Mar 26, 2025",1243,0
2026-04-22,PSTsSCvuoMk,LLMCompiler : 한국인이 만든 추론 방법론으로 AI Agent를 만듭니다. 역시 '빨리빨리',"Mar 26, 2025",1243,0
2026-04-23,PSTsSCvuoMk,LLMCompiler : 한국인이 만든 추론 방법론으로 AI Agent를 만듭니다. 역시 '빨리빨리',"Mar 26, 2025",1243,0
2026-04-24,PSTsSCvuoMk,LLMCompiler : 한국인이 만든 추론 방법론으로 AI Agent를 만듭니다. 역시 '빨리빨리',"Mar 26, 2025",1243,0
2026-04-25,PSTsSCvuoMk,LLMCompiler : 한국인이 만든 추론 방법론으로 AI Agent를 만듭니다. 역시 '빨리빨리',"Mar 26, 2025",1243,0.0037
2026-04-26,PSTsSCvuoMk,LLMCompiler : 한국인이 만든 추론 방법론으로 AI Agent를 만듭니다. 역시 '빨리빨리',"Mar 26, 2025",1243,0
2026-04-27,PSTsSCvuoMk,LLMCompiler : 한국인이 만든 추론 방법론으로 AI Agent를 만듭니다. 역시 '빨리빨리',"Mar 26, 2025",1243,0
2026-04-28,PSTsSCvuoMk,LLMCompiler : 한국인이 만든 추론 방법론으로 AI Agent를 만듭니다. 역시 '빨리빨리',"Mar 26, 2025",1243,0
2026-04-29,PSTsSCvuoMk,LLMCompiler : 한국인이 만든 추론 방법론으로 AI Agent를 만듭니다. 역시 '빨리빨리',"Mar 26, 2025",1243,0
2026-04-30,PSTsSCvuoMk,LLMCompiler : 한국인이 만든 추론 방법론으로 AI Agent를 만듭니다. 역시 '빨리빨리',"Mar 26, 2025",1243,0
2026-05-01,PSTsSCvuoMk,LLMCompiler : 한국인이 만든 추론 방법론으로 AI Agent를 만듭니다. 역시 '빨리빨리',"Mar 26, 2025",1243,0
2026-05-02,PSTsSCvuoMk,LLMCompiler : 한국인이 만든 추론 방법론으로 AI Agent를 만듭니다. 역시 '빨리빨리',"Mar 26, 2025",1243,0
2026-05-03,PSTsSCvuoMk,LLMCompiler : 한국인이 만든 추론 방법론으로 AI Agent를 만듭니다. 역시 '빨리빨리',"Mar 26, 2025",1243,0.0426
2026-05-04,PSTsSCvuoMk,LLMCompiler : 한국인이 만든 추론 방법론으로 AI Agent를 만듭니다. 역시 '빨리빨리',"Mar 26, 2025",1243,0
2026-05-05,PSTsSCvuoMk,LLMCompiler : 한국인이 만든 추론 방법론으로 AI Agent를 만듭니다. 역시 '빨리빨리',"Mar 26, 2025",1243,0
2026-05-06,PSTsSCvuoMk,LLMCompiler : 한국인이 만든 추론 방법론으로 AI Agent를 만듭니다. 역시 '빨리빨리',"Mar 26, 2025",1243,0
2026-05-07,PSTsSCvuoMk,LLMCompiler : 한국인이 만든 추론 방법론으로 AI Agent를 만듭니다. 역시 '빨리빨리',"Mar 26, 2025",1243,0
2026-05-08,PSTsSCvuoMk,LLMCompiler : 한국인이 만든 추론 방법론으로 AI Agent를 만듭니다. 역시 '빨리빨리',"Mar 26, 2025",1243,0
2026-05-09,PSTsSCvuoMk,LLMCompiler : 한국인이 만든 추론 방법론으로 AI Agent를 만듭니다. 역시 '빨리빨리',"Mar 26, 2025",1243,0
2026-05-10,PSTsSCvuoMk,LLMCompiler : 한국인이 만든 추론 방법론으로 AI Agent를 만듭니다. 역시 '빨리빨리',"Mar 26, 2025",1243,0.0644
2026-05-11,PSTsSCvuoMk,LLMCompiler : 한국인이 만든 추론 방법론으로 AI Agent를 만듭니다. 역시 '빨리빨리',"Mar 26, 2025",1243,0
2026-05-12,PSTsSCvuoMk,LLMCompiler : 한국인이 만든 추론 방법론으로 AI Agent를 만듭니다. 역시 '빨리빨리',"Mar 26, 2025",1243,0
2026-05-13,PSTsSCvuoMk,LLMCompiler : 한국인이 만든 추론 방법론으로 AI Agent를 만듭니다. 역시 '빨리빨리',"Mar 26, 2025",1243,0
2026-05-14,PSTsSCvuoMk,LLMCompiler : 한국인이 만든 추론 방법론으로 AI Agent를 만듭니다. 역시 '빨리빨리',"Mar 26, 2025",1243,0
2026-05-15,PSTsSCvuoMk,LLMCompiler : 한국인이 만든 추론 방법론으로 AI Agent를 만듭니다. 역시 '빨리빨리',"Mar 26, 2025",1243,0
2026-05-16,PSTsSCvuoMk,LLMCompiler : 한국인이 만든 추론 방법론으로 AI Agent를 만듭니다. 역시 '빨리빨리',"Mar 26, 2025",1243,0
2026-05-17,PSTsSCvuoMk,LLMCompiler : 한국인이 만든 추론 방법론으로 AI Agent를 만듭니다. 역시 '빨리빨리',"Mar 26, 2025",1243,0
2026-05-18,PSTsSCvuoMk,LLMCompiler : 한국인이 만든 추론 방법론으로 AI Agent를 만듭니다. 역시 '빨리빨리',"Mar 26, 2025",1243,0
2026-05-19,PSTsSCvuoMk,LLMCompiler : 한국인이 만든 추론 방법론으로 AI Agent를 만듭니다. 역시 '빨리빨리',"Mar 26, 2025",1243,0
2026-05-20,PSTsSCvuoMk,LLMCompiler : 한국인이 만든 추론 방법론으로 AI Agent를 만듭니다. 역시 '빨리빨리',"Mar 26, 2025",1243,0
2026-05-21,PSTsSCvuoMk,LLMCompiler : 한국인이 만든 추론 방법론으로 AI Agent를 만듭니다. 역시 '빨리빨리',"Mar 26, 2025",1243,0.0166
2026-05-22,PSTsSCvuoMk,LLMCompiler : 한국인이 만든 추론 방법론으로 AI Agent를 만듭니다. 역시 '빨리빨리',"Mar 26, 2025",1243,0
2026-05-23,PSTsSCvuoMk,LLMCompiler : 한국인이 만든 추론 방법론으로 AI Agent를 만듭니다. 역시 '빨리빨리',"Mar 26, 2025",1243,0.0076
2026-05-24,PSTsSCvuoMk,LLMCompiler : 한국인이 만든 추론 방법론으로 AI Agent를 만듭니다. 역시 '빨리빨리',"Mar 26, 2025",1243,0
2026-05-25,PSTsSCvuoMk,LLMCompiler : 한국인이 만든 추론 방법론으로 AI Agent를 만듭니다. 역시 '빨리빨리',"Mar 26, 2025",1243,0
2026-05-26,PSTsSCvuoMk,LLMCompiler : 한국인이 만든 추론 방법론으로 AI Agent를 만듭니다. 역시 '빨리빨리',"Mar 26, 2025",1243,0
2026-05-27,PSTsSCvuoMk,LLMCompiler : 한국인이 만든 추론 방법론으로 AI Agent를 만듭니다. 역시 '빨리빨리',"Mar 26, 2025",1243,0
2026-05-28,PSTsSCvuoMk,LLMCompiler : 한국인이 만든 추론 방법론으로 AI Agent를 만듭니다. 역시 '빨리빨리',"Mar 26, 2025",1243,0
2026-05-29,PSTsSCvuoMk,LLMCompiler : 한국인이 만든 추론 방법론으로 AI Agent를 만듭니다. 역시 '빨리빨리',"Mar 26, 2025",1243,0
2026-05-30,PSTsSCvuoMk,LLMCompiler : 한국인이 만든 추론 방법론으로 AI Agent를 만듭니다. 역시 '빨리빨리',"Mar 26, 2025",1243,0
2026-05-31,PSTsSCvuoMk,LLMCompiler : 한국인이 만든 추론 방법론으로 AI Agent를 만듭니다. 역시 '빨리빨리',"Mar 26, 2025",1243,0
2026-06-01,PSTsSCvuoMk,LLMCompiler : 한국인이 만든 추론 방법론으로 AI Agent를 만듭니다. 역시 '빨리빨리',"Mar 26, 2025",1243,0
2026-06-02,PSTsSCvuoMk,LLMCompiler : 한국인이 만든 추론 방법론으로 AI Agent를 만듭니다. 역시 '빨리빨리',"Mar 26, 2025",1243,0.391
2026-06-03,PSTsSCvuoMk,LLMCompiler : 한국인이 만든 추론 방법론으로 AI Agent를 만듭니다. 역시 '빨리빨리',"Mar 26, 2025",1243,0.003
2026-06-04,PSTsSCvuoMk,LLMCompiler : 한국인이 만든 추론 방법론으로 AI Agent를 만듭니다. 역시 '빨리빨리',"Mar 26, 2025",1243,0
2026-06-05,PSTsSCvuoMk,LLMCompiler : 한국인이 만든 추론 방법론으로 AI Agent를 만듭니다. 역시 '빨리빨리',"Mar 26, 2025",1243,0
2026-06-06,PSTsSCvuoMk,LLMCompiler : 한국인이 만든 추론 방법론으로 AI Agent를 만듭니다. 역시 '빨리빨리',"Mar 26, 2025",1243,0
2026-06-07,PSTsSCvuoMk,LLMCompiler : 한국인이 만든 추론 방법론으로 AI Agent를 만듭니다. 역시 '빨리빨리',"Mar 26, 2025",1243,0.0488
2026-06-08,PSTsSCvuoMk,LLMCompiler : 한국인이 만든 추론 방법론으로 AI Agent를 만듭니다. 역시 '빨리빨리',"Mar 26, 2025",1243,0.0288
2026-06-09,PSTsSCvuoMk,LLMCompiler : 한국인이 만든 추론 방법론으로 AI Agent를 만듭니다. 역시 '빨리빨리',"Mar 26, 2025",1243,0
2026-06-10,PSTsSCvuoMk,LLMCompiler : 한국인이 만든 추론 방법론으로 AI Agent를 만듭니다. 역시 '빨리빨리',"Mar 26, 2025",1243,0
2026-06-11,PSTsSCvuoMk,LLMCompiler : 한국인이 만든 추론 방법론으로 AI Agent를 만듭니다. 역시 '빨리빨리',"Mar 26, 2025",1243,0
2026-06-12,PSTsSCvuoMk,LLMCompiler : 한국인이 만든 추론 방법론으로 AI Agent를 만듭니다. 역시 '빨리빨리',"Mar 26, 2025",1243,0
2026-06-13,PSTsSCvuoMk,LLMCompiler : 한국인이 만든 추론 방법론으로 AI Agent를 만듭니다. 역시 '빨리빨리',"Mar 26, 2025",1243,0.0021
2026-06-14,PSTsSCvuoMk,LLMCompiler : 한국인이 만든 추론 방법론으로 AI Agent를 만듭니다. 역시 '빨리빨리',"Mar 26, 2025",1243,0.0864
2026-06-15,PSTsSCvuoMk,LLMCompiler : 한국인이 만든 추론 방법론으로 AI Agent를 만듭니다. 역시 '빨리빨리',"Mar 26, 2025",1243,0.1254
2026-06-16,PSTsSCvuoMk,LLMCompiler : 한국인이 만든 추론 방법론으로 AI Agent를 만듭니다. 역시 '빨리빨리',"Mar 26, 2025",1243,0
2026-06-17,PSTsSCvuoMk,LLMCompiler : 한국인이 만든 추론 방법론으로 AI Agent를 만듭니다. 역시 '빨리빨리',"Mar 26, 2025",1243,0
2026-06-18,PSTsSCvuoMk,LLMCompiler : 한국인이 만든 추론 방법론으로 AI Agent를 만듭니다. 역시 '빨리빨리',"Mar 26, 2025",1243,0.2894
2026-06-19,PSTsSCvuoMk,LLMCompiler : 한국인이 만든 추론 방법론으로 AI Agent를 만듭니다. 역시 '빨리빨리',"Mar 26, 2025",1243,0
2026-06-20,PSTsSCvuoMk,LLMCompiler : 한국인이 만든 추론 방법론으로 AI Agent를 만듭니다. 역시 '빨리빨리',"Mar 26, 2025",1243,0
2026-06-21,PSTsSCvuoMk,LLMCompiler : 한국인이 만든 추론 방법론으로 AI Agent를 만듭니다. 역시 '빨리빨리',"Mar 26, 2025",1243,0.003
2026-06-22,PSTsSCvuoMk,LLMCompiler : 한국인이 만든 추론 방법론으로 AI Agent를 만듭니다. 역시 '빨리빨리',"Mar 26, 2025",1243,0
2026-06-23,PSTsSCvuoMk,LLMCompiler : 한국인이 만든 추론 방법론으로 AI Agent를 만듭니다. 역시 '빨리빨리',"Mar 26, 2025",1243,0
2023-03-15,sbC64Cx5flQ,"코딩의 판이 바뀐다 - Prompt를 지배하는자, AI Agent 개발의 챔피언이 됩니다.","Feb 7, 2025",1458,0
2023-03-16,sbC64Cx5flQ,"코딩의 판이 바뀐다 - Prompt를 지배하는자, AI Agent 개발의 챔피언이 됩니다.","Feb 7, 2025",1458,0
2023-03-17,sbC64Cx5flQ,"코딩의 판이 바뀐다 - Prompt를 지배하는자, AI Agent 개발의 챔피언이 됩니다.","Feb 7, 2025",1458,0
2023-03-18,sbC64Cx5flQ,"코딩의 판이 바뀐다 - Prompt를 지배하는자, AI Agent 개발의 챔피언이 됩니다.","Feb 7, 2025",1458,0
2023-03-19,sbC64Cx5flQ,"코딩의 판이 바뀐다 - Prompt를 지배하는자, AI Agent 개발의 챔피언이 됩니다.","Feb 7, 2025",1458,0
2023-03-20,sbC64Cx5flQ,"코딩의 판이 바뀐다 - Prompt를 지배하는자, AI Agent 개발의 챔피언이 됩니다.","Feb 7, 2025",1458,0
2023-03-21,sbC64Cx5flQ,"코딩의 판이 바뀐다 - Prompt를 지배하는자, AI Agent 개발의 챔피언이 됩니다.","Feb 7, 2025",1458,0
2023-03-22,sbC64Cx5flQ,"코딩의 판이 바뀐다 - Prompt를 지배하는자, AI Agent 개발의 챔피언이 됩니다.","Feb 7, 2025",1458,0
2023-03-23,sbC64Cx5flQ,"코딩의 판이 바뀐다 - Prompt를 지배하는자, AI Agent 개발의 챔피언이 됩니다.","Feb 7, 2025",1458,0
2023-03-24,sbC64Cx5flQ,"코딩의 판이 바뀐다 - Prompt를 지배하는자, AI Agent 개발의 챔피언이 됩니다.","Feb 7, 2025",1458,0
2023-03-25,sbC64Cx5flQ,"코딩의 판이 바뀐다 - Prompt를 지배하는자, AI Agent 개발의 챔피언이 됩니다.","Feb 7, 2025",1458,0
2023-03-26,sbC64Cx5flQ,"코딩의 판이 바뀐다 - Prompt를 지배하는자, AI Agent 개발의 챔피언이 됩니다.","Feb 7, 2025",1458,0
2023-03-27,sbC64Cx5flQ,"코딩의 판이 바뀐다 - Prompt를 지배하는자, AI Agent 개발의 챔피언이 됩니다.","Feb 7, 2025",1458,0
2023-03-28,sbC64Cx5flQ,"코딩의 판이 바뀐다 - Prompt를 지배하는자, AI Agent 개발의 챔피언이 됩니다.","Feb 7, 2025",1458,0
2023-03-29,sbC64Cx5flQ,"코딩의 판이 바뀐다 - Prompt를 지배하는자, AI Agent 개발의 챔피언이 됩니다.","Feb 7, 2025",1458,0
2023-03-30,sbC64Cx5flQ,"코딩의 판이 바뀐다 - Prompt를 지배하는자, AI Agent 개발의 챔피언이 됩니다.","Feb 7, 2025",1458,0
2023-03-31,sbC64Cx5flQ,"코딩의 판이 바뀐다 - Prompt를 지배하는자, AI Agent 개발의 챔피언이 됩니다.","Feb 7, 2025",1458,0
2023-04-01,sbC64Cx5flQ,"코딩의 판이 바뀐다 - Prompt를 지배하는자, AI Agent 개발의 챔피언이 됩니다.","Feb 7, 2025",1458,0
2023-04-02,sbC64Cx5flQ,"코딩의 판이 바뀐다 - Prompt를 지배하는자, AI Agent 개발의 챔피언이 됩니다.","Feb 7, 2025",1458,0
2023-04-03,sbC64Cx5flQ,"코딩의 판이 바뀐다 - Prompt를 지배하는자, AI Agent 개발의 챔피언이 됩니다.","Feb 7, 2025",1458,0
2023-04-04,sbC64Cx5flQ,"코딩의 판이 바뀐다 - Prompt를 지배하는자, AI Agent 개발의 챔피언이 됩니다.","Feb 7, 2025",1458,0
2023-04-05,sbC64Cx5flQ,"코딩의 판이 바뀐다 - Prompt를 지배하는자, AI Agent 개발의 챔피언이 됩니다.","Feb 7, 2025",1458,0
2023-04-06,sbC64Cx5flQ,"코딩의 판이 바뀐다 - Prompt를 지배하는자, AI Agent 개발의 챔피언이 됩니다.","Feb 7, 2025",1458,0
2023-04-07,sbC64Cx5flQ,"코딩의 판이 바뀐다 - Prompt를 지배하는자, AI Agent 개발의 챔피언이 됩니다.","Feb 7, 2025",1458,0
2023-04-08,sbC64Cx5flQ,"코딩의 판이 바뀐다 - Prompt를 지배하는자, AI Agent 개발의 챔피언이 됩니다.","Feb 7, 2025",1458,0
2023-04-09,sbC64Cx5flQ,"코딩의 판이 바뀐다 - Prompt를 지배하는자, AI Agent 개발의 챔피언이 됩니다.","Feb 7, 2025",1458,0
2023-04-10,sbC64Cx5flQ,"코딩의 판이 바뀐다 - Prompt를 지배하는자, AI Agent 개발의 챔피언이 됩니다.","Feb 7, 2025",1458,0
2023-04-11,sbC64Cx5flQ,"코딩의 판이 바뀐다 - Prompt를 지배하는자, AI Agent 개발의 챔피언이 됩니다.","Feb 7, 2025",1458,0
2023-04-12,sbC64Cx5flQ,"코딩의 판이 바뀐다 - Prompt를 지배하는자, AI Agent 개발의 챔피언이 됩니다.","Feb 7, 2025",1458,0
2023-04-13,sbC64Cx5flQ,"코딩의 판이 바뀐다 - Prompt를 지배하는자, AI Agent 개발의 챔피언이 됩니다.","Feb 7, 2025",1458,0
2023-04-14,sbC64Cx5flQ,"코딩의 판이 바뀐다 - Prompt를 지배하는자, AI Agent 개발의 챔피언이 됩니다.","Feb 7, 2025",1458,0
2023-04-15,sbC64Cx5flQ,"코딩의 판이 바뀐다 - Prompt를 지배하는자, AI Agent 개발의 챔피언이 됩니다.","Feb 7, 2025",1458,0
2023-04-16,sbC64Cx5flQ,"코딩의 판이 바뀐다 - Prompt를 지배하는자, AI Agent 개발의 챔피언이 됩니다.","Feb 7, 2025",1458,0
2023-04-17,sbC64Cx5flQ,"코딩의 판이 바뀐다 - Prompt를 지배하는자, AI Agent 개발의 챔피언이 됩니다.","Feb 7, 2025",1458,0
2023-04-18,sbC64Cx5flQ,"코딩의 판이 바뀐다 - Prompt를 지배하는자, AI Agent 개발의 챔피언이 됩니다.","Feb 7, 2025",1458,0
2023-04-19,sbC64Cx5flQ,"코딩의 판이 바뀐다 - Prompt를 지배하는자, AI Agent 개발의 챔피언이 됩니다.","Feb 7, 2025",1458,0
2023-04-20,sbC64Cx5flQ,"코딩의 판이 바뀐다 - Prompt를 지배하는자, AI Agent 개발의 챔피언이 됩니다.","Feb 7, 2025",1458,0
2023-04-21,sbC64Cx5flQ,"코딩의 판이 바뀐다 - Prompt를 지배하는자, AI Agent 개발의 챔피언이 됩니다.","Feb 7, 2025",1458,0
2023-04-22,sbC64Cx5flQ,"코딩의 판이 바뀐다 - Prompt를 지배하는자, AI Agent 개발의 챔피언이 됩니다.","Feb 7, 2025",1458,0
2023-04-23,sbC64Cx5flQ,"코딩의 판이 바뀐다 - Prompt를 지배하는자, AI Agent 개발의 챔피언이 됩니다.","Feb 7, 2025",1458,0
2023-04-24,sbC64Cx5flQ,"코딩의 판이 바뀐다 - Prompt를 지배하는자, AI Agent 개발의 챔피언이 됩니다.","Feb 7, 2025",1458,0
2023-04-25,sbC64Cx5flQ,"코딩의 판이 바뀐다 - Prompt를 지배하는자, AI Agent 개발의 챔피언이 됩니다.","Feb 7, 2025",1458,0
2023-04-26,sbC64Cx5flQ,"코딩의 판이 바뀐다 - Prompt를 지배하는자, AI Agent 개발의 챔피언이 됩니다.","Feb 7, 2025",1458,0
2023-04-27,sbC64Cx5flQ,"코딩의 판이 바뀐다 - Prompt를 지배하는자, AI Agent 개발의 챔피언이 됩니다.","Feb 7, 2025",1458,0
2023-04-28,sbC64Cx5flQ,"코딩의 판이 바뀐다 - Prompt를 지배하는자, AI Agent 개발의 챔피언이 됩니다.","Feb 7, 2025",1458,0
2023-04-29,sbC64Cx5flQ,"코딩의 판이 바뀐다 - Prompt를 지배하는자, AI Agent 개발의 챔피언이 됩니다.","Feb 7, 2025",1458,0
2023-04-30,sbC64Cx5flQ,"코딩의 판이 바뀐다 - Prompt를 지배하는자, AI Agent 개발의 챔피언이 됩니다.","Feb 7, 2025",1458,0
2023-05-01,sbC64Cx5flQ,"코딩의 판이 바뀐다 - Prompt를 지배하는자, AI Agent 개발의 챔피언이 됩니다.","Feb 7, 2025",1458,0
2023-05-02,sbC64Cx5flQ,"코딩의 판이 바뀐다 - Prompt를 지배하는자, AI Agent 개발의 챔피언이 됩니다.","Feb 7, 2025",1458,0
2023-05-03,sbC64Cx5flQ,"코딩의 판이 바뀐다 - Prompt를 지배하는자, AI Agent 개발의 챔피언이 됩니다.","Feb 7, 2025",1458,0
2023-05-04,sbC64Cx5flQ,"코딩의 판이 바뀐다 - Prompt를 지배하는자, AI Agent 개발의 챔피언이 됩니다.","Feb 7, 2025",1458,0
2023-05-05,sbC64Cx5flQ,"코딩의 판이 바뀐다 - Prompt를 지배하는자, AI Agent 개발의 챔피언이 됩니다.","Feb 7, 2025",1458,0
2023-05-06,sbC64Cx5flQ,"코딩의 판이 바뀐다 - Prompt를 지배하는자, AI Agent 개발의 챔피언이 됩니다.","Feb 7, 2025",1458,0
2023-05-07,sbC64Cx5flQ,"코딩의 판이 바뀐다 - Prompt를 지배하는자, AI Agent 개발의 챔피언이 됩니다.","Feb 7, 2025",1458,0
2023-05-08,sbC64Cx5flQ,"코딩의 판이 바뀐다 - Prompt를 지배하는자, AI Agent 개발의 챔피언이 됩니다.","Feb 7, 2025",1458,0
2023-05-09,sbC64Cx5flQ,"코딩의 판이 바뀐다 - Prompt를 지배하는자, AI Agent 개발의 챔피언이 됩니다.","Feb 7, 2025",1458,0
2023-05-10,sbC64Cx5flQ,"코딩의 판이 바뀐다 - Prompt를 지배하는자, AI Agent 개발의 챔피언이 됩니다.","Feb 7, 2025",1458,0
2023-05-11,sbC64Cx5flQ,"코딩의 판이 바뀐다 - Prompt를 지배하는자, AI Agent 개발의 챔피언이 됩니다.","Feb 7, 2025",1458,0
2023-05-12,sbC64Cx5flQ,"코딩의 판이 바뀐다 - Prompt를 지배하는자, AI Agent 개발의 챔피언이 됩니다.","Feb 7, 2025",1458,0
2023-05-13,sbC64Cx5flQ,"코딩의 판이 바뀐다 - Prompt를 지배하는자, AI Agent 개발의 챔피언이 됩니다.","Feb 7, 2025",1458,0
2023-05-14,sbC64Cx5flQ,"코딩의 판이 바뀐다 - Prompt를 지배하는자, AI Agent 개발의 챔피언이 됩니다.","Feb 7, 2025",1458,0
2023-05-15,sbC64Cx5flQ,"코딩의 판이 바뀐다 - Prompt를 지배하는자, AI Agent 개발의 챔피언이 됩니다.","Feb 7, 2025",1458,0
2023-05-16,sbC64Cx5flQ,"코딩의 판이 바뀐다 - Prompt를 지배하는자, AI Agent 개발의 챔피언이 됩니다.","Feb 7, 2025",1458,0
2023-05-17,sbC64Cx5flQ,"코딩의 판이 바뀐다 - Prompt를 지배하는자, AI Agent 개발의 챔피언이 됩니다.","Feb 7, 2025",1458,0
2023-05-18,sbC64Cx5flQ,"코딩의 판이 바뀐다 - Prompt를 지배하는자, AI Agent 개발의 챔피언이 됩니다.","Feb 7, 2025",1458,0
2023-05-19,sbC64Cx5flQ,"코딩의 판이 바뀐다 - Prompt를 지배하는자, AI Agent 개발의 챔피언이 됩니다.","Feb 7, 2025",1458,0
2023-05-20,sbC64Cx5flQ,"코딩의 판이 바뀐다 - Prompt를 지배하는자, AI Agent 개발의 챔피언이 됩니다.","Feb 7, 2025",1458,0
2023-05-21,sbC64Cx5flQ,"코딩의 판이 바뀐다 - Prompt를 지배하는자, AI Agent 개발의 챔피언이 됩니다.","Feb 7, 2025",1458,0
2023-05-22,sbC64Cx5flQ,"코딩의 판이 바뀐다 - Prompt를 지배하는자, AI Agent 개발의 챔피언이 됩니다.","Feb 7, 2025",1458,0
2023-05-23,sbC64Cx5flQ,"코딩의 판이 바뀐다 - Prompt를 지배하는자, AI Agent 개발의 챔피언이 됩니다.","Feb 7, 2025",1458,0
2023-05-24,sbC64Cx5flQ,"코딩의 판이 바뀐다 - Prompt를 지배하는자, AI Agent 개발의 챔피언이 됩니다.","Feb 7, 2025",1458,0
2023-05-25,sbC64Cx5flQ,"코딩의 판이 바뀐다 - Prompt를 지배하는자, AI Agent 개발의 챔피언이 됩니다.","Feb 7, 2025",1458,0
2023-05-26,sbC64Cx5flQ,"코딩의 판이 바뀐다 - Prompt를 지배하는자, AI Agent 개발의 챔피언이 됩니다.","Feb 7, 2025",1458,0
2023-05-27,sbC64Cx5flQ,"코딩의 판이 바뀐다 - Prompt를 지배하는자, AI Agent 개발의 챔피언이 됩니다.","Feb 7, 2025",1458,0
2023-05-28,sbC64Cx5flQ,"코딩의 판이 바뀐다 - Prompt를 지배하는자, AI Agent 개발의 챔피언이 됩니다.","Feb 7, 2025",1458,0
2023-05-29,sbC64Cx5flQ,"코딩의 판이 바뀐다 - Prompt를 지배하는자, AI Agent 개발의 챔피언이 됩니다.","Feb 7, 2025",1458,0
2023-05-30,sbC64Cx5flQ,"코딩의 판이 바뀐다 - Prompt를 지배하는자, AI Agent 개발의 챔피언이 됩니다.","Feb 7, 2025",1458,0
2023-05-31,sbC64Cx5flQ,"코딩의 판이 바뀐다 - Prompt를 지배하는자, AI Agent 개발의 챔피언이 됩니다.","Feb 7, 2025",1458,0
2023-06-01,sbC64Cx5flQ,"코딩의 판이 바뀐다 - Prompt를 지배하는자, AI Agent 개발의 챔피언이 됩니다.","Feb 7, 2025",1458,0
2023-06-02,sbC64Cx5flQ,"코딩의 판이 바뀐다 - Prompt를 지배하는자, AI Agent 개발의 챔피언이 됩니다.","Feb 7, 2025",1458,0
2023-06-03,sbC64Cx5flQ,"코딩의 판이 바뀐다 - Prompt를 지배하는자, AI Agent 개발의 챔피언이 됩니다.","Feb 7, 2025",1458,0
2023-06-04,sbC64Cx5flQ,"코딩의 판이 바뀐다 - Prompt를 지배하는자, AI Agent 개발의 챔피언이 됩니다.","Feb 7, 2025",1458,0
2023-06-05,sbC64Cx5flQ,"코딩의 판이 바뀐다 - Prompt를 지배하는자, AI Agent 개발의 챔피언이 됩니다.","Feb 7, 2025",1458,0
2023-06-06,sbC64Cx5flQ,"코딩의 판이 바뀐다 - Prompt를 지배하는자, AI Agent 개발의 챔피언이 됩니다.","Feb 7, 2025",1458,0
2023-06-07,sbC64Cx5flQ,"코딩의 판이 바뀐다 - Prompt를 지배하는자, AI Agent 개발의 챔피언이 됩니다.","Feb 7, 2025",1458,0
2023-06-08,sbC64Cx5flQ,"코딩의 판이 바뀐다 - Prompt를 지배하는자, AI Agent 개발의 챔피언이 됩니다.","Feb 7, 2025",1458,0
2023-06-09,sbC64Cx5flQ,"코딩의 판이 바뀐다 - Prompt를 지배하는자, AI Agent 개발의 챔피언이 됩니다.","Feb 7, 2025",1458,0
2023-06-10,sbC64Cx5flQ,"코딩의 판이 바뀐다 - Prompt를 지배하는자, AI Agent 개발의 챔피언이 됩니다.","Feb 7, 2025",1458,0
2023-06-11,sbC64Cx5flQ,"코딩의 판이 바뀐다 - Prompt를 지배하는자, AI Agent 개발의 챔피언이 됩니다.","Feb 7, 2025",1458,0
2023-06-12,sbC64Cx5flQ,"코딩의 판이 바뀐다 - Prompt를 지배하는자, AI Agent 개발의 챔피언이 됩니다.","Feb 7, 2025",1458,0
2023-06-13,sbC64Cx5flQ,"코딩의 판이 바뀐다 - Prompt를 지배하는자, AI Agent 개발의 챔피언이 됩니다.","Feb 7, 2025",1458,0
2023-06-14,sbC64Cx5flQ,"코딩의 판이 바뀐다 - Prompt를 지배하는자, AI Agent 개발의 챔피언이 됩니다.","Feb 7, 2025",1458,0
2023-06-15,sbC64Cx5flQ,"코딩의 판이 바뀐다 - Prompt를 지배하는자, AI Agent 개발의 챔피언이 됩니다.","Feb 7, 2025",1458,0
2023-06-16,sbC64Cx5flQ,"코딩의 판이 바뀐다 - Prompt를 지배하는자, AI Agent 개발의 챔피언이 됩니다.","Feb 7, 2025",1458,0
2023-06-17,sbC64Cx5flQ,"코딩의 판이 바뀐다 - Prompt를 지배하는자, AI Agent 개발의 챔피언이 됩니다.","Feb 7, 2025",1458,0
2023-06-18,sbC64Cx5flQ,"코딩의 판이 바뀐다 - Prompt를 지배하는자, AI Agent 개발의 챔피언이 됩니다.","Feb 7, 2025",1458,0
2023-06-19,sbC64Cx5flQ,"코딩의 판이 바뀐다 - Prompt를 지배하는자, AI Agent 개발의 챔피언이 됩니다.","Feb 7, 2025",1458,0
2023-06-20,sbC64Cx5flQ,"코딩의 판이 바뀐다 - Prompt를 지배하는자, AI Agent 개발의 챔피언이 됩니다.","Feb 7, 2025",1458,0
2023-06-21,sbC64Cx5flQ,"코딩의 판이 바뀐다 - Prompt를 지배하는자, AI Agent 개발의 챔피언이 됩니다.","Feb 7, 2025",1458,0
2023-06-22,sbC64Cx5flQ,"코딩의 판이 바뀐다 - Prompt를 지배하는자, AI Agent 개발의 챔피언이 됩니다.","Feb 7, 2025",1458,0
2023-06-23,sbC64Cx5flQ,"코딩의 판이 바뀐다 - Prompt를 지배하는자, AI Agent 개발의 챔피언이 됩니다.","Feb 7, 2025",1458,0
2023-06-24,sbC64Cx5flQ,"코딩의 판이 바뀐다 - Prompt를 지배하는자, AI Agent 개발의 챔피언이 됩니다.","Feb 7, 2025",1458,0
2023-06-25,sbC64Cx5flQ,"코딩의 판이 바뀐다 - Prompt를 지배하는자, AI Agent 개발의 챔피언이 됩니다.","Feb 7, 2025",1458,0
2023-06-26,sbC64Cx5flQ,"코딩의 판이 바뀐다 - Prompt를 지배하는자, AI Agent 개발의 챔피언이 됩니다.","Feb 7, 2025",1458,0
2023-06-27,sbC64Cx5flQ,"코딩의 판이 바뀐다 - Prompt를 지배하는자, AI Agent 개발의 챔피언이 됩니다.","Feb 7, 2025",1458,0
2023-06-28,sbC64Cx5flQ,"코딩의 판이 바뀐다 - Prompt를 지배하는자, AI Agent 개발의 챔피언이 됩니다.","Feb 7, 2025",1458,0
2023-06-29,sbC64Cx5flQ,"코딩의 판이 바뀐다 - Prompt를 지배하는자, AI Agent 개발의 챔피언이 됩니다.","Feb 7, 2025",1458,0
2023-06-30,sbC64Cx5flQ,"코딩의 판이 바뀐다 - Prompt를 지배하는자, AI Agent 개발의 챔피언이 됩니다.","Feb 7, 2025",1458,0
2023-07-01,sbC64Cx5flQ,"코딩의 판이 바뀐다 - Prompt를 지배하는자, AI Agent 개발의 챔피언이 됩니다.","Feb 7, 2025",1458,0
2023-07-02,sbC64Cx5flQ,"코딩의 판이 바뀐다 - Prompt를 지배하는자, AI Agent 개발의 챔피언이 됩니다.","Feb 7, 2025",1458,0
2023-07-03,sbC64Cx5flQ,"코딩의 판이 바뀐다 - Prompt를 지배하는자, AI Agent 개발의 챔피언이 됩니다.","Feb 7, 2025",1458,0
2023-07-04,sbC64Cx5flQ,"코딩의 판이 바뀐다 - Prompt를 지배하는자, AI Agent 개발의 챔피언이 됩니다.","Feb 7, 2025",1458,0
2023-07-05,sbC64Cx5flQ,"코딩의 판이 바뀐다 - Prompt를 지배하는자, AI Agent 개발의 챔피언이 됩니다.","Feb 7, 2025",1458,0
2023-07-06,sbC64Cx5flQ,"코딩의 판이 바뀐다 - Prompt를 지배하는자, AI Agent 개발의 챔피언이 됩니다.","Feb 7, 2025",1458,0
2023-07-07,sbC64Cx5flQ,"코딩의 판이 바뀐다 - Prompt를 지배하는자, AI Agent 개발의 챔피언이 됩니다.","Feb 7, 2025",1458,0
2023-07-08,sbC64Cx5flQ,"코딩의 판이 바뀐다 - Prompt를 지배하는자, AI Agent 개발의 챔피언이 됩니다.","Feb 7, 2025",1458,0
2023-07-09,sbC64Cx5flQ,"코딩의 판이 바뀐다 - Prompt를 지배하는자, AI Agent 개발의 챔피언이 됩니다.","Feb 7, 2025",1458,0
2023-07-10,sbC64Cx5flQ,"코딩의 판이 바뀐다 - Prompt를 지배하는자, AI Agent 개발의 챔피언이 됩니다.","Feb 7, 2025",1458,0
2023-07-11,sbC64Cx5flQ,"코딩의 판이 바뀐다 - Prompt를 지배하는자, AI Agent 개발의 챔피언이 됩니다.","Feb 7, 2025",1458,0
2023-07-12,sbC64Cx5flQ,"코딩의 판이 바뀐다 - Prompt를 지배하는자, AI Agent 개발의 챔피언이 됩니다.","Feb 7, 2025",1458,0
2023-07-13,sbC64Cx5flQ,"코딩의 판이 바뀐다 - Prompt를 지배하는자, AI Agent 개발의 챔피언이 됩니다.","Feb 7, 2025",1458,0
2023-07-14,sbC64Cx5flQ,"코딩의 판이 바뀐다 - Prompt를 지배하는자, AI Agent 개발의 챔피언이 됩니다.","Feb 7, 2025",1458,0
2023-07-15,sbC64Cx5flQ,"코딩의 판이 바뀐다 - Prompt를 지배하는자, AI Agent 개발의 챔피언이 됩니다.","Feb 7, 2025",1458,0
2023-07-16,sbC64Cx5flQ,"코딩의 판이 바뀐다 - Prompt를 지배하는자, AI Agent 개발의 챔피언이 됩니다.","Feb 7, 2025",1458,0
2023-07-17,sbC64Cx5flQ,"코딩의 판이 바뀐다 - Prompt를 지배하는자, AI Agent 개발의 챔피언이 됩니다.","Feb 7, 2025",1458,0
2023-07-18,sbC64Cx5flQ,"코딩의 판이 바뀐다 - Prompt를 지배하는자, AI Agent 개발의 챔피언이 됩니다.","Feb 7, 2025",1458,0
2023-07-19,sbC64Cx5flQ,"코딩의 판이 바뀐다 - Prompt를 지배하는자, AI Agent 개발의 챔피언이 됩니다.","Feb 7, 2025",1458,0
2023-07-20,sbC64Cx5flQ,"코딩의 판이 바뀐다 - Prompt를 지배하는자, AI Agent 개발의 챔피언이 됩니다.","Feb 7, 2025",1458,0
2023-07-21,sbC64Cx5flQ,"코딩의 판이 바뀐다 - Prompt를 지배하는자, AI Agent 개발의 챔피언이 됩니다.","Feb 7, 2025",1458,0
2023-07-22,sbC64Cx5flQ,"코딩의 판이 바뀐다 - Prompt를 지배하는자, AI Agent 개발의 챔피언이 됩니다.","Feb 7, 2025",1458,0
2023-07-23,sbC64Cx5flQ,"코딩의 판이 바뀐다 - Prompt를 지배하는자, AI Agent 개발의 챔피언이 됩니다.","Feb 7, 2025",1458,0
2023-07-24,sbC64Cx5flQ,"코딩의 판이 바뀐다 - Prompt를 지배하는자, AI Agent 개발의 챔피언이 됩니다.","Feb 7, 2025",1458,0
2023-07-25,sbC64Cx5flQ,"코딩의 판이 바뀐다 - Prompt를 지배하는자, AI Agent 개발의 챔피언이 됩니다.","Feb 7, 2025",1458,0
2023-07-26,sbC64Cx5flQ,"코딩의 판이 바뀐다 - Prompt를 지배하는자, AI Agent 개발의 챔피언이 됩니다.","Feb 7, 2025",1458,0
2023-07-27,sbC64Cx5flQ,"코딩의 판이 바뀐다 - Prompt를 지배하는자, AI Agent 개발의 챔피언이 됩니다.","Feb 7, 2025",1458,0
2023-07-28,sbC64Cx5flQ,"코딩의 판이 바뀐다 - Prompt를 지배하는자, AI Agent 개발의 챔피언이 됩니다.","Feb 7, 2025",1458,0
2023-07-29,sbC64Cx5flQ,"코딩의 판이 바뀐다 - Prompt를 지배하는자, AI Agent 개발의 챔피언이 됩니다.","Feb 7, 2025",1458,0
2023-07-30,sbC64Cx5flQ,"코딩의 판이 바뀐다 - Prompt를 지배하는자, AI Agent 개발의 챔피언이 됩니다.","Feb 7, 2025",1458,0
2023-07-31,sbC64Cx5flQ,"코딩의 판이 바뀐다 - Prompt를 지배하는자, AI Agent 개발의 챔피언이 됩니다.","Feb 7, 2025",1458,0
2023-08-01,sbC64Cx5flQ,"코딩의 판이 바뀐다 - Prompt를 지배하는자, AI Agent 개발의 챔피언이 됩니다.","Feb 7, 2025",1458,0
2023-08-02,sbC64Cx5flQ,"코딩의 판이 바뀐다 - Prompt를 지배하는자, AI Agent 개발의 챔피언이 됩니다.","Feb 7, 2025",1458,0
2023-08-03,sbC64Cx5flQ,"코딩의 판이 바뀐다 - Prompt를 지배하는자, AI Agent 개발의 챔피언이 됩니다.","Feb 7, 2025",1458,0
2023-08-04,sbC64Cx5flQ,"코딩의 판이 바뀐다 - Prompt를 지배하는자, AI Agent 개발의 챔피언이 됩니다.","Feb 7, 2025",1458,0
2023-08-05,sbC64Cx5flQ,"코딩의 판이 바뀐다 - Prompt를 지배하는자, AI Agent 개발의 챔피언이 됩니다.","Feb 7, 2025",1458,0
2023-08-06,sbC64Cx5flQ,"코딩의 판이 바뀐다 - Prompt를 지배하는자, AI Agent 개발의 챔피언이 됩니다.","Feb 7, 2025",1458,0
2023-08-07,sbC64Cx5flQ,"코딩의 판이 바뀐다 - Prompt를 지배하는자, AI Agent 개발의 챔피언이 됩니다.","Feb 7, 2025",1458,0
2023-08-08,sbC64Cx5flQ,"코딩의 판이 바뀐다 - Prompt를 지배하는자, AI Agent 개발의 챔피언이 됩니다.","Feb 7, 2025",1458,0
2023-08-09,sbC64Cx5flQ,"코딩의 판이 바뀐다 - Prompt를 지배하는자, AI Agent 개발의 챔피언이 됩니다.","Feb 7, 2025",1458,0
2023-08-10,sbC64Cx5flQ,"코딩의 판이 바뀐다 - Prompt를 지배하는자, AI Agent 개발의 챔피언이 됩니다.","Feb 7, 2025",1458,0
2023-08-11,sbC64Cx5flQ,"코딩의 판이 바뀐다 - Prompt를 지배하는자, AI Agent 개발의 챔피언이 됩니다.","Feb 7, 2025",1458,0
2023-08-12,sbC64Cx5flQ,"코딩의 판이 바뀐다 - Prompt를 지배하는자, AI Agent 개발의 챔피언이 됩니다.","Feb 7, 2025",1458,0
2023-08-13,sbC64Cx5flQ,"코딩의 판이 바뀐다 - Prompt를 지배하는자, AI Agent 개발의 챔피언이 됩니다.","Feb 7, 2025",1458,0
2023-08-14,sbC64Cx5flQ,"코딩의 판이 바뀐다 - Prompt를 지배하는자, AI Agent 개발의 챔피언이 됩니다.","Feb 7, 2025",1458,0
2023-08-15,sbC64Cx5flQ,"코딩의 판이 바뀐다 - Prompt를 지배하는자, AI Agent 개발의 챔피언이 됩니다.","Feb 7, 2025",1458,0
2023-08-16,sbC64Cx5flQ,"코딩의 판이 바뀐다 - Prompt를 지배하는자, AI Agent 개발의 챔피언이 됩니다.","Feb 7, 2025",1458,0
2023-08-17,sbC64Cx5flQ,"코딩의 판이 바뀐다 - Prompt를 지배하는자, AI Agent 개발의 챔피언이 됩니다.","Feb 7, 2025",1458,0
2023-08-18,sbC64Cx5flQ,"코딩의 판이 바뀐다 - Prompt를 지배하는자, AI Agent 개발의 챔피언이 됩니다.","Feb 7, 2025",1458,0
2023-08-19,sbC64Cx5flQ,"코딩의 판이 바뀐다 - Prompt를 지배하는자, AI Agent 개발의 챔피언이 됩니다.","Feb 7, 2025",1458,0
2023-08-20,sbC64Cx5flQ,"코딩의 판이 바뀐다 - Prompt를 지배하는자, AI Agent 개발의 챔피언이 됩니다.","Feb 7, 2025",1458,0
2023-08-21,sbC64Cx5flQ,"코딩의 판이 바뀐다 - Prompt를 지배하는자, AI Agent 개발의 챔피언이 됩니다.","Feb 7, 2025",1458,0
2023-08-22,sbC64Cx5flQ,"코딩의 판이 바뀐다 - Prompt를 지배하는자, AI Agent 개발의 챔피언이 됩니다.","Feb 7, 2025",1458,0
2023-08-23,sbC64Cx5flQ,"코딩의 판이 바뀐다 - Prompt를 지배하는자, AI Agent 개발의 챔피언이 됩니다.","Feb 7, 2025",1458,0
2023-08-24,sbC64Cx5flQ,"코딩의 판이 바뀐다 - Prompt를 지배하는자, AI Agent 개발의 챔피언이 됩니다.","Feb 7, 2025",1458,0
2023-08-25,sbC64Cx5flQ,"코딩의 판이 바뀐다 - Prompt를 지배하는자, AI Agent 개발의 챔피언이 됩니다.","Feb 7, 2025",1458,0
2023-08-26,sbC64Cx5flQ,"코딩의 판이 바뀐다 - Prompt를 지배하는자, AI Agent 개발의 챔피언이 됩니다.","Feb 7, 2025",1458,0
2023-08-27,sbC64Cx5flQ,"코딩의 판이 바뀐다 - Prompt를 지배하는자, AI Agent 개발의 챔피언이 됩니다.","Feb 7, 2025",1458,0
2023-08-28,sbC64Cx5flQ,"코딩의 판이 바뀐다 - Prompt를 지배하는자, AI Agent 개발의 챔피언이 됩니다.","Feb 7, 2025",1458,0
2023-08-29,sbC64Cx5flQ,"코딩의 판이 바뀐다 - Prompt를 지배하는자, AI Agent 개발의 챔피언이 됩니다.","Feb 7, 2025",1458,0
2023-08-30,sbC64Cx5flQ,"코딩의 판이 바뀐다 - Prompt를 지배하는자, AI Agent 개발의 챔피언이 됩니다.","Feb 7, 2025",1458,0
2023-08-31,sbC64Cx5flQ,"코딩의 판이 바뀐다 - Prompt를 지배하는자, AI Agent 개발의 챔피언이 됩니다.","Feb 7, 2025",1458,0
2023-09-01,sbC64Cx5flQ,"코딩의 판이 바뀐다 - Prompt를 지배하는자, AI Agent 개발의 챔피언이 됩니다.","Feb 7, 2025",1458,0
2023-09-02,sbC64Cx5flQ,"코딩의 판이 바뀐다 - Prompt를 지배하는자, AI Agent 개발의 챔피언이 됩니다.","Feb 7, 2025",1458,0
2023-09-03,sbC64Cx5flQ,"코딩의 판이 바뀐다 - Prompt를 지배하는자, AI Agent 개발의 챔피언이 됩니다.","Feb 7, 2025",1458,0
2023-09-04,sbC64Cx5flQ,"코딩의 판이 바뀐다 - Prompt를 지배하는자, AI Agent 개발의 챔피언이 됩니다.","Feb 7, 2025",1458,0
2023-09-05,sbC64Cx5flQ,"코딩의 판이 바뀐다 - Prompt를 지배하는자, AI Agent 개발의 챔피언이 됩니다.","Feb 7, 2025",1458,0
2023-09-06,sbC64Cx5flQ,"코딩의 판이 바뀐다 - Prompt를 지배하는자, AI Agent 개발의 챔피언이 됩니다.","Feb 7, 2025",1458,0
2023-09-07,sbC64Cx5flQ,"코딩의 판이 바뀐다 - Prompt를 지배하는자, AI Agent 개발의 챔피언이 됩니다.","Feb 7, 2025",1458,0
2023-09-08,sbC64Cx5flQ,"코딩의 판이 바뀐다 - Prompt를 지배하는자, AI Agent 개발의 챔피언이 됩니다.","Feb 7, 2025",1458,0
2023-09-09,sbC64Cx5flQ,"코딩의 판이 바뀐다 - Prompt를 지배하는자, AI Agent 개발의 챔피언이 됩니다.","Feb 7, 2025",1458,0
2023-09-10,sbC64Cx5flQ,"코딩의 판이 바뀐다 - Prompt를 지배하는자, AI Agent 개발의 챔피언이 됩니다.","Feb 7, 2025",1458,0
2023-09-11,sbC64Cx5flQ,"코딩의 판이 바뀐다 - Prompt를 지배하는자, AI Agent 개발의 챔피언이 됩니다.","Feb 7, 2025",1458,0
2023-09-12,sbC64Cx5flQ,"코딩의 판이 바뀐다 - Prompt를 지배하는자, AI Agent 개발의 챔피언이 됩니다.","Feb 7, 2025",1458,0
2023-09-13,sbC64Cx5flQ,"코딩의 판이 바뀐다 - Prompt를 지배하는자, AI Agent 개발의 챔피언이 됩니다.","Feb 7, 2025",1458,0
2023-09-14,sbC64Cx5flQ,"코딩의 판이 바뀐다 - Prompt를 지배하는자, AI Agent 개발의 챔피언이 됩니다.","Feb 7, 2025",1458,0
2023-09-15,sbC64Cx5flQ,"코딩의 판이 바뀐다 - Prompt를 지배하는자, AI Agent 개발의 챔피언이 됩니다.","Feb 7, 2025",1458,0
2023-09-16,sbC64Cx5flQ,"코딩의 판이 바뀐다 - Prompt를 지배하는자, AI Agent 개발의 챔피언이 됩니다.","Feb 7, 2025",1458,0
2023-09-17,sbC64Cx5flQ,"코딩의 판이 바뀐다 - Prompt를 지배하는자, AI Agent 개발의 챔피언이 됩니다.","Feb 7, 2025",1458,0
2023-09-18,sbC64Cx5flQ,"코딩의 판이 바뀐다 - Prompt를 지배하는자, AI Agent 개발의 챔피언이 됩니다.","Feb 7, 2025",1458,0
2023-09-19,sbC64Cx5flQ,"코딩의 판이 바뀐다 - Prompt를 지배하는자, AI Agent 개발의 챔피언이 됩니다.","Feb 7, 2025",1458,0
2023-09-20,sbC64Cx5flQ,"코딩의 판이 바뀐다 - Prompt를 지배하는자, AI Agent 개발의 챔피언이 됩니다.","Feb 7, 2025",1458,0
2023-09-21,sbC64Cx5flQ,"코딩의 판이 바뀐다 - Prompt를 지배하는자, AI Agent 개발의 챔피언이 됩니다.","Feb 7, 2025",1458,0
2023-09-22,sbC64Cx5flQ,"코딩의 판이 바뀐다 - Prompt를 지배하는자, AI Agent 개발의 챔피언이 됩니다.","Feb 7, 2025",1458,0
2023-09-23,sbC64Cx5flQ,"코딩의 판이 바뀐다 - Prompt를 지배하는자, AI Agent 개발의 챔피언이 됩니다.","Feb 7, 2025",1458,0
2023-09-24,sbC64Cx5flQ,"코딩의 판이 바뀐다 - Prompt를 지배하는자, AI Agent 개발의 챔피언이 됩니다.","Feb 7, 2025",1458,0
2023-09-25,sbC64Cx5flQ,"코딩의 판이 바뀐다 - Prompt를 지배하는자, AI Agent 개발의 챔피언이 됩니다.","Feb 7, 2025",1458,0
2023-09-26,sbC64Cx5flQ,"코딩의 판이 바뀐다 - Prompt를 지배하는자, AI Agent 개발의 챔피언이 됩니다.","Feb 7, 2025",1458,0
2023-09-27,sbC64Cx5flQ,"코딩의 판이 바뀐다 - Prompt를 지배하는자, AI Agent 개발의 챔피언이 됩니다.","Feb 7, 2025",1458,0
2023-09-28,sbC64Cx5flQ,"코딩의 판이 바뀐다 - Prompt를 지배하는자, AI Agent 개발의 챔피언이 됩니다.","Feb 7, 2025",1458,0
2023-09-29,sbC64Cx5flQ,"코딩의 판이 바뀐다 - Prompt를 지배하는자, AI Agent 개발의 챔피언이 됩니다.","Feb 7, 2025",1458,0
2023-09-30,sbC64Cx5flQ,"코딩의 판이 바뀐다 - Prompt를 지배하는자, AI Agent 개발의 챔피언이 됩니다.","Feb 7, 2025",1458,0
2023-10-01,sbC64Cx5flQ,"코딩의 판이 바뀐다 - Prompt를 지배하는자, AI Agent 개발의 챔피언이 됩니다.","Feb 7, 2025",1458,0
2023-10-02,sbC64Cx5flQ,"코딩의 판이 바뀐다 - Prompt를 지배하는자, AI Agent 개발의 챔피언이 됩니다.","Feb 7, 2025",1458,0
2023-10-03,sbC64Cx5flQ,"코딩의 판이 바뀐다 - Prompt를 지배하는자, AI Agent 개발의 챔피언이 됩니다.","Feb 7, 2025",1458,0
2023-10-04,sbC64Cx5flQ,"코딩의 판이 바뀐다 - Prompt를 지배하는자, AI Agent 개발의 챔피언이 됩니다.","Feb 7, 2025",1458,0
2023-10-05,sbC64Cx5flQ,"코딩의 판이 바뀐다 - Prompt를 지배하는자, AI Agent 개발의 챔피언이 됩니다.","Feb 7, 2025",1458,0
2023-10-06,sbC64Cx5flQ,"코딩의 판이 바뀐다 - Prompt를 지배하는자, AI Agent 개발의 챔피언이 됩니다.","Feb 7, 2025",1458,0
2023-10-07,sbC64Cx5flQ,"코딩의 판이 바뀐다 - Prompt를 지배하는자, AI Agent 개발의 챔피언이 됩니다.","Feb 7, 2025",1458,0
2023-10-08,sbC64Cx5flQ,"코딩의 판이 바뀐다 - Prompt를 지배하는자, AI Agent 개발의 챔피언이 됩니다.","Feb 7, 2025",1458,0
2023-10-09,sbC64Cx5flQ,"코딩의 판이 바뀐다 - Prompt를 지배하는자, AI Agent 개발의 챔피언이 됩니다.","Feb 7, 2025",1458,0
2023-10-10,sbC64Cx5flQ,"코딩의 판이 바뀐다 - Prompt를 지배하는자, AI Agent 개발의 챔피언이 됩니다.","Feb 7, 2025",1458,0
2023-10-11,sbC64Cx5flQ,"코딩의 판이 바뀐다 - Prompt를 지배하는자, AI Agent 개발의 챔피언이 됩니다.","Feb 7, 2025",1458,0
2023-10-12,sbC64Cx5flQ,"코딩의 판이 바뀐다 - Prompt를 지배하는자, AI Agent 개발의 챔피언이 됩니다.","Feb 7, 2025",1458,0
2023-10-13,sbC64Cx5flQ,"코딩의 판이 바뀐다 - Prompt를 지배하는자, AI Agent 개발의 챔피언이 됩니다.","Feb 7, 2025",1458,0
2023-10-14,sbC64Cx5flQ,"코딩의 판이 바뀐다 - Prompt를 지배하는자, AI Agent 개발의 챔피언이 됩니다.","Feb 7, 2025",1458,0
2023-10-15,sbC64Cx5flQ,"코딩의 판이 바뀐다 - Prompt를 지배하는자, AI Agent 개발의 챔피언이 됩니다.","Feb 7, 2025",1458,0
2023-10-16,sbC64Cx5flQ,"코딩의 판이 바뀐다 - Prompt를 지배하는자, AI Agent 개발의 챔피언이 됩니다.","Feb 7, 2025",1458,0
2023-10-17,sbC64Cx5flQ,"코딩의 판이 바뀐다 - Prompt를 지배하는자, AI Agent 개발의 챔피언이 됩니다.","Feb 7, 2025",1458,0
2023-10-18,sbC64Cx5flQ,"코딩의 판이 바뀐다 - Prompt를 지배하는자, AI Agent 개발의 챔피언이 됩니다.","Feb 7, 2025",1458,0
2023-10-19,sbC64Cx5flQ,"코딩의 판이 바뀐다 - Prompt를 지배하는자, AI Agent 개발의 챔피언이 됩니다.","Feb 7, 2025",1458,0
2023-10-20,sbC64Cx5flQ,"코딩의 판이 바뀐다 - Prompt를 지배하는자, AI Agent 개발의 챔피언이 됩니다.","Feb 7, 2025",1458,0
2023-10-21,sbC64Cx5flQ,"코딩의 판이 바뀐다 - Prompt를 지배하는자, AI Agent 개발의 챔피언이 됩니다.","Feb 7, 2025",1458,0
2023-10-22,sbC64Cx5flQ,"코딩의 판이 바뀐다 - Prompt를 지배하는자, AI Agent 개발의 챔피언이 됩니다.","Feb 7, 2025",1458,0
2023-10-23,sbC64Cx5flQ,"코딩의 판이 바뀐다 - Prompt를 지배하는자, AI Agent 개발의 챔피언이 됩니다.","Feb 7, 2025",1458,0
2023-10-24,sbC64Cx5flQ,"코딩의 판이 바뀐다 - Prompt를 지배하는자, AI Agent 개발의 챔피언이 됩니다.","Feb 7, 2025",1458,0
2023-10-25,sbC64Cx5flQ,"코딩의 판이 바뀐다 - Prompt를 지배하는자, AI Agent 개발의 챔피언이 됩니다.","Feb 7, 2025",1458,0
2023-10-26,sbC64Cx5flQ,"코딩의 판이 바뀐다 - Prompt를 지배하는자, AI Agent 개발의 챔피언이 됩니다.","Feb 7, 2025",1458,0
2023-10-27,sbC64Cx5flQ,"코딩의 판이 바뀐다 - Prompt를 지배하는자, AI Agent 개발의 챔피언이 됩니다.","Feb 7, 2025",1458,0
2023-10-28,sbC64Cx5flQ,"코딩의 판이 바뀐다 - Prompt를 지배하는자, AI Agent 개발의 챔피언이 됩니다.","Feb 7, 2025",1458,0
2023-10-29,sbC64Cx5flQ,"코딩의 판이 바뀐다 - Prompt를 지배하는자, AI Agent 개발의 챔피언이 됩니다.","Feb 7, 2025",1458,0
2023-10-30,sbC64Cx5flQ,"코딩의 판이 바뀐다 - Prompt를 지배하는자, AI Agent 개발의 챔피언이 됩니다.","Feb 7, 2025",1458,0
2023-10-31,sbC64Cx5flQ,"코딩의 판이 바뀐다 - Prompt를 지배하는자, AI Agent 개발의 챔피언이 됩니다.","Feb 7, 2025",1458,0
2023-11-01,sbC64Cx5flQ,"코딩의 판이 바뀐다 - Prompt를 지배하는자, AI Agent 개발의 챔피언이 됩니다.","Feb 7, 2025",1458,0
2023-11-02,sbC64Cx5flQ,"코딩의 판이 바뀐다 - Prompt를 지배하는자, AI Agent 개발의 챔피언이 됩니다.","Feb 7, 2025",1458,0
2023-11-03,sbC64Cx5flQ,"코딩의 판이 바뀐다 - Prompt를 지배하는자, AI Agent 개발의 챔피언이 됩니다.","Feb 7, 2025",1458,0
2023-11-04,sbC64Cx5flQ,"코딩의 판이 바뀐다 - Prompt를 지배하는자, AI Agent 개발의 챔피언이 됩니다.","Feb 7, 2025",1458,0
2023-11-05,sbC64Cx5flQ,"코딩의 판이 바뀐다 - Prompt를 지배하는자, AI Agent 개발의 챔피언이 됩니다.","Feb 7, 2025",1458,0
2023-11-06,sbC64Cx5flQ,"코딩의 판이 바뀐다 - Prompt를 지배하는자, AI Agent 개발의 챔피언이 됩니다.","Feb 7, 2025",1458,0
2023-11-07,sbC64Cx5flQ,"코딩의 판이 바뀐다 - Prompt를 지배하는자, AI Agent 개발의 챔피언이 됩니다.","Feb 7, 2025",1458,0
2023-11-08,sbC64Cx5flQ,"코딩의 판이 바뀐다 - Prompt를 지배하는자, AI Agent 개발의 챔피언이 됩니다.","Feb 7, 2025",1458,0
2023-11-09,sbC64Cx5flQ,"코딩의 판이 바뀐다 - Prompt를 지배하는자, AI Agent 개발의 챔피언이 됩니다.","Feb 7, 2025",1458,0
2023-11-10,sbC64Cx5flQ,"코딩의 판이 바뀐다 - Prompt를 지배하는자, AI Agent 개발의 챔피언이 됩니다.","Feb 7, 2025",1458,0
2023-11-11,sbC64Cx5flQ,"코딩의 판이 바뀐다 - Prompt를 지배하는자, AI Agent 개발의 챔피언이 됩니다.","Feb 7, 2025",1458,0
2023-11-12,sbC64Cx5flQ,"코딩의 판이 바뀐다 - Prompt를 지배하는자, AI Agent 개발의 챔피언이 됩니다.","Feb 7, 2025",1458,0
2023-11-13,sbC64Cx5flQ,"코딩의 판이 바뀐다 - Prompt를 지배하는자, AI Agent 개발의 챔피언이 됩니다.","Feb 7, 2025",1458,0
2023-11-14,sbC64Cx5flQ,"코딩의 판이 바뀐다 - Prompt를 지배하는자, AI Agent 개발의 챔피언이 됩니다.","Feb 7, 2025",1458,0
2023-11-15,sbC64Cx5flQ,"코딩의 판이 바뀐다 - Prompt를 지배하는자, AI Agent 개발의 챔피언이 됩니다.","Feb 7, 2025",1458,0
2023-11-16,sbC64Cx5flQ,"코딩의 판이 바뀐다 - Prompt를 지배하는자, AI Agent 개발의 챔피언이 됩니다.","Feb 7, 2025",1458,0
2023-11-17,sbC64Cx5flQ,"코딩의 판이 바뀐다 - Prompt를 지배하는자, AI Agent 개발의 챔피언이 됩니다.","Feb 7, 2025",1458,0
2023-11-18,sbC64Cx5flQ,"코딩의 판이 바뀐다 - Prompt를 지배하는자, AI Agent 개발의 챔피언이 됩니다.","Feb 7, 2025",1458,0
2023-11-19,sbC64Cx5flQ,"코딩의 판이 바뀐다 - Prompt를 지배하는자, AI Agent 개발의 챔피언이 됩니다.","Feb 7, 2025",1458,0
2023-11-20,sbC64Cx5flQ,"코딩의 판이 바뀐다 - Prompt를 지배하는자, AI Agent 개발의 챔피언이 됩니다.","Feb 7, 2025",1458,0
2023-11-21,sbC64Cx5flQ,"코딩의 판이 바뀐다 - Prompt를 지배하는자, AI Agent 개발의 챔피언이 됩니다.","Feb 7, 2025",1458,0
2023-11-22,sbC64Cx5flQ,"코딩의 판이 바뀐다 - Prompt를 지배하는자, AI Agent 개발의 챔피언이 됩니다.","Feb 7, 2025",1458,0
2023-11-23,sbC64Cx5flQ,"코딩의 판이 바뀐다 - Prompt를 지배하는자, AI Agent 개발의 챔피언이 됩니다.","Feb 7, 2025",1458,0
2023-11-24,sbC64Cx5flQ,"코딩의 판이 바뀐다 - Prompt를 지배하는자, AI Agent 개발의 챔피언이 됩니다.","Feb 7, 2025",1458,0
2023-11-25,sbC64Cx5flQ,"코딩의 판이 바뀐다 - Prompt를 지배하는자, AI Agent 개발의 챔피언이 됩니다.","Feb 7, 2025",1458,0
2023-11-26,sbC64Cx5flQ,"코딩의 판이 바뀐다 - Prompt를 지배하는자, AI Agent 개발의 챔피언이 됩니다.","Feb 7, 2025",1458,0
2023-11-27,sbC64Cx5flQ,"코딩의 판이 바뀐다 - Prompt를 지배하는자, AI Agent 개발의 챔피언이 됩니다.","Feb 7, 2025",1458,0
2023-11-28,sbC64Cx5flQ,"코딩의 판이 바뀐다 - Prompt를 지배하는자, AI Agent 개발의 챔피언이 됩니다.","Feb 7, 2025",1458,0
2023-11-29,sbC64Cx5flQ,"코딩의 판이 바뀐다 - Prompt를 지배하는자, AI Agent 개발의 챔피언이 됩니다.","Feb 7, 2025",1458,0
2023-11-30,sbC64Cx5flQ,"코딩의 판이 바뀐다 - Prompt를 지배하는자, AI Agent 개발의 챔피언이 됩니다.","Feb 7, 2025",1458,0
2023-12-01,sbC64Cx5flQ,"코딩의 판이 바뀐다 - Prompt를 지배하는자, AI Agent 개발의 챔피언이 됩니다.","Feb 7, 2025",1458,0
2023-12-02,sbC64Cx5flQ,"코딩의 판이 바뀐다 - Prompt를 지배하는자, AI Agent 개발의 챔피언이 됩니다.","Feb 7, 2025",1458,0
2023-12-03,sbC64Cx5flQ,"코딩의 판이 바뀐다 - Prompt를 지배하는자, AI Agent 개발의 챔피언이 됩니다.","Feb 7, 2025",1458,0
2023-12-04,sbC64Cx5flQ,"코딩의 판이 바뀐다 - Prompt를 지배하는자, AI Agent 개발의 챔피언이 됩니다.","Feb 7, 2025",1458,0
2023-12-05,sbC64Cx5flQ,"코딩의 판이 바뀐다 - Prompt를 지배하는자, AI Agent 개발의 챔피언이 됩니다.","Feb 7, 2025",1458,0
2023-12-06,sbC64Cx5flQ,"코딩의 판이 바뀐다 - Prompt를 지배하는자, AI Agent 개발의 챔피언이 됩니다.","Feb 7, 2025",1458,0
2023-12-07,sbC64Cx5flQ,"코딩의 판이 바뀐다 - Prompt를 지배하는자, AI Agent 개발의 챔피언이 됩니다.","Feb 7, 2025",1458,0
2023-12-08,sbC64Cx5flQ,"코딩의 판이 바뀐다 - Prompt를 지배하는자, AI Agent 개발의 챔피언이 됩니다.","Feb 7, 2025",1458,0
2023-12-09,sbC64Cx5flQ,"코딩의 판이 바뀐다 - Prompt를 지배하는자, AI Agent 개발의 챔피언이 됩니다.","Feb 7, 2025",1458,0
2023-12-10,sbC64Cx5flQ,"코딩의 판이 바뀐다 - Prompt를 지배하는자, AI Agent 개발의 챔피언이 됩니다.","Feb 7, 2025",1458,0
2023-12-11,sbC64Cx5flQ,"코딩의 판이 바뀐다 - Prompt를 지배하는자, AI Agent 개발의 챔피언이 됩니다.","Feb 7, 2025",1458,0
2023-12-12,sbC64Cx5flQ,"코딩의 판이 바뀐다 - Prompt를 지배하는자, AI Agent 개발의 챔피언이 됩니다.","Feb 7, 2025",1458,0
2023-12-13,sbC64Cx5flQ,"코딩의 판이 바뀐다 - Prompt를 지배하는자, AI Agent 개발의 챔피언이 됩니다.","Feb 7, 2025",1458,0
2023-12-14,sbC64Cx5flQ,"코딩의 판이 바뀐다 - Prompt를 지배하는자, AI Agent 개발의 챔피언이 됩니다.","Feb 7, 2025",1458,0
2023-12-15,sbC64Cx5flQ,"코딩의 판이 바뀐다 - Prompt를 지배하는자, AI Agent 개발의 챔피언이 됩니다.","Feb 7, 2025",1458,0
2023-12-16,sbC64Cx5flQ,"코딩의 판이 바뀐다 - Prompt를 지배하는자, AI Agent 개발의 챔피언이 됩니다.","Feb 7, 2025",1458,0
2023-12-17,sbC64Cx5flQ,"코딩의 판이 바뀐다 - Prompt를 지배하는자, AI Agent 개발의 챔피언이 됩니다.","Feb 7, 2025",1458,0
2023-12-18,sbC64Cx5flQ,"코딩의 판이 바뀐다 - Prompt를 지배하는자, AI Agent 개발의 챔피언이 됩니다.","Feb 7, 2025",1458,0
2023-12-19,sbC64Cx5flQ,"코딩의 판이 바뀐다 - Prompt를 지배하는자, AI Agent 개발의 챔피언이 됩니다.","Feb 7, 2025",1458,0
2023-12-20,sbC64Cx5flQ,"코딩의 판이 바뀐다 - Prompt를 지배하는자, AI Agent 개발의 챔피언이 됩니다.","Feb 7, 2025",1458,0
2023-12-21,sbC64Cx5flQ,"코딩의 판이 바뀐다 - Prompt를 지배하는자, AI Agent 개발의 챔피언이 됩니다.","Feb 7, 2025",1458,0
2023-12-22,sbC64Cx5flQ,"코딩의 판이 바뀐다 - Prompt를 지배하는자, AI Agent 개발의 챔피언이 됩니다.","Feb 7, 2025",1458,0
2023-12-23,sbC64Cx5flQ,"코딩의 판이 바뀐다 - Prompt를 지배하는자, AI Agent 개발의 챔피언이 됩니다.","Feb 7, 2025",1458,0
2023-12-24,sbC64Cx5flQ,"코딩의 판이 바뀐다 - Prompt를 지배하는자, AI Agent 개발의 챔피언이 됩니다.","Feb 7, 2025",1458,0
2023-12-25,sbC64Cx5flQ,"코딩의 판이 바뀐다 - Prompt를 지배하는자, AI Agent 개발의 챔피언이 됩니다.","Feb 7, 2025",1458,0
2023-12-26,sbC64Cx5flQ,"코딩의 판이 바뀐다 - Prompt를 지배하는자, AI Agent 개발의 챔피언이 됩니다.","Feb 7, 2025",1458,0
2023-12-27,sbC64Cx5flQ,"코딩의 판이 바뀐다 - Prompt를 지배하는자, AI Agent 개발의 챔피언이 됩니다.","Feb 7, 2025",1458,0
2023-12-28,sbC64Cx5flQ,"코딩의 판이 바뀐다 - Prompt를 지배하는자, AI Agent 개발의 챔피언이 됩니다.","Feb 7, 2025",1458,0
2023-12-29,sbC64Cx5flQ,"코딩의 판이 바뀐다 - Prompt를 지배하는자, AI Agent 개발의 챔피언이 됩니다.","Feb 7, 2025",1458,0
2023-12-30,sbC64Cx5flQ,"코딩의 판이 바뀐다 - Prompt를 지배하는자, AI Agent 개발의 챔피언이 됩니다.","Feb 7, 2025",1458,0
2023-12-31,sbC64Cx5flQ,"코딩의 판이 바뀐다 - Prompt를 지배하는자, AI Agent 개발의 챔피언이 됩니다.","Feb 7, 2025",1458,0
2024-01-01,sbC64Cx5flQ,"코딩의 판이 바뀐다 - Prompt를 지배하는자, AI Agent 개발의 챔피언이 됩니다.","Feb 7, 2025",1458,0
2024-01-02,sbC64Cx5flQ,"코딩의 판이 바뀐다 - Prompt를 지배하는자, AI Agent 개발의 챔피언이 됩니다.","Feb 7, 2025",1458,0
2024-01-03,sbC64Cx5flQ,"코딩의 판이 바뀐다 - Prompt를 지배하는자, AI Agent 개발의 챔피언이 됩니다.","Feb 7, 2025",1458,0
2024-01-04,sbC64Cx5flQ,"코딩의 판이 바뀐다 - Prompt를 지배하는자, AI Agent 개발의 챔피언이 됩니다.","Feb 7, 2025",1458,0
2024-01-05,sbC64Cx5flQ,"코딩의 판이 바뀐다 - Prompt를 지배하는자, AI Agent 개발의 챔피언이 됩니다.","Feb 7, 2025",1458,0
2024-01-06,sbC64Cx5flQ,"코딩의 판이 바뀐다 - Prompt를 지배하는자, AI Agent 개발의 챔피언이 됩니다.","Feb 7, 2025",1458,0
2024-01-07,sbC64Cx5flQ,"코딩의 판이 바뀐다 - Prompt를 지배하는자, AI Agent 개발의 챔피언이 됩니다.","Feb 7, 2025",1458,0
2024-01-08,sbC64Cx5flQ,"코딩의 판이 바뀐다 - Prompt를 지배하는자, AI Agent 개발의 챔피언이 됩니다.","Feb 7, 2025",1458,0
2024-01-09,sbC64Cx5flQ,"코딩의 판이 바뀐다 - Prompt를 지배하는자, AI Agent 개발의 챔피언이 됩니다.","Feb 7, 2025",1458,0
2024-01-10,sbC64Cx5flQ,"코딩의 판이 바뀐다 - Prompt를 지배하는자, AI Agent 개발의 챔피언이 됩니다.","Feb 7, 2025",1458,0
2024-01-11,sbC64Cx5flQ,"코딩의 판이 바뀐다 - Prompt를 지배하는자, AI Agent 개발의 챔피언이 됩니다.","Feb 7, 2025",1458,0
2024-01-12,sbC64Cx5flQ,"코딩의 판이 바뀐다 - Prompt를 지배하는자, AI Agent 개발의 챔피언이 됩니다.","Feb 7, 2025",1458,0
2024-01-13,sbC64Cx5flQ,"코딩의 판이 바뀐다 - Prompt를 지배하는자, AI Agent 개발의 챔피언이 됩니다.","Feb 7, 2025",1458,0
2024-01-14,sbC64Cx5flQ,"코딩의 판이 바뀐다 - Prompt를 지배하는자, AI Agent 개발의 챔피언이 됩니다.","Feb 7, 2025",1458,0
2024-01-15,sbC64Cx5flQ,"코딩의 판이 바뀐다 - Prompt를 지배하는자, AI Agent 개발의 챔피언이 됩니다.","Feb 7, 2025",1458,0
2024-01-16,sbC64Cx5flQ,"코딩의 판이 바뀐다 - Prompt를 지배하는자, AI Agent 개발의 챔피언이 됩니다.","Feb 7, 2025",1458,0
2024-01-17,sbC64Cx5flQ,"코딩의 판이 바뀐다 - Prompt를 지배하는자, AI Agent 개발의 챔피언이 됩니다.","Feb 7, 2025",1458,0
2024-01-18,sbC64Cx5flQ,"코딩의 판이 바뀐다 - Prompt를 지배하는자, AI Agent 개발의 챔피언이 됩니다.","Feb 7, 2025",1458,0
2024-01-19,sbC64Cx5flQ,"코딩의 판이 바뀐다 - Prompt를 지배하는자, AI Agent 개발의 챔피언이 됩니다.","Feb 7, 2025",1458,0
2024-01-20,sbC64Cx5flQ,"코딩의 판이 바뀐다 - Prompt를 지배하는자, AI Agent 개발의 챔피언이 됩니다.","Feb 7, 2025",1458,0
2024-01-21,sbC64Cx5flQ,"코딩의 판이 바뀐다 - Prompt를 지배하는자, AI Agent 개발의 챔피언이 됩니다.","Feb 7, 2025",1458,0
2024-01-22,sbC64Cx5flQ,"코딩의 판이 바뀐다 - Prompt를 지배하는자, AI Agent 개발의 챔피언이 됩니다.","Feb 7, 2025",1458,0
2024-01-23,sbC64Cx5flQ,"코딩의 판이 바뀐다 - Prompt를 지배하는자, AI Agent 개발의 챔피언이 됩니다.","Feb 7, 2025",1458,0
2024-01-24,sbC64Cx5flQ,"코딩의 판이 바뀐다 - Prompt를 지배하는자, AI Agent 개발의 챔피언이 됩니다.","Feb 7, 2025",1458,0
2024-01-25,sbC64Cx5flQ,"코딩의 판이 바뀐다 - Prompt를 지배하는자, AI Agent 개발의 챔피언이 됩니다.","Feb 7, 2025",1458,0
2024-01-26,sbC64Cx5flQ,"코딩의 판이 바뀐다 - Prompt를 지배하는자, AI Agent 개발의 챔피언이 됩니다.","Feb 7, 2025",1458,0
2024-01-27,sbC64Cx5flQ,"코딩의 판이 바뀐다 - Prompt를 지배하는자, AI Agent 개발의 챔피언이 됩니다.","Feb 7, 2025",1458,0
2024-01-28,sbC64Cx5flQ,"코딩의 판이 바뀐다 - Prompt를 지배하는자, AI Agent 개발의 챔피언이 됩니다.","Feb 7, 2025",1458,0
2024-01-29,sbC64Cx5flQ,"코딩의 판이 바뀐다 - Prompt를 지배하는자, AI Agent 개발의 챔피언이 됩니다.","Feb 7, 2025",1458,0
2024-01-30,sbC64Cx5flQ,"코딩의 판이 바뀐다 - Prompt를 지배하는자, AI Agent 개발의 챔피언이 됩니다.","Feb 7, 2025",1458,0
2024-01-31,sbC64Cx5flQ,"코딩의 판이 바뀐다 - Prompt를 지배하는자, AI Agent 개발의 챔피언이 됩니다.","Feb 7, 2025",1458,0
2024-02-01,sbC64Cx5flQ,"코딩의 판이 바뀐다 - Prompt를 지배하는자, AI Agent 개발의 챔피언이 됩니다.","Feb 7, 2025",1458,0
2024-02-02,sbC64Cx5flQ,"코딩의 판이 바뀐다 - Prompt를 지배하는자, AI Agent 개발의 챔피언이 됩니다.","Feb 7, 2025",1458,0
2024-02-03,sbC64Cx5flQ,"코딩의 판이 바뀐다 - Prompt를 지배하는자, AI Agent 개발의 챔피언이 됩니다.","Feb 7, 2025",1458,0
2024-02-04,sbC64Cx5flQ,"코딩의 판이 바뀐다 - Prompt를 지배하는자, AI Agent 개발의 챔피언이 됩니다.","Feb 7, 2025",1458,0
2024-02-05,sbC64Cx5flQ,"코딩의 판이 바뀐다 - Prompt를 지배하는자, AI Agent 개발의 챔피언이 됩니다.","Feb 7, 2025",1458,0
2024-02-06,sbC64Cx5flQ,"코딩의 판이 바뀐다 - Prompt를 지배하는자, AI Agent 개발의 챔피언이 됩니다.","Feb 7, 2025",1458,0
2024-02-07,sbC64Cx5flQ,"코딩의 판이 바뀐다 - Prompt를 지배하는자, AI Agent 개발의 챔피언이 됩니다.","Feb 7, 2025",1458,0
2024-02-08,sbC64Cx5flQ,"코딩의 판이 바뀐다 - Prompt를 지배하는자, AI Agent 개발의 챔피언이 됩니다.","Feb 7, 2025",1458,0
2024-02-09,sbC64Cx5flQ,"코딩의 판이 바뀐다 - Prompt를 지배하는자, AI Agent 개발의 챔피언이 됩니다.","Feb 7, 2025",1458,0
2024-02-10,sbC64Cx5flQ,"코딩의 판이 바뀐다 - Prompt를 지배하는자, AI Agent 개발의 챔피언이 됩니다.","Feb 7, 2025",1458,0
2024-02-11,sbC64Cx5flQ,"코딩의 판이 바뀐다 - Prompt를 지배하는자, AI Agent 개발의 챔피언이 됩니다.","Feb 7, 2025",1458,0
2024-02-12,sbC64Cx5flQ,"코딩의 판이 바뀐다 - Prompt를 지배하는자, AI Agent 개발의 챔피언이 됩니다.","Feb 7, 2025",1458,0
2024-02-13,sbC64Cx5flQ,"코딩의 판이 바뀐다 - Prompt를 지배하는자, AI Agent 개발의 챔피언이 됩니다.","Feb 7, 2025",1458,0
2024-02-14,sbC64Cx5flQ,"코딩의 판이 바뀐다 - Prompt를 지배하는자, AI Agent 개발의 챔피언이 됩니다.","Feb 7, 2025",1458,0
2024-02-15,sbC64Cx5flQ,"코딩의 판이 바뀐다 - Prompt를 지배하는자, AI Agent 개발의 챔피언이 됩니다.","Feb 7, 2025",1458,0
2024-02-16,sbC64Cx5flQ,"코딩의 판이 바뀐다 - Prompt를 지배하는자, AI Agent 개발의 챔피언이 됩니다.","Feb 7, 2025",1458,0
2024-02-17,sbC64Cx5flQ,"코딩의 판이 바뀐다 - Prompt를 지배하는자, AI Agent 개발의 챔피언이 됩니다.","Feb 7, 2025",1458,0
2024-02-18,sbC64Cx5flQ,"코딩의 판이 바뀐다 - Prompt를 지배하는자, AI Agent 개발의 챔피언이 됩니다.","Feb 7, 2025",1458,0
2024-02-19,sbC64Cx5flQ,"코딩의 판이 바뀐다 - Prompt를 지배하는자, AI Agent 개발의 챔피언이 됩니다.","Feb 7, 2025",1458,0
2024-02-20,sbC64Cx5flQ,"코딩의 판이 바뀐다 - Prompt를 지배하는자, AI Agent 개발의 챔피언이 됩니다.","Feb 7, 2025",1458,0
2024-02-21,sbC64Cx5flQ,"코딩의 판이 바뀐다 - Prompt를 지배하는자, AI Agent 개발의 챔피언이 됩니다.","Feb 7, 2025",1458,0
2024-02-22,sbC64Cx5flQ,"코딩의 판이 바뀐다 - Prompt를 지배하는자, AI Agent 개발의 챔피언이 됩니다.","Feb 7, 2025",1458,0
2024-02-23,sbC64Cx5flQ,"코딩의 판이 바뀐다 - Prompt를 지배하는자, AI Agent 개발의 챔피언이 됩니다.","Feb 7, 2025",1458,0
2024-02-24,sbC64Cx5flQ,"코딩의 판이 바뀐다 - Prompt를 지배하는자, AI Agent 개발의 챔피언이 됩니다.","Feb 7, 2025",1458,0
2024-02-25,sbC64Cx5flQ,"코딩의 판이 바뀐다 - Prompt를 지배하는자, AI Agent 개발의 챔피언이 됩니다.","Feb 7, 2025",1458,0
2024-02-26,sbC64Cx5flQ,"코딩의 판이 바뀐다 - Prompt를 지배하는자, AI Agent 개발의 챔피언이 됩니다.","Feb 7, 2025",1458,0
2024-02-27,sbC64Cx5flQ,"코딩의 판이 바뀐다 - Prompt를 지배하는자, AI Agent 개발의 챔피언이 됩니다.","Feb 7, 2025",1458,0
2024-02-28,sbC64Cx5flQ,"코딩의 판이 바뀐다 - Prompt를 지배하는자, AI Agent 개발의 챔피언이 됩니다.","Feb 7, 2025",1458,0
2024-02-29,sbC64Cx5flQ,"코딩의 판이 바뀐다 - Prompt를 지배하는자, AI Agent 개발의 챔피언이 됩니다.","Feb 7, 2025",1458,0
2024-03-01,sbC64Cx5flQ,"코딩의 판이 바뀐다 - Prompt를 지배하는자, AI Agent 개발의 챔피언이 됩니다.","Feb 7, 2025",1458,0
2024-03-02,sbC64Cx5flQ,"코딩의 판이 바뀐다 - Prompt를 지배하는자, AI Agent 개발의 챔피언이 됩니다.","Feb 7, 2025",1458,0
2024-03-03,sbC64Cx5flQ,"코딩의 판이 바뀐다 - Prompt를 지배하는자, AI Agent 개발의 챔피언이 됩니다.","Feb 7, 2025",1458,0
2024-03-04,sbC64Cx5flQ,"코딩의 판이 바뀐다 - Prompt를 지배하는자, AI Agent 개발의 챔피언이 됩니다.","Feb 7, 2025",1458,0
2024-03-05,sbC64Cx5flQ,"코딩의 판이 바뀐다 - Prompt를 지배하는자, AI Agent 개발의 챔피언이 됩니다.","Feb 7, 2025",1458,0
2024-03-06,sbC64Cx5flQ,"코딩의 판이 바뀐다 - Prompt를 지배하는자, AI Agent 개발의 챔피언이 됩니다.","Feb 7, 2025",1458,0
2024-03-07,sbC64Cx5flQ,"코딩의 판이 바뀐다 - Prompt를 지배하는자, AI Agent 개발의 챔피언이 됩니다.","Feb 7, 2025",1458,0
2024-03-08,sbC64Cx5flQ,"코딩의 판이 바뀐다 - Prompt를 지배하는자, AI Agent 개발의 챔피언이 됩니다.","Feb 7, 2025",1458,0
2024-03-09,sbC64Cx5flQ,"코딩의 판이 바뀐다 - Prompt를 지배하는자, AI Agent 개발의 챔피언이 됩니다.","Feb 7, 2025",1458,0
2024-03-10,sbC64Cx5flQ,"코딩의 판이 바뀐다 - Prompt를 지배하는자, AI Agent 개발의 챔피언이 됩니다.","Feb 7, 2025",1458,0
2024-03-11,sbC64Cx5flQ,"코딩의 판이 바뀐다 - Prompt를 지배하는자, AI Agent 개발의 챔피언이 됩니다.","Feb 7, 2025",1458,0
2024-03-12,sbC64Cx5flQ,"코딩의 판이 바뀐다 - Prompt를 지배하는자, AI Agent 개발의 챔피언이 됩니다.","Feb 7, 2025",1458,0
2024-03-13,sbC64Cx5flQ,"코딩의 판이 바뀐다 - Prompt를 지배하는자, AI Agent 개발의 챔피언이 됩니다.","Feb 7, 2025",1458,0
2024-03-14,sbC64Cx5flQ,"코딩의 판이 바뀐다 - Prompt를 지배하는자, AI Agent 개발의 챔피언이 됩니다.","Feb 7, 2025",1458,0
2024-03-15,sbC64Cx5flQ,"코딩의 판이 바뀐다 - Prompt를 지배하는자, AI Agent 개발의 챔피언이 됩니다.","Feb 7, 2025",1458,0
2024-03-16,sbC64Cx5flQ,"코딩의 판이 바뀐다 - Prompt를 지배하는자, AI Agent 개발의 챔피언이 됩니다.","Feb 7, 2025",1458,0
2024-03-17,sbC64Cx5flQ,"코딩의 판이 바뀐다 - Prompt를 지배하는자, AI Agent 개발의 챔피언이 됩니다.","Feb 7, 2025",1458,0
2024-03-18,sbC64Cx5flQ,"코딩의 판이 바뀐다 - Prompt를 지배하는자, AI Agent 개발의 챔피언이 됩니다.","Feb 7, 2025",1458,0
2024-03-19,sbC64Cx5flQ,"코딩의 판이 바뀐다 - Prompt를 지배하는자, AI Agent 개발의 챔피언이 됩니다.","Feb 7, 2025",1458,0
2024-03-20,sbC64Cx5flQ,"코딩의 판이 바뀐다 - Prompt를 지배하는자, AI Agent 개발의 챔피언이 됩니다.","Feb 7, 2025",1458,0
2024-03-21,sbC64Cx5flQ,"코딩의 판이 바뀐다 - Prompt를 지배하는자, AI Agent 개발의 챔피언이 됩니다.","Feb 7, 2025",1458,0
2024-03-22,sbC64Cx5flQ,"코딩의 판이 바뀐다 - Prompt를 지배하는자, AI Agent 개발의 챔피언이 됩니다.","Feb 7, 2025",1458,0
2024-03-23,sbC64Cx5flQ,"코딩의 판이 바뀐다 - Prompt를 지배하는자, AI Agent 개발의 챔피언이 됩니다.","Feb 7, 2025",1458,0
2024-03-24,sbC64Cx5flQ,"코딩의 판이 바뀐다 - Prompt를 지배하는자, AI Agent 개발의 챔피언이 됩니다.","Feb 7, 2025",1458,0
2024-03-25,sbC64Cx5flQ,"코딩의 판이 바뀐다 - Prompt를 지배하는자, AI Agent 개발의 챔피언이 됩니다.","Feb 7, 2025",1458,0
2024-03-26,sbC64Cx5flQ,"코딩의 판이 바뀐다 - Prompt를 지배하는자, AI Agent 개발의 챔피언이 됩니다.","Feb 7, 2025",1458,0
2024-03-27,sbC64Cx5flQ,"코딩의 판이 바뀐다 - Prompt를 지배하는자, AI Agent 개발의 챔피언이 됩니다.","Feb 7, 2025",1458,0
2024-03-28,sbC64Cx5flQ,"코딩의 판이 바뀐다 - Prompt를 지배하는자, AI Agent 개발의 챔피언이 됩니다.","Feb 7, 2025",1458,0
2024-03-29,sbC64Cx5flQ,"코딩의 판이 바뀐다 - Prompt를 지배하는자, AI Agent 개발의 챔피언이 됩니다.","Feb 7, 2025",1458,0
2024-03-30,sbC64Cx5flQ,"코딩의 판이 바뀐다 - Prompt를 지배하는자, AI Agent 개발의 챔피언이 됩니다.","Feb 7, 2025",1458,0
2024-03-31,sbC64Cx5flQ,"코딩의 판이 바뀐다 - Prompt를 지배하는자, AI Agent 개발의 챔피언이 됩니다.","Feb 7, 2025",1458,0
2024-04-01,sbC64Cx5flQ,"코딩의 판이 바뀐다 - Prompt를 지배하는자, AI Agent 개발의 챔피언이 됩니다.","Feb 7, 2025",1458,0
2024-04-02,sbC64Cx5flQ,"코딩의 판이 바뀐다 - Prompt를 지배하는자, AI Agent 개발의 챔피언이 됩니다.","Feb 7, 2025",1458,0
2024-04-03,sbC64Cx5flQ,"코딩의 판이 바뀐다 - Prompt를 지배하는자, AI Agent 개발의 챔피언이 됩니다.","Feb 7, 2025",1458,0
2024-04-04,sbC64Cx5flQ,"코딩의 판이 바뀐다 - Prompt를 지배하는자, AI Agent 개발의 챔피언이 됩니다.","Feb 7, 2025",1458,0
2024-04-05,sbC64Cx5flQ,"코딩의 판이 바뀐다 - Prompt를 지배하는자, AI Agent 개발의 챔피언이 됩니다.","Feb 7, 2025",1458,0
2024-04-06,sbC64Cx5flQ,"코딩의 판이 바뀐다 - Prompt를 지배하는자, AI Agent 개발의 챔피언이 됩니다.","Feb 7, 2025",1458,0
2024-04-07,sbC64Cx5flQ,"코딩의 판이 바뀐다 - Prompt를 지배하는자, AI Agent 개발의 챔피언이 됩니다.","Feb 7, 2025",1458,0
2024-04-08,sbC64Cx5flQ,"코딩의 판이 바뀐다 - Prompt를 지배하는자, AI Agent 개발의 챔피언이 됩니다.","Feb 7, 2025",1458,0
2024-04-09,sbC64Cx5flQ,"코딩의 판이 바뀐다 - Prompt를 지배하는자, AI Agent 개발의 챔피언이 됩니다.","Feb 7, 2025",1458,0
2024-04-10,sbC64Cx5flQ,"코딩의 판이 바뀐다 - Prompt를 지배하는자, AI Agent 개발의 챔피언이 됩니다.","Feb 7, 2025",1458,0
2024-04-11,sbC64Cx5flQ,"코딩의 판이 바뀐다 - Prompt를 지배하는자, AI Agent 개발의 챔피언이 됩니다.","Feb 7, 2025",1458,0
2024-04-12,sbC64Cx5flQ,"코딩의 판이 바뀐다 - Prompt를 지배하는자, AI Agent 개발의 챔피언이 됩니다.","Feb 7, 2025",1458,0
2024-04-13,sbC64Cx5flQ,"코딩의 판이 바뀐다 - Prompt를 지배하는자, AI Agent 개발의 챔피언이 됩니다.","Feb 7, 2025",1458,0
2024-04-14,sbC64Cx5flQ,"코딩의 판이 바뀐다 - Prompt를 지배하는자, AI Agent 개발의 챔피언이 됩니다.","Feb 7, 2025",1458,0
2024-04-15,sbC64Cx5flQ,"코딩의 판이 바뀐다 - Prompt를 지배하는자, AI Agent 개발의 챔피언이 됩니다.","Feb 7, 2025",1458,0
2024-04-16,sbC64Cx5flQ,"코딩의 판이 바뀐다 - Prompt를 지배하는자, AI Agent 개발의 챔피언이 됩니다.","Feb 7, 2025",1458,0
2024-04-17,sbC64Cx5flQ,"코딩의 판이 바뀐다 - Prompt를 지배하는자, AI Agent 개발의 챔피언이 됩니다.","Feb 7, 2025",1458,0
2024-04-18,sbC64Cx5flQ,"코딩의 판이 바뀐다 - Prompt를 지배하는자, AI Agent 개발의 챔피언이 됩니다.","Feb 7, 2025",1458,0
2024-04-19,sbC64Cx5flQ,"코딩의 판이 바뀐다 - Prompt를 지배하는자, AI Agent 개발의 챔피언이 됩니다.","Feb 7, 2025",1458,0
2024-04-20,sbC64Cx5flQ,"코딩의 판이 바뀐다 - Prompt를 지배하는자, AI Agent 개발의 챔피언이 됩니다.","Feb 7, 2025",1458,0
2024-04-21,sbC64Cx5flQ,"코딩의 판이 바뀐다 - Prompt를 지배하는자, AI Agent 개발의 챔피언이 됩니다.","Feb 7, 2025",1458,0
2024-04-22,sbC64Cx5flQ,"코딩의 판이 바뀐다 - Prompt를 지배하는자, AI Agent 개발의 챔피언이 됩니다.","Feb 7, 2025",1458,0
2024-04-23,sbC64Cx5flQ,"코딩의 판이 바뀐다 - Prompt를 지배하는자, AI Agent 개발의 챔피언이 됩니다.","Feb 7, 2025",1458,0
2024-04-24,sbC64Cx5flQ,"코딩의 판이 바뀐다 - Prompt를 지배하는자, AI Agent 개발의 챔피언이 됩니다.","Feb 7, 2025",1458,0
2024-04-25,sbC64Cx5flQ,"코딩의 판이 바뀐다 - Prompt를 지배하는자, AI Agent 개발의 챔피언이 됩니다.","Feb 7, 2025",1458,0
2024-04-26,sbC64Cx5flQ,"코딩의 판이 바뀐다 - Prompt를 지배하는자, AI Agent 개발의 챔피언이 됩니다.","Feb 7, 2025",1458,0
2024-04-27,sbC64Cx5flQ,"코딩의 판이 바뀐다 - Prompt를 지배하는자, AI Agent 개발의 챔피언이 됩니다.","Feb 7, 2025",1458,0
2024-04-28,sbC64Cx5flQ,"코딩의 판이 바뀐다 - Prompt를 지배하는자, AI Agent 개발의 챔피언이 됩니다.","Feb 7, 2025",1458,0
2024-04-29,sbC64Cx5flQ,"코딩의 판이 바뀐다 - Prompt를 지배하는자, AI Agent 개발의 챔피언이 됩니다.","Feb 7, 2025",1458,0
2024-04-30,sbC64Cx5flQ,"코딩의 판이 바뀐다 - Prompt를 지배하는자, AI Agent 개발의 챔피언이 됩니다.","Feb 7, 2025",1458,0
2024-05-01,sbC64Cx5flQ,"코딩의 판이 바뀐다 - Prompt를 지배하는자, AI Agent 개발의 챔피언이 됩니다.","Feb 7, 2025",1458,0
2024-05-02,sbC64Cx5flQ,"코딩의 판이 바뀐다 - Prompt를 지배하는자, AI Agent 개발의 챔피언이 됩니다.","Feb 7, 2025",1458,0
2024-05-03,sbC64Cx5flQ,"코딩의 판이 바뀐다 - Prompt를 지배하는자, AI Agent 개발의 챔피언이 됩니다.","Feb 7, 2025",1458,0
2024-05-04,sbC64Cx5flQ,"코딩의 판이 바뀐다 - Prompt를 지배하는자, AI Agent 개발의 챔피언이 됩니다.","Feb 7, 2025",1458,0
2024-05-05,sbC64Cx5flQ,"코딩의 판이 바뀐다 - Prompt를 지배하는자, AI Agent 개발의 챔피언이 됩니다.","Feb 7, 2025",1458,0
2024-05-06,sbC64Cx5flQ,"코딩의 판이 바뀐다 - Prompt를 지배하는자, AI Agent 개발의 챔피언이 됩니다.","Feb 7, 2025",1458,0
2024-05-07,sbC64Cx5flQ,"코딩의 판이 바뀐다 - Prompt를 지배하는자, AI Agent 개발의 챔피언이 됩니다.","Feb 7, 2025",1458,0
2024-05-08,sbC64Cx5flQ,"코딩의 판이 바뀐다 - Prompt를 지배하는자, AI Agent 개발의 챔피언이 됩니다.","Feb 7, 2025",1458,0
2024-05-09,sbC64Cx5flQ,"코딩의 판이 바뀐다 - Prompt를 지배하는자, AI Agent 개발의 챔피언이 됩니다.","Feb 7, 2025",1458,0
2024-05-10,sbC64Cx5flQ,"코딩의 판이 바뀐다 - Prompt를 지배하는자, AI Agent 개발의 챔피언이 됩니다.","Feb 7, 2025",1458,0
2024-05-11,sbC64Cx5flQ,"코딩의 판이 바뀐다 - Prompt를 지배하는자, AI Agent 개발의 챔피언이 됩니다.","Feb 7, 2025",1458,0
2024-05-12,sbC64Cx5flQ,"코딩의 판이 바뀐다 - Prompt를 지배하는자, AI Agent 개발의 챔피언이 됩니다.","Feb 7, 2025",1458,0
2024-05-13,sbC64Cx5flQ,"코딩의 판이 바뀐다 - Prompt를 지배하는자, AI Agent 개발의 챔피언이 됩니다.","Feb 7, 2025",1458,0
2024-05-14,sbC64Cx5flQ,"코딩의 판이 바뀐다 - Prompt를 지배하는자, AI Agent 개발의 챔피언이 됩니다.","Feb 7, 2025",1458,0
2024-05-15,sbC64Cx5flQ,"코딩의 판이 바뀐다 - Prompt를 지배하는자, AI Agent 개발의 챔피언이 됩니다.","Feb 7, 2025",1458,0
2024-05-16,sbC64Cx5flQ,"코딩의 판이 바뀐다 - Prompt를 지배하는자, AI Agent 개발의 챔피언이 됩니다.","Feb 7, 2025",1458,0
2024-05-17,sbC64Cx5flQ,"코딩의 판이 바뀐다 - Prompt를 지배하는자, AI Agent 개발의 챔피언이 됩니다.","Feb 7, 2025",1458,0
2024-05-18,sbC64Cx5flQ,"코딩의 판이 바뀐다 - Prompt를 지배하는자, AI Agent 개발의 챔피언이 됩니다.","Feb 7, 2025",1458,0
2024-05-19,sbC64Cx5flQ,"코딩의 판이 바뀐다 - Prompt를 지배하는자, AI Agent 개발의 챔피언이 됩니다.","Feb 7, 2025",1458,0
2024-05-20,sbC64Cx5flQ,"코딩의 판이 바뀐다 - Prompt를 지배하는자, AI Agent 개발의 챔피언이 됩니다.","Feb 7, 2025",1458,0
2024-05-21,sbC64Cx5flQ,"코딩의 판이 바뀐다 - Prompt를 지배하는자, AI Agent 개발의 챔피언이 됩니다.","Feb 7, 2025",1458,0
2024-05-22,sbC64Cx5flQ,"코딩의 판이 바뀐다 - Prompt를 지배하는자, AI Agent 개발의 챔피언이 됩니다.","Feb 7, 2025",1458,0
2024-05-23,sbC64Cx5flQ,"코딩의 판이 바뀐다 - Prompt를 지배하는자, AI Agent 개발의 챔피언이 됩니다.","Feb 7, 2025",1458,0
2024-05-24,sbC64Cx5flQ,"코딩의 판이 바뀐다 - Prompt를 지배하는자, AI Agent 개발의 챔피언이 됩니다.","Feb 7, 2025",1458,0
2024-05-25,sbC64Cx5flQ,"코딩의 판이 바뀐다 - Prompt를 지배하는자, AI Agent 개발의 챔피언이 됩니다.","Feb 7, 2025",1458,0
2024-05-26,sbC64Cx5flQ,"코딩의 판이 바뀐다 - Prompt를 지배하는자, AI Agent 개발의 챔피언이 됩니다.","Feb 7, 2025",1458,0
2024-05-27,sbC64Cx5flQ,"코딩의 판이 바뀐다 - Prompt를 지배하는자, AI Agent 개발의 챔피언이 됩니다.","Feb 7, 2025",1458,0
2024-05-28,sbC64Cx5flQ,"코딩의 판이 바뀐다 - Prompt를 지배하는자, AI Agent 개발의 챔피언이 됩니다.","Feb 7, 2025",1458,0
2024-05-29,sbC64Cx5flQ,"코딩의 판이 바뀐다 - Prompt를 지배하는자, AI Agent 개발의 챔피언이 됩니다.","Feb 7, 2025",1458,0
2024-05-30,sbC64Cx5flQ,"코딩의 판이 바뀐다 - Prompt를 지배하는자, AI Agent 개발의 챔피언이 됩니다.","Feb 7, 2025",1458,0
2024-05-31,sbC64Cx5flQ,"코딩의 판이 바뀐다 - Prompt를 지배하는자, AI Agent 개발의 챔피언이 됩니다.","Feb 7, 2025",1458,0
2024-06-01,sbC64Cx5flQ,"코딩의 판이 바뀐다 - Prompt를 지배하는자, AI Agent 개발의 챔피언이 됩니다.","Feb 7, 2025",1458,0
2024-06-02,sbC64Cx5flQ,"코딩의 판이 바뀐다 - Prompt를 지배하는자, AI Agent 개발의 챔피언이 됩니다.","Feb 7, 2025",1458,0
2024-06-03,sbC64Cx5flQ,"코딩의 판이 바뀐다 - Prompt를 지배하는자, AI Agent 개발의 챔피언이 됩니다.","Feb 7, 2025",1458,0
2024-06-04,sbC64Cx5flQ,"코딩의 판이 바뀐다 - Prompt를 지배하는자, AI Agent 개발의 챔피언이 됩니다.","Feb 7, 2025",1458,0
2024-06-05,sbC64Cx5flQ,"코딩의 판이 바뀐다 - Prompt를 지배하는자, AI Agent 개발의 챔피언이 됩니다.","Feb 7, 2025",1458,0
2024-06-06,sbC64Cx5flQ,"코딩의 판이 바뀐다 - Prompt를 지배하는자, AI Agent 개발의 챔피언이 됩니다.","Feb 7, 2025",1458,0
2024-06-07,sbC64Cx5flQ,"코딩의 판이 바뀐다 - Prompt를 지배하는자, AI Agent 개발의 챔피언이 됩니다.","Feb 7, 2025",1458,0
2024-06-08,sbC64Cx5flQ,"코딩의 판이 바뀐다 - Prompt를 지배하는자, AI Agent 개발의 챔피언이 됩니다.","Feb 7, 2025",1458,0
2024-06-09,sbC64Cx5flQ,"코딩의 판이 바뀐다 - Prompt를 지배하는자, AI Agent 개발의 챔피언이 됩니다.","Feb 7, 2025",1458,0
2024-06-10,sbC64Cx5flQ,"코딩의 판이 바뀐다 - Prompt를 지배하는자, AI Agent 개발의 챔피언이 됩니다.","Feb 7, 2025",1458,0
2024-06-11,sbC64Cx5flQ,"코딩의 판이 바뀐다 - Prompt를 지배하는자, AI Agent 개발의 챔피언이 됩니다.","Feb 7, 2025",1458,0
2024-06-12,sbC64Cx5flQ,"코딩의 판이 바뀐다 - Prompt를 지배하는자, AI Agent 개발의 챔피언이 됩니다.","Feb 7, 2025",1458,0
2024-06-13,sbC64Cx5flQ,"코딩의 판이 바뀐다 - Prompt를 지배하는자, AI Agent 개발의 챔피언이 됩니다.","Feb 7, 2025",1458,0
2024-06-14,sbC64Cx5flQ,"코딩의 판이 바뀐다 - Prompt를 지배하는자, AI Agent 개발의 챔피언이 됩니다.","Feb 7, 2025",1458,0
2024-06-15,sbC64Cx5flQ,"코딩의 판이 바뀐다 - Prompt를 지배하는자, AI Agent 개발의 챔피언이 됩니다.","Feb 7, 2025",1458,0
2024-06-16,sbC64Cx5flQ,"코딩의 판이 바뀐다 - Prompt를 지배하는자, AI Agent 개발의 챔피언이 됩니다.","Feb 7, 2025",1458,0
2024-06-17,sbC64Cx5flQ,"코딩의 판이 바뀐다 - Prompt를 지배하는자, AI Agent 개발의 챔피언이 됩니다.","Feb 7, 2025",1458,0
2024-06-18,sbC64Cx5flQ,"코딩의 판이 바뀐다 - Prompt를 지배하는자, AI Agent 개발의 챔피언이 됩니다.","Feb 7, 2025",1458,0
2024-06-19,sbC64Cx5flQ,"코딩의 판이 바뀐다 - Prompt를 지배하는자, AI Agent 개발의 챔피언이 됩니다.","Feb 7, 2025",1458,0
2024-06-20,sbC64Cx5flQ,"코딩의 판이 바뀐다 - Prompt를 지배하는자, AI Agent 개발의 챔피언이 됩니다.","Feb 7, 2025",1458,0
2024-06-21,sbC64Cx5flQ,"코딩의 판이 바뀐다 - Prompt를 지배하는자, AI Agent 개발의 챔피언이 됩니다.","Feb 7, 2025",1458,0
2024-06-22,sbC64Cx5flQ,"코딩의 판이 바뀐다 - Prompt를 지배하는자, AI Agent 개발의 챔피언이 됩니다.","Feb 7, 2025",1458,0
2024-06-23,sbC64Cx5flQ,"코딩의 판이 바뀐다 - Prompt를 지배하는자, AI Agent 개발의 챔피언이 됩니다.","Feb 7, 2025",1458,0
2024-06-24,sbC64Cx5flQ,"코딩의 판이 바뀐다 - Prompt를 지배하는자, AI Agent 개발의 챔피언이 됩니다.","Feb 7, 2025",1458,0
2024-06-25,sbC64Cx5flQ,"코딩의 판이 바뀐다 - Prompt를 지배하는자, AI Agent 개발의 챔피언이 됩니다.","Feb 7, 2025",1458,0
2024-06-26,sbC64Cx5flQ,"코딩의 판이 바뀐다 - Prompt를 지배하는자, AI Agent 개발의 챔피언이 됩니다.","Feb 7, 2025",1458,0
2024-06-27,sbC64Cx5flQ,"코딩의 판이 바뀐다 - Prompt를 지배하는자, AI Agent 개발의 챔피언이 됩니다.","Feb 7, 2025",1458,0
2024-06-28,sbC64Cx5flQ,"코딩의 판이 바뀐다 - Prompt를 지배하는자, AI Agent 개발의 챔피언이 됩니다.","Feb 7, 2025",1458,0
2024-06-29,sbC64Cx5flQ,"코딩의 판이 바뀐다 - Prompt를 지배하는자, AI Agent 개발의 챔피언이 됩니다.","Feb 7, 2025",1458,0
2024-06-30,sbC64Cx5flQ,"코딩의 판이 바뀐다 - Prompt를 지배하는자, AI Agent 개발의 챔피언이 됩니다.","Feb 7, 2025",1458,0
2024-07-01,sbC64Cx5flQ,"코딩의 판이 바뀐다 - Prompt를 지배하는자, AI Agent 개발의 챔피언이 됩니다.","Feb 7, 2025",1458,0
2024-07-02,sbC64Cx5flQ,"코딩의 판이 바뀐다 - Prompt를 지배하는자, AI Agent 개발의 챔피언이 됩니다.","Feb 7, 2025",1458,0
2024-07-03,sbC64Cx5flQ,"코딩의 판이 바뀐다 - Prompt를 지배하는자, AI Agent 개발의 챔피언이 됩니다.","Feb 7, 2025",1458,0
2024-07-04,sbC64Cx5flQ,"코딩의 판이 바뀐다 - Prompt를 지배하는자, AI Agent 개발의 챔피언이 됩니다.","Feb 7, 2025",1458,0
2024-07-05,sbC64Cx5flQ,"코딩의 판이 바뀐다 - Prompt를 지배하는자, AI Agent 개발의 챔피언이 됩니다.","Feb 7, 2025",1458,0
2024-07-06,sbC64Cx5flQ,"코딩의 판이 바뀐다 - Prompt를 지배하는자, AI Agent 개발의 챔피언이 됩니다.","Feb 7, 2025",1458,0
2024-07-07,sbC64Cx5flQ,"코딩의 판이 바뀐다 - Prompt를 지배하는자, AI Agent 개발의 챔피언이 됩니다.","Feb 7, 2025",1458,0
2024-07-08,sbC64Cx5flQ,"코딩의 판이 바뀐다 - Prompt를 지배하는자, AI Agent 개발의 챔피언이 됩니다.","Feb 7, 2025",1458,0
2024-07-09,sbC64Cx5flQ,"코딩의 판이 바뀐다 - Prompt를 지배하는자, AI Agent 개발의 챔피언이 됩니다.","Feb 7, 2025",1458,0
2024-07-10,sbC64Cx5flQ,"코딩의 판이 바뀐다 - Prompt를 지배하는자, AI Agent 개발의 챔피언이 됩니다.","Feb 7, 2025",1458,0
2024-07-11,sbC64Cx5flQ,"코딩의 판이 바뀐다 - Prompt를 지배하는자, AI Agent 개발의 챔피언이 됩니다.","Feb 7, 2025",1458,0
2024-07-12,sbC64Cx5flQ,"코딩의 판이 바뀐다 - Prompt를 지배하는자, AI Agent 개발의 챔피언이 됩니다.","Feb 7, 2025",1458,0
2024-07-13,sbC64Cx5flQ,"코딩의 판이 바뀐다 - Prompt를 지배하는자, AI Agent 개발의 챔피언이 됩니다.","Feb 7, 2025",1458,0
2024-07-14,sbC64Cx5flQ,"코딩의 판이 바뀐다 - Prompt를 지배하는자, AI Agent 개발의 챔피언이 됩니다.","Feb 7, 2025",1458,0
2024-07-15,sbC64Cx5flQ,"코딩의 판이 바뀐다 - Prompt를 지배하는자, AI Agent 개발의 챔피언이 됩니다.","Feb 7, 2025",1458,0
2024-07-16,sbC64Cx5flQ,"코딩의 판이 바뀐다 - Prompt를 지배하는자, AI Agent 개발의 챔피언이 됩니다.","Feb 7, 2025",1458,0
2024-07-17,sbC64Cx5flQ,"코딩의 판이 바뀐다 - Prompt를 지배하는자, AI Agent 개발의 챔피언이 됩니다.","Feb 7, 2025",1458,0
2024-07-18,sbC64Cx5flQ,"코딩의 판이 바뀐다 - Prompt를 지배하는자, AI Agent 개발의 챔피언이 됩니다.","Feb 7, 2025",1458,0
2024-07-19,sbC64Cx5flQ,"코딩의 판이 바뀐다 - Prompt를 지배하는자, AI Agent 개발의 챔피언이 됩니다.","Feb 7, 2025",1458,0
2024-07-20,sbC64Cx5flQ,"코딩의 판이 바뀐다 - Prompt를 지배하는자, AI Agent 개발의 챔피언이 됩니다.","Feb 7, 2025",1458,0
2024-07-21,sbC64Cx5flQ,"코딩의 판이 바뀐다 - Prompt를 지배하는자, AI Agent 개발의 챔피언이 됩니다.","Feb 7, 2025",1458,0
2024-07-22,sbC64Cx5flQ,"코딩의 판이 바뀐다 - Prompt를 지배하는자, AI Agent 개발의 챔피언이 됩니다.","Feb 7, 2025",1458,0
2024-07-23,sbC64Cx5flQ,"코딩의 판이 바뀐다 - Prompt를 지배하는자, AI Agent 개발의 챔피언이 됩니다.","Feb 7, 2025",1458,0
2024-07-24,sbC64Cx5flQ,"코딩의 판이 바뀐다 - Prompt를 지배하는자, AI Agent 개발의 챔피언이 됩니다.","Feb 7, 2025",1458,0
2024-07-25,sbC64Cx5flQ,"코딩의 판이 바뀐다 - Prompt를 지배하는자, AI Agent 개발의 챔피언이 됩니다.","Feb 7, 2025",1458,0
2024-07-26,sbC64Cx5flQ,"코딩의 판이 바뀐다 - Prompt를 지배하는자, AI Agent 개발의 챔피언이 됩니다.","Feb 7, 2025",1458,0
2024-07-27,sbC64Cx5flQ,"코딩의 판이 바뀐다 - Prompt를 지배하는자, AI Agent 개발의 챔피언이 됩니다.","Feb 7, 2025",1458,0
2024-07-28,sbC64Cx5flQ,"코딩의 판이 바뀐다 - Prompt를 지배하는자, AI Agent 개발의 챔피언이 됩니다.","Feb 7, 2025",1458,0
2024-07-29,sbC64Cx5flQ,"코딩의 판이 바뀐다 - Prompt를 지배하는자, AI Agent 개발의 챔피언이 됩니다.","Feb 7, 2025",1458,0
2024-07-30,sbC64Cx5flQ,"코딩의 판이 바뀐다 - Prompt를 지배하는자, AI Agent 개발의 챔피언이 됩니다.","Feb 7, 2025",1458,0
2024-07-31,sbC64Cx5flQ,"코딩의 판이 바뀐다 - Prompt를 지배하는자, AI Agent 개발의 챔피언이 됩니다.","Feb 7, 2025",1458,0
2024-08-01,sbC64Cx5flQ,"코딩의 판이 바뀐다 - Prompt를 지배하는자, AI Agent 개발의 챔피언이 됩니다.","Feb 7, 2025",1458,0
2024-08-02,sbC64Cx5flQ,"코딩의 판이 바뀐다 - Prompt를 지배하는자, AI Agent 개발의 챔피언이 됩니다.","Feb 7, 2025",1458,0
2024-08-03,sbC64Cx5flQ,"코딩의 판이 바뀐다 - Prompt를 지배하는자, AI Agent 개발의 챔피언이 됩니다.","Feb 7, 2025",1458,0
2024-08-04,sbC64Cx5flQ,"코딩의 판이 바뀐다 - Prompt를 지배하는자, AI Agent 개발의 챔피언이 됩니다.","Feb 7, 2025",1458,0
2024-08-05,sbC64Cx5flQ,"코딩의 판이 바뀐다 - Prompt를 지배하는자, AI Agent 개발의 챔피언이 됩니다.","Feb 7, 2025",1458,0
2024-08-06,sbC64Cx5flQ,"코딩의 판이 바뀐다 - Prompt를 지배하는자, AI Agent 개발의 챔피언이 됩니다.","Feb 7, 2025",1458,0
2024-08-07,sbC64Cx5flQ,"코딩의 판이 바뀐다 - Prompt를 지배하는자, AI Agent 개발의 챔피언이 됩니다.","Feb 7, 2025",1458,0
2024-08-08,sbC64Cx5flQ,"코딩의 판이 바뀐다 - Prompt를 지배하는자, AI Agent 개발의 챔피언이 됩니다.","Feb 7, 2025",1458,0
2024-08-09,sbC64Cx5flQ,"코딩의 판이 바뀐다 - Prompt를 지배하는자, AI Agent 개발의 챔피언이 됩니다.","Feb 7, 2025",1458,0
2024-08-10,sbC64Cx5flQ,"코딩의 판이 바뀐다 - Prompt를 지배하는자, AI Agent 개발의 챔피언이 됩니다.","Feb 7, 2025",1458,0
2024-08-11,sbC64Cx5flQ,"코딩의 판이 바뀐다 - Prompt를 지배하는자, AI Agent 개발의 챔피언이 됩니다.","Feb 7, 2025",1458,0
2024-08-12,sbC64Cx5flQ,"코딩의 판이 바뀐다 - Prompt를 지배하는자, AI Agent 개발의 챔피언이 됩니다.","Feb 7, 2025",1458,0
2024-08-13,sbC64Cx5flQ,"코딩의 판이 바뀐다 - Prompt를 지배하는자, AI Agent 개발의 챔피언이 됩니다.","Feb 7, 2025",1458,0
2024-08-14,sbC64Cx5flQ,"코딩의 판이 바뀐다 - Prompt를 지배하는자, AI Agent 개발의 챔피언이 됩니다.","Feb 7, 2025",1458,0
2024-08-15,sbC64Cx5flQ,"코딩의 판이 바뀐다 - Prompt를 지배하는자, AI Agent 개발의 챔피언이 됩니다.","Feb 7, 2025",1458,0
2024-08-16,sbC64Cx5flQ,"코딩의 판이 바뀐다 - Prompt를 지배하는자, AI Agent 개발의 챔피언이 됩니다.","Feb 7, 2025",1458,0
2024-08-17,sbC64Cx5flQ,"코딩의 판이 바뀐다 - Prompt를 지배하는자, AI Agent 개발의 챔피언이 됩니다.","Feb 7, 2025",1458,0
2024-08-18,sbC64Cx5flQ,"코딩의 판이 바뀐다 - Prompt를 지배하는자, AI Agent 개발의 챔피언이 됩니다.","Feb 7, 2025",1458,0
2024-08-19,sbC64Cx5flQ,"코딩의 판이 바뀐다 - Prompt를 지배하는자, AI Agent 개발의 챔피언이 됩니다.","Feb 7, 2025",1458,0
2024-08-20,sbC64Cx5flQ,"코딩의 판이 바뀐다 - Prompt를 지배하는자, AI Agent 개발의 챔피언이 됩니다.","Feb 7, 2025",1458,0
2024-08-21,sbC64Cx5flQ,"코딩의 판이 바뀐다 - Prompt를 지배하는자, AI Agent 개발의 챔피언이 됩니다.","Feb 7, 2025",1458,0
2024-08-22,sbC64Cx5flQ,"코딩의 판이 바뀐다 - Prompt를 지배하는자, AI Agent 개발의 챔피언이 됩니다.","Feb 7, 2025",1458,0
2024-08-23,sbC64Cx5flQ,"코딩의 판이 바뀐다 - Prompt를 지배하는자, AI Agent 개발의 챔피언이 됩니다.","Feb 7, 2025",1458,0
2024-08-24,sbC64Cx5flQ,"코딩의 판이 바뀐다 - Prompt를 지배하는자, AI Agent 개발의 챔피언이 됩니다.","Feb 7, 2025",1458,0
2024-08-25,sbC64Cx5flQ,"코딩의 판이 바뀐다 - Prompt를 지배하는자, AI Agent 개발의 챔피언이 됩니다.","Feb 7, 2025",1458,0
2024-08-26,sbC64Cx5flQ,"코딩의 판이 바뀐다 - Prompt를 지배하는자, AI Agent 개발의 챔피언이 됩니다.","Feb 7, 2025",1458,0
2024-08-27,sbC64Cx5flQ,"코딩의 판이 바뀐다 - Prompt를 지배하는자, AI Agent 개발의 챔피언이 됩니다.","Feb 7, 2025",1458,0
2024-08-28,sbC64Cx5flQ,"코딩의 판이 바뀐다 - Prompt를 지배하는자, AI Agent 개발의 챔피언이 됩니다.","Feb 7, 2025",1458,0
2024-08-29,sbC64Cx5flQ,"코딩의 판이 바뀐다 - Prompt를 지배하는자, AI Agent 개발의 챔피언이 됩니다.","Feb 7, 2025",1458,0
2024-08-30,sbC64Cx5flQ,"코딩의 판이 바뀐다 - Prompt를 지배하는자, AI Agent 개발의 챔피언이 됩니다.","Feb 7, 2025",1458,0
2024-08-31,sbC64Cx5flQ,"코딩의 판이 바뀐다 - Prompt를 지배하는자, AI Agent 개발의 챔피언이 됩니다.","Feb 7, 2025",1458,0
2024-09-01,sbC64Cx5flQ,"코딩의 판이 바뀐다 - Prompt를 지배하는자, AI Agent 개발의 챔피언이 됩니다.","Feb 7, 2025",1458,0
2024-09-02,sbC64Cx5flQ,"코딩의 판이 바뀐다 - Prompt를 지배하는자, AI Agent 개발의 챔피언이 됩니다.","Feb 7, 2025",1458,0
2024-09-03,sbC64Cx5flQ,"코딩의 판이 바뀐다 - Prompt를 지배하는자, AI Agent 개발의 챔피언이 됩니다.","Feb 7, 2025",1458,0
2024-09-04,sbC64Cx5flQ,"코딩의 판이 바뀐다 - Prompt를 지배하는자, AI Agent 개발의 챔피언이 됩니다.","Feb 7, 2025",1458,0
2024-09-05,sbC64Cx5flQ,"코딩의 판이 바뀐다 - Prompt를 지배하는자, AI Agent 개발의 챔피언이 됩니다.","Feb 7, 2025",1458,0
2024-09-06,sbC64Cx5flQ,"코딩의 판이 바뀐다 - Prompt를 지배하는자, AI Agent 개발의 챔피언이 됩니다.","Feb 7, 2025",1458,0
2024-09-07,sbC64Cx5flQ,"코딩의 판이 바뀐다 - Prompt를 지배하는자, AI Agent 개발의 챔피언이 됩니다.","Feb 7, 2025",1458,0
2024-09-08,sbC64Cx5flQ,"코딩의 판이 바뀐다 - Prompt를 지배하는자, AI Agent 개발의 챔피언이 됩니다.","Feb 7, 2025",1458,0
2024-09-09,sbC64Cx5flQ,"코딩의 판이 바뀐다 - Prompt를 지배하는자, AI Agent 개발의 챔피언이 됩니다.","Feb 7, 2025",1458,0
2024-09-10,sbC64Cx5flQ,"코딩의 판이 바뀐다 - Prompt를 지배하는자, AI Agent 개발의 챔피언이 됩니다.","Feb 7, 2025",1458,0
2024-09-11,sbC64Cx5flQ,"코딩의 판이 바뀐다 - Prompt를 지배하는자, AI Agent 개발의 챔피언이 됩니다.","Feb 7, 2025",1458,0
2024-09-12,sbC64Cx5flQ,"코딩의 판이 바뀐다 - Prompt를 지배하는자, AI Agent 개발의 챔피언이 됩니다.","Feb 7, 2025",1458,0
2024-09-13,sbC64Cx5flQ,"코딩의 판이 바뀐다 - Prompt를 지배하는자, AI Agent 개발의 챔피언이 됩니다.","Feb 7, 2025",1458,0
2024-09-14,sbC64Cx5flQ,"코딩의 판이 바뀐다 - Prompt를 지배하는자, AI Agent 개발의 챔피언이 됩니다.","Feb 7, 2025",1458,0
2024-09-15,sbC64Cx5flQ,"코딩의 판이 바뀐다 - Prompt를 지배하는자, AI Agent 개발의 챔피언이 됩니다.","Feb 7, 2025",1458,0
2024-09-16,sbC64Cx5flQ,"코딩의 판이 바뀐다 - Prompt를 지배하는자, AI Agent 개발의 챔피언이 됩니다.","Feb 7, 2025",1458,0
2024-09-17,sbC64Cx5flQ,"코딩의 판이 바뀐다 - Prompt를 지배하는자, AI Agent 개발의 챔피언이 됩니다.","Feb 7, 2025",1458,0
2024-09-18,sbC64Cx5flQ,"코딩의 판이 바뀐다 - Prompt를 지배하는자, AI Agent 개발의 챔피언이 됩니다.","Feb 7, 2025",1458,0
2024-09-19,sbC64Cx5flQ,"코딩의 판이 바뀐다 - Prompt를 지배하는자, AI Agent 개발의 챔피언이 됩니다.","Feb 7, 2025",1458,0
2024-09-20,sbC64Cx5flQ,"코딩의 판이 바뀐다 - Prompt를 지배하는자, AI Agent 개발의 챔피언이 됩니다.","Feb 7, 2025",1458,0
2024-09-21,sbC64Cx5flQ,"코딩의 판이 바뀐다 - Prompt를 지배하는자, AI Agent 개발의 챔피언이 됩니다.","Feb 7, 2025",1458,0
2024-09-22,sbC64Cx5flQ,"코딩의 판이 바뀐다 - Prompt를 지배하는자, AI Agent 개발의 챔피언이 됩니다.","Feb 7, 2025",1458,0
2024-09-23,sbC64Cx5flQ,"코딩의 판이 바뀐다 - Prompt를 지배하는자, AI Agent 개발의 챔피언이 됩니다.","Feb 7, 2025",1458,0
2024-09-24,sbC64Cx5flQ,"코딩의 판이 바뀐다 - Prompt를 지배하는자, AI Agent 개발의 챔피언이 됩니다.","Feb 7, 2025",1458,0
2024-09-25,sbC64Cx5flQ,"코딩의 판이 바뀐다 - Prompt를 지배하는자, AI Agent 개발의 챔피언이 됩니다.","Feb 7, 2025",1458,0
2024-09-26,sbC64Cx5flQ,"코딩의 판이 바뀐다 - Prompt를 지배하는자, AI Agent 개발의 챔피언이 됩니다.","Feb 7, 2025",1458,0
2024-09-27,sbC64Cx5flQ,"코딩의 판이 바뀐다 - Prompt를 지배하는자, AI Agent 개발의 챔피언이 됩니다.","Feb 7, 2025",1458,0
2024-09-28,sbC64Cx5flQ,"코딩의 판이 바뀐다 - Prompt를 지배하는자, AI Agent 개발의 챔피언이 됩니다.","Feb 7, 2025",1458,0
2024-09-29,sbC64Cx5flQ,"코딩의 판이 바뀐다 - Prompt를 지배하는자, AI Agent 개발의 챔피언이 됩니다.","Feb 7, 2025",1458,0
2024-09-30,sbC64Cx5flQ,"코딩의 판이 바뀐다 - Prompt를 지배하는자, AI Agent 개발의 챔피언이 됩니다.","Feb 7, 2025",1458,0
2024-10-01,sbC64Cx5flQ,"코딩의 판이 바뀐다 - Prompt를 지배하는자, AI Agent 개발의 챔피언이 됩니다.","Feb 7, 2025",1458,0
2024-10-02,sbC64Cx5flQ,"코딩의 판이 바뀐다 - Prompt를 지배하는자, AI Agent 개발의 챔피언이 됩니다.","Feb 7, 2025",1458,0
2024-10-03,sbC64Cx5flQ,"코딩의 판이 바뀐다 - Prompt를 지배하는자, AI Agent 개발의 챔피언이 됩니다.","Feb 7, 2025",1458,0
2024-10-04,sbC64Cx5flQ,"코딩의 판이 바뀐다 - Prompt를 지배하는자, AI Agent 개발의 챔피언이 됩니다.","Feb 7, 2025",1458,0
2024-10-05,sbC64Cx5flQ,"코딩의 판이 바뀐다 - Prompt를 지배하는자, AI Agent 개발의 챔피언이 됩니다.","Feb 7, 2025",1458,0
2024-10-06,sbC64Cx5flQ,"코딩의 판이 바뀐다 - Prompt를 지배하는자, AI Agent 개발의 챔피언이 됩니다.","Feb 7, 2025",1458,0
2024-10-07,sbC64Cx5flQ,"코딩의 판이 바뀐다 - Prompt를 지배하는자, AI Agent 개발의 챔피언이 됩니다.","Feb 7, 2025",1458,0
2024-10-08,sbC64Cx5flQ,"코딩의 판이 바뀐다 - Prompt를 지배하는자, AI Agent 개발의 챔피언이 됩니다.","Feb 7, 2025",1458,0
2024-10-09,sbC64Cx5flQ,"코딩의 판이 바뀐다 - Prompt를 지배하는자, AI Agent 개발의 챔피언이 됩니다.","Feb 7, 2025",1458,0
2024-10-10,sbC64Cx5flQ,"코딩의 판이 바뀐다 - Prompt를 지배하는자, AI Agent 개발의 챔피언이 됩니다.","Feb 7, 2025",1458,0
2024-10-11,sbC64Cx5flQ,"코딩의 판이 바뀐다 - Prompt를 지배하는자, AI Agent 개발의 챔피언이 됩니다.","Feb 7, 2025",1458,0
2024-10-12,sbC64Cx5flQ,"코딩의 판이 바뀐다 - Prompt를 지배하는자, AI Agent 개발의 챔피언이 됩니다.","Feb 7, 2025",1458,0
2024-10-13,sbC64Cx5flQ,"코딩의 판이 바뀐다 - Prompt를 지배하는자, AI Agent 개발의 챔피언이 됩니다.","Feb 7, 2025",1458,0
2024-10-14,sbC64Cx5flQ,"코딩의 판이 바뀐다 - Prompt를 지배하는자, AI Agent 개발의 챔피언이 됩니다.","Feb 7, 2025",1458,0
2024-10-15,sbC64Cx5flQ,"코딩의 판이 바뀐다 - Prompt를 지배하는자, AI Agent 개발의 챔피언이 됩니다.","Feb 7, 2025",1458,0
2024-10-16,sbC64Cx5flQ,"코딩의 판이 바뀐다 - Prompt를 지배하는자, AI Agent 개발의 챔피언이 됩니다.","Feb 7, 2025",1458,0
2024-10-17,sbC64Cx5flQ,"코딩의 판이 바뀐다 - Prompt를 지배하는자, AI Agent 개발의 챔피언이 됩니다.","Feb 7, 2025",1458,0
2024-10-18,sbC64Cx5flQ,"코딩의 판이 바뀐다 - Prompt를 지배하는자, AI Agent 개발의 챔피언이 됩니다.","Feb 7, 2025",1458,0
2024-10-19,sbC64Cx5flQ,"코딩의 판이 바뀐다 - Prompt를 지배하는자, AI Agent 개발의 챔피언이 됩니다.","Feb 7, 2025",1458,0
2024-10-20,sbC64Cx5flQ,"코딩의 판이 바뀐다 - Prompt를 지배하는자, AI Agent 개발의 챔피언이 됩니다.","Feb 7, 2025",1458,0
2024-10-21,sbC64Cx5flQ,"코딩의 판이 바뀐다 - Prompt를 지배하는자, AI Agent 개발의 챔피언이 됩니다.","Feb 7, 2025",1458,0
2024-10-22,sbC64Cx5flQ,"코딩의 판이 바뀐다 - Prompt를 지배하는자, AI Agent 개발의 챔피언이 됩니다.","Feb 7, 2025",1458,0
2024-10-23,sbC64Cx5flQ,"코딩의 판이 바뀐다 - Prompt를 지배하는자, AI Agent 개발의 챔피언이 됩니다.","Feb 7, 2025",1458,0
2024-10-24,sbC64Cx5flQ,"코딩의 판이 바뀐다 - Prompt를 지배하는자, AI Agent 개발의 챔피언이 됩니다.","Feb 7, 2025",1458,0
2024-10-25,sbC64Cx5flQ,"코딩의 판이 바뀐다 - Prompt를 지배하는자, AI Agent 개발의 챔피언이 됩니다.","Feb 7, 2025",1458,0
2024-10-26,sbC64Cx5flQ,"코딩의 판이 바뀐다 - Prompt를 지배하는자, AI Agent 개발의 챔피언이 됩니다.","Feb 7, 2025",1458,0
2024-10-27,sbC64Cx5flQ,"코딩의 판이 바뀐다 - Prompt를 지배하는자, AI Agent 개발의 챔피언이 됩니다.","Feb 7, 2025",1458,0
2024-10-28,sbC64Cx5flQ,"코딩의 판이 바뀐다 - Prompt를 지배하는자, AI Agent 개발의 챔피언이 됩니다.","Feb 7, 2025",1458,0
2024-10-29,sbC64Cx5flQ,"코딩의 판이 바뀐다 - Prompt를 지배하는자, AI Agent 개발의 챔피언이 됩니다.","Feb 7, 2025",1458,0
2024-10-30,sbC64Cx5flQ,"코딩의 판이 바뀐다 - Prompt를 지배하는자, AI Agent 개발의 챔피언이 됩니다.","Feb 7, 2025",1458,0
2024-10-31,sbC64Cx5flQ,"코딩의 판이 바뀐다 - Prompt를 지배하는자, AI Agent 개발의 챔피언이 됩니다.","Feb 7, 2025",1458,0
2024-11-01,sbC64Cx5flQ,"코딩의 판이 바뀐다 - Prompt를 지배하는자, AI Agent 개발의 챔피언이 됩니다.","Feb 7, 2025",1458,0
2024-11-02,sbC64Cx5flQ,"코딩의 판이 바뀐다 - Prompt를 지배하는자, AI Agent 개발의 챔피언이 됩니다.","Feb 7, 2025",1458,0
2024-11-03,sbC64Cx5flQ,"코딩의 판이 바뀐다 - Prompt를 지배하는자, AI Agent 개발의 챔피언이 됩니다.","Feb 7, 2025",1458,0
2024-11-04,sbC64Cx5flQ,"코딩의 판이 바뀐다 - Prompt를 지배하는자, AI Agent 개발의 챔피언이 됩니다.","Feb 7, 2025",1458,0
2024-11-05,sbC64Cx5flQ,"코딩의 판이 바뀐다 - Prompt를 지배하는자, AI Agent 개발의 챔피언이 됩니다.","Feb 7, 2025",1458,0
2024-11-06,sbC64Cx5flQ,"코딩의 판이 바뀐다 - Prompt를 지배하는자, AI Agent 개발의 챔피언이 됩니다.","Feb 7, 2025",1458,0
2024-11-07,sbC64Cx5flQ,"코딩의 판이 바뀐다 - Prompt를 지배하는자, AI Agent 개발의 챔피언이 됩니다.","Feb 7, 2025",1458,0
2024-11-08,sbC64Cx5flQ,"코딩의 판이 바뀐다 - Prompt를 지배하는자, AI Agent 개발의 챔피언이 됩니다.","Feb 7, 2025",1458,0
2024-11-09,sbC64Cx5flQ,"코딩의 판이 바뀐다 - Prompt를 지배하는자, AI Agent 개발의 챔피언이 됩니다.","Feb 7, 2025",1458,0
2024-11-10,sbC64Cx5flQ,"코딩의 판이 바뀐다 - Prompt를 지배하는자, AI Agent 개발의 챔피언이 됩니다.","Feb 7, 2025",1458,0
2024-11-11,sbC64Cx5flQ,"코딩의 판이 바뀐다 - Prompt를 지배하는자, AI Agent 개발의 챔피언이 됩니다.","Feb 7, 2025",1458,0
2024-11-12,sbC64Cx5flQ,"코딩의 판이 바뀐다 - Prompt를 지배하는자, AI Agent 개발의 챔피언이 됩니다.","Feb 7, 2025",1458,0
2024-11-13,sbC64Cx5flQ,"코딩의 판이 바뀐다 - Prompt를 지배하는자, AI Agent 개발의 챔피언이 됩니다.","Feb 7, 2025",1458,0
2024-11-14,sbC64Cx5flQ,"코딩의 판이 바뀐다 - Prompt를 지배하는자, AI Agent 개발의 챔피언이 됩니다.","Feb 7, 2025",1458,0
2024-11-15,sbC64Cx5flQ,"코딩의 판이 바뀐다 - Prompt를 지배하는자, AI Agent 개발의 챔피언이 됩니다.","Feb 7, 2025",1458,0
2024-11-16,sbC64Cx5flQ,"코딩의 판이 바뀐다 - Prompt를 지배하는자, AI Agent 개발의 챔피언이 됩니다.","Feb 7, 2025",1458,0
2024-11-17,sbC64Cx5flQ,"코딩의 판이 바뀐다 - Prompt를 지배하는자, AI Agent 개발의 챔피언이 됩니다.","Feb 7, 2025",1458,0
2024-11-18,sbC64Cx5flQ,"코딩의 판이 바뀐다 - Prompt를 지배하는자, AI Agent 개발의 챔피언이 됩니다.","Feb 7, 2025",1458,0
2024-11-19,sbC64Cx5flQ,"코딩의 판이 바뀐다 - Prompt를 지배하는자, AI Agent 개발의 챔피언이 됩니다.","Feb 7, 2025",1458,0
2024-11-20,sbC64Cx5flQ,"코딩의 판이 바뀐다 - Prompt를 지배하는자, AI Agent 개발의 챔피언이 됩니다.","Feb 7, 2025",1458,0
2024-11-21,sbC64Cx5flQ,"코딩의 판이 바뀐다 - Prompt를 지배하는자, AI Agent 개발의 챔피언이 됩니다.","Feb 7, 2025",1458,0
2024-11-22,sbC64Cx5flQ,"코딩의 판이 바뀐다 - Prompt를 지배하는자, AI Agent 개발의 챔피언이 됩니다.","Feb 7, 2025",1458,0
2024-11-23,sbC64Cx5flQ,"코딩의 판이 바뀐다 - Prompt를 지배하는자, AI Agent 개발의 챔피언이 됩니다.","Feb 7, 2025",1458,0
2024-11-24,sbC64Cx5flQ,"코딩의 판이 바뀐다 - Prompt를 지배하는자, AI Agent 개발의 챔피언이 됩니다.","Feb 7, 2025",1458,0
2024-11-25,sbC64Cx5flQ,"코딩의 판이 바뀐다 - Prompt를 지배하는자, AI Agent 개발의 챔피언이 됩니다.","Feb 7, 2025",1458,0
2024-11-26,sbC64Cx5flQ,"코딩의 판이 바뀐다 - Prompt를 지배하는자, AI Agent 개발의 챔피언이 됩니다.","Feb 7, 2025",1458,0
2024-11-27,sbC64Cx5flQ,"코딩의 판이 바뀐다 - Prompt를 지배하는자, AI Agent 개발의 챔피언이 됩니다.","Feb 7, 2025",1458,0
2024-11-28,sbC64Cx5flQ,"코딩의 판이 바뀐다 - Prompt를 지배하는자, AI Agent 개발의 챔피언이 됩니다.","Feb 7, 2025",1458,0
2024-11-29,sbC64Cx5flQ,"코딩의 판이 바뀐다 - Prompt를 지배하는자, AI Agent 개발의 챔피언이 됩니다.","Feb 7, 2025",1458,0
2024-11-30,sbC64Cx5flQ,"코딩의 판이 바뀐다 - Prompt를 지배하는자, AI Agent 개발의 챔피언이 됩니다.","Feb 7, 2025",1458,0
2024-12-01,sbC64Cx5flQ,"코딩의 판이 바뀐다 - Prompt를 지배하는자, AI Agent 개발의 챔피언이 됩니다.","Feb 7, 2025",1458,0
2024-12-02,sbC64Cx5flQ,"코딩의 판이 바뀐다 - Prompt를 지배하는자, AI Agent 개발의 챔피언이 됩니다.","Feb 7, 2025",1458,0
2024-12-03,sbC64Cx5flQ,"코딩의 판이 바뀐다 - Prompt를 지배하는자, AI Agent 개발의 챔피언이 됩니다.","Feb 7, 2025",1458,0
2024-12-04,sbC64Cx5flQ,"코딩의 판이 바뀐다 - Prompt를 지배하는자, AI Agent 개발의 챔피언이 됩니다.","Feb 7, 2025",1458,0
2024-12-05,sbC64Cx5flQ,"코딩의 판이 바뀐다 - Prompt를 지배하는자, AI Agent 개발의 챔피언이 됩니다.","Feb 7, 2025",1458,0
2024-12-06,sbC64Cx5flQ,"코딩의 판이 바뀐다 - Prompt를 지배하는자, AI Agent 개발의 챔피언이 됩니다.","Feb 7, 2025",1458,0
2024-12-07,sbC64Cx5flQ,"코딩의 판이 바뀐다 - Prompt를 지배하는자, AI Agent 개발의 챔피언이 됩니다.","Feb 7, 2025",1458,0
2024-12-08,sbC64Cx5flQ,"코딩의 판이 바뀐다 - Prompt를 지배하는자, AI Agent 개발의 챔피언이 됩니다.","Feb 7, 2025",1458,0
2024-12-09,sbC64Cx5flQ,"코딩의 판이 바뀐다 - Prompt를 지배하는자, AI Agent 개발의 챔피언이 됩니다.","Feb 7, 2025",1458,0
2024-12-10,sbC64Cx5flQ,"코딩의 판이 바뀐다 - Prompt를 지배하는자, AI Agent 개발의 챔피언이 됩니다.","Feb 7, 2025",1458,0
2024-12-11,sbC64Cx5flQ,"코딩의 판이 바뀐다 - Prompt를 지배하는자, AI Agent 개발의 챔피언이 됩니다.","Feb 7, 2025",1458,0
2024-12-12,sbC64Cx5flQ,"코딩의 판이 바뀐다 - Prompt를 지배하는자, AI Agent 개발의 챔피언이 됩니다.","Feb 7, 2025",1458,0
2024-12-13,sbC64Cx5flQ,"코딩의 판이 바뀐다 - Prompt를 지배하는자, AI Agent 개발의 챔피언이 됩니다.","Feb 7, 2025",1458,0
2024-12-14,sbC64Cx5flQ,"코딩의 판이 바뀐다 - Prompt를 지배하는자, AI Agent 개발의 챔피언이 됩니다.","Feb 7, 2025",1458,0
2024-12-15,sbC64Cx5flQ,"코딩의 판이 바뀐다 - Prompt를 지배하는자, AI Agent 개발의 챔피언이 됩니다.","Feb 7, 2025",1458,0
2024-12-16,sbC64Cx5flQ,"코딩의 판이 바뀐다 - Prompt를 지배하는자, AI Agent 개발의 챔피언이 됩니다.","Feb 7, 2025",1458,0
2024-12-17,sbC64Cx5flQ,"코딩의 판이 바뀐다 - Prompt를 지배하는자, AI Agent 개발의 챔피언이 됩니다.","Feb 7, 2025",1458,0
2024-12-18,sbC64Cx5flQ,"코딩의 판이 바뀐다 - Prompt를 지배하는자, AI Agent 개발의 챔피언이 됩니다.","Feb 7, 2025",1458,0
2024-12-19,sbC64Cx5flQ,"코딩의 판이 바뀐다 - Prompt를 지배하는자, AI Agent 개발의 챔피언이 됩니다.","Feb 7, 2025",1458,0
2024-12-20,sbC64Cx5flQ,"코딩의 판이 바뀐다 - Prompt를 지배하는자, AI Agent 개발의 챔피언이 됩니다.","Feb 7, 2025",1458,0
2024-12-21,sbC64Cx5flQ,"코딩의 판이 바뀐다 - Prompt를 지배하는자, AI Agent 개발의 챔피언이 됩니다.","Feb 7, 2025",1458,0
2024-12-22,sbC64Cx5flQ,"코딩의 판이 바뀐다 - Prompt를 지배하는자, AI Agent 개발의 챔피언이 됩니다.","Feb 7, 2025",1458,0
2024-12-23,sbC64Cx5flQ,"코딩의 판이 바뀐다 - Prompt를 지배하는자, AI Agent 개발의 챔피언이 됩니다.","Feb 7, 2025",1458,0
2024-12-24,sbC64Cx5flQ,"코딩의 판이 바뀐다 - Prompt를 지배하는자, AI Agent 개발의 챔피언이 됩니다.","Feb 7, 2025",1458,0
2024-12-25,sbC64Cx5flQ,"코딩의 판이 바뀐다 - Prompt를 지배하는자, AI Agent 개발의 챔피언이 됩니다.","Feb 7, 2025",1458,0
2024-12-26,sbC64Cx5flQ,"코딩의 판이 바뀐다 - Prompt를 지배하는자, AI Agent 개발의 챔피언이 됩니다.","Feb 7, 2025",1458,0
2024-12-27,sbC64Cx5flQ,"코딩의 판이 바뀐다 - Prompt를 지배하는자, AI Agent 개발의 챔피언이 됩니다.","Feb 7, 2025",1458,0
2024-12-28,sbC64Cx5flQ,"코딩의 판이 바뀐다 - Prompt를 지배하는자, AI Agent 개발의 챔피언이 됩니다.","Feb 7, 2025",1458,0
2024-12-29,sbC64Cx5flQ,"코딩의 판이 바뀐다 - Prompt를 지배하는자, AI Agent 개발의 챔피언이 됩니다.","Feb 7, 2025",1458,0
2024-12-30,sbC64Cx5flQ,"코딩의 판이 바뀐다 - Prompt를 지배하는자, AI Agent 개발의 챔피언이 됩니다.","Feb 7, 2025",1458,0
2024-12-31,sbC64Cx5flQ,"코딩의 판이 바뀐다 - Prompt를 지배하는자, AI Agent 개발의 챔피언이 됩니다.","Feb 7, 2025",1458,0
2025-01-01,sbC64Cx5flQ,"코딩의 판이 바뀐다 - Prompt를 지배하는자, AI Agent 개발의 챔피언이 됩니다.","Feb 7, 2025",1458,0
2025-01-02,sbC64Cx5flQ,"코딩의 판이 바뀐다 - Prompt를 지배하는자, AI Agent 개발의 챔피언이 됩니다.","Feb 7, 2025",1458,0
2025-01-03,sbC64Cx5flQ,"코딩의 판이 바뀐다 - Prompt를 지배하는자, AI Agent 개발의 챔피언이 됩니다.","Feb 7, 2025",1458,0
2025-01-04,sbC64Cx5flQ,"코딩의 판이 바뀐다 - Prompt를 지배하는자, AI Agent 개발의 챔피언이 됩니다.","Feb 7, 2025",1458,0
2025-01-05,sbC64Cx5flQ,"코딩의 판이 바뀐다 - Prompt를 지배하는자, AI Agent 개발의 챔피언이 됩니다.","Feb 7, 2025",1458,0
2025-01-06,sbC64Cx5flQ,"코딩의 판이 바뀐다 - Prompt를 지배하는자, AI Agent 개발의 챔피언이 됩니다.","Feb 7, 2025",1458,0
2025-01-07,sbC64Cx5flQ,"코딩의 판이 바뀐다 - Prompt를 지배하는자, AI Agent 개발의 챔피언이 됩니다.","Feb 7, 2025",1458,0
2025-01-08,sbC64Cx5flQ,"코딩의 판이 바뀐다 - Prompt를 지배하는자, AI Agent 개발의 챔피언이 됩니다.","Feb 7, 2025",1458,0
2025-01-09,sbC64Cx5flQ,"코딩의 판이 바뀐다 - Prompt를 지배하는자, AI Agent 개발의 챔피언이 됩니다.","Feb 7, 2025",1458,0
2025-01-10,sbC64Cx5flQ,"코딩의 판이 바뀐다 - Prompt를 지배하는자, AI Agent 개발의 챔피언이 됩니다.","Feb 7, 2025",1458,0
2025-01-11,sbC64Cx5flQ,"코딩의 판이 바뀐다 - Prompt를 지배하는자, AI Agent 개발의 챔피언이 됩니다.","Feb 7, 2025",1458,0
2025-01-12,sbC64Cx5flQ,"코딩의 판이 바뀐다 - Prompt를 지배하는자, AI Agent 개발의 챔피언이 됩니다.","Feb 7, 2025",1458,0
2025-01-13,sbC64Cx5flQ,"코딩의 판이 바뀐다 - Prompt를 지배하는자, AI Agent 개발의 챔피언이 됩니다.","Feb 7, 2025",1458,0
2025-01-14,sbC64Cx5flQ,"코딩의 판이 바뀐다 - Prompt를 지배하는자, AI Agent 개발의 챔피언이 됩니다.","Feb 7, 2025",1458,0
2025-01-15,sbC64Cx5flQ,"코딩의 판이 바뀐다 - Prompt를 지배하는자, AI Agent 개발의 챔피언이 됩니다.","Feb 7, 2025",1458,0
2025-01-16,sbC64Cx5flQ,"코딩의 판이 바뀐다 - Prompt를 지배하는자, AI Agent 개발의 챔피언이 됩니다.","Feb 7, 2025",1458,0
2025-01-17,sbC64Cx5flQ,"코딩의 판이 바뀐다 - Prompt를 지배하는자, AI Agent 개발의 챔피언이 됩니다.","Feb 7, 2025",1458,0
2025-01-18,sbC64Cx5flQ,"코딩의 판이 바뀐다 - Prompt를 지배하는자, AI Agent 개발의 챔피언이 됩니다.","Feb 7, 2025",1458,0
2025-01-19,sbC64Cx5flQ,"코딩의 판이 바뀐다 - Prompt를 지배하는자, AI Agent 개발의 챔피언이 됩니다.","Feb 7, 2025",1458,0
2025-01-20,sbC64Cx5flQ,"코딩의 판이 바뀐다 - Prompt를 지배하는자, AI Agent 개발의 챔피언이 됩니다.","Feb 7, 2025",1458,0
2025-01-21,sbC64Cx5flQ,"코딩의 판이 바뀐다 - Prompt를 지배하는자, AI Agent 개발의 챔피언이 됩니다.","Feb 7, 2025",1458,0
2025-01-22,sbC64Cx5flQ,"코딩의 판이 바뀐다 - Prompt를 지배하는자, AI Agent 개발의 챔피언이 됩니다.","Feb 7, 2025",1458,0
2025-01-23,sbC64Cx5flQ,"코딩의 판이 바뀐다 - Prompt를 지배하는자, AI Agent 개발의 챔피언이 됩니다.","Feb 7, 2025",1458,0
2025-01-24,sbC64Cx5flQ,"코딩의 판이 바뀐다 - Prompt를 지배하는자, AI Agent 개발의 챔피언이 됩니다.","Feb 7, 2025",1458,0
2025-01-25,sbC64Cx5flQ,"코딩의 판이 바뀐다 - Prompt를 지배하는자, AI Agent 개발의 챔피언이 됩니다.","Feb 7, 2025",1458,0
2025-01-26,sbC64Cx5flQ,"코딩의 판이 바뀐다 - Prompt를 지배하는자, AI Agent 개발의 챔피언이 됩니다.","Feb 7, 2025",1458,0
2025-01-27,sbC64Cx5flQ,"코딩의 판이 바뀐다 - Prompt를 지배하는자, AI Agent 개발의 챔피언이 됩니다.","Feb 7, 2025",1458,0
2025-01-28,sbC64Cx5flQ,"코딩의 판이 바뀐다 - Prompt를 지배하는자, AI Agent 개발의 챔피언이 됩니다.","Feb 7, 2025",1458,0
2025-01-29,sbC64Cx5flQ,"코딩의 판이 바뀐다 - Prompt를 지배하는자, AI Agent 개발의 챔피언이 됩니다.","Feb 7, 2025",1458,0
2025-01-30,sbC64Cx5flQ,"코딩의 판이 바뀐다 - Prompt를 지배하는자, AI Agent 개발의 챔피언이 됩니다.","Feb 7, 2025",1458,0
2025-01-31,sbC64Cx5flQ,"코딩의 판이 바뀐다 - Prompt를 지배하는자, AI Agent 개발의 챔피언이 됩니다.","Feb 7, 2025",1458,0
2025-02-01,sbC64Cx5flQ,"코딩의 판이 바뀐다 - Prompt를 지배하는자, AI Agent 개발의 챔피언이 됩니다.","Feb 7, 2025",1458,0
2025-02-02,sbC64Cx5flQ,"코딩의 판이 바뀐다 - Prompt를 지배하는자, AI Agent 개발의 챔피언이 됩니다.","Feb 7, 2025",1458,0
2025-02-03,sbC64Cx5flQ,"코딩의 판이 바뀐다 - Prompt를 지배하는자, AI Agent 개발의 챔피언이 됩니다.","Feb 7, 2025",1458,0
2025-02-04,sbC64Cx5flQ,"코딩의 판이 바뀐다 - Prompt를 지배하는자, AI Agent 개발의 챔피언이 됩니다.","Feb 7, 2025",1458,0
2025-02-05,sbC64Cx5flQ,"코딩의 판이 바뀐다 - Prompt를 지배하는자, AI Agent 개발의 챔피언이 됩니다.","Feb 7, 2025",1458,0
2025-02-06,sbC64Cx5flQ,"코딩의 판이 바뀐다 - Prompt를 지배하는자, AI Agent 개발의 챔피언이 됩니다.","Feb 7, 2025",1458,0
2025-02-07,sbC64Cx5flQ,"코딩의 판이 바뀐다 - Prompt를 지배하는자, AI Agent 개발의 챔피언이 됩니다.","Feb 7, 2025",1458,12.8259
2025-02-08,sbC64Cx5flQ,"코딩의 판이 바뀐다 - Prompt를 지배하는자, AI Agent 개발의 챔피언이 됩니다.","Feb 7, 2025",1458,42.9379
2025-02-09,sbC64Cx5flQ,"코딩의 판이 바뀐다 - Prompt를 지배하는자, AI Agent 개발의 챔피언이 됩니다.","Feb 7, 2025",1458,29.4691
2025-02-10,sbC64Cx5flQ,"코딩의 판이 바뀐다 - Prompt를 지배하는자, AI Agent 개발의 챔피언이 됩니다.","Feb 7, 2025",1458,9.0188
2025-02-11,sbC64Cx5flQ,"코딩의 판이 바뀐다 - Prompt를 지배하는자, AI Agent 개발의 챔피언이 됩니다.","Feb 7, 2025",1458,9.0243
2025-02-12,sbC64Cx5flQ,"코딩의 판이 바뀐다 - Prompt를 지배하는자, AI Agent 개발의 챔피언이 됩니다.","Feb 7, 2025",1458,7.4345
2025-02-13,sbC64Cx5flQ,"코딩의 판이 바뀐다 - Prompt를 지배하는자, AI Agent 개발의 챔피언이 됩니다.","Feb 7, 2025",1458,3.0794
2025-02-14,sbC64Cx5flQ,"코딩의 판이 바뀐다 - Prompt를 지배하는자, AI Agent 개발의 챔피언이 됩니다.","Feb 7, 2025",1458,1.0026
2025-02-15,sbC64Cx5flQ,"코딩의 판이 바뀐다 - Prompt를 지배하는자, AI Agent 개발의 챔피언이 됩니다.","Feb 7, 2025",1458,2.0459
2025-02-16,sbC64Cx5flQ,"코딩의 판이 바뀐다 - Prompt를 지배하는자, AI Agent 개발의 챔피언이 됩니다.","Feb 7, 2025",1458,1.1324
2025-02-17,sbC64Cx5flQ,"코딩의 판이 바뀐다 - Prompt를 지배하는자, AI Agent 개발의 챔피언이 됩니다.","Feb 7, 2025",1458,0.5876
2025-02-18,sbC64Cx5flQ,"코딩의 판이 바뀐다 - Prompt를 지배하는자, AI Agent 개발의 챔피언이 됩니다.","Feb 7, 2025",1458,1.5558
2025-02-19,sbC64Cx5flQ,"코딩의 판이 바뀐다 - Prompt를 지배하는자, AI Agent 개발의 챔피언이 됩니다.","Feb 7, 2025",1458,1.0752
2025-02-20,sbC64Cx5flQ,"코딩의 판이 바뀐다 - Prompt를 지배하는자, AI Agent 개발의 챔피언이 됩니다.","Feb 7, 2025",1458,0.5014
2025-02-21,sbC64Cx5flQ,"코딩의 판이 바뀐다 - Prompt를 지배하는자, AI Agent 개발의 챔피언이 됩니다.","Feb 7, 2025",1458,0.871
2025-02-22,sbC64Cx5flQ,"코딩의 판이 바뀐다 - Prompt를 지배하는자, AI Agent 개발의 챔피언이 됩니다.","Feb 7, 2025",1458,1.7508
2025-02-23,sbC64Cx5flQ,"코딩의 판이 바뀐다 - Prompt를 지배하는자, AI Agent 개발의 챔피언이 됩니다.","Feb 7, 2025",1458,1.2961
2025-02-24,sbC64Cx5flQ,"코딩의 판이 바뀐다 - Prompt를 지배하는자, AI Agent 개발의 챔피언이 됩니다.","Feb 7, 2025",1458,0.8564
2025-02-25,sbC64Cx5flQ,"코딩의 판이 바뀐다 - Prompt를 지배하는자, AI Agent 개발의 챔피언이 됩니다.","Feb 7, 2025",1458,1.136
2025-02-26,sbC64Cx5flQ,"코딩의 판이 바뀐다 - Prompt를 지배하는자, AI Agent 개발의 챔피언이 됩니다.","Feb 7, 2025",1458,0.5544
2025-02-27,sbC64Cx5flQ,"코딩의 판이 바뀐다 - Prompt를 지배하는자, AI Agent 개발의 챔피언이 됩니다.","Feb 7, 2025",1458,1.0164
2025-02-28,sbC64Cx5flQ,"코딩의 판이 바뀐다 - Prompt를 지배하는자, AI Agent 개발의 챔피언이 됩니다.","Feb 7, 2025",1458,0.6388
2025-03-01,sbC64Cx5flQ,"코딩의 판이 바뀐다 - Prompt를 지배하는자, AI Agent 개발의 챔피언이 됩니다.","Feb 7, 2025",1458,0.6334
2025-03-02,sbC64Cx5flQ,"코딩의 판이 바뀐다 - Prompt를 지배하는자, AI Agent 개발의 챔피언이 됩니다.","Feb 7, 2025",1458,1.8429
2025-03-03,sbC64Cx5flQ,"코딩의 판이 바뀐다 - Prompt를 지배하는자, AI Agent 개발의 챔피언이 됩니다.","Feb 7, 2025",1458,0.9313
2025-03-04,sbC64Cx5flQ,"코딩의 판이 바뀐다 - Prompt를 지배하는자, AI Agent 개발의 챔피언이 됩니다.","Feb 7, 2025",1458,1.5814
2025-03-05,sbC64Cx5flQ,"코딩의 판이 바뀐다 - Prompt를 지배하는자, AI Agent 개발의 챔피언이 됩니다.","Feb 7, 2025",1458,0.9633
2025-03-06,sbC64Cx5flQ,"코딩의 판이 바뀐다 - Prompt를 지배하는자, AI Agent 개발의 챔피언이 됩니다.","Feb 7, 2025",1458,0.6368
2025-03-07,sbC64Cx5flQ,"코딩의 판이 바뀐다 - Prompt를 지배하는자, AI Agent 개발의 챔피언이 됩니다.","Feb 7, 2025",1458,1.0384
2025-03-08,sbC64Cx5flQ,"코딩의 판이 바뀐다 - Prompt를 지배하는자, AI Agent 개발의 챔피언이 됩니다.","Feb 7, 2025",1458,0.4591
2025-03-09,sbC64Cx5flQ,"코딩의 판이 바뀐다 - Prompt를 지배하는자, AI Agent 개발의 챔피언이 됩니다.","Feb 7, 2025",1458,0.1844
2025-03-10,sbC64Cx5flQ,"코딩의 판이 바뀐다 - Prompt를 지배하는자, AI Agent 개발의 챔피언이 됩니다.","Feb 7, 2025",1458,0.8237
2025-03-11,sbC64Cx5flQ,"코딩의 판이 바뀐다 - Prompt를 지배하는자, AI Agent 개발의 챔피언이 됩니다.","Feb 7, 2025",1458,0.3905
2025-03-12,sbC64Cx5flQ,"코딩의 판이 바뀐다 - Prompt를 지배하는자, AI Agent 개발의 챔피언이 됩니다.","Feb 7, 2025",1458,0.1224
2025-03-13,sbC64Cx5flQ,"코딩의 판이 바뀐다 - Prompt를 지배하는자, AI Agent 개발의 챔피언이 됩니다.","Feb 7, 2025",1458,1.0223
2025-03-14,sbC64Cx5flQ,"코딩의 판이 바뀐다 - Prompt를 지배하는자, AI Agent 개발의 챔피언이 됩니다.","Feb 7, 2025",1458,0.5292
2025-03-15,sbC64Cx5flQ,"코딩의 판이 바뀐다 - Prompt를 지배하는자, AI Agent 개발의 챔피언이 됩니다.","Feb 7, 2025",1458,0.4194
2025-03-16,sbC64Cx5flQ,"코딩의 판이 바뀐다 - Prompt를 지배하는자, AI Agent 개발의 챔피언이 됩니다.","Feb 7, 2025",1458,0.1963
2025-03-17,sbC64Cx5flQ,"코딩의 판이 바뀐다 - Prompt를 지배하는자, AI Agent 개발의 챔피언이 됩니다.","Feb 7, 2025",1458,0.2565
2025-03-18,sbC64Cx5flQ,"코딩의 판이 바뀐다 - Prompt를 지배하는자, AI Agent 개발의 챔피언이 됩니다.","Feb 7, 2025",1458,0
2025-03-19,sbC64Cx5flQ,"코딩의 판이 바뀐다 - Prompt를 지배하는자, AI Agent 개발의 챔피언이 됩니다.","Feb 7, 2025",1458,0.1344
2025-03-20,sbC64Cx5flQ,"코딩의 판이 바뀐다 - Prompt를 지배하는자, AI Agent 개발의 챔피언이 됩니다.","Feb 7, 2025",1458,0.2899
2025-03-21,sbC64Cx5flQ,"코딩의 판이 바뀐다 - Prompt를 지배하는자, AI Agent 개발의 챔피언이 됩니다.","Feb 7, 2025",1458,0.055
2025-03-22,sbC64Cx5flQ,"코딩의 판이 바뀐다 - Prompt를 지배하는자, AI Agent 개발의 챔피언이 됩니다.","Feb 7, 2025",1458,0.0463
2025-03-23,sbC64Cx5flQ,"코딩의 판이 바뀐다 - Prompt를 지배하는자, AI Agent 개발의 챔피언이 됩니다.","Feb 7, 2025",1458,0.0016
2025-03-24,sbC64Cx5flQ,"코딩의 판이 바뀐다 - Prompt를 지배하는자, AI Agent 개발의 챔피언이 됩니다.","Feb 7, 2025",1458,0
2025-03-25,sbC64Cx5flQ,"코딩의 판이 바뀐다 - Prompt를 지배하는자, AI Agent 개발의 챔피언이 됩니다.","Feb 7, 2025",1458,0.0061
2025-03-26,sbC64Cx5flQ,"코딩의 판이 바뀐다 - Prompt를 지배하는자, AI Agent 개발의 챔피언이 됩니다.","Feb 7, 2025",1458,0.2312
2025-03-27,sbC64Cx5flQ,"코딩의 판이 바뀐다 - Prompt를 지배하는자, AI Agent 개발의 챔피언이 됩니다.","Feb 7, 2025",1458,0.1884
2025-03-28,sbC64Cx5flQ,"코딩의 판이 바뀐다 - Prompt를 지배하는자, AI Agent 개발의 챔피언이 됩니다.","Feb 7, 2025",1458,0.0085
2025-03-29,sbC64Cx5flQ,"코딩의 판이 바뀐다 - Prompt를 지배하는자, AI Agent 개발의 챔피언이 됩니다.","Feb 7, 2025",1458,0
2025-03-30,sbC64Cx5flQ,"코딩의 판이 바뀐다 - Prompt를 지배하는자, AI Agent 개발의 챔피언이 됩니다.","Feb 7, 2025",1458,0.0013
2025-03-31,sbC64Cx5flQ,"코딩의 판이 바뀐다 - Prompt를 지배하는자, AI Agent 개발의 챔피언이 됩니다.","Feb 7, 2025",1458,0.4095
2025-04-01,sbC64Cx5flQ,"코딩의 판이 바뀐다 - Prompt를 지배하는자, AI Agent 개발의 챔피언이 됩니다.","Feb 7, 2025",1458,0.0982
2025-04-02,sbC64Cx5flQ,"코딩의 판이 바뀐다 - Prompt를 지배하는자, AI Agent 개발의 챔피언이 됩니다.","Feb 7, 2025",1458,0.2527
2025-04-03,sbC64Cx5flQ,"코딩의 판이 바뀐다 - Prompt를 지배하는자, AI Agent 개발의 챔피언이 됩니다.","Feb 7, 2025",1458,0.1207
2025-04-04,sbC64Cx5flQ,"코딩의 판이 바뀐다 - Prompt를 지배하는자, AI Agent 개발의 챔피언이 됩니다.","Feb 7, 2025",1458,0
2025-04-05,sbC64Cx5flQ,"코딩의 판이 바뀐다 - Prompt를 지배하는자, AI Agent 개발의 챔피언이 됩니다.","Feb 7, 2025",1458,0.5748
2025-04-06,sbC64Cx5flQ,"코딩의 판이 바뀐다 - Prompt를 지배하는자, AI Agent 개발의 챔피언이 됩니다.","Feb 7, 2025",1458,0.0973
2025-04-07,sbC64Cx5flQ,"코딩의 판이 바뀐다 - Prompt를 지배하는자, AI Agent 개발의 챔피언이 됩니다.","Feb 7, 2025",1458,0.4276
2025-04-08,sbC64Cx5flQ,"코딩의 판이 바뀐다 - Prompt를 지배하는자, AI Agent 개발의 챔피언이 됩니다.","Feb 7, 2025",1458,0.0102
2025-04-09,sbC64Cx5flQ,"코딩의 판이 바뀐다 - Prompt를 지배하는자, AI Agent 개발의 챔피언이 됩니다.","Feb 7, 2025",1458,0
2025-04-10,sbC64Cx5flQ,"코딩의 판이 바뀐다 - Prompt를 지배하는자, AI Agent 개발의 챔피언이 됩니다.","Feb 7, 2025",1458,0
2025-04-11,sbC64Cx5flQ,"코딩의 판이 바뀐다 - Prompt를 지배하는자, AI Agent 개발의 챔피언이 됩니다.","Feb 7, 2025",1458,0.0395
2025-04-12,sbC64Cx5flQ,"코딩의 판이 바뀐다 - Prompt를 지배하는자, AI Agent 개발의 챔피언이 됩니다.","Feb 7, 2025",1458,0.03
2025-04-13,sbC64Cx5flQ,"코딩의 판이 바뀐다 - Prompt를 지배하는자, AI Agent 개발의 챔피언이 됩니다.","Feb 7, 2025",1458,0.0449
2025-04-14,sbC64Cx5flQ,"코딩의 판이 바뀐다 - Prompt를 지배하는자, AI Agent 개발의 챔피언이 됩니다.","Feb 7, 2025",1458,0
2025-04-15,sbC64Cx5flQ,"코딩의 판이 바뀐다 - Prompt를 지배하는자, AI Agent 개발의 챔피언이 됩니다.","Feb 7, 2025",1458,0.404
2025-04-16,sbC64Cx5flQ,"코딩의 판이 바뀐다 - Prompt를 지배하는자, AI Agent 개발의 챔피언이 됩니다.","Feb 7, 2025",1458,0
2025-04-17,sbC64Cx5flQ,"코딩의 판이 바뀐다 - Prompt를 지배하는자, AI Agent 개발의 챔피언이 됩니다.","Feb 7, 2025",1458,0.1856
2025-04-18,sbC64Cx5flQ,"코딩의 판이 바뀐다 - Prompt를 지배하는자, AI Agent 개발의 챔피언이 됩니다.","Feb 7, 2025",1458,0.2701
2025-04-19,sbC64Cx5flQ,"코딩의 판이 바뀐다 - Prompt를 지배하는자, AI Agent 개발의 챔피언이 됩니다.","Feb 7, 2025",1458,0.0054
2025-04-20,sbC64Cx5flQ,"코딩의 판이 바뀐다 - Prompt를 지배하는자, AI Agent 개발의 챔피언이 됩니다.","Feb 7, 2025",1458,0
2025-04-21,sbC64Cx5flQ,"코딩의 판이 바뀐다 - Prompt를 지배하는자, AI Agent 개발의 챔피언이 됩니다.","Feb 7, 2025",1458,0.2874
2025-04-22,sbC64Cx5flQ,"코딩의 판이 바뀐다 - Prompt를 지배하는자, AI Agent 개발의 챔피언이 됩니다.","Feb 7, 2025",1458,0.0041
2025-04-23,sbC64Cx5flQ,"코딩의 판이 바뀐다 - Prompt를 지배하는자, AI Agent 개발의 챔피언이 됩니다.","Feb 7, 2025",1458,0.0073
2025-04-24,sbC64Cx5flQ,"코딩의 판이 바뀐다 - Prompt를 지배하는자, AI Agent 개발의 챔피언이 됩니다.","Feb 7, 2025",1458,0.0186
2025-04-25,sbC64Cx5flQ,"코딩의 판이 바뀐다 - Prompt를 지배하는자, AI Agent 개발의 챔피언이 됩니다.","Feb 7, 2025",1458,0.0011
2025-04-26,sbC64Cx5flQ,"코딩의 판이 바뀐다 - Prompt를 지배하는자, AI Agent 개발의 챔피언이 됩니다.","Feb 7, 2025",1458,0.003
2025-04-27,sbC64Cx5flQ,"코딩의 판이 바뀐다 - Prompt를 지배하는자, AI Agent 개발의 챔피언이 됩니다.","Feb 7, 2025",1458,0.0249
2025-04-28,sbC64Cx5flQ,"코딩의 판이 바뀐다 - Prompt를 지배하는자, AI Agent 개발의 챔피언이 됩니다.","Feb 7, 2025",1458,0.1032
2025-04-29,sbC64Cx5flQ,"코딩의 판이 바뀐다 - Prompt를 지배하는자, AI Agent 개발의 챔피언이 됩니다.","Feb 7, 2025",1458,0
2025-04-30,sbC64Cx5flQ,"코딩의 판이 바뀐다 - Prompt를 지배하는자, AI Agent 개발의 챔피언이 됩니다.","Feb 7, 2025",1458,0
2025-05-01,sbC64Cx5flQ,"코딩의 판이 바뀐다 - Prompt를 지배하는자, AI Agent 개발의 챔피언이 됩니다.","Feb 7, 2025",1458,0
2025-05-02,sbC64Cx5flQ,"코딩의 판이 바뀐다 - Prompt를 지배하는자, AI Agent 개발의 챔피언이 됩니다.","Feb 7, 2025",1458,0
2025-05-03,sbC64Cx5flQ,"코딩의 판이 바뀐다 - Prompt를 지배하는자, AI Agent 개발의 챔피언이 됩니다.","Feb 7, 2025",1458,0.002
2025-05-04,sbC64Cx5flQ,"코딩의 판이 바뀐다 - Prompt를 지배하는자, AI Agent 개발의 챔피언이 됩니다.","Feb 7, 2025",1458,0.0449
2025-05-05,sbC64Cx5flQ,"코딩의 판이 바뀐다 - Prompt를 지배하는자, AI Agent 개발의 챔피언이 됩니다.","Feb 7, 2025",1458,0.6484
2025-05-06,sbC64Cx5flQ,"코딩의 판이 바뀐다 - Prompt를 지배하는자, AI Agent 개발의 챔피언이 됩니다.","Feb 7, 2025",1458,0.0207
2025-05-07,sbC64Cx5flQ,"코딩의 판이 바뀐다 - Prompt를 지배하는자, AI Agent 개발의 챔피언이 됩니다.","Feb 7, 2025",1458,0.035
2025-05-08,sbC64Cx5flQ,"코딩의 판이 바뀐다 - Prompt를 지배하는자, AI Agent 개발의 챔피언이 됩니다.","Feb 7, 2025",1458,0.0115
2025-05-09,sbC64Cx5flQ,"코딩의 판이 바뀐다 - Prompt를 지배하는자, AI Agent 개발의 챔피언이 됩니다.","Feb 7, 2025",1458,0.3865
2025-05-10,sbC64Cx5flQ,"코딩의 판이 바뀐다 - Prompt를 지배하는자, AI Agent 개발의 챔피언이 됩니다.","Feb 7, 2025",1458,0.001
2025-05-11,sbC64Cx5flQ,"코딩의 판이 바뀐다 - Prompt를 지배하는자, AI Agent 개발의 챔피언이 됩니다.","Feb 7, 2025",1458,0.4058
2025-05-12,sbC64Cx5flQ,"코딩의 판이 바뀐다 - Prompt를 지배하는자, AI Agent 개발의 챔피언이 됩니다.","Feb 7, 2025",1458,0
2025-05-13,sbC64Cx5flQ,"코딩의 판이 바뀐다 - Prompt를 지배하는자, AI Agent 개발의 챔피언이 됩니다.","Feb 7, 2025",1458,0.0017
2025-05-14,sbC64Cx5flQ,"코딩의 판이 바뀐다 - Prompt를 지배하는자, AI Agent 개발의 챔피언이 됩니다.","Feb 7, 2025",1458,0.4655
2025-05-15,sbC64Cx5flQ,"코딩의 판이 바뀐다 - Prompt를 지배하는자, AI Agent 개발의 챔피언이 됩니다.","Feb 7, 2025",1458,0.0009
2025-05-16,sbC64Cx5flQ,"코딩의 판이 바뀐다 - Prompt를 지배하는자, AI Agent 개발의 챔피언이 됩니다.","Feb 7, 2025",1458,0
2025-05-17,sbC64Cx5flQ,"코딩의 판이 바뀐다 - Prompt를 지배하는자, AI Agent 개발의 챔피언이 됩니다.","Feb 7, 2025",1458,0.0417
2025-05-18,sbC64Cx5flQ,"코딩의 판이 바뀐다 - Prompt를 지배하는자, AI Agent 개발의 챔피언이 됩니다.","Feb 7, 2025",1458,0.0029
2025-05-19,sbC64Cx5flQ,"코딩의 판이 바뀐다 - Prompt를 지배하는자, AI Agent 개발의 챔피언이 됩니다.","Feb 7, 2025",1458,1.0329
2025-05-20,sbC64Cx5flQ,"코딩의 판이 바뀐다 - Prompt를 지배하는자, AI Agent 개발의 챔피언이 됩니다.","Feb 7, 2025",1458,0
2025-05-21,sbC64Cx5flQ,"코딩의 판이 바뀐다 - Prompt를 지배하는자, AI Agent 개발의 챔피언이 됩니다.","Feb 7, 2025",1458,0
2025-05-22,sbC64Cx5flQ,"코딩의 판이 바뀐다 - Prompt를 지배하는자, AI Agent 개발의 챔피언이 됩니다.","Feb 7, 2025",1458,0
2025-05-23,sbC64Cx5flQ,"코딩의 판이 바뀐다 - Prompt를 지배하는자, AI Agent 개발의 챔피언이 됩니다.","Feb 7, 2025",1458,0
2025-05-24,sbC64Cx5flQ,"코딩의 판이 바뀐다 - Prompt를 지배하는자, AI Agent 개발의 챔피언이 됩니다.","Feb 7, 2025",1458,0.0114
2025-05-25,sbC64Cx5flQ,"코딩의 판이 바뀐다 - Prompt를 지배하는자, AI Agent 개발의 챔피언이 됩니다.","Feb 7, 2025",1458,0.0026
2025-05-26,sbC64Cx5flQ,"코딩의 판이 바뀐다 - Prompt를 지배하는자, AI Agent 개발의 챔피언이 됩니다.","Feb 7, 2025",1458,0.0238
2025-05-27,sbC64Cx5flQ,"코딩의 판이 바뀐다 - Prompt를 지배하는자, AI Agent 개발의 챔피언이 됩니다.","Feb 7, 2025",1458,0.4047
2025-05-28,sbC64Cx5flQ,"코딩의 판이 바뀐다 - Prompt를 지배하는자, AI Agent 개발의 챔피언이 됩니다.","Feb 7, 2025",1458,0
2025-05-29,sbC64Cx5flQ,"코딩의 판이 바뀐다 - Prompt를 지배하는자, AI Agent 개발의 챔피언이 됩니다.","Feb 7, 2025",1458,0.5109
2025-05-30,sbC64Cx5flQ,"코딩의 판이 바뀐다 - Prompt를 지배하는자, AI Agent 개발의 챔피언이 됩니다.","Feb 7, 2025",1458,0.2461
2025-05-31,sbC64Cx5flQ,"코딩의 판이 바뀐다 - Prompt를 지배하는자, AI Agent 개발의 챔피언이 됩니다.","Feb 7, 2025",1458,0
2025-06-01,sbC64Cx5flQ,"코딩의 판이 바뀐다 - Prompt를 지배하는자, AI Agent 개발의 챔피언이 됩니다.","Feb 7, 2025",1458,0
2025-06-02,sbC64Cx5flQ,"코딩의 판이 바뀐다 - Prompt를 지배하는자, AI Agent 개발의 챔피언이 됩니다.","Feb 7, 2025",1458,0
2025-06-03,sbC64Cx5flQ,"코딩의 판이 바뀐다 - Prompt를 지배하는자, AI Agent 개발의 챔피언이 됩니다.","Feb 7, 2025",1458,0
2025-06-04,sbC64Cx5flQ,"코딩의 판이 바뀐다 - Prompt를 지배하는자, AI Agent 개발의 챔피언이 됩니다.","Feb 7, 2025",1458,0
2025-06-05,sbC64Cx5flQ,"코딩의 판이 바뀐다 - Prompt를 지배하는자, AI Agent 개발의 챔피언이 됩니다.","Feb 7, 2025",1458,0
2025-06-06,sbC64Cx5flQ,"코딩의 판이 바뀐다 - Prompt를 지배하는자, AI Agent 개발의 챔피언이 됩니다.","Feb 7, 2025",1458,0.4035
2025-06-07,sbC64Cx5flQ,"코딩의 판이 바뀐다 - Prompt를 지배하는자, AI Agent 개발의 챔피언이 됩니다.","Feb 7, 2025",1458,0.4039
2025-06-08,sbC64Cx5flQ,"코딩의 판이 바뀐다 - Prompt를 지배하는자, AI Agent 개발의 챔피언이 됩니다.","Feb 7, 2025",1458,0.0062
2025-06-09,sbC64Cx5flQ,"코딩의 판이 바뀐다 - Prompt를 지배하는자, AI Agent 개발의 챔피언이 됩니다.","Feb 7, 2025",1458,0
2025-06-10,sbC64Cx5flQ,"코딩의 판이 바뀐다 - Prompt를 지배하는자, AI Agent 개발의 챔피언이 됩니다.","Feb 7, 2025",1458,0
2025-06-11,sbC64Cx5flQ,"코딩의 판이 바뀐다 - Prompt를 지배하는자, AI Agent 개발의 챔피언이 됩니다.","Feb 7, 2025",1458,0.0171
2025-06-12,sbC64Cx5flQ,"코딩의 판이 바뀐다 - Prompt를 지배하는자, AI Agent 개발의 챔피언이 됩니다.","Feb 7, 2025",1458,0.0059
2025-06-13,sbC64Cx5flQ,"코딩의 판이 바뀐다 - Prompt를 지배하는자, AI Agent 개발의 챔피언이 됩니다.","Feb 7, 2025",1458,0.0023
2025-06-14,sbC64Cx5flQ,"코딩의 판이 바뀐다 - Prompt를 지배하는자, AI Agent 개발의 챔피언이 됩니다.","Feb 7, 2025",1458,0.0023
2025-06-15,sbC64Cx5flQ,"코딩의 판이 바뀐다 - Prompt를 지배하는자, AI Agent 개발의 챔피언이 됩니다.","Feb 7, 2025",1458,0
2025-06-16,sbC64Cx5flQ,"코딩의 판이 바뀐다 - Prompt를 지배하는자, AI Agent 개발의 챔피언이 됩니다.","Feb 7, 2025",1458,0.4155
2025-06-17,sbC64Cx5flQ,"코딩의 판이 바뀐다 - Prompt를 지배하는자, AI Agent 개발의 챔피언이 됩니다.","Feb 7, 2025",1458,0
2025-06-18,sbC64Cx5flQ,"코딩의 판이 바뀐다 - Prompt를 지배하는자, AI Agent 개발의 챔피언이 됩니다.","Feb 7, 2025",1458,0.0701
2025-06-19,sbC64Cx5flQ,"코딩의 판이 바뀐다 - Prompt를 지배하는자, AI Agent 개발의 챔피언이 됩니다.","Feb 7, 2025",1458,0
2025-06-20,sbC64Cx5flQ,"코딩의 판이 바뀐다 - Prompt를 지배하는자, AI Agent 개발의 챔피언이 됩니다.","Feb 7, 2025",1458,0
2025-06-21,sbC64Cx5flQ,"코딩의 판이 바뀐다 - Prompt를 지배하는자, AI Agent 개발의 챔피언이 됩니다.","Feb 7, 2025",1458,0.0017
2025-06-22,sbC64Cx5flQ,"코딩의 판이 바뀐다 - Prompt를 지배하는자, AI Agent 개발의 챔피언이 됩니다.","Feb 7, 2025",1458,0.0273
2025-06-23,sbC64Cx5flQ,"코딩의 판이 바뀐다 - Prompt를 지배하는자, AI Agent 개발의 챔피언이 됩니다.","Feb 7, 2025",1458,0.0009
2025-06-24,sbC64Cx5flQ,"코딩의 판이 바뀐다 - Prompt를 지배하는자, AI Agent 개발의 챔피언이 됩니다.","Feb 7, 2025",1458,0
2025-06-25,sbC64Cx5flQ,"코딩의 판이 바뀐다 - Prompt를 지배하는자, AI Agent 개발의 챔피언이 됩니다.","Feb 7, 2025",1458,0.0036
2025-06-26,sbC64Cx5flQ,"코딩의 판이 바뀐다 - Prompt를 지배하는자, AI Agent 개발의 챔피언이 됩니다.","Feb 7, 2025",1458,0
2025-06-27,sbC64Cx5flQ,"코딩의 판이 바뀐다 - Prompt를 지배하는자, AI Agent 개발의 챔피언이 됩니다.","Feb 7, 2025",1458,0.0002
2025-06-28,sbC64Cx5flQ,"코딩의 판이 바뀐다 - Prompt를 지배하는자, AI Agent 개발의 챔피언이 됩니다.","Feb 7, 2025",1458,0
2025-06-29,sbC64Cx5flQ,"코딩의 판이 바뀐다 - Prompt를 지배하는자, AI Agent 개발의 챔피언이 됩니다.","Feb 7, 2025",1458,0
2025-06-30,sbC64Cx5flQ,"코딩의 판이 바뀐다 - Prompt를 지배하는자, AI Agent 개발의 챔피언이 됩니다.","Feb 7, 2025",1458,0
2025-07-01,sbC64Cx5flQ,"코딩의 판이 바뀐다 - Prompt를 지배하는자, AI Agent 개발의 챔피언이 됩니다.","Feb 7, 2025",1458,0.0017
2025-07-02,sbC64Cx5flQ,"코딩의 판이 바뀐다 - Prompt를 지배하는자, AI Agent 개발의 챔피언이 됩니다.","Feb 7, 2025",1458,0
2025-07-03,sbC64Cx5flQ,"코딩의 판이 바뀐다 - Prompt를 지배하는자, AI Agent 개발의 챔피언이 됩니다.","Feb 7, 2025",1458,0
2025-07-04,sbC64Cx5flQ,"코딩의 판이 바뀐다 - Prompt를 지배하는자, AI Agent 개발의 챔피언이 됩니다.","Feb 7, 2025",1458,0
2025-07-05,sbC64Cx5flQ,"코딩의 판이 바뀐다 - Prompt를 지배하는자, AI Agent 개발의 챔피언이 됩니다.","Feb 7, 2025",1458,0.1682
2025-07-06,sbC64Cx5flQ,"코딩의 판이 바뀐다 - Prompt를 지배하는자, AI Agent 개발의 챔피언이 됩니다.","Feb 7, 2025",1458,0.0021
2025-07-07,sbC64Cx5flQ,"코딩의 판이 바뀐다 - Prompt를 지배하는자, AI Agent 개발의 챔피언이 됩니다.","Feb 7, 2025",1458,0.0306
2025-07-08,sbC64Cx5flQ,"코딩의 판이 바뀐다 - Prompt를 지배하는자, AI Agent 개발의 챔피언이 됩니다.","Feb 7, 2025",1458,0
2025-07-09,sbC64Cx5flQ,"코딩의 판이 바뀐다 - Prompt를 지배하는자, AI Agent 개발의 챔피언이 됩니다.","Feb 7, 2025",1458,0.1749
2025-07-10,sbC64Cx5flQ,"코딩의 판이 바뀐다 - Prompt를 지배하는자, AI Agent 개발의 챔피언이 됩니다.","Feb 7, 2025",1458,0.0708
2025-07-11,sbC64Cx5flQ,"코딩의 판이 바뀐다 - Prompt를 지배하는자, AI Agent 개발의 챔피언이 됩니다.","Feb 7, 2025",1458,0.3481
2025-07-12,sbC64Cx5flQ,"코딩의 판이 바뀐다 - Prompt를 지배하는자, AI Agent 개발의 챔피언이 됩니다.","Feb 7, 2025",1458,0.4016
2025-07-13,sbC64Cx5flQ,"코딩의 판이 바뀐다 - Prompt를 지배하는자, AI Agent 개발의 챔피언이 됩니다.","Feb 7, 2025",1458,0
2025-07-14,sbC64Cx5flQ,"코딩의 판이 바뀐다 - Prompt를 지배하는자, AI Agent 개발의 챔피언이 됩니다.","Feb 7, 2025",1458,0.0012
2025-07-15,sbC64Cx5flQ,"코딩의 판이 바뀐다 - Prompt를 지배하는자, AI Agent 개발의 챔피언이 됩니다.","Feb 7, 2025",1458,0
2025-07-16,sbC64Cx5flQ,"코딩의 판이 바뀐다 - Prompt를 지배하는자, AI Agent 개발의 챔피언이 됩니다.","Feb 7, 2025",1458,0
2025-07-17,sbC64Cx5flQ,"코딩의 판이 바뀐다 - Prompt를 지배하는자, AI Agent 개발의 챔피언이 됩니다.","Feb 7, 2025",1458,0
2025-07-18,sbC64Cx5flQ,"코딩의 판이 바뀐다 - Prompt를 지배하는자, AI Agent 개발의 챔피언이 됩니다.","Feb 7, 2025",1458,0
2025-07-19,sbC64Cx5flQ,"코딩의 판이 바뀐다 - Prompt를 지배하는자, AI Agent 개발의 챔피언이 됩니다.","Feb 7, 2025",1458,0.001
2025-07-20,sbC64Cx5flQ,"코딩의 판이 바뀐다 - Prompt를 지배하는자, AI Agent 개발의 챔피언이 됩니다.","Feb 7, 2025",1458,0.098
2025-07-21,sbC64Cx5flQ,"코딩의 판이 바뀐다 - Prompt를 지배하는자, AI Agent 개발의 챔피언이 됩니다.","Feb 7, 2025",1458,0
2025-07-22,sbC64Cx5flQ,"코딩의 판이 바뀐다 - Prompt를 지배하는자, AI Agent 개발의 챔피언이 됩니다.","Feb 7, 2025",1458,0
2025-07-23,sbC64Cx5flQ,"코딩의 판이 바뀐다 - Prompt를 지배하는자, AI Agent 개발의 챔피언이 됩니다.","Feb 7, 2025",1458,0
2025-07-24,sbC64Cx5flQ,"코딩의 판이 바뀐다 - Prompt를 지배하는자, AI Agent 개발의 챔피언이 됩니다.","Feb 7, 2025",1458,0
2025-07-25,sbC64Cx5flQ,"코딩의 판이 바뀐다 - Prompt를 지배하는자, AI Agent 개발의 챔피언이 됩니다.","Feb 7, 2025",1458,0
2025-07-26,sbC64Cx5flQ,"코딩의 판이 바뀐다 - Prompt를 지배하는자, AI Agent 개발의 챔피언이 됩니다.","Feb 7, 2025",1458,0.0177
2025-07-27,sbC64Cx5flQ,"코딩의 판이 바뀐다 - Prompt를 지배하는자, AI Agent 개발의 챔피언이 됩니다.","Feb 7, 2025",1458,0
2025-07-28,sbC64Cx5flQ,"코딩의 판이 바뀐다 - Prompt를 지배하는자, AI Agent 개발의 챔피언이 됩니다.","Feb 7, 2025",1458,0
2025-07-29,sbC64Cx5flQ,"코딩의 판이 바뀐다 - Prompt를 지배하는자, AI Agent 개발의 챔피언이 됩니다.","Feb 7, 2025",1458,0.0042
2025-07-30,sbC64Cx5flQ,"코딩의 판이 바뀐다 - Prompt를 지배하는자, AI Agent 개발의 챔피언이 됩니다.","Feb 7, 2025",1458,0
2025-07-31,sbC64Cx5flQ,"코딩의 판이 바뀐다 - Prompt를 지배하는자, AI Agent 개발의 챔피언이 됩니다.","Feb 7, 2025",1458,0
2025-08-01,sbC64Cx5flQ,"코딩의 판이 바뀐다 - Prompt를 지배하는자, AI Agent 개발의 챔피언이 됩니다.","Feb 7, 2025",1458,0
2025-08-02,sbC64Cx5flQ,"코딩의 판이 바뀐다 - Prompt를 지배하는자, AI Agent 개발의 챔피언이 됩니다.","Feb 7, 2025",1458,0
2025-08-03,sbC64Cx5flQ,"코딩의 판이 바뀐다 - Prompt를 지배하는자, AI Agent 개발의 챔피언이 됩니다.","Feb 7, 2025",1458,0
2025-08-04,sbC64Cx5flQ,"코딩의 판이 바뀐다 - Prompt를 지배하는자, AI Agent 개발의 챔피언이 됩니다.","Feb 7, 2025",1458,0.0104
2025-08-05,sbC64Cx5flQ,"코딩의 판이 바뀐다 - Prompt를 지배하는자, AI Agent 개발의 챔피언이 됩니다.","Feb 7, 2025",1458,0.0105
2025-08-06,sbC64Cx5flQ,"코딩의 판이 바뀐다 - Prompt를 지배하는자, AI Agent 개발의 챔피언이 됩니다.","Feb 7, 2025",1458,0
2025-08-07,sbC64Cx5flQ,"코딩의 판이 바뀐다 - Prompt를 지배하는자, AI Agent 개발의 챔피언이 됩니다.","Feb 7, 2025",1458,0
2025-08-08,sbC64Cx5flQ,"코딩의 판이 바뀐다 - Prompt를 지배하는자, AI Agent 개발의 챔피언이 됩니다.","Feb 7, 2025",1458,0
2025-08-09,sbC64Cx5flQ,"코딩의 판이 바뀐다 - Prompt를 지배하는자, AI Agent 개발의 챔피언이 됩니다.","Feb 7, 2025",1458,0
2025-08-10,sbC64Cx5flQ,"코딩의 판이 바뀐다 - Prompt를 지배하는자, AI Agent 개발의 챔피언이 됩니다.","Feb 7, 2025",1458,0
2025-08-11,sbC64Cx5flQ,"코딩의 판이 바뀐다 - Prompt를 지배하는자, AI Agent 개발의 챔피언이 됩니다.","Feb 7, 2025",1458,0
2025-08-12,sbC64Cx5flQ,"코딩의 판이 바뀐다 - Prompt를 지배하는자, AI Agent 개발의 챔피언이 됩니다.","Feb 7, 2025",1458,0
2025-08-13,sbC64Cx5flQ,"코딩의 판이 바뀐다 - Prompt를 지배하는자, AI Agent 개발의 챔피언이 됩니다.","Feb 7, 2025",1458,0
2025-08-14,sbC64Cx5flQ,"코딩의 판이 바뀐다 - Prompt를 지배하는자, AI Agent 개발의 챔피언이 됩니다.","Feb 7, 2025",1458,0.0061
2025-08-15,sbC64Cx5flQ,"코딩의 판이 바뀐다 - Prompt를 지배하는자, AI Agent 개발의 챔피언이 됩니다.","Feb 7, 2025",1458,0
2025-08-16,sbC64Cx5flQ,"코딩의 판이 바뀐다 - Prompt를 지배하는자, AI Agent 개발의 챔피언이 됩니다.","Feb 7, 2025",1458,0
2025-08-17,sbC64Cx5flQ,"코딩의 판이 바뀐다 - Prompt를 지배하는자, AI Agent 개발의 챔피언이 됩니다.","Feb 7, 2025",1458,0.2008
2025-08-18,sbC64Cx5flQ,"코딩의 판이 바뀐다 - Prompt를 지배하는자, AI Agent 개발의 챔피언이 됩니다.","Feb 7, 2025",1458,0
2025-08-19,sbC64Cx5flQ,"코딩의 판이 바뀐다 - Prompt를 지배하는자, AI Agent 개발의 챔피언이 됩니다.","Feb 7, 2025",1458,0
2025-08-20,sbC64Cx5flQ,"코딩의 판이 바뀐다 - Prompt를 지배하는자, AI Agent 개발의 챔피언이 됩니다.","Feb 7, 2025",1458,0
2025-08-21,sbC64Cx5flQ,"코딩의 판이 바뀐다 - Prompt를 지배하는자, AI Agent 개발의 챔피언이 됩니다.","Feb 7, 2025",1458,0
2025-08-22,sbC64Cx5flQ,"코딩의 판이 바뀐다 - Prompt를 지배하는자, AI Agent 개발의 챔피언이 됩니다.","Feb 7, 2025",1458,0
2025-08-23,sbC64Cx5flQ,"코딩의 판이 바뀐다 - Prompt를 지배하는자, AI Agent 개발의 챔피언이 됩니다.","Feb 7, 2025",1458,0
2025-08-24,sbC64Cx5flQ,"코딩의 판이 바뀐다 - Prompt를 지배하는자, AI Agent 개발의 챔피언이 됩니다.","Feb 7, 2025",1458,0.0006
2025-08-25,sbC64Cx5flQ,"코딩의 판이 바뀐다 - Prompt를 지배하는자, AI Agent 개발의 챔피언이 됩니다.","Feb 7, 2025",1458,0.7869
2025-08-26,sbC64Cx5flQ,"코딩의 판이 바뀐다 - Prompt를 지배하는자, AI Agent 개발의 챔피언이 됩니다.","Feb 7, 2025",1458,0
2025-08-27,sbC64Cx5flQ,"코딩의 판이 바뀐다 - Prompt를 지배하는자, AI Agent 개발의 챔피언이 됩니다.","Feb 7, 2025",1458,0
2025-08-28,sbC64Cx5flQ,"코딩의 판이 바뀐다 - Prompt를 지배하는자, AI Agent 개발의 챔피언이 됩니다.","Feb 7, 2025",1458,0.0293
2025-08-29,sbC64Cx5flQ,"코딩의 판이 바뀐다 - Prompt를 지배하는자, AI Agent 개발의 챔피언이 됩니다.","Feb 7, 2025",1458,0.001
2025-08-30,sbC64Cx5flQ,"코딩의 판이 바뀐다 - Prompt를 지배하는자, AI Agent 개발의 챔피언이 됩니다.","Feb 7, 2025",1458,0.0072
2025-08-31,sbC64Cx5flQ,"코딩의 판이 바뀐다 - Prompt를 지배하는자, AI Agent 개발의 챔피언이 됩니다.","Feb 7, 2025",1458,0
2025-09-01,sbC64Cx5flQ,"코딩의 판이 바뀐다 - Prompt를 지배하는자, AI Agent 개발의 챔피언이 됩니다.","Feb 7, 2025",1458,0
2025-09-02,sbC64Cx5flQ,"코딩의 판이 바뀐다 - Prompt를 지배하는자, AI Agent 개발의 챔피언이 됩니다.","Feb 7, 2025",1458,0.0028
2025-09-03,sbC64Cx5flQ,"코딩의 판이 바뀐다 - Prompt를 지배하는자, AI Agent 개발의 챔피언이 됩니다.","Feb 7, 2025",1458,0.0369
2025-09-04,sbC64Cx5flQ,"코딩의 판이 바뀐다 - Prompt를 지배하는자, AI Agent 개발의 챔피언이 됩니다.","Feb 7, 2025",1458,0
2025-09-05,sbC64Cx5flQ,"코딩의 판이 바뀐다 - Prompt를 지배하는자, AI Agent 개발의 챔피언이 됩니다.","Feb 7, 2025",1458,0
2025-09-06,sbC64Cx5flQ,"코딩의 판이 바뀐다 - Prompt를 지배하는자, AI Agent 개발의 챔피언이 됩니다.","Feb 7, 2025",1458,0
2025-09-07,sbC64Cx5flQ,"코딩의 판이 바뀐다 - Prompt를 지배하는자, AI Agent 개발의 챔피언이 됩니다.","Feb 7, 2025",1458,0
2025-09-08,sbC64Cx5flQ,"코딩의 판이 바뀐다 - Prompt를 지배하는자, AI Agent 개발의 챔피언이 됩니다.","Feb 7, 2025",1458,0
2025-09-09,sbC64Cx5flQ,"코딩의 판이 바뀐다 - Prompt를 지배하는자, AI Agent 개발의 챔피언이 됩니다.","Feb 7, 2025",1458,0
2025-09-10,sbC64Cx5flQ,"코딩의 판이 바뀐다 - Prompt를 지배하는자, AI Agent 개발의 챔피언이 됩니다.","Feb 7, 2025",1458,0
2025-09-11,sbC64Cx5flQ,"코딩의 판이 바뀐다 - Prompt를 지배하는자, AI Agent 개발의 챔피언이 됩니다.","Feb 7, 2025",1458,0
2025-09-12,sbC64Cx5flQ,"코딩의 판이 바뀐다 - Prompt를 지배하는자, AI Agent 개발의 챔피언이 됩니다.","Feb 7, 2025",1458,0
2025-09-13,sbC64Cx5flQ,"코딩의 판이 바뀐다 - Prompt를 지배하는자, AI Agent 개발의 챔피언이 됩니다.","Feb 7, 2025",1458,0
2025-09-14,sbC64Cx5flQ,"코딩의 판이 바뀐다 - Prompt를 지배하는자, AI Agent 개발의 챔피언이 됩니다.","Feb 7, 2025",1458,0
2025-09-15,sbC64Cx5flQ,"코딩의 판이 바뀐다 - Prompt를 지배하는자, AI Agent 개발의 챔피언이 됩니다.","Feb 7, 2025",1458,0
2025-09-16,sbC64Cx5flQ,"코딩의 판이 바뀐다 - Prompt를 지배하는자, AI Agent 개발의 챔피언이 됩니다.","Feb 7, 2025",1458,0
2025-09-17,sbC64Cx5flQ,"코딩의 판이 바뀐다 - Prompt를 지배하는자, AI Agent 개발의 챔피언이 됩니다.","Feb 7, 2025",1458,0
2025-09-18,sbC64Cx5flQ,"코딩의 판이 바뀐다 - Prompt를 지배하는자, AI Agent 개발의 챔피언이 됩니다.","Feb 7, 2025",1458,0
2025-09-19,sbC64Cx5flQ,"코딩의 판이 바뀐다 - Prompt를 지배하는자, AI Agent 개발의 챔피언이 됩니다.","Feb 7, 2025",1458,0.01
2025-09-20,sbC64Cx5flQ,"코딩의 판이 바뀐다 - Prompt를 지배하는자, AI Agent 개발의 챔피언이 됩니다.","Feb 7, 2025",1458,0
2025-09-21,sbC64Cx5flQ,"코딩의 판이 바뀐다 - Prompt를 지배하는자, AI Agent 개발의 챔피언이 됩니다.","Feb 7, 2025",1458,0.0826
2025-09-22,sbC64Cx5flQ,"코딩의 판이 바뀐다 - Prompt를 지배하는자, AI Agent 개발의 챔피언이 됩니다.","Feb 7, 2025",1458,0
2025-09-23,sbC64Cx5flQ,"코딩의 판이 바뀐다 - Prompt를 지배하는자, AI Agent 개발의 챔피언이 됩니다.","Feb 7, 2025",1458,0
2025-09-24,sbC64Cx5flQ,"코딩의 판이 바뀐다 - Prompt를 지배하는자, AI Agent 개발의 챔피언이 됩니다.","Feb 7, 2025",1458,0
2025-09-25,sbC64Cx5flQ,"코딩의 판이 바뀐다 - Prompt를 지배하는자, AI Agent 개발의 챔피언이 됩니다.","Feb 7, 2025",1458,0
2025-09-26,sbC64Cx5flQ,"코딩의 판이 바뀐다 - Prompt를 지배하는자, AI Agent 개발의 챔피언이 됩니다.","Feb 7, 2025",1458,0
2025-09-27,sbC64Cx5flQ,"코딩의 판이 바뀐다 - Prompt를 지배하는자, AI Agent 개발의 챔피언이 됩니다.","Feb 7, 2025",1458,0.0062
2025-09-28,sbC64Cx5flQ,"코딩의 판이 바뀐다 - Prompt를 지배하는자, AI Agent 개발의 챔피언이 됩니다.","Feb 7, 2025",1458,0
2025-09-29,sbC64Cx5flQ,"코딩의 판이 바뀐다 - Prompt를 지배하는자, AI Agent 개발의 챔피언이 됩니다.","Feb 7, 2025",1458,0
2025-09-30,sbC64Cx5flQ,"코딩의 판이 바뀐다 - Prompt를 지배하는자, AI Agent 개발의 챔피언이 됩니다.","Feb 7, 2025",1458,0
2025-10-01,sbC64Cx5flQ,"코딩의 판이 바뀐다 - Prompt를 지배하는자, AI Agent 개발의 챔피언이 됩니다.","Feb 7, 2025",1458,0
2025-10-02,sbC64Cx5flQ,"코딩의 판이 바뀐다 - Prompt를 지배하는자, AI Agent 개발의 챔피언이 됩니다.","Feb 7, 2025",1458,0
2025-10-03,sbC64Cx5flQ,"코딩의 판이 바뀐다 - Prompt를 지배하는자, AI Agent 개발의 챔피언이 됩니다.","Feb 7, 2025",1458,0
2025-10-04,sbC64Cx5flQ,"코딩의 판이 바뀐다 - Prompt를 지배하는자, AI Agent 개발의 챔피언이 됩니다.","Feb 7, 2025",1458,0
2025-10-05,sbC64Cx5flQ,"코딩의 판이 바뀐다 - Prompt를 지배하는자, AI Agent 개발의 챔피언이 됩니다.","Feb 7, 2025",1458,0
2025-10-06,sbC64Cx5flQ,"코딩의 판이 바뀐다 - Prompt를 지배하는자, AI Agent 개발의 챔피언이 됩니다.","Feb 7, 2025",1458,0.099
2025-10-07,sbC64Cx5flQ,"코딩의 판이 바뀐다 - Prompt를 지배하는자, AI Agent 개발의 챔피언이 됩니다.","Feb 7, 2025",1458,0
2025-10-08,sbC64Cx5flQ,"코딩의 판이 바뀐다 - Prompt를 지배하는자, AI Agent 개발의 챔피언이 됩니다.","Feb 7, 2025",1458,0
2025-10-09,sbC64Cx5flQ,"코딩의 판이 바뀐다 - Prompt를 지배하는자, AI Agent 개발의 챔피언이 됩니다.","Feb 7, 2025",1458,0
2025-10-10,sbC64Cx5flQ,"코딩의 판이 바뀐다 - Prompt를 지배하는자, AI Agent 개발의 챔피언이 됩니다.","Feb 7, 2025",1458,0.0052
2025-10-11,sbC64Cx5flQ,"코딩의 판이 바뀐다 - Prompt를 지배하는자, AI Agent 개발의 챔피언이 됩니다.","Feb 7, 2025",1458,0
2025-10-12,sbC64Cx5flQ,"코딩의 판이 바뀐다 - Prompt를 지배하는자, AI Agent 개발의 챔피언이 됩니다.","Feb 7, 2025",1458,0.0043
2025-10-13,sbC64Cx5flQ,"코딩의 판이 바뀐다 - Prompt를 지배하는자, AI Agent 개발의 챔피언이 됩니다.","Feb 7, 2025",1458,0
2025-10-14,sbC64Cx5flQ,"코딩의 판이 바뀐다 - Prompt를 지배하는자, AI Agent 개발의 챔피언이 됩니다.","Feb 7, 2025",1458,0
2025-10-15,sbC64Cx5flQ,"코딩의 판이 바뀐다 - Prompt를 지배하는자, AI Agent 개발의 챔피언이 됩니다.","Feb 7, 2025",1458,0
2025-10-16,sbC64Cx5flQ,"코딩의 판이 바뀐다 - Prompt를 지배하는자, AI Agent 개발의 챔피언이 됩니다.","Feb 7, 2025",1458,0
2025-10-17,sbC64Cx5flQ,"코딩의 판이 바뀐다 - Prompt를 지배하는자, AI Agent 개발의 챔피언이 됩니다.","Feb 7, 2025",1458,0
2025-10-18,sbC64Cx5flQ,"코딩의 판이 바뀐다 - Prompt를 지배하는자, AI Agent 개발의 챔피언이 됩니다.","Feb 7, 2025",1458,0
2025-10-19,sbC64Cx5flQ,"코딩의 판이 바뀐다 - Prompt를 지배하는자, AI Agent 개발의 챔피언이 됩니다.","Feb 7, 2025",1458,0
2025-10-20,sbC64Cx5flQ,"코딩의 판이 바뀐다 - Prompt를 지배하는자, AI Agent 개발의 챔피언이 됩니다.","Feb 7, 2025",1458,0
2025-10-21,sbC64Cx5flQ,"코딩의 판이 바뀐다 - Prompt를 지배하는자, AI Agent 개발의 챔피언이 됩니다.","Feb 7, 2025",1458,0
2025-10-22,sbC64Cx5flQ,"코딩의 판이 바뀐다 - Prompt를 지배하는자, AI Agent 개발의 챔피언이 됩니다.","Feb 7, 2025",1458,0
2025-10-23,sbC64Cx5flQ,"코딩의 판이 바뀐다 - Prompt를 지배하는자, AI Agent 개발의 챔피언이 됩니다.","Feb 7, 2025",1458,0
2025-10-24,sbC64Cx5flQ,"코딩의 판이 바뀐다 - Prompt를 지배하는자, AI Agent 개발의 챔피언이 됩니다.","Feb 7, 2025",1458,0
2025-10-25,sbC64Cx5flQ,"코딩의 판이 바뀐다 - Prompt를 지배하는자, AI Agent 개발의 챔피언이 됩니다.","Feb 7, 2025",1458,0
2025-10-26,sbC64Cx5flQ,"코딩의 판이 바뀐다 - Prompt를 지배하는자, AI Agent 개발의 챔피언이 됩니다.","Feb 7, 2025",1458,0
2025-10-27,sbC64Cx5flQ,"코딩의 판이 바뀐다 - Prompt를 지배하는자, AI Agent 개발의 챔피언이 됩니다.","Feb 7, 2025",1458,0.0023
2025-10-28,sbC64Cx5flQ,"코딩의 판이 바뀐다 - Prompt를 지배하는자, AI Agent 개발의 챔피언이 됩니다.","Feb 7, 2025",1458,0
2025-10-29,sbC64Cx5flQ,"코딩의 판이 바뀐다 - Prompt를 지배하는자, AI Agent 개발의 챔피언이 됩니다.","Feb 7, 2025",1458,0
2025-10-30,sbC64Cx5flQ,"코딩의 판이 바뀐다 - Prompt를 지배하는자, AI Agent 개발의 챔피언이 됩니다.","Feb 7, 2025",1458,0
2025-10-31,sbC64Cx5flQ,"코딩의 판이 바뀐다 - Prompt를 지배하는자, AI Agent 개발의 챔피언이 됩니다.","Feb 7, 2025",1458,0
2025-11-01,sbC64Cx5flQ,"코딩의 판이 바뀐다 - Prompt를 지배하는자, AI Agent 개발의 챔피언이 됩니다.","Feb 7, 2025",1458,0
2025-11-02,sbC64Cx5flQ,"코딩의 판이 바뀐다 - Prompt를 지배하는자, AI Agent 개발의 챔피언이 됩니다.","Feb 7, 2025",1458,0
2025-11-03,sbC64Cx5flQ,"코딩의 판이 바뀐다 - Prompt를 지배하는자, AI Agent 개발의 챔피언이 됩니다.","Feb 7, 2025",1458,0
2025-11-04,sbC64Cx5flQ,"코딩의 판이 바뀐다 - Prompt를 지배하는자, AI Agent 개발의 챔피언이 됩니다.","Feb 7, 2025",1458,0.0278
2025-11-05,sbC64Cx5flQ,"코딩의 판이 바뀐다 - Prompt를 지배하는자, AI Agent 개발의 챔피언이 됩니다.","Feb 7, 2025",1458,0
2025-11-06,sbC64Cx5flQ,"코딩의 판이 바뀐다 - Prompt를 지배하는자, AI Agent 개발의 챔피언이 됩니다.","Feb 7, 2025",1458,0
2025-11-07,sbC64Cx5flQ,"코딩의 판이 바뀐다 - Prompt를 지배하는자, AI Agent 개발의 챔피언이 됩니다.","Feb 7, 2025",1458,0
2025-11-08,sbC64Cx5flQ,"코딩의 판이 바뀐다 - Prompt를 지배하는자, AI Agent 개발의 챔피언이 됩니다.","Feb 7, 2025",1458,0
2025-11-09,sbC64Cx5flQ,"코딩의 판이 바뀐다 - Prompt를 지배하는자, AI Agent 개발의 챔피언이 됩니다.","Feb 7, 2025",1458,0
2025-11-10,sbC64Cx5flQ,"코딩의 판이 바뀐다 - Prompt를 지배하는자, AI Agent 개발의 챔피언이 됩니다.","Feb 7, 2025",1458,0
2025-11-11,sbC64Cx5flQ,"코딩의 판이 바뀐다 - Prompt를 지배하는자, AI Agent 개발의 챔피언이 됩니다.","Feb 7, 2025",1458,0
2025-11-12,sbC64Cx5flQ,"코딩의 판이 바뀐다 - Prompt를 지배하는자, AI Agent 개발의 챔피언이 됩니다.","Feb 7, 2025",1458,0
2025-11-13,sbC64Cx5flQ,"코딩의 판이 바뀐다 - Prompt를 지배하는자, AI Agent 개발의 챔피언이 됩니다.","Feb 7, 2025",1458,0
2025-11-14,sbC64Cx5flQ,"코딩의 판이 바뀐다 - Prompt를 지배하는자, AI Agent 개발의 챔피언이 됩니다.","Feb 7, 2025",1458,0
2025-11-15,sbC64Cx5flQ,"코딩의 판이 바뀐다 - Prompt를 지배하는자, AI Agent 개발의 챔피언이 됩니다.","Feb 7, 2025",1458,0
2025-11-16,sbC64Cx5flQ,"코딩의 판이 바뀐다 - Prompt를 지배하는자, AI Agent 개발의 챔피언이 됩니다.","Feb 7, 2025",1458,0
2025-11-17,sbC64Cx5flQ,"코딩의 판이 바뀐다 - Prompt를 지배하는자, AI Agent 개발의 챔피언이 됩니다.","Feb 7, 2025",1458,0
2025-11-18,sbC64Cx5flQ,"코딩의 판이 바뀐다 - Prompt를 지배하는자, AI Agent 개발의 챔피언이 됩니다.","Feb 7, 2025",1458,0
2025-11-19,sbC64Cx5flQ,"코딩의 판이 바뀐다 - Prompt를 지배하는자, AI Agent 개발의 챔피언이 됩니다.","Feb 7, 2025",1458,0
2025-11-20,sbC64Cx5flQ,"코딩의 판이 바뀐다 - Prompt를 지배하는자, AI Agent 개발의 챔피언이 됩니다.","Feb 7, 2025",1458,0
2025-11-21,sbC64Cx5flQ,"코딩의 판이 바뀐다 - Prompt를 지배하는자, AI Agent 개발의 챔피언이 됩니다.","Feb 7, 2025",1458,0
2025-11-22,sbC64Cx5flQ,"코딩의 판이 바뀐다 - Prompt를 지배하는자, AI Agent 개발의 챔피언이 됩니다.","Feb 7, 2025",1458,0
2025-11-23,sbC64Cx5flQ,"코딩의 판이 바뀐다 - Prompt를 지배하는자, AI Agent 개발의 챔피언이 됩니다.","Feb 7, 2025",1458,0
2025-11-24,sbC64Cx5flQ,"코딩의 판이 바뀐다 - Prompt를 지배하는자, AI Agent 개발의 챔피언이 됩니다.","Feb 7, 2025",1458,0
2025-11-25,sbC64Cx5flQ,"코딩의 판이 바뀐다 - Prompt를 지배하는자, AI Agent 개발의 챔피언이 됩니다.","Feb 7, 2025",1458,0.0058
2025-11-26,sbC64Cx5flQ,"코딩의 판이 바뀐다 - Prompt를 지배하는자, AI Agent 개발의 챔피언이 됩니다.","Feb 7, 2025",1458,0
2025-11-27,sbC64Cx5flQ,"코딩의 판이 바뀐다 - Prompt를 지배하는자, AI Agent 개발의 챔피언이 됩니다.","Feb 7, 2025",1458,0
2025-11-28,sbC64Cx5flQ,"코딩의 판이 바뀐다 - Prompt를 지배하는자, AI Agent 개발의 챔피언이 됩니다.","Feb 7, 2025",1458,0
2025-11-29,sbC64Cx5flQ,"코딩의 판이 바뀐다 - Prompt를 지배하는자, AI Agent 개발의 챔피언이 됩니다.","Feb 7, 2025",1458,0.006
2025-11-30,sbC64Cx5flQ,"코딩의 판이 바뀐다 - Prompt를 지배하는자, AI Agent 개발의 챔피언이 됩니다.","Feb 7, 2025",1458,0
2025-12-01,sbC64Cx5flQ,"코딩의 판이 바뀐다 - Prompt를 지배하는자, AI Agent 개발의 챔피언이 됩니다.","Feb 7, 2025",1458,0
2025-12-02,sbC64Cx5flQ,"코딩의 판이 바뀐다 - Prompt를 지배하는자, AI Agent 개발의 챔피언이 됩니다.","Feb 7, 2025",1458,0
2025-12-03,sbC64Cx5flQ,"코딩의 판이 바뀐다 - Prompt를 지배하는자, AI Agent 개발의 챔피언이 됩니다.","Feb 7, 2025",1458,0
2025-12-04,sbC64Cx5flQ,"코딩의 판이 바뀐다 - Prompt를 지배하는자, AI Agent 개발의 챔피언이 됩니다.","Feb 7, 2025",1458,0
2025-12-05,sbC64Cx5flQ,"코딩의 판이 바뀐다 - Prompt를 지배하는자, AI Agent 개발의 챔피언이 됩니다.","Feb 7, 2025",1458,0
2025-12-06,sbC64Cx5flQ,"코딩의 판이 바뀐다 - Prompt를 지배하는자, AI Agent 개발의 챔피언이 됩니다.","Feb 7, 2025",1458,0.0085
2025-12-07,sbC64Cx5flQ,"코딩의 판이 바뀐다 - Prompt를 지배하는자, AI Agent 개발의 챔피언이 됩니다.","Feb 7, 2025",1458,0
2025-12-08,sbC64Cx5flQ,"코딩의 판이 바뀐다 - Prompt를 지배하는자, AI Agent 개발의 챔피언이 됩니다.","Feb 7, 2025",1458,0.0031
2025-12-09,sbC64Cx5flQ,"코딩의 판이 바뀐다 - Prompt를 지배하는자, AI Agent 개발의 챔피언이 됩니다.","Feb 7, 2025",1458,0.0174
2025-12-10,sbC64Cx5flQ,"코딩의 판이 바뀐다 - Prompt를 지배하는자, AI Agent 개발의 챔피언이 됩니다.","Feb 7, 2025",1458,0.0449
2025-12-11,sbC64Cx5flQ,"코딩의 판이 바뀐다 - Prompt를 지배하는자, AI Agent 개발의 챔피언이 됩니다.","Feb 7, 2025",1458,0
2025-12-12,sbC64Cx5flQ,"코딩의 판이 바뀐다 - Prompt를 지배하는자, AI Agent 개발의 챔피언이 됩니다.","Feb 7, 2025",1458,0
2025-12-13,sbC64Cx5flQ,"코딩의 판이 바뀐다 - Prompt를 지배하는자, AI Agent 개발의 챔피언이 됩니다.","Feb 7, 2025",1458,0
2025-12-14,sbC64Cx5flQ,"코딩의 판이 바뀐다 - Prompt를 지배하는자, AI Agent 개발의 챔피언이 됩니다.","Feb 7, 2025",1458,0
2025-12-15,sbC64Cx5flQ,"코딩의 판이 바뀐다 - Prompt를 지배하는자, AI Agent 개발의 챔피언이 됩니다.","Feb 7, 2025",1458,0
2025-12-16,sbC64Cx5flQ,"코딩의 판이 바뀐다 - Prompt를 지배하는자, AI Agent 개발의 챔피언이 됩니다.","Feb 7, 2025",1458,0
2025-12-17,sbC64Cx5flQ,"코딩의 판이 바뀐다 - Prompt를 지배하는자, AI Agent 개발의 챔피언이 됩니다.","Feb 7, 2025",1458,0.0005
2025-12-18,sbC64Cx5flQ,"코딩의 판이 바뀐다 - Prompt를 지배하는자, AI Agent 개발의 챔피언이 됩니다.","Feb 7, 2025",1458,0.0593
2025-12-19,sbC64Cx5flQ,"코딩의 판이 바뀐다 - Prompt를 지배하는자, AI Agent 개발의 챔피언이 됩니다.","Feb 7, 2025",1458,0
2025-12-20,sbC64Cx5flQ,"코딩의 판이 바뀐다 - Prompt를 지배하는자, AI Agent 개발의 챔피언이 됩니다.","Feb 7, 2025",1458,0.008
2025-12-21,sbC64Cx5flQ,"코딩의 판이 바뀐다 - Prompt를 지배하는자, AI Agent 개발의 챔피언이 됩니다.","Feb 7, 2025",1458,0
2025-12-22,sbC64Cx5flQ,"코딩의 판이 바뀐다 - Prompt를 지배하는자, AI Agent 개발의 챔피언이 됩니다.","Feb 7, 2025",1458,0
2025-12-23,sbC64Cx5flQ,"코딩의 판이 바뀐다 - Prompt를 지배하는자, AI Agent 개발의 챔피언이 됩니다.","Feb 7, 2025",1458,0
2025-12-24,sbC64Cx5flQ,"코딩의 판이 바뀐다 - Prompt를 지배하는자, AI Agent 개발의 챔피언이 됩니다.","Feb 7, 2025",1458,0
2025-12-25,sbC64Cx5flQ,"코딩의 판이 바뀐다 - Prompt를 지배하는자, AI Agent 개발의 챔피언이 됩니다.","Feb 7, 2025",1458,0
2025-12-26,sbC64Cx5flQ,"코딩의 판이 바뀐다 - Prompt를 지배하는자, AI Agent 개발의 챔피언이 됩니다.","Feb 7, 2025",1458,0
2025-12-27,sbC64Cx5flQ,"코딩의 판이 바뀐다 - Prompt를 지배하는자, AI Agent 개발의 챔피언이 됩니다.","Feb 7, 2025",1458,0
2025-12-28,sbC64Cx5flQ,"코딩의 판이 바뀐다 - Prompt를 지배하는자, AI Agent 개발의 챔피언이 됩니다.","Feb 7, 2025",1458,0
2025-12-29,sbC64Cx5flQ,"코딩의 판이 바뀐다 - Prompt를 지배하는자, AI Agent 개발의 챔피언이 됩니다.","Feb 7, 2025",1458,0
2025-12-30,sbC64Cx5flQ,"코딩의 판이 바뀐다 - Prompt를 지배하는자, AI Agent 개발의 챔피언이 됩니다.","Feb 7, 2025",1458,0
2025-12-31,sbC64Cx5flQ,"코딩의 판이 바뀐다 - Prompt를 지배하는자, AI Agent 개발의 챔피언이 됩니다.","Feb 7, 2025",1458,0
2026-01-01,sbC64Cx5flQ,"코딩의 판이 바뀐다 - Prompt를 지배하는자, AI Agent 개발의 챔피언이 됩니다.","Feb 7, 2025",1458,0
2026-01-02,sbC64Cx5flQ,"코딩의 판이 바뀐다 - Prompt를 지배하는자, AI Agent 개발의 챔피언이 됩니다.","Feb 7, 2025",1458,0
2026-01-03,sbC64Cx5flQ,"코딩의 판이 바뀐다 - Prompt를 지배하는자, AI Agent 개발의 챔피언이 됩니다.","Feb 7, 2025",1458,0.0011
2026-01-04,sbC64Cx5flQ,"코딩의 판이 바뀐다 - Prompt를 지배하는자, AI Agent 개발의 챔피언이 됩니다.","Feb 7, 2025",1458,0
2026-01-05,sbC64Cx5flQ,"코딩의 판이 바뀐다 - Prompt를 지배하는자, AI Agent 개발의 챔피언이 됩니다.","Feb 7, 2025",1458,0
2026-01-06,sbC64Cx5flQ,"코딩의 판이 바뀐다 - Prompt를 지배하는자, AI Agent 개발의 챔피언이 됩니다.","Feb 7, 2025",1458,0
2026-01-07,sbC64Cx5flQ,"코딩의 판이 바뀐다 - Prompt를 지배하는자, AI Agent 개발의 챔피언이 됩니다.","Feb 7, 2025",1458,0
2026-01-08,sbC64Cx5flQ,"코딩의 판이 바뀐다 - Prompt를 지배하는자, AI Agent 개발의 챔피언이 됩니다.","Feb 7, 2025",1458,0
2026-01-09,sbC64Cx5flQ,"코딩의 판이 바뀐다 - Prompt를 지배하는자, AI Agent 개발의 챔피언이 됩니다.","Feb 7, 2025",1458,0
2026-01-10,sbC64Cx5flQ,"코딩의 판이 바뀐다 - Prompt를 지배하는자, AI Agent 개발의 챔피언이 됩니다.","Feb 7, 2025",1458,0.0507
2026-01-11,sbC64Cx5flQ,"코딩의 판이 바뀐다 - Prompt를 지배하는자, AI Agent 개발의 챔피언이 됩니다.","Feb 7, 2025",1458,0.4029
2026-01-12,sbC64Cx5flQ,"코딩의 판이 바뀐다 - Prompt를 지배하는자, AI Agent 개발의 챔피언이 됩니다.","Feb 7, 2025",1458,0
2026-01-13,sbC64Cx5flQ,"코딩의 판이 바뀐다 - Prompt를 지배하는자, AI Agent 개발의 챔피언이 됩니다.","Feb 7, 2025",1458,0
2026-01-14,sbC64Cx5flQ,"코딩의 판이 바뀐다 - Prompt를 지배하는자, AI Agent 개발의 챔피언이 됩니다.","Feb 7, 2025",1458,0
2026-01-15,sbC64Cx5flQ,"코딩의 판이 바뀐다 - Prompt를 지배하는자, AI Agent 개발의 챔피언이 됩니다.","Feb 7, 2025",1458,0
2026-01-16,sbC64Cx5flQ,"코딩의 판이 바뀐다 - Prompt를 지배하는자, AI Agent 개발의 챔피언이 됩니다.","Feb 7, 2025",1458,0
2026-01-17,sbC64Cx5flQ,"코딩의 판이 바뀐다 - Prompt를 지배하는자, AI Agent 개발의 챔피언이 됩니다.","Feb 7, 2025",1458,0
2026-01-18,sbC64Cx5flQ,"코딩의 판이 바뀐다 - Prompt를 지배하는자, AI Agent 개발의 챔피언이 됩니다.","Feb 7, 2025",1458,0.0282
2026-01-19,sbC64Cx5flQ,"코딩의 판이 바뀐다 - Prompt를 지배하는자, AI Agent 개발의 챔피언이 됩니다.","Feb 7, 2025",1458,0.0053
2026-01-20,sbC64Cx5flQ,"코딩의 판이 바뀐다 - Prompt를 지배하는자, AI Agent 개발의 챔피언이 됩니다.","Feb 7, 2025",1458,0
2026-01-21,sbC64Cx5flQ,"코딩의 판이 바뀐다 - Prompt를 지배하는자, AI Agent 개발의 챔피언이 됩니다.","Feb 7, 2025",1458,0
2026-01-22,sbC64Cx5flQ,"코딩의 판이 바뀐다 - Prompt를 지배하는자, AI Agent 개발의 챔피언이 됩니다.","Feb 7, 2025",1458,0
2026-01-23,sbC64Cx5flQ,"코딩의 판이 바뀐다 - Prompt를 지배하는자, AI Agent 개발의 챔피언이 됩니다.","Feb 7, 2025",1458,0
2026-01-24,sbC64Cx5flQ,"코딩의 판이 바뀐다 - Prompt를 지배하는자, AI Agent 개발의 챔피언이 됩니다.","Feb 7, 2025",1458,0
2026-01-25,sbC64Cx5flQ,"코딩의 판이 바뀐다 - Prompt를 지배하는자, AI Agent 개발의 챔피언이 됩니다.","Feb 7, 2025",1458,0
2026-01-26,sbC64Cx5flQ,"코딩의 판이 바뀐다 - Prompt를 지배하는자, AI Agent 개발의 챔피언이 됩니다.","Feb 7, 2025",1458,0
2026-01-27,sbC64Cx5flQ,"코딩의 판이 바뀐다 - Prompt를 지배하는자, AI Agent 개발의 챔피언이 됩니다.","Feb 7, 2025",1458,0
2026-01-28,sbC64Cx5flQ,"코딩의 판이 바뀐다 - Prompt를 지배하는자, AI Agent 개발의 챔피언이 됩니다.","Feb 7, 2025",1458,0
2026-01-29,sbC64Cx5flQ,"코딩의 판이 바뀐다 - Prompt를 지배하는자, AI Agent 개발의 챔피언이 됩니다.","Feb 7, 2025",1458,0
2026-01-30,sbC64Cx5flQ,"코딩의 판이 바뀐다 - Prompt를 지배하는자, AI Agent 개발의 챔피언이 됩니다.","Feb 7, 2025",1458,0
2026-01-31,sbC64Cx5flQ,"코딩의 판이 바뀐다 - Prompt를 지배하는자, AI Agent 개발의 챔피언이 됩니다.","Feb 7, 2025",1458,0
2026-02-01,sbC64Cx5flQ,"코딩의 판이 바뀐다 - Prompt를 지배하는자, AI Agent 개발의 챔피언이 됩니다.","Feb 7, 2025",1458,0
2026-02-02,sbC64Cx5flQ,"코딩의 판이 바뀐다 - Prompt를 지배하는자, AI Agent 개발의 챔피언이 됩니다.","Feb 7, 2025",1458,0
2026-02-03,sbC64Cx5flQ,"코딩의 판이 바뀐다 - Prompt를 지배하는자, AI Agent 개발의 챔피언이 됩니다.","Feb 7, 2025",1458,0
2026-02-04,sbC64Cx5flQ,"코딩의 판이 바뀐다 - Prompt를 지배하는자, AI Agent 개발의 챔피언이 됩니다.","Feb 7, 2025",1458,0
2026-02-05,sbC64Cx5flQ,"코딩의 판이 바뀐다 - Prompt를 지배하는자, AI Agent 개발의 챔피언이 됩니다.","Feb 7, 2025",1458,0
2026-02-06,sbC64Cx5flQ,"코딩의 판이 바뀐다 - Prompt를 지배하는자, AI Agent 개발의 챔피언이 됩니다.","Feb 7, 2025",1458,0
2026-02-07,sbC64Cx5flQ,"코딩의 판이 바뀐다 - Prompt를 지배하는자, AI Agent 개발의 챔피언이 됩니다.","Feb 7, 2025",1458,0
2026-02-08,sbC64Cx5flQ,"코딩의 판이 바뀐다 - Prompt를 지배하는자, AI Agent 개발의 챔피언이 됩니다.","Feb 7, 2025",1458,0
2026-02-09,sbC64Cx5flQ,"코딩의 판이 바뀐다 - Prompt를 지배하는자, AI Agent 개발의 챔피언이 됩니다.","Feb 7, 2025",1458,0
2026-02-10,sbC64Cx5flQ,"코딩의 판이 바뀐다 - Prompt를 지배하는자, AI Agent 개발의 챔피언이 됩니다.","Feb 7, 2025",1458,0
2026-02-11,sbC64Cx5flQ,"코딩의 판이 바뀐다 - Prompt를 지배하는자, AI Agent 개발의 챔피언이 됩니다.","Feb 7, 2025",1458,0
2026-02-12,sbC64Cx5flQ,"코딩의 판이 바뀐다 - Prompt를 지배하는자, AI Agent 개발의 챔피언이 됩니다.","Feb 7, 2025",1458,0
2026-02-13,sbC64Cx5flQ,"코딩의 판이 바뀐다 - Prompt를 지배하는자, AI Agent 개발의 챔피언이 됩니다.","Feb 7, 2025",1458,0
2026-02-14,sbC64Cx5flQ,"코딩의 판이 바뀐다 - Prompt를 지배하는자, AI Agent 개발의 챔피언이 됩니다.","Feb 7, 2025",1458,0
2026-02-15,sbC64Cx5flQ,"코딩의 판이 바뀐다 - Prompt를 지배하는자, AI Agent 개발의 챔피언이 됩니다.","Feb 7, 2025",1458,0
2026-02-16,sbC64Cx5flQ,"코딩의 판이 바뀐다 - Prompt를 지배하는자, AI Agent 개발의 챔피언이 됩니다.","Feb 7, 2025",1458,0
2026-02-17,sbC64Cx5flQ,"코딩의 판이 바뀐다 - Prompt를 지배하는자, AI Agent 개발의 챔피언이 됩니다.","Feb 7, 2025",1458,0
2026-02-18,sbC64Cx5flQ,"코딩의 판이 바뀐다 - Prompt를 지배하는자, AI Agent 개발의 챔피언이 됩니다.","Feb 7, 2025",1458,0
2026-02-19,sbC64Cx5flQ,"코딩의 판이 바뀐다 - Prompt를 지배하는자, AI Agent 개발의 챔피언이 됩니다.","Feb 7, 2025",1458,0
2026-02-20,sbC64Cx5flQ,"코딩의 판이 바뀐다 - Prompt를 지배하는자, AI Agent 개발의 챔피언이 됩니다.","Feb 7, 2025",1458,0
2026-02-21,sbC64Cx5flQ,"코딩의 판이 바뀐다 - Prompt를 지배하는자, AI Agent 개발의 챔피언이 됩니다.","Feb 7, 2025",1458,0
2026-02-22,sbC64Cx5flQ,"코딩의 판이 바뀐다 - Prompt를 지배하는자, AI Agent 개발의 챔피언이 됩니다.","Feb 7, 2025",1458,0
2026-02-23,sbC64Cx5flQ,"코딩의 판이 바뀐다 - Prompt를 지배하는자, AI Agent 개발의 챔피언이 됩니다.","Feb 7, 2025",1458,0
2026-02-24,sbC64Cx5flQ,"코딩의 판이 바뀐다 - Prompt를 지배하는자, AI Agent 개발의 챔피언이 됩니다.","Feb 7, 2025",1458,0.0389
2026-02-25,sbC64Cx5flQ,"코딩의 판이 바뀐다 - Prompt를 지배하는자, AI Agent 개발의 챔피언이 됩니다.","Feb 7, 2025",1458,0.0066
2026-02-26,sbC64Cx5flQ,"코딩의 판이 바뀐다 - Prompt를 지배하는자, AI Agent 개발의 챔피언이 됩니다.","Feb 7, 2025",1458,0
2026-02-27,sbC64Cx5flQ,"코딩의 판이 바뀐다 - Prompt를 지배하는자, AI Agent 개발의 챔피언이 됩니다.","Feb 7, 2025",1458,0
2026-02-28,sbC64Cx5flQ,"코딩의 판이 바뀐다 - Prompt를 지배하는자, AI Agent 개발의 챔피언이 됩니다.","Feb 7, 2025",1458,0
2026-03-01,sbC64Cx5flQ,"코딩의 판이 바뀐다 - Prompt를 지배하는자, AI Agent 개발의 챔피언이 됩니다.","Feb 7, 2025",1458,0
2026-03-02,sbC64Cx5flQ,"코딩의 판이 바뀐다 - Prompt를 지배하는자, AI Agent 개발의 챔피언이 됩니다.","Feb 7, 2025",1458,0
2026-03-03,sbC64Cx5flQ,"코딩의 판이 바뀐다 - Prompt를 지배하는자, AI Agent 개발의 챔피언이 됩니다.","Feb 7, 2025",1458,0
2026-03-04,sbC64Cx5flQ,"코딩의 판이 바뀐다 - Prompt를 지배하는자, AI Agent 개발의 챔피언이 됩니다.","Feb 7, 2025",1458,0
2026-03-05,sbC64Cx5flQ,"코딩의 판이 바뀐다 - Prompt를 지배하는자, AI Agent 개발의 챔피언이 됩니다.","Feb 7, 2025",1458,0
2026-03-06,sbC64Cx5flQ,"코딩의 판이 바뀐다 - Prompt를 지배하는자, AI Agent 개발의 챔피언이 됩니다.","Feb 7, 2025",1458,0
2026-03-07,sbC64Cx5flQ,"코딩의 판이 바뀐다 - Prompt를 지배하는자, AI Agent 개발의 챔피언이 됩니다.","Feb 7, 2025",1458,0
2026-03-08,sbC64Cx5flQ,"코딩의 판이 바뀐다 - Prompt를 지배하는자, AI Agent 개발의 챔피언이 됩니다.","Feb 7, 2025",1458,0
2026-03-09,sbC64Cx5flQ,"코딩의 판이 바뀐다 - Prompt를 지배하는자, AI Agent 개발의 챔피언이 됩니다.","Feb 7, 2025",1458,0
2026-03-10,sbC64Cx5flQ,"코딩의 판이 바뀐다 - Prompt를 지배하는자, AI Agent 개발의 챔피언이 됩니다.","Feb 7, 2025",1458,0
2026-03-11,sbC64Cx5flQ,"코딩의 판이 바뀐다 - Prompt를 지배하는자, AI Agent 개발의 챔피언이 됩니다.","Feb 7, 2025",1458,0.0016
2026-03-12,sbC64Cx5flQ,"코딩의 판이 바뀐다 - Prompt를 지배하는자, AI Agent 개발의 챔피언이 됩니다.","Feb 7, 2025",1458,0.4057
2026-03-13,sbC64Cx5flQ,"코딩의 판이 바뀐다 - Prompt를 지배하는자, AI Agent 개발의 챔피언이 됩니다.","Feb 7, 2025",1458,0
2026-03-14,sbC64Cx5flQ,"코딩의 판이 바뀐다 - Prompt를 지배하는자, AI Agent 개발의 챔피언이 됩니다.","Feb 7, 2025",1458,0
2026-03-15,sbC64Cx5flQ,"코딩의 판이 바뀐다 - Prompt를 지배하는자, AI Agent 개발의 챔피언이 됩니다.","Feb 7, 2025",1458,0
2026-03-16,sbC64Cx5flQ,"코딩의 판이 바뀐다 - Prompt를 지배하는자, AI Agent 개발의 챔피언이 됩니다.","Feb 7, 2025",1458,0
2026-03-17,sbC64Cx5flQ,"코딩의 판이 바뀐다 - Prompt를 지배하는자, AI Agent 개발의 챔피언이 됩니다.","Feb 7, 2025",1458,0.0044
2026-03-18,sbC64Cx5flQ,"코딩의 판이 바뀐다 - Prompt를 지배하는자, AI Agent 개발의 챔피언이 됩니다.","Feb 7, 2025",1458,0
2026-03-19,sbC64Cx5flQ,"코딩의 판이 바뀐다 - Prompt를 지배하는자, AI Agent 개발의 챔피언이 됩니다.","Feb 7, 2025",1458,0
2026-03-20,sbC64Cx5flQ,"코딩의 판이 바뀐다 - Prompt를 지배하는자, AI Agent 개발의 챔피언이 됩니다.","Feb 7, 2025",1458,0.0244
2026-03-21,sbC64Cx5flQ,"코딩의 판이 바뀐다 - Prompt를 지배하는자, AI Agent 개발의 챔피언이 됩니다.","Feb 7, 2025",1458,0
2026-03-22,sbC64Cx5flQ,"코딩의 판이 바뀐다 - Prompt를 지배하는자, AI Agent 개발의 챔피언이 됩니다.","Feb 7, 2025",1458,0
2026-03-23,sbC64Cx5flQ,"코딩의 판이 바뀐다 - Prompt를 지배하는자, AI Agent 개발의 챔피언이 됩니다.","Feb 7, 2025",1458,0
2026-03-24,sbC64Cx5flQ,"코딩의 판이 바뀐다 - Prompt를 지배하는자, AI Agent 개발의 챔피언이 됩니다.","Feb 7, 2025",1458,0
2026-03-25,sbC64Cx5flQ,"코딩의 판이 바뀐다 - Prompt를 지배하는자, AI Agent 개발의 챔피언이 됩니다.","Feb 7, 2025",1458,0
2026-03-26,sbC64Cx5flQ,"코딩의 판이 바뀐다 - Prompt를 지배하는자, AI Agent 개발의 챔피언이 됩니다.","Feb 7, 2025",1458,0.4049
2026-03-27,sbC64Cx5flQ,"코딩의 판이 바뀐다 - Prompt를 지배하는자, AI Agent 개발의 챔피언이 됩니다.","Feb 7, 2025",1458,0
2026-03-28,sbC64Cx5flQ,"코딩의 판이 바뀐다 - Prompt를 지배하는자, AI Agent 개발의 챔피언이 됩니다.","Feb 7, 2025",1458,0
2026-03-29,sbC64Cx5flQ,"코딩의 판이 바뀐다 - Prompt를 지배하는자, AI Agent 개발의 챔피언이 됩니다.","Feb 7, 2025",1458,0
2026-03-30,sbC64Cx5flQ,"코딩의 판이 바뀐다 - Prompt를 지배하는자, AI Agent 개발의 챔피언이 됩니다.","Feb 7, 2025",1458,0
2026-03-31,sbC64Cx5flQ,"코딩의 판이 바뀐다 - Prompt를 지배하는자, AI Agent 개발의 챔피언이 됩니다.","Feb 7, 2025",1458,0
2026-04-01,sbC64Cx5flQ,"코딩의 판이 바뀐다 - Prompt를 지배하는자, AI Agent 개발의 챔피언이 됩니다.","Feb 7, 2025",1458,0
2026-04-02,sbC64Cx5flQ,"코딩의 판이 바뀐다 - Prompt를 지배하는자, AI Agent 개발의 챔피언이 됩니다.","Feb 7, 2025",1458,0
2026-04-03,sbC64Cx5flQ,"코딩의 판이 바뀐다 - Prompt를 지배하는자, AI Agent 개발의 챔피언이 됩니다.","Feb 7, 2025",1458,0
2026-04-04,sbC64Cx5flQ,"코딩의 판이 바뀐다 - Prompt를 지배하는자, AI Agent 개발의 챔피언이 됩니다.","Feb 7, 2025",1458,0
2026-04-05,sbC64Cx5flQ,"코딩의 판이 바뀐다 - Prompt를 지배하는자, AI Agent 개발의 챔피언이 됩니다.","Feb 7, 2025",1458,0
2026-04-06,sbC64Cx5flQ,"코딩의 판이 바뀐다 - Prompt를 지배하는자, AI Agent 개발의 챔피언이 됩니다.","Feb 7, 2025",1458,0
2026-04-07,sbC64Cx5flQ,"코딩의 판이 바뀐다 - Prompt를 지배하는자, AI Agent 개발의 챔피언이 됩니다.","Feb 7, 2025",1458,0
2026-04-08,sbC64Cx5flQ,"코딩의 판이 바뀐다 - Prompt를 지배하는자, AI Agent 개발의 챔피언이 됩니다.","Feb 7, 2025",1458,0
2026-04-09,sbC64Cx5flQ,"코딩의 판이 바뀐다 - Prompt를 지배하는자, AI Agent 개발의 챔피언이 됩니다.","Feb 7, 2025",1458,0
2026-04-10,sbC64Cx5flQ,"코딩의 판이 바뀐다 - Prompt를 지배하는자, AI Agent 개발의 챔피언이 됩니다.","Feb 7, 2025",1458,0
2026-04-11,sbC64Cx5flQ,"코딩의 판이 바뀐다 - Prompt를 지배하는자, AI Agent 개발의 챔피언이 됩니다.","Feb 7, 2025",1458,0
2026-04-12,sbC64Cx5flQ,"코딩의 판이 바뀐다 - Prompt를 지배하는자, AI Agent 개발의 챔피언이 됩니다.","Feb 7, 2025",1458,0
2026-04-13,sbC64Cx5flQ,"코딩의 판이 바뀐다 - Prompt를 지배하는자, AI Agent 개발의 챔피언이 됩니다.","Feb 7, 2025",1458,0
2026-04-14,sbC64Cx5flQ,"코딩의 판이 바뀐다 - Prompt를 지배하는자, AI Agent 개발의 챔피언이 됩니다.","Feb 7, 2025",1458,0
2026-04-15,sbC64Cx5flQ,"코딩의 판이 바뀐다 - Prompt를 지배하는자, AI Agent 개발의 챔피언이 됩니다.","Feb 7, 2025",1458,0
2026-04-16,sbC64Cx5flQ,"코딩의 판이 바뀐다 - Prompt를 지배하는자, AI Agent 개발의 챔피언이 됩니다.","Feb 7, 2025",1458,0
2026-04-17,sbC64Cx5flQ,"코딩의 판이 바뀐다 - Prompt를 지배하는자, AI Agent 개발의 챔피언이 됩니다.","Feb 7, 2025",1458,0
2026-04-18,sbC64Cx5flQ,"코딩의 판이 바뀐다 - Prompt를 지배하는자, AI Agent 개발의 챔피언이 됩니다.","Feb 7, 2025",1458,0
2026-04-19,sbC64Cx5flQ,"코딩의 판이 바뀐다 - Prompt를 지배하는자, AI Agent 개발의 챔피언이 됩니다.","Feb 7, 2025",1458,0
2026-04-20,sbC64Cx5flQ,"코딩의 판이 바뀐다 - Prompt를 지배하는자, AI Agent 개발의 챔피언이 됩니다.","Feb 7, 2025",1458,0
2026-04-21,sbC64Cx5flQ,"코딩의 판이 바뀐다 - Prompt를 지배하는자, AI Agent 개발의 챔피언이 됩니다.","Feb 7, 2025",1458,0
2026-04-22,sbC64Cx5flQ,"코딩의 판이 바뀐다 - Prompt를 지배하는자, AI Agent 개발의 챔피언이 됩니다.","Feb 7, 2025",1458,0
2026-04-23,sbC64Cx5flQ,"코딩의 판이 바뀐다 - Prompt를 지배하는자, AI Agent 개발의 챔피언이 됩니다.","Feb 7, 2025",1458,0
2026-04-24,sbC64Cx5flQ,"코딩의 판이 바뀐다 - Prompt를 지배하는자, AI Agent 개발의 챔피언이 됩니다.","Feb 7, 2025",1458,0
2026-04-25,sbC64Cx5flQ,"코딩의 판이 바뀐다 - Prompt를 지배하는자, AI Agent 개발의 챔피언이 됩니다.","Feb 7, 2025",1458,0
2026-04-26,sbC64Cx5flQ,"코딩의 판이 바뀐다 - Prompt를 지배하는자, AI Agent 개발의 챔피언이 됩니다.","Feb 7, 2025",1458,0
2026-04-27,sbC64Cx5flQ,"코딩의 판이 바뀐다 - Prompt를 지배하는자, AI Agent 개발의 챔피언이 됩니다.","Feb 7, 2025",1458,0
2026-04-28,sbC64Cx5flQ,"코딩의 판이 바뀐다 - Prompt를 지배하는자, AI Agent 개발의 챔피언이 됩니다.","Feb 7, 2025",1458,0
2026-04-29,sbC64Cx5flQ,"코딩의 판이 바뀐다 - Prompt를 지배하는자, AI Agent 개발의 챔피언이 됩니다.","Feb 7, 2025",1458,0
2026-04-30,sbC64Cx5flQ,"코딩의 판이 바뀐다 - Prompt를 지배하는자, AI Agent 개발의 챔피언이 됩니다.","Feb 7, 2025",1458,0
2026-05-01,sbC64Cx5flQ,"코딩의 판이 바뀐다 - Prompt를 지배하는자, AI Agent 개발의 챔피언이 됩니다.","Feb 7, 2025",1458,0
2026-05-02,sbC64Cx5flQ,"코딩의 판이 바뀐다 - Prompt를 지배하는자, AI Agent 개발의 챔피언이 됩니다.","Feb 7, 2025",1458,0
2026-05-03,sbC64Cx5flQ,"코딩의 판이 바뀐다 - Prompt를 지배하는자, AI Agent 개발의 챔피언이 됩니다.","Feb 7, 2025",1458,0
2026-05-04,sbC64Cx5flQ,"코딩의 판이 바뀐다 - Prompt를 지배하는자, AI Agent 개발의 챔피언이 됩니다.","Feb 7, 2025",1458,0
2026-05-05,sbC64Cx5flQ,"코딩의 판이 바뀐다 - Prompt를 지배하는자, AI Agent 개발의 챔피언이 됩니다.","Feb 7, 2025",1458,0
2026-05-06,sbC64Cx5flQ,"코딩의 판이 바뀐다 - Prompt를 지배하는자, AI Agent 개발의 챔피언이 됩니다.","Feb 7, 2025",1458,0
2026-05-07,sbC64Cx5flQ,"코딩의 판이 바뀐다 - Prompt를 지배하는자, AI Agent 개발의 챔피언이 됩니다.","Feb 7, 2025",1458,0
2026-05-08,sbC64Cx5flQ,"코딩의 판이 바뀐다 - Prompt를 지배하는자, AI Agent 개발의 챔피언이 됩니다.","Feb 7, 2025",1458,0
2026-05-09,sbC64Cx5flQ,"코딩의 판이 바뀐다 - Prompt를 지배하는자, AI Agent 개발의 챔피언이 됩니다.","Feb 7, 2025",1458,0
2026-05-10,sbC64Cx5flQ,"코딩의 판이 바뀐다 - Prompt를 지배하는자, AI Agent 개발의 챔피언이 됩니다.","Feb 7, 2025",1458,0
2026-05-11,sbC64Cx5flQ,"코딩의 판이 바뀐다 - Prompt를 지배하는자, AI Agent 개발의 챔피언이 됩니다.","Feb 7, 2025",1458,0
2026-05-12,sbC64Cx5flQ,"코딩의 판이 바뀐다 - Prompt를 지배하는자, AI Agent 개발의 챔피언이 됩니다.","Feb 7, 2025",1458,0
2026-05-13,sbC64Cx5flQ,"코딩의 판이 바뀐다 - Prompt를 지배하는자, AI Agent 개발의 챔피언이 됩니다.","Feb 7, 2025",1458,0
2026-05-14,sbC64Cx5flQ,"코딩의 판이 바뀐다 - Prompt를 지배하는자, AI Agent 개발의 챔피언이 됩니다.","Feb 7, 2025",1458,0
2026-05-15,sbC64Cx5flQ,"코딩의 판이 바뀐다 - Prompt를 지배하는자, AI Agent 개발의 챔피언이 됩니다.","Feb 7, 2025",1458,0
2026-05-16,sbC64Cx5flQ,"코딩의 판이 바뀐다 - Prompt를 지배하는자, AI Agent 개발의 챔피언이 됩니다.","Feb 7, 2025",1458,0
2026-05-17,sbC64Cx5flQ,"코딩의 판이 바뀐다 - Prompt를 지배하는자, AI Agent 개발의 챔피언이 됩니다.","Feb 7, 2025",1458,0
2026-05-18,sbC64Cx5flQ,"코딩의 판이 바뀐다 - Prompt를 지배하는자, AI Agent 개발의 챔피언이 됩니다.","Feb 7, 2025",1458,0
2026-05-19,sbC64Cx5flQ,"코딩의 판이 바뀐다 - Prompt를 지배하는자, AI Agent 개발의 챔피언이 됩니다.","Feb 7, 2025",1458,0
2026-05-20,sbC64Cx5flQ,"코딩의 판이 바뀐다 - Prompt를 지배하는자, AI Agent 개발의 챔피언이 됩니다.","Feb 7, 2025",1458,0
2026-05-21,sbC64Cx5flQ,"코딩의 판이 바뀐다 - Prompt를 지배하는자, AI Agent 개발의 챔피언이 됩니다.","Feb 7, 2025",1458,0.0185
2026-05-22,sbC64Cx5flQ,"코딩의 판이 바뀐다 - Prompt를 지배하는자, AI Agent 개발의 챔피언이 됩니다.","Feb 7, 2025",1458,0
2026-05-23,sbC64Cx5flQ,"코딩의 판이 바뀐다 - Prompt를 지배하는자, AI Agent 개발의 챔피언이 됩니다.","Feb 7, 2025",1458,0
2026-05-24,sbC64Cx5flQ,"코딩의 판이 바뀐다 - Prompt를 지배하는자, AI Agent 개발의 챔피언이 됩니다.","Feb 7, 2025",1458,0.0004
2026-05-25,sbC64Cx5flQ,"코딩의 판이 바뀐다 - Prompt를 지배하는자, AI Agent 개발의 챔피언이 됩니다.","Feb 7, 2025",1458,0.303
2026-05-26,sbC64Cx5flQ,"코딩의 판이 바뀐다 - Prompt를 지배하는자, AI Agent 개발의 챔피언이 됩니다.","Feb 7, 2025",1458,0.0009
2026-05-27,sbC64Cx5flQ,"코딩의 판이 바뀐다 - Prompt를 지배하는자, AI Agent 개발의 챔피언이 됩니다.","Feb 7, 2025",1458,0.0005
2026-05-28,sbC64Cx5flQ,"코딩의 판이 바뀐다 - Prompt를 지배하는자, AI Agent 개발의 챔피언이 됩니다.","Feb 7, 2025",1458,0
2026-05-29,sbC64Cx5flQ,"코딩의 판이 바뀐다 - Prompt를 지배하는자, AI Agent 개발의 챔피언이 됩니다.","Feb 7, 2025",1458,0
2026-05-30,sbC64Cx5flQ,"코딩의 판이 바뀐다 - Prompt를 지배하는자, AI Agent 개발의 챔피언이 됩니다.","Feb 7, 2025",1458,0
2026-05-31,sbC64Cx5flQ,"코딩의 판이 바뀐다 - Prompt를 지배하는자, AI Agent 개발의 챔피언이 됩니다.","Feb 7, 2025",1458,0
2026-06-01,sbC64Cx5flQ,"코딩의 판이 바뀐다 - Prompt를 지배하는자, AI Agent 개발의 챔피언이 됩니다.","Feb 7, 2025",1458,0
2026-06-02,sbC64Cx5flQ,"코딩의 판이 바뀐다 - Prompt를 지배하는자, AI Agent 개발의 챔피언이 됩니다.","Feb 7, 2025",1458,0
2026-06-03,sbC64Cx5flQ,"코딩의 판이 바뀐다 - Prompt를 지배하는자, AI Agent 개발의 챔피언이 됩니다.","Feb 7, 2025",1458,0
2026-06-04,sbC64Cx5flQ,"코딩의 판이 바뀐다 - Prompt를 지배하는자, AI Agent 개발의 챔피언이 됩니다.","Feb 7, 2025",1458,0.0011
2026-06-05,sbC64Cx5flQ,"코딩의 판이 바뀐다 - Prompt를 지배하는자, AI Agent 개발의 챔피언이 됩니다.","Feb 7, 2025",1458,0.0008
2026-06-06,sbC64Cx5flQ,"코딩의 판이 바뀐다 - Prompt를 지배하는자, AI Agent 개발의 챔피언이 됩니다.","Feb 7, 2025",1458,0
2026-06-07,sbC64Cx5flQ,"코딩의 판이 바뀐다 - Prompt를 지배하는자, AI Agent 개발의 챔피언이 됩니다.","Feb 7, 2025",1458,0
2026-06-08,sbC64Cx5flQ,"코딩의 판이 바뀐다 - Prompt를 지배하는자, AI Agent 개발의 챔피언이 됩니다.","Feb 7, 2025",1458,0
2026-06-09,sbC64Cx5flQ,"코딩의 판이 바뀐다 - Prompt를 지배하는자, AI Agent 개발의 챔피언이 됩니다.","Feb 7, 2025",1458,0
2026-06-10,sbC64Cx5flQ,"코딩의 판이 바뀐다 - Prompt를 지배하는자, AI Agent 개발의 챔피언이 됩니다.","Feb 7, 2025",1458,0
2026-06-11,sbC64Cx5flQ,"코딩의 판이 바뀐다 - Prompt를 지배하는자, AI Agent 개발의 챔피언이 됩니다.","Feb 7, 2025",1458,0
2026-06-12,sbC64Cx5flQ,"코딩의 판이 바뀐다 - Prompt를 지배하는자, AI Agent 개발의 챔피언이 됩니다.","Feb 7, 2025",1458,0
2026-06-13,sbC64Cx5flQ,"코딩의 판이 바뀐다 - Prompt를 지배하는자, AI Agent 개발의 챔피언이 됩니다.","Feb 7, 2025",1458,0
2026-06-14,sbC64Cx5flQ,"코딩의 판이 바뀐다 - Prompt를 지배하는자, AI Agent 개발의 챔피언이 됩니다.","Feb 7, 2025",1458,0
2026-06-15,sbC64Cx5flQ,"코딩의 판이 바뀐다 - Prompt를 지배하는자, AI Agent 개발의 챔피언이 됩니다.","Feb 7, 2025",1458,0
2026-06-16,sbC64Cx5flQ,"코딩의 판이 바뀐다 - Prompt를 지배하는자, AI Agent 개발의 챔피언이 됩니다.","Feb 7, 2025",1458,0
2026-06-17,sbC64Cx5flQ,"코딩의 판이 바뀐다 - Prompt를 지배하는자, AI Agent 개발의 챔피언이 됩니다.","Feb 7, 2025",1458,0
2026-06-18,sbC64Cx5flQ,"코딩의 판이 바뀐다 - Prompt를 지배하는자, AI Agent 개발의 챔피언이 됩니다.","Feb 7, 2025",1458,0
2026-06-19,sbC64Cx5flQ,"코딩의 판이 바뀐다 - Prompt를 지배하는자, AI Agent 개발의 챔피언이 됩니다.","Feb 7, 2025",1458,0
2026-06-20,sbC64Cx5flQ,"코딩의 판이 바뀐다 - Prompt를 지배하는자, AI Agent 개발의 챔피언이 됩니다.","Feb 7, 2025",1458,0
2026-06-21,sbC64Cx5flQ,"코딩의 판이 바뀐다 - Prompt를 지배하는자, AI Agent 개발의 챔피언이 됩니다.","Feb 7, 2025",1458,0
2026-06-22,sbC64Cx5flQ,"코딩의 판이 바뀐다 - Prompt를 지배하는자, AI Agent 개발의 챔피언이 됩니다.","Feb 7, 2025",1458,0
2026-06-23,sbC64Cx5flQ,"코딩의 판이 바뀐다 - Prompt를 지배하는자, AI Agent 개발의 챔피언이 됩니다.","Feb 7, 2025",1458,0
2023-03-15,scG3agQQ79E,Cursor AI 와 Github Copilot 비교해 봤습니다 - 남들은 Cursor AI 가 더 좋다고 하던데 저는...,"May 20, 2025",1545,0
2023-03-16,scG3agQQ79E,Cursor AI 와 Github Copilot 비교해 봤습니다 - 남들은 Cursor AI 가 더 좋다고 하던데 저는...,"May 20, 2025",1545,0
2023-03-17,scG3agQQ79E,Cursor AI 와 Github Copilot 비교해 봤습니다 - 남들은 Cursor AI 가 더 좋다고 하던데 저는...,"May 20, 2025",1545,0
2023-03-18,scG3agQQ79E,Cursor AI 와 Github Copilot 비교해 봤습니다 - 남들은 Cursor AI 가 더 좋다고 하던데 저는...,"May 20, 2025",1545,0
2023-03-19,scG3agQQ79E,Cursor AI 와 Github Copilot 비교해 봤습니다 - 남들은 Cursor AI 가 더 좋다고 하던데 저는...,"May 20, 2025",1545,0
2023-03-20,scG3agQQ79E,Cursor AI 와 Github Copilot 비교해 봤습니다 - 남들은 Cursor AI 가 더 좋다고 하던데 저는...,"May 20, 2025",1545,0
2023-03-21,scG3agQQ79E,Cursor AI 와 Github Copilot 비교해 봤습니다 - 남들은 Cursor AI 가 더 좋다고 하던데 저는...,"May 20, 2025",1545,0
2023-03-22,scG3agQQ79E,Cursor AI 와 Github Copilot 비교해 봤습니다 - 남들은 Cursor AI 가 더 좋다고 하던데 저는...,"May 20, 2025",1545,0
2023-03-23,scG3agQQ79E,Cursor AI 와 Github Copilot 비교해 봤습니다 - 남들은 Cursor AI 가 더 좋다고 하던데 저는...,"May 20, 2025",1545,0
2023-03-24,scG3agQQ79E,Cursor AI 와 Github Copilot 비교해 봤습니다 - 남들은 Cursor AI 가 더 좋다고 하던데 저는...,"May 20, 2025",1545,0
2023-03-25,scG3agQQ79E,Cursor AI 와 Github Copilot 비교해 봤습니다 - 남들은 Cursor AI 가 더 좋다고 하던데 저는...,"May 20, 2025",1545,0
2023-03-26,scG3agQQ79E,Cursor AI 와 Github Copilot 비교해 봤습니다 - 남들은 Cursor AI 가 더 좋다고 하던데 저는...,"May 20, 2025",1545,0
2023-03-27,scG3agQQ79E,Cursor AI 와 Github Copilot 비교해 봤습니다 - 남들은 Cursor AI 가 더 좋다고 하던데 저는...,"May 20, 2025",1545,0
2023-03-28,scG3agQQ79E,Cursor AI 와 Github Copilot 비교해 봤습니다 - 남들은 Cursor AI 가 더 좋다고 하던데 저는...,"May 20, 2025",1545,0
2023-03-29,scG3agQQ79E,Cursor AI 와 Github Copilot 비교해 봤습니다 - 남들은 Cursor AI 가 더 좋다고 하던데 저는...,"May 20, 2025",1545,0
2023-03-30,scG3agQQ79E,Cursor AI 와 Github Copilot 비교해 봤습니다 - 남들은 Cursor AI 가 더 좋다고 하던데 저는...,"May 20, 2025",1545,0
2023-03-31,scG3agQQ79E,Cursor AI 와 Github Copilot 비교해 봤습니다 - 남들은 Cursor AI 가 더 좋다고 하던데 저는...,"May 20, 2025",1545,0
2023-04-01,scG3agQQ79E,Cursor AI 와 Github Copilot 비교해 봤습니다 - 남들은 Cursor AI 가 더 좋다고 하던데 저는...,"May 20, 2025",1545,0
2023-04-02,scG3agQQ79E,Cursor AI 와 Github Copilot 비교해 봤습니다 - 남들은 Cursor AI 가 더 좋다고 하던데 저는...,"May 20, 2025",1545,0
2023-04-03,scG3agQQ79E,Cursor AI 와 Github Copilot 비교해 봤습니다 - 남들은 Cursor AI 가 더 좋다고 하던데 저는...,"May 20, 2025",1545,0
2023-04-04,scG3agQQ79E,Cursor AI 와 Github Copilot 비교해 봤습니다 - 남들은 Cursor AI 가 더 좋다고 하던데 저는...,"May 20, 2025",1545,0
2023-04-05,scG3agQQ79E,Cursor AI 와 Github Copilot 비교해 봤습니다 - 남들은 Cursor AI 가 더 좋다고 하던데 저는...,"May 20, 2025",1545,0
2023-04-06,scG3agQQ79E,Cursor AI 와 Github Copilot 비교해 봤습니다 - 남들은 Cursor AI 가 더 좋다고 하던데 저는...,"May 20, 2025",1545,0
2023-04-07,scG3agQQ79E,Cursor AI 와 Github Copilot 비교해 봤습니다 - 남들은 Cursor AI 가 더 좋다고 하던데 저는...,"May 20, 2025",1545,0
2023-04-08,scG3agQQ79E,Cursor AI 와 Github Copilot 비교해 봤습니다 - 남들은 Cursor AI 가 더 좋다고 하던데 저는...,"May 20, 2025",1545,0
2023-04-09,scG3agQQ79E,Cursor AI 와 Github Copilot 비교해 봤습니다 - 남들은 Cursor AI 가 더 좋다고 하던데 저는...,"May 20, 2025",1545,0
2023-04-10,scG3agQQ79E,Cursor AI 와 Github Copilot 비교해 봤습니다 - 남들은 Cursor AI 가 더 좋다고 하던데 저는...,"May 20, 2025",1545,0
2023-04-11,scG3agQQ79E,Cursor AI 와 Github Copilot 비교해 봤습니다 - 남들은 Cursor AI 가 더 좋다고 하던데 저는...,"May 20, 2025",1545,0
2023-04-12,scG3agQQ79E,Cursor AI 와 Github Copilot 비교해 봤습니다 - 남들은 Cursor AI 가 더 좋다고 하던데 저는...,"May 20, 2025",1545,0
2023-04-13,scG3agQQ79E,Cursor AI 와 Github Copilot 비교해 봤습니다 - 남들은 Cursor AI 가 더 좋다고 하던데 저는...,"May 20, 2025",1545,0
2023-04-14,scG3agQQ79E,Cursor AI 와 Github Copilot 비교해 봤습니다 - 남들은 Cursor AI 가 더 좋다고 하던데 저는...,"May 20, 2025",1545,0
2023-04-15,scG3agQQ79E,Cursor AI 와 Github Copilot 비교해 봤습니다 - 남들은 Cursor AI 가 더 좋다고 하던데 저는...,"May 20, 2025",1545,0
2023-04-16,scG3agQQ79E,Cursor AI 와 Github Copilot 비교해 봤습니다 - 남들은 Cursor AI 가 더 좋다고 하던데 저는...,"May 20, 2025",1545,0
2023-04-17,scG3agQQ79E,Cursor AI 와 Github Copilot 비교해 봤습니다 - 남들은 Cursor AI 가 더 좋다고 하던데 저는...,"May 20, 2025",1545,0
2023-04-18,scG3agQQ79E,Cursor AI 와 Github Copilot 비교해 봤습니다 - 남들은 Cursor AI 가 더 좋다고 하던데 저는...,"May 20, 2025",1545,0
2023-04-19,scG3agQQ79E,Cursor AI 와 Github Copilot 비교해 봤습니다 - 남들은 Cursor AI 가 더 좋다고 하던데 저는...,"May 20, 2025",1545,0
2023-04-20,scG3agQQ79E,Cursor AI 와 Github Copilot 비교해 봤습니다 - 남들은 Cursor AI 가 더 좋다고 하던데 저는...,"May 20, 2025",1545,0
2023-04-21,scG3agQQ79E,Cursor AI 와 Github Copilot 비교해 봤습니다 - 남들은 Cursor AI 가 더 좋다고 하던데 저는...,"May 20, 2025",1545,0
2023-04-22,scG3agQQ79E,Cursor AI 와 Github Copilot 비교해 봤습니다 - 남들은 Cursor AI 가 더 좋다고 하던데 저는...,"May 20, 2025",1545,0
2023-04-23,scG3agQQ79E,Cursor AI 와 Github Copilot 비교해 봤습니다 - 남들은 Cursor AI 가 더 좋다고 하던데 저는...,"May 20, 2025",1545,0
2023-04-24,scG3agQQ79E,Cursor AI 와 Github Copilot 비교해 봤습니다 - 남들은 Cursor AI 가 더 좋다고 하던데 저는...,"May 20, 2025",1545,0
2023-04-25,scG3agQQ79E,Cursor AI 와 Github Copilot 비교해 봤습니다 - 남들은 Cursor AI 가 더 좋다고 하던데 저는...,"May 20, 2025",1545,0
2023-04-26,scG3agQQ79E,Cursor AI 와 Github Copilot 비교해 봤습니다 - 남들은 Cursor AI 가 더 좋다고 하던데 저는...,"May 20, 2025",1545,0
2023-04-27,scG3agQQ79E,Cursor AI 와 Github Copilot 비교해 봤습니다 - 남들은 Cursor AI 가 더 좋다고 하던데 저는...,"May 20, 2025",1545,0
2023-04-28,scG3agQQ79E,Cursor AI 와 Github Copilot 비교해 봤습니다 - 남들은 Cursor AI 가 더 좋다고 하던데 저는...,"May 20, 2025",1545,0
2023-04-29,scG3agQQ79E,Cursor AI 와 Github Copilot 비교해 봤습니다 - 남들은 Cursor AI 가 더 좋다고 하던데 저는...,"May 20, 2025",1545,0
2023-04-30,scG3agQQ79E,Cursor AI 와 Github Copilot 비교해 봤습니다 - 남들은 Cursor AI 가 더 좋다고 하던데 저는...,"May 20, 2025",1545,0
2023-05-01,scG3agQQ79E,Cursor AI 와 Github Copilot 비교해 봤습니다 - 남들은 Cursor AI 가 더 좋다고 하던데 저는...,"May 20, 2025",1545,0
2023-05-02,scG3agQQ79E,Cursor AI 와 Github Copilot 비교해 봤습니다 - 남들은 Cursor AI 가 더 좋다고 하던데 저는...,"May 20, 2025",1545,0
2023-05-03,scG3agQQ79E,Cursor AI 와 Github Copilot 비교해 봤습니다 - 남들은 Cursor AI 가 더 좋다고 하던데 저는...,"May 20, 2025",1545,0
2023-05-04,scG3agQQ79E,Cursor AI 와 Github Copilot 비교해 봤습니다 - 남들은 Cursor AI 가 더 좋다고 하던데 저는...,"May 20, 2025",1545,0
2023-05-05,scG3agQQ79E,Cursor AI 와 Github Copilot 비교해 봤습니다 - 남들은 Cursor AI 가 더 좋다고 하던데 저는...,"May 20, 2025",1545,0
2023-05-06,scG3agQQ79E,Cursor AI 와 Github Copilot 비교해 봤습니다 - 남들은 Cursor AI 가 더 좋다고 하던데 저는...,"May 20, 2025",1545,0
2023-05-07,scG3agQQ79E,Cursor AI 와 Github Copilot 비교해 봤습니다 - 남들은 Cursor AI 가 더 좋다고 하던데 저는...,"May 20, 2025",1545,0
2023-05-08,scG3agQQ79E,Cursor AI 와 Github Copilot 비교해 봤습니다 - 남들은 Cursor AI 가 더 좋다고 하던데 저는...,"May 20, 2025",1545,0
2023-05-09,scG3agQQ79E,Cursor AI 와 Github Copilot 비교해 봤습니다 - 남들은 Cursor AI 가 더 좋다고 하던데 저는...,"May 20, 2025",1545,0
2023-05-10,scG3agQQ79E,Cursor AI 와 Github Copilot 비교해 봤습니다 - 남들은 Cursor AI 가 더 좋다고 하던데 저는...,"May 20, 2025",1545,0
2023-05-11,scG3agQQ79E,Cursor AI 와 Github Copilot 비교해 봤습니다 - 남들은 Cursor AI 가 더 좋다고 하던데 저는...,"May 20, 2025",1545,0
2023-05-12,scG3agQQ79E,Cursor AI 와 Github Copilot 비교해 봤습니다 - 남들은 Cursor AI 가 더 좋다고 하던데 저는...,"May 20, 2025",1545,0
2023-05-13,scG3agQQ79E,Cursor AI 와 Github Copilot 비교해 봤습니다 - 남들은 Cursor AI 가 더 좋다고 하던데 저는...,"May 20, 2025",1545,0
2023-05-14,scG3agQQ79E,Cursor AI 와 Github Copilot 비교해 봤습니다 - 남들은 Cursor AI 가 더 좋다고 하던데 저는...,"May 20, 2025",1545,0
2023-05-15,scG3agQQ79E,Cursor AI 와 Github Copilot 비교해 봤습니다 - 남들은 Cursor AI 가 더 좋다고 하던데 저는...,"May 20, 2025",1545,0
2023-05-16,scG3agQQ79E,Cursor AI 와 Github Copilot 비교해 봤습니다 - 남들은 Cursor AI 가 더 좋다고 하던데 저는...,"May 20, 2025",1545,0
2023-05-17,scG3agQQ79E,Cursor AI 와 Github Copilot 비교해 봤습니다 - 남들은 Cursor AI 가 더 좋다고 하던데 저는...,"May 20, 2025",1545,0
2023-05-18,scG3agQQ79E,Cursor AI 와 Github Copilot 비교해 봤습니다 - 남들은 Cursor AI 가 더 좋다고 하던데 저는...,"May 20, 2025",1545,0
2023-05-19,scG3agQQ79E,Cursor AI 와 Github Copilot 비교해 봤습니다 - 남들은 Cursor AI 가 더 좋다고 하던데 저는...,"May 20, 2025",1545,0
2023-05-20,scG3agQQ79E,Cursor AI 와 Github Copilot 비교해 봤습니다 - 남들은 Cursor AI 가 더 좋다고 하던데 저는...,"May 20, 2025",1545,0
2023-05-21,scG3agQQ79E,Cursor AI 와 Github Copilot 비교해 봤습니다 - 남들은 Cursor AI 가 더 좋다고 하던데 저는...,"May 20, 2025",1545,0
2023-05-22,scG3agQQ79E,Cursor AI 와 Github Copilot 비교해 봤습니다 - 남들은 Cursor AI 가 더 좋다고 하던데 저는...,"May 20, 2025",1545,0
2023-05-23,scG3agQQ79E,Cursor AI 와 Github Copilot 비교해 봤습니다 - 남들은 Cursor AI 가 더 좋다고 하던데 저는...,"May 20, 2025",1545,0
2023-05-24,scG3agQQ79E,Cursor AI 와 Github Copilot 비교해 봤습니다 - 남들은 Cursor AI 가 더 좋다고 하던데 저는...,"May 20, 2025",1545,0
2023-05-25,scG3agQQ79E,Cursor AI 와 Github Copilot 비교해 봤습니다 - 남들은 Cursor AI 가 더 좋다고 하던데 저는...,"May 20, 2025",1545,0
2023-05-26,scG3agQQ79E,Cursor AI 와 Github Copilot 비교해 봤습니다 - 남들은 Cursor AI 가 더 좋다고 하던데 저는...,"May 20, 2025",1545,0
2023-05-27,scG3agQQ79E,Cursor AI 와 Github Copilot 비교해 봤습니다 - 남들은 Cursor AI 가 더 좋다고 하던데 저는...,"May 20, 2025",1545,0
2023-05-28,scG3agQQ79E,Cursor AI 와 Github Copilot 비교해 봤습니다 - 남들은 Cursor AI 가 더 좋다고 하던데 저는...,"May 20, 2025",1545,0
2023-05-29,scG3agQQ79E,Cursor AI 와 Github Copilot 비교해 봤습니다 - 남들은 Cursor AI 가 더 좋다고 하던데 저는...,"May 20, 2025",1545,0
2023-05-30,scG3agQQ79E,Cursor AI 와 Github Copilot 비교해 봤습니다 - 남들은 Cursor AI 가 더 좋다고 하던데 저는...,"May 20, 2025",1545,0
2023-05-31,scG3agQQ79E,Cursor AI 와 Github Copilot 비교해 봤습니다 - 남들은 Cursor AI 가 더 좋다고 하던데 저는...,"May 20, 2025",1545,0
2023-06-01,scG3agQQ79E,Cursor AI 와 Github Copilot 비교해 봤습니다 - 남들은 Cursor AI 가 더 좋다고 하던데 저는...,"May 20, 2025",1545,0
2023-06-02,scG3agQQ79E,Cursor AI 와 Github Copilot 비교해 봤습니다 - 남들은 Cursor AI 가 더 좋다고 하던데 저는...,"May 20, 2025",1545,0
2023-06-03,scG3agQQ79E,Cursor AI 와 Github Copilot 비교해 봤습니다 - 남들은 Cursor AI 가 더 좋다고 하던데 저는...,"May 20, 2025",1545,0
2023-06-04,scG3agQQ79E,Cursor AI 와 Github Copilot 비교해 봤습니다 - 남들은 Cursor AI 가 더 좋다고 하던데 저는...,"May 20, 2025",1545,0
2023-06-05,scG3agQQ79E,Cursor AI 와 Github Copilot 비교해 봤습니다 - 남들은 Cursor AI 가 더 좋다고 하던데 저는...,"May 20, 2025",1545,0
2023-06-06,scG3agQQ79E,Cursor AI 와 Github Copilot 비교해 봤습니다 - 남들은 Cursor AI 가 더 좋다고 하던데 저는...,"May 20, 2025",1545,0
2023-06-07,scG3agQQ79E,Cursor AI 와 Github Copilot 비교해 봤습니다 - 남들은 Cursor AI 가 더 좋다고 하던데 저는...,"May 20, 2025",1545,0
2023-06-08,scG3agQQ79E,Cursor AI 와 Github Copilot 비교해 봤습니다 - 남들은 Cursor AI 가 더 좋다고 하던데 저는...,"May 20, 2025",1545,0
2023-06-09,scG3agQQ79E,Cursor AI 와 Github Copilot 비교해 봤습니다 - 남들은 Cursor AI 가 더 좋다고 하던데 저는...,"May 20, 2025",1545,0
2023-06-10,scG3agQQ79E,Cursor AI 와 Github Copilot 비교해 봤습니다 - 남들은 Cursor AI 가 더 좋다고 하던데 저는...,"May 20, 2025",1545,0
2023-06-11,scG3agQQ79E,Cursor AI 와 Github Copilot 비교해 봤습니다 - 남들은 Cursor AI 가 더 좋다고 하던데 저는...,"May 20, 2025",1545,0
2023-06-12,scG3agQQ79E,Cursor AI 와 Github Copilot 비교해 봤습니다 - 남들은 Cursor AI 가 더 좋다고 하던데 저는...,"May 20, 2025",1545,0
2023-06-13,scG3agQQ79E,Cursor AI 와 Github Copilot 비교해 봤습니다 - 남들은 Cursor AI 가 더 좋다고 하던데 저는...,"May 20, 2025",1545,0
2023-06-14,scG3agQQ79E,Cursor AI 와 Github Copilot 비교해 봤습니다 - 남들은 Cursor AI 가 더 좋다고 하던데 저는...,"May 20, 2025",1545,0
2023-06-15,scG3agQQ79E,Cursor AI 와 Github Copilot 비교해 봤습니다 - 남들은 Cursor AI 가 더 좋다고 하던데 저는...,"May 20, 2025",1545,0
2023-06-16,scG3agQQ79E,Cursor AI 와 Github Copilot 비교해 봤습니다 - 남들은 Cursor AI 가 더 좋다고 하던데 저는...,"May 20, 2025",1545,0
2023-06-17,scG3agQQ79E,Cursor AI 와 Github Copilot 비교해 봤습니다 - 남들은 Cursor AI 가 더 좋다고 하던데 저는...,"May 20, 2025",1545,0
2023-06-18,scG3agQQ79E,Cursor AI 와 Github Copilot 비교해 봤습니다 - 남들은 Cursor AI 가 더 좋다고 하던데 저는...,"May 20, 2025",1545,0
2023-06-19,scG3agQQ79E,Cursor AI 와 Github Copilot 비교해 봤습니다 - 남들은 Cursor AI 가 더 좋다고 하던데 저는...,"May 20, 2025",1545,0
2023-06-20,scG3agQQ79E,Cursor AI 와 Github Copilot 비교해 봤습니다 - 남들은 Cursor AI 가 더 좋다고 하던데 저는...,"May 20, 2025",1545,0
2023-06-21,scG3agQQ79E,Cursor AI 와 Github Copilot 비교해 봤습니다 - 남들은 Cursor AI 가 더 좋다고 하던데 저는...,"May 20, 2025",1545,0
2023-06-22,scG3agQQ79E,Cursor AI 와 Github Copilot 비교해 봤습니다 - 남들은 Cursor AI 가 더 좋다고 하던데 저는...,"May 20, 2025",1545,0
2023-06-23,scG3agQQ79E,Cursor AI 와 Github Copilot 비교해 봤습니다 - 남들은 Cursor AI 가 더 좋다고 하던데 저는...,"May 20, 2025",1545,0
2023-06-24,scG3agQQ79E,Cursor AI 와 Github Copilot 비교해 봤습니다 - 남들은 Cursor AI 가 더 좋다고 하던데 저는...,"May 20, 2025",1545,0
2023-06-25,scG3agQQ79E,Cursor AI 와 Github Copilot 비교해 봤습니다 - 남들은 Cursor AI 가 더 좋다고 하던데 저는...,"May 20, 2025",1545,0
2023-06-26,scG3agQQ79E,Cursor AI 와 Github Copilot 비교해 봤습니다 - 남들은 Cursor AI 가 더 좋다고 하던데 저는...,"May 20, 2025",1545,0
2023-06-27,scG3agQQ79E,Cursor AI 와 Github Copilot 비교해 봤습니다 - 남들은 Cursor AI 가 더 좋다고 하던데 저는...,"May 20, 2025",1545,0
2023-06-28,scG3agQQ79E,Cursor AI 와 Github Copilot 비교해 봤습니다 - 남들은 Cursor AI 가 더 좋다고 하던데 저는...,"May 20, 2025",1545,0
2023-06-29,scG3agQQ79E,Cursor AI 와 Github Copilot 비교해 봤습니다 - 남들은 Cursor AI 가 더 좋다고 하던데 저는...,"May 20, 2025",1545,0
2023-06-30,scG3agQQ79E,Cursor AI 와 Github Copilot 비교해 봤습니다 - 남들은 Cursor AI 가 더 좋다고 하던데 저는...,"May 20, 2025",1545,0
2023-07-01,scG3agQQ79E,Cursor AI 와 Github Copilot 비교해 봤습니다 - 남들은 Cursor AI 가 더 좋다고 하던데 저는...,"May 20, 2025",1545,0
2023-07-02,scG3agQQ79E,Cursor AI 와 Github Copilot 비교해 봤습니다 - 남들은 Cursor AI 가 더 좋다고 하던데 저는...,"May 20, 2025",1545,0
2023-07-03,scG3agQQ79E,Cursor AI 와 Github Copilot 비교해 봤습니다 - 남들은 Cursor AI 가 더 좋다고 하던데 저는...,"May 20, 2025",1545,0
2023-07-04,scG3agQQ79E,Cursor AI 와 Github Copilot 비교해 봤습니다 - 남들은 Cursor AI 가 더 좋다고 하던데 저는...,"May 20, 2025",1545,0
2023-07-05,scG3agQQ79E,Cursor AI 와 Github Copilot 비교해 봤습니다 - 남들은 Cursor AI 가 더 좋다고 하던데 저는...,"May 20, 2025",1545,0
2023-07-06,scG3agQQ79E,Cursor AI 와 Github Copilot 비교해 봤습니다 - 남들은 Cursor AI 가 더 좋다고 하던데 저는...,"May 20, 2025",1545,0
2023-07-07,scG3agQQ79E,Cursor AI 와 Github Copilot 비교해 봤습니다 - 남들은 Cursor AI 가 더 좋다고 하던데 저는...,"May 20, 2025",1545,0
2023-07-08,scG3agQQ79E,Cursor AI 와 Github Copilot 비교해 봤습니다 - 남들은 Cursor AI 가 더 좋다고 하던데 저는...,"May 20, 2025",1545,0
2023-07-09,scG3agQQ79E,Cursor AI 와 Github Copilot 비교해 봤습니다 - 남들은 Cursor AI 가 더 좋다고 하던데 저는...,"May 20, 2025",1545,0
2023-07-10,scG3agQQ79E,Cursor AI 와 Github Copilot 비교해 봤습니다 - 남들은 Cursor AI 가 더 좋다고 하던데 저는...,"May 20, 2025",1545,0
2023-07-11,scG3agQQ79E,Cursor AI 와 Github Copilot 비교해 봤습니다 - 남들은 Cursor AI 가 더 좋다고 하던데 저는...,"May 20, 2025",1545,0
2023-07-12,scG3agQQ79E,Cursor AI 와 Github Copilot 비교해 봤습니다 - 남들은 Cursor AI 가 더 좋다고 하던데 저는...,"May 20, 2025",1545,0
2023-07-13,scG3agQQ79E,Cursor AI 와 Github Copilot 비교해 봤습니다 - 남들은 Cursor AI 가 더 좋다고 하던데 저는...,"May 20, 2025",1545,0
2023-07-14,scG3agQQ79E,Cursor AI 와 Github Copilot 비교해 봤습니다 - 남들은 Cursor AI 가 더 좋다고 하던데 저는...,"May 20, 2025",1545,0
2023-07-15,scG3agQQ79E,Cursor AI 와 Github Copilot 비교해 봤습니다 - 남들은 Cursor AI 가 더 좋다고 하던데 저는...,"May 20, 2025",1545,0
2023-07-16,scG3agQQ79E,Cursor AI 와 Github Copilot 비교해 봤습니다 - 남들은 Cursor AI 가 더 좋다고 하던데 저는...,"May 20, 2025",1545,0
2023-07-17,scG3agQQ79E,Cursor AI 와 Github Copilot 비교해 봤습니다 - 남들은 Cursor AI 가 더 좋다고 하던데 저는...,"May 20, 2025",1545,0
2023-07-18,scG3agQQ79E,Cursor AI 와 Github Copilot 비교해 봤습니다 - 남들은 Cursor AI 가 더 좋다고 하던데 저는...,"May 20, 2025",1545,0
2023-07-19,scG3agQQ79E,Cursor AI 와 Github Copilot 비교해 봤습니다 - 남들은 Cursor AI 가 더 좋다고 하던데 저는...,"May 20, 2025",1545,0
2023-07-20,scG3agQQ79E,Cursor AI 와 Github Copilot 비교해 봤습니다 - 남들은 Cursor AI 가 더 좋다고 하던데 저는...,"May 20, 2025",1545,0
2023-07-21,scG3agQQ79E,Cursor AI 와 Github Copilot 비교해 봤습니다 - 남들은 Cursor AI 가 더 좋다고 하던데 저는...,"May 20, 2025",1545,0
2023-07-22,scG3agQQ79E,Cursor AI 와 Github Copilot 비교해 봤습니다 - 남들은 Cursor AI 가 더 좋다고 하던데 저는...,"May 20, 2025",1545,0
2023-07-23,scG3agQQ79E,Cursor AI 와 Github Copilot 비교해 봤습니다 - 남들은 Cursor AI 가 더 좋다고 하던데 저는...,"May 20, 2025",1545,0
2023-07-24,scG3agQQ79E,Cursor AI 와 Github Copilot 비교해 봤습니다 - 남들은 Cursor AI 가 더 좋다고 하던데 저는...,"May 20, 2025",1545,0
2023-07-25,scG3agQQ79E,Cursor AI 와 Github Copilot 비교해 봤습니다 - 남들은 Cursor AI 가 더 좋다고 하던데 저는...,"May 20, 2025",1545,0
2023-07-26,scG3agQQ79E,Cursor AI 와 Github Copilot 비교해 봤습니다 - 남들은 Cursor AI 가 더 좋다고 하던데 저는...,"May 20, 2025",1545,0
2023-07-27,scG3agQQ79E,Cursor AI 와 Github Copilot 비교해 봤습니다 - 남들은 Cursor AI 가 더 좋다고 하던데 저는...,"May 20, 2025",1545,0
2023-07-28,scG3agQQ79E,Cursor AI 와 Github Copilot 비교해 봤습니다 - 남들은 Cursor AI 가 더 좋다고 하던데 저는...,"May 20, 2025",1545,0
2023-07-29,scG3agQQ79E,Cursor AI 와 Github Copilot 비교해 봤습니다 - 남들은 Cursor AI 가 더 좋다고 하던데 저는...,"May 20, 2025",1545,0
2023-07-30,scG3agQQ79E,Cursor AI 와 Github Copilot 비교해 봤습니다 - 남들은 Cursor AI 가 더 좋다고 하던데 저는...,"May 20, 2025",1545,0
2023-07-31,scG3agQQ79E,Cursor AI 와 Github Copilot 비교해 봤습니다 - 남들은 Cursor AI 가 더 좋다고 하던데 저는...,"May 20, 2025",1545,0
2023-08-01,scG3agQQ79E,Cursor AI 와 Github Copilot 비교해 봤습니다 - 남들은 Cursor AI 가 더 좋다고 하던데 저는...,"May 20, 2025",1545,0
2023-08-02,scG3agQQ79E,Cursor AI 와 Github Copilot 비교해 봤습니다 - 남들은 Cursor AI 가 더 좋다고 하던데 저는...,"May 20, 2025",1545,0
2023-08-03,scG3agQQ79E,Cursor AI 와 Github Copilot 비교해 봤습니다 - 남들은 Cursor AI 가 더 좋다고 하던데 저는...,"May 20, 2025",1545,0
2023-08-04,scG3agQQ79E,Cursor AI 와 Github Copilot 비교해 봤습니다 - 남들은 Cursor AI 가 더 좋다고 하던데 저는...,"May 20, 2025",1545,0
2023-08-05,scG3agQQ79E,Cursor AI 와 Github Copilot 비교해 봤습니다 - 남들은 Cursor AI 가 더 좋다고 하던데 저는...,"May 20, 2025",1545,0
2023-08-06,scG3agQQ79E,Cursor AI 와 Github Copilot 비교해 봤습니다 - 남들은 Cursor AI 가 더 좋다고 하던데 저는...,"May 20, 2025",1545,0
2023-08-07,scG3agQQ79E,Cursor AI 와 Github Copilot 비교해 봤습니다 - 남들은 Cursor AI 가 더 좋다고 하던데 저는...,"May 20, 2025",1545,0
2023-08-08,scG3agQQ79E,Cursor AI 와 Github Copilot 비교해 봤습니다 - 남들은 Cursor AI 가 더 좋다고 하던데 저는...,"May 20, 2025",1545,0
2023-08-09,scG3agQQ79E,Cursor AI 와 Github Copilot 비교해 봤습니다 - 남들은 Cursor AI 가 더 좋다고 하던데 저는...,"May 20, 2025",1545,0
2023-08-10,scG3agQQ79E,Cursor AI 와 Github Copilot 비교해 봤습니다 - 남들은 Cursor AI 가 더 좋다고 하던데 저는...,"May 20, 2025",1545,0
2023-08-11,scG3agQQ79E,Cursor AI 와 Github Copilot 비교해 봤습니다 - 남들은 Cursor AI 가 더 좋다고 하던데 저는...,"May 20, 2025",1545,0
2023-08-12,scG3agQQ79E,Cursor AI 와 Github Copilot 비교해 봤습니다 - 남들은 Cursor AI 가 더 좋다고 하던데 저는...,"May 20, 2025",1545,0
2023-08-13,scG3agQQ79E,Cursor AI 와 Github Copilot 비교해 봤습니다 - 남들은 Cursor AI 가 더 좋다고 하던데 저는...,"May 20, 2025",1545,0
2023-08-14,scG3agQQ79E,Cursor AI 와 Github Copilot 비교해 봤습니다 - 남들은 Cursor AI 가 더 좋다고 하던데 저는...,"May 20, 2025",1545,0
2023-08-15,scG3agQQ79E,Cursor AI 와 Github Copilot 비교해 봤습니다 - 남들은 Cursor AI 가 더 좋다고 하던데 저는...,"May 20, 2025",1545,0
2023-08-16,scG3agQQ79E,Cursor AI 와 Github Copilot 비교해 봤습니다 - 남들은 Cursor AI 가 더 좋다고 하던데 저는...,"May 20, 2025",1545,0
2023-08-17,scG3agQQ79E,Cursor AI 와 Github Copilot 비교해 봤습니다 - 남들은 Cursor AI 가 더 좋다고 하던데 저는...,"May 20, 2025",1545,0
2023-08-18,scG3agQQ79E,Cursor AI 와 Github Copilot 비교해 봤습니다 - 남들은 Cursor AI 가 더 좋다고 하던데 저는...,"May 20, 2025",1545,0
2023-08-19,scG3agQQ79E,Cursor AI 와 Github Copilot 비교해 봤습니다 - 남들은 Cursor AI 가 더 좋다고 하던데 저는...,"May 20, 2025",1545,0
2023-08-20,scG3agQQ79E,Cursor AI 와 Github Copilot 비교해 봤습니다 - 남들은 Cursor AI 가 더 좋다고 하던데 저는...,"May 20, 2025",1545,0
2023-08-21,scG3agQQ79E,Cursor AI 와 Github Copilot 비교해 봤습니다 - 남들은 Cursor AI 가 더 좋다고 하던데 저는...,"May 20, 2025",1545,0
2023-08-22,scG3agQQ79E,Cursor AI 와 Github Copilot 비교해 봤습니다 - 남들은 Cursor AI 가 더 좋다고 하던데 저는...,"May 20, 2025",1545,0
2023-08-23,scG3agQQ79E,Cursor AI 와 Github Copilot 비교해 봤습니다 - 남들은 Cursor AI 가 더 좋다고 하던데 저는...,"May 20, 2025",1545,0
2023-08-24,scG3agQQ79E,Cursor AI 와 Github Copilot 비교해 봤습니다 - 남들은 Cursor AI 가 더 좋다고 하던데 저는...,"May 20, 2025",1545,0
2023-08-25,scG3agQQ79E,Cursor AI 와 Github Copilot 비교해 봤습니다 - 남들은 Cursor AI 가 더 좋다고 하던데 저는...,"May 20, 2025",1545,0
2023-08-26,scG3agQQ79E,Cursor AI 와 Github Copilot 비교해 봤습니다 - 남들은 Cursor AI 가 더 좋다고 하던데 저는...,"May 20, 2025",1545,0
2023-08-27,scG3agQQ79E,Cursor AI 와 Github Copilot 비교해 봤습니다 - 남들은 Cursor AI 가 더 좋다고 하던데 저는...,"May 20, 2025",1545,0
2023-08-28,scG3agQQ79E,Cursor AI 와 Github Copilot 비교해 봤습니다 - 남들은 Cursor AI 가 더 좋다고 하던데 저는...,"May 20, 2025",1545,0
2023-08-29,scG3agQQ79E,Cursor AI 와 Github Copilot 비교해 봤습니다 - 남들은 Cursor AI 가 더 좋다고 하던데 저는...,"May 20, 2025",1545,0
2023-08-30,scG3agQQ79E,Cursor AI 와 Github Copilot 비교해 봤습니다 - 남들은 Cursor AI 가 더 좋다고 하던데 저는...,"May 20, 2025",1545,0
2023-08-31,scG3agQQ79E,Cursor AI 와 Github Copilot 비교해 봤습니다 - 남들은 Cursor AI 가 더 좋다고 하던데 저는...,"May 20, 2025",1545,0
2023-09-01,scG3agQQ79E,Cursor AI 와 Github Copilot 비교해 봤습니다 - 남들은 Cursor AI 가 더 좋다고 하던데 저는...,"May 20, 2025",1545,0
2023-09-02,scG3agQQ79E,Cursor AI 와 Github Copilot 비교해 봤습니다 - 남들은 Cursor AI 가 더 좋다고 하던데 저는...,"May 20, 2025",1545,0
2023-09-03,scG3agQQ79E,Cursor AI 와 Github Copilot 비교해 봤습니다 - 남들은 Cursor AI 가 더 좋다고 하던데 저는...,"May 20, 2025",1545,0
2023-09-04,scG3agQQ79E,Cursor AI 와 Github Copilot 비교해 봤습니다 - 남들은 Cursor AI 가 더 좋다고 하던데 저는...,"May 20, 2025",1545,0
2023-09-05,scG3agQQ79E,Cursor AI 와 Github Copilot 비교해 봤습니다 - 남들은 Cursor AI 가 더 좋다고 하던데 저는...,"May 20, 2025",1545,0
2023-09-06,scG3agQQ79E,Cursor AI 와 Github Copilot 비교해 봤습니다 - 남들은 Cursor AI 가 더 좋다고 하던데 저는...,"May 20, 2025",1545,0
2023-09-07,scG3agQQ79E,Cursor AI 와 Github Copilot 비교해 봤습니다 - 남들은 Cursor AI 가 더 좋다고 하던데 저는...,"May 20, 2025",1545,0
2023-09-08,scG3agQQ79E,Cursor AI 와 Github Copilot 비교해 봤습니다 - 남들은 Cursor AI 가 더 좋다고 하던데 저는...,"May 20, 2025",1545,0
2023-09-09,scG3agQQ79E,Cursor AI 와 Github Copilot 비교해 봤습니다 - 남들은 Cursor AI 가 더 좋다고 하던데 저는...,"May 20, 2025",1545,0
2023-09-10,scG3agQQ79E,Cursor AI 와 Github Copilot 비교해 봤습니다 - 남들은 Cursor AI 가 더 좋다고 하던데 저는...,"May 20, 2025",1545,0
2023-09-11,scG3agQQ79E,Cursor AI 와 Github Copilot 비교해 봤습니다 - 남들은 Cursor AI 가 더 좋다고 하던데 저는...,"May 20, 2025",1545,0
2023-09-12,scG3agQQ79E,Cursor AI 와 Github Copilot 비교해 봤습니다 - 남들은 Cursor AI 가 더 좋다고 하던데 저는...,"May 20, 2025",1545,0
2023-09-13,scG3agQQ79E,Cursor AI 와 Github Copilot 비교해 봤습니다 - 남들은 Cursor AI 가 더 좋다고 하던데 저는...,"May 20, 2025",1545,0
2023-09-14,scG3agQQ79E,Cursor AI 와 Github Copilot 비교해 봤습니다 - 남들은 Cursor AI 가 더 좋다고 하던데 저는...,"May 20, 2025",1545,0
2023-09-15,scG3agQQ79E,Cursor AI 와 Github Copilot 비교해 봤습니다 - 남들은 Cursor AI 가 더 좋다고 하던데 저는...,"May 20, 2025",1545,0
2023-09-16,scG3agQQ79E,Cursor AI 와 Github Copilot 비교해 봤습니다 - 남들은 Cursor AI 가 더 좋다고 하던데 저는...,"May 20, 2025",1545,0
2023-09-17,scG3agQQ79E,Cursor AI 와 Github Copilot 비교해 봤습니다 - 남들은 Cursor AI 가 더 좋다고 하던데 저는...,"May 20, 2025",1545,0
2023-09-18,scG3agQQ79E,Cursor AI 와 Github Copilot 비교해 봤습니다 - 남들은 Cursor AI 가 더 좋다고 하던데 저는...,"May 20, 2025",1545,0
2023-09-19,scG3agQQ79E,Cursor AI 와 Github Copilot 비교해 봤습니다 - 남들은 Cursor AI 가 더 좋다고 하던데 저는...,"May 20, 2025",1545,0
2023-09-20,scG3agQQ79E,Cursor AI 와 Github Copilot 비교해 봤습니다 - 남들은 Cursor AI 가 더 좋다고 하던데 저는...,"May 20, 2025",1545,0
2023-09-21,scG3agQQ79E,Cursor AI 와 Github Copilot 비교해 봤습니다 - 남들은 Cursor AI 가 더 좋다고 하던데 저는...,"May 20, 2025",1545,0
2023-09-22,scG3agQQ79E,Cursor AI 와 Github Copilot 비교해 봤습니다 - 남들은 Cursor AI 가 더 좋다고 하던데 저는...,"May 20, 2025",1545,0
2023-09-23,scG3agQQ79E,Cursor AI 와 Github Copilot 비교해 봤습니다 - 남들은 Cursor AI 가 더 좋다고 하던데 저는...,"May 20, 2025",1545,0
2023-09-24,scG3agQQ79E,Cursor AI 와 Github Copilot 비교해 봤습니다 - 남들은 Cursor AI 가 더 좋다고 하던데 저는...,"May 20, 2025",1545,0
2023-09-25,scG3agQQ79E,Cursor AI 와 Github Copilot 비교해 봤습니다 - 남들은 Cursor AI 가 더 좋다고 하던데 저는...,"May 20, 2025",1545,0
2023-09-26,scG3agQQ79E,Cursor AI 와 Github Copilot 비교해 봤습니다 - 남들은 Cursor AI 가 더 좋다고 하던데 저는...,"May 20, 2025",1545,0
2023-09-27,scG3agQQ79E,Cursor AI 와 Github Copilot 비교해 봤습니다 - 남들은 Cursor AI 가 더 좋다고 하던데 저는...,"May 20, 2025",1545,0
2023-09-28,scG3agQQ79E,Cursor AI 와 Github Copilot 비교해 봤습니다 - 남들은 Cursor AI 가 더 좋다고 하던데 저는...,"May 20, 2025",1545,0
2023-09-29,scG3agQQ79E,Cursor AI 와 Github Copilot 비교해 봤습니다 - 남들은 Cursor AI 가 더 좋다고 하던데 저는...,"May 20, 2025",1545,0
2023-09-30,scG3agQQ79E,Cursor AI 와 Github Copilot 비교해 봤습니다 - 남들은 Cursor AI 가 더 좋다고 하던데 저는...,"May 20, 2025",1545,0
2023-10-01,scG3agQQ79E,Cursor AI 와 Github Copilot 비교해 봤습니다 - 남들은 Cursor AI 가 더 좋다고 하던데 저는...,"May 20, 2025",1545,0
2023-10-02,scG3agQQ79E,Cursor AI 와 Github Copilot 비교해 봤습니다 - 남들은 Cursor AI 가 더 좋다고 하던데 저는...,"May 20, 2025",1545,0
2023-10-03,scG3agQQ79E,Cursor AI 와 Github Copilot 비교해 봤습니다 - 남들은 Cursor AI 가 더 좋다고 하던데 저는...,"May 20, 2025",1545,0
2023-10-04,scG3agQQ79E,Cursor AI 와 Github Copilot 비교해 봤습니다 - 남들은 Cursor AI 가 더 좋다고 하던데 저는...,"May 20, 2025",1545,0
2023-10-05,scG3agQQ79E,Cursor AI 와 Github Copilot 비교해 봤습니다 - 남들은 Cursor AI 가 더 좋다고 하던데 저는...,"May 20, 2025",1545,0
2023-10-06,scG3agQQ79E,Cursor AI 와 Github Copilot 비교해 봤습니다 - 남들은 Cursor AI 가 더 좋다고 하던데 저는...,"May 20, 2025",1545,0
2023-10-07,scG3agQQ79E,Cursor AI 와 Github Copilot 비교해 봤습니다 - 남들은 Cursor AI 가 더 좋다고 하던데 저는...,"May 20, 2025",1545,0
2023-10-08,scG3agQQ79E,Cursor AI 와 Github Copilot 비교해 봤습니다 - 남들은 Cursor AI 가 더 좋다고 하던데 저는...,"May 20, 2025",1545,0
2023-10-09,scG3agQQ79E,Cursor AI 와 Github Copilot 비교해 봤습니다 - 남들은 Cursor AI 가 더 좋다고 하던데 저는...,"May 20, 2025",1545,0
2023-10-10,scG3agQQ79E,Cursor AI 와 Github Copilot 비교해 봤습니다 - 남들은 Cursor AI 가 더 좋다고 하던데 저는...,"May 20, 2025",1545,0
2023-10-11,scG3agQQ79E,Cursor AI 와 Github Copilot 비교해 봤습니다 - 남들은 Cursor AI 가 더 좋다고 하던데 저는...,"May 20, 2025",1545,0
2023-10-12,scG3agQQ79E,Cursor AI 와 Github Copilot 비교해 봤습니다 - 남들은 Cursor AI 가 더 좋다고 하던데 저는...,"May 20, 2025",1545,0
2023-10-13,scG3agQQ79E,Cursor AI 와 Github Copilot 비교해 봤습니다 - 남들은 Cursor AI 가 더 좋다고 하던데 저는...,"May 20, 2025",1545,0
2023-10-14,scG3agQQ79E,Cursor AI 와 Github Copilot 비교해 봤습니다 - 남들은 Cursor AI 가 더 좋다고 하던데 저는...,"May 20, 2025",1545,0
2023-10-15,scG3agQQ79E,Cursor AI 와 Github Copilot 비교해 봤습니다 - 남들은 Cursor AI 가 더 좋다고 하던데 저는...,"May 20, 2025",1545,0
2023-10-16,scG3agQQ79E,Cursor AI 와 Github Copilot 비교해 봤습니다 - 남들은 Cursor AI 가 더 좋다고 하던데 저는...,"May 20, 2025",1545,0
2023-10-17,scG3agQQ79E,Cursor AI 와 Github Copilot 비교해 봤습니다 - 남들은 Cursor AI 가 더 좋다고 하던데 저는...,"May 20, 2025",1545,0
2023-10-18,scG3agQQ79E,Cursor AI 와 Github Copilot 비교해 봤습니다 - 남들은 Cursor AI 가 더 좋다고 하던데 저는...,"May 20, 2025",1545,0
2023-10-19,scG3agQQ79E,Cursor AI 와 Github Copilot 비교해 봤습니다 - 남들은 Cursor AI 가 더 좋다고 하던데 저는...,"May 20, 2025",1545,0
2023-10-20,scG3agQQ79E,Cursor AI 와 Github Copilot 비교해 봤습니다 - 남들은 Cursor AI 가 더 좋다고 하던데 저는...,"May 20, 2025",1545,0
2023-10-21,scG3agQQ79E,Cursor AI 와 Github Copilot 비교해 봤습니다 - 남들은 Cursor AI 가 더 좋다고 하던데 저는...,"May 20, 2025",1545,0
2023-10-22,scG3agQQ79E,Cursor AI 와 Github Copilot 비교해 봤습니다 - 남들은 Cursor AI 가 더 좋다고 하던데 저는...,"May 20, 2025",1545,0
2023-10-23,scG3agQQ79E,Cursor AI 와 Github Copilot 비교해 봤습니다 - 남들은 Cursor AI 가 더 좋다고 하던데 저는...,"May 20, 2025",1545,0
2023-10-24,scG3agQQ79E,Cursor AI 와 Github Copilot 비교해 봤습니다 - 남들은 Cursor AI 가 더 좋다고 하던데 저는...,"May 20, 2025",1545,0
2023-10-25,scG3agQQ79E,Cursor AI 와 Github Copilot 비교해 봤습니다 - 남들은 Cursor AI 가 더 좋다고 하던데 저는...,"May 20, 2025",1545,0
2023-10-26,scG3agQQ79E,Cursor AI 와 Github Copilot 비교해 봤습니다 - 남들은 Cursor AI 가 더 좋다고 하던데 저는...,"May 20, 2025",1545,0
2023-10-27,scG3agQQ79E,Cursor AI 와 Github Copilot 비교해 봤습니다 - 남들은 Cursor AI 가 더 좋다고 하던데 저는...,"May 20, 2025",1545,0
2023-10-28,scG3agQQ79E,Cursor AI 와 Github Copilot 비교해 봤습니다 - 남들은 Cursor AI 가 더 좋다고 하던데 저는...,"May 20, 2025",1545,0
2023-10-29,scG3agQQ79E,Cursor AI 와 Github Copilot 비교해 봤습니다 - 남들은 Cursor AI 가 더 좋다고 하던데 저는...,"May 20, 2025",1545,0
2023-10-30,scG3agQQ79E,Cursor AI 와 Github Copilot 비교해 봤습니다 - 남들은 Cursor AI 가 더 좋다고 하던데 저는...,"May 20, 2025",1545,0
2023-10-31,scG3agQQ79E,Cursor AI 와 Github Copilot 비교해 봤습니다 - 남들은 Cursor AI 가 더 좋다고 하던데 저는...,"May 20, 2025",1545,0
2023-11-01,scG3agQQ79E,Cursor AI 와 Github Copilot 비교해 봤습니다 - 남들은 Cursor AI 가 더 좋다고 하던데 저는...,"May 20, 2025",1545,0
2023-11-02,scG3agQQ79E,Cursor AI 와 Github Copilot 비교해 봤습니다 - 남들은 Cursor AI 가 더 좋다고 하던데 저는...,"May 20, 2025",1545,0
2023-11-03,scG3agQQ79E,Cursor AI 와 Github Copilot 비교해 봤습니다 - 남들은 Cursor AI 가 더 좋다고 하던데 저는...,"May 20, 2025",1545,0
2023-11-04,scG3agQQ79E,Cursor AI 와 Github Copilot 비교해 봤습니다 - 남들은 Cursor AI 가 더 좋다고 하던데 저는...,"May 20, 2025",1545,0
2023-11-05,scG3agQQ79E,Cursor AI 와 Github Copilot 비교해 봤습니다 - 남들은 Cursor AI 가 더 좋다고 하던데 저는...,"May 20, 2025",1545,0
2023-11-06,scG3agQQ79E,Cursor AI 와 Github Copilot 비교해 봤습니다 - 남들은 Cursor AI 가 더 좋다고 하던데 저는...,"May 20, 2025",1545,0
2023-11-07,scG3agQQ79E,Cursor AI 와 Github Copilot 비교해 봤습니다 - 남들은 Cursor AI 가 더 좋다고 하던데 저는...,"May 20, 2025",1545,0
2023-11-08,scG3agQQ79E,Cursor AI 와 Github Copilot 비교해 봤습니다 - 남들은 Cursor AI 가 더 좋다고 하던데 저는...,"May 20, 2025",1545,0
2023-11-09,scG3agQQ79E,Cursor AI 와 Github Copilot 비교해 봤습니다 - 남들은 Cursor AI 가 더 좋다고 하던데 저는...,"May 20, 2025",1545,0
2023-11-10,scG3agQQ79E,Cursor AI 와 Github Copilot 비교해 봤습니다 - 남들은 Cursor AI 가 더 좋다고 하던데 저는...,"May 20, 2025",1545,0
2023-11-11,scG3agQQ79E,Cursor AI 와 Github Copilot 비교해 봤습니다 - 남들은 Cursor AI 가 더 좋다고 하던데 저는...,"May 20, 2025",1545,0
2023-11-12,scG3agQQ79E,Cursor AI 와 Github Copilot 비교해 봤습니다 - 남들은 Cursor AI 가 더 좋다고 하던데 저는...,"May 20, 2025",1545,0
2023-11-13,scG3agQQ79E,Cursor AI 와 Github Copilot 비교해 봤습니다 - 남들은 Cursor AI 가 더 좋다고 하던데 저는...,"May 20, 2025",1545,0
2023-11-14,scG3agQQ79E,Cursor AI 와 Github Copilot 비교해 봤습니다 - 남들은 Cursor AI 가 더 좋다고 하던데 저는...,"May 20, 2025",1545,0
2023-11-15,scG3agQQ79E,Cursor AI 와 Github Copilot 비교해 봤습니다 - 남들은 Cursor AI 가 더 좋다고 하던데 저는...,"May 20, 2025",1545,0
2023-11-16,scG3agQQ79E,Cursor AI 와 Github Copilot 비교해 봤습니다 - 남들은 Cursor AI 가 더 좋다고 하던데 저는...,"May 20, 2025",1545,0
2023-11-17,scG3agQQ79E,Cursor AI 와 Github Copilot 비교해 봤습니다 - 남들은 Cursor AI 가 더 좋다고 하던데 저는...,"May 20, 2025",1545,0
2023-11-18,scG3agQQ79E,Cursor AI 와 Github Copilot 비교해 봤습니다 - 남들은 Cursor AI 가 더 좋다고 하던데 저는...,"May 20, 2025",1545,0
2023-11-19,scG3agQQ79E,Cursor AI 와 Github Copilot 비교해 봤습니다 - 남들은 Cursor AI 가 더 좋다고 하던데 저는...,"May 20, 2025",1545,0
2023-11-20,scG3agQQ79E,Cursor AI 와 Github Copilot 비교해 봤습니다 - 남들은 Cursor AI 가 더 좋다고 하던데 저는...,"May 20, 2025",1545,0
2023-11-21,scG3agQQ79E,Cursor AI 와 Github Copilot 비교해 봤습니다 - 남들은 Cursor AI 가 더 좋다고 하던데 저는...,"May 20, 2025",1545,0
2023-11-22,scG3agQQ79E,Cursor AI 와 Github Copilot 비교해 봤습니다 - 남들은 Cursor AI 가 더 좋다고 하던데 저는...,"May 20, 2025",1545,0
2023-11-23,scG3agQQ79E,Cursor AI 와 Github Copilot 비교해 봤습니다 - 남들은 Cursor AI 가 더 좋다고 하던데 저는...,"May 20, 2025",1545,0
2023-11-24,scG3agQQ79E,Cursor AI 와 Github Copilot 비교해 봤습니다 - 남들은 Cursor AI 가 더 좋다고 하던데 저는...,"May 20, 2025",1545,0
2023-11-25,scG3agQQ79E,Cursor AI 와 Github Copilot 비교해 봤습니다 - 남들은 Cursor AI 가 더 좋다고 하던데 저는...,"May 20, 2025",1545,0
2023-11-26,scG3agQQ79E,Cursor AI 와 Github Copilot 비교해 봤습니다 - 남들은 Cursor AI 가 더 좋다고 하던데 저는...,"May 20, 2025",1545,0
2023-11-27,scG3agQQ79E,Cursor AI 와 Github Copilot 비교해 봤습니다 - 남들은 Cursor AI 가 더 좋다고 하던데 저는...,"May 20, 2025",1545,0
2023-11-28,scG3agQQ79E,Cursor AI 와 Github Copilot 비교해 봤습니다 - 남들은 Cursor AI 가 더 좋다고 하던데 저는...,"May 20, 2025",1545,0
2023-11-29,scG3agQQ79E,Cursor AI 와 Github Copilot 비교해 봤습니다 - 남들은 Cursor AI 가 더 좋다고 하던데 저는...,"May 20, 2025",1545,0
2023-11-30,scG3agQQ79E,Cursor AI 와 Github Copilot 비교해 봤습니다 - 남들은 Cursor AI 가 더 좋다고 하던데 저는...,"May 20, 2025",1545,0
2023-12-01,scG3agQQ79E,Cursor AI 와 Github Copilot 비교해 봤습니다 - 남들은 Cursor AI 가 더 좋다고 하던데 저는...,"May 20, 2025",1545,0
2023-12-02,scG3agQQ79E,Cursor AI 와 Github Copilot 비교해 봤습니다 - 남들은 Cursor AI 가 더 좋다고 하던데 저는...,"May 20, 2025",1545,0
2023-12-03,scG3agQQ79E,Cursor AI 와 Github Copilot 비교해 봤습니다 - 남들은 Cursor AI 가 더 좋다고 하던데 저는...,"May 20, 2025",1545,0
2023-12-04,scG3agQQ79E,Cursor AI 와 Github Copilot 비교해 봤습니다 - 남들은 Cursor AI 가 더 좋다고 하던데 저는...,"May 20, 2025",1545,0
2023-12-05,scG3agQQ79E,Cursor AI 와 Github Copilot 비교해 봤습니다 - 남들은 Cursor AI 가 더 좋다고 하던데 저는...,"May 20, 2025",1545,0
2023-12-06,scG3agQQ79E,Cursor AI 와 Github Copilot 비교해 봤습니다 - 남들은 Cursor AI 가 더 좋다고 하던데 저는...,"May 20, 2025",1545,0
2023-12-07,scG3agQQ79E,Cursor AI 와 Github Copilot 비교해 봤습니다 - 남들은 Cursor AI 가 더 좋다고 하던데 저는...,"May 20, 2025",1545,0
2023-12-08,scG3agQQ79E,Cursor AI 와 Github Copilot 비교해 봤습니다 - 남들은 Cursor AI 가 더 좋다고 하던데 저는...,"May 20, 2025",1545,0
2023-12-09,scG3agQQ79E,Cursor AI 와 Github Copilot 비교해 봤습니다 - 남들은 Cursor AI 가 더 좋다고 하던데 저는...,"May 20, 2025",1545,0
2023-12-10,scG3agQQ79E,Cursor AI 와 Github Copilot 비교해 봤습니다 - 남들은 Cursor AI 가 더 좋다고 하던데 저는...,"May 20, 2025",1545,0
2023-12-11,scG3agQQ79E,Cursor AI 와 Github Copilot 비교해 봤습니다 - 남들은 Cursor AI 가 더 좋다고 하던데 저는...,"May 20, 2025",1545,0
2023-12-12,scG3agQQ79E,Cursor AI 와 Github Copilot 비교해 봤습니다 - 남들은 Cursor AI 가 더 좋다고 하던데 저는...,"May 20, 2025",1545,0
2023-12-13,scG3agQQ79E,Cursor AI 와 Github Copilot 비교해 봤습니다 - 남들은 Cursor AI 가 더 좋다고 하던데 저는...,"May 20, 2025",1545,0
2023-12-14,scG3agQQ79E,Cursor AI 와 Github Copilot 비교해 봤습니다 - 남들은 Cursor AI 가 더 좋다고 하던데 저는...,"May 20, 2025",1545,0
2023-12-15,scG3agQQ79E,Cursor AI 와 Github Copilot 비교해 봤습니다 - 남들은 Cursor AI 가 더 좋다고 하던데 저는...,"May 20, 2025",1545,0
2023-12-16,scG3agQQ79E,Cursor AI 와 Github Copilot 비교해 봤습니다 - 남들은 Cursor AI 가 더 좋다고 하던데 저는...,"May 20, 2025",1545,0
2023-12-17,scG3agQQ79E,Cursor AI 와 Github Copilot 비교해 봤습니다 - 남들은 Cursor AI 가 더 좋다고 하던데 저는...,"May 20, 2025",1545,0
2023-12-18,scG3agQQ79E,Cursor AI 와 Github Copilot 비교해 봤습니다 - 남들은 Cursor AI 가 더 좋다고 하던데 저는...,"May 20, 2025",1545,0
2023-12-19,scG3agQQ79E,Cursor AI 와 Github Copilot 비교해 봤습니다 - 남들은 Cursor AI 가 더 좋다고 하던데 저는...,"May 20, 2025",1545,0
2023-12-20,scG3agQQ79E,Cursor AI 와 Github Copilot 비교해 봤습니다 - 남들은 Cursor AI 가 더 좋다고 하던데 저는...,"May 20, 2025",1545,0
2023-12-21,scG3agQQ79E,Cursor AI 와 Github Copilot 비교해 봤습니다 - 남들은 Cursor AI 가 더 좋다고 하던데 저는...,"May 20, 2025",1545,0
2023-12-22,scG3agQQ79E,Cursor AI 와 Github Copilot 비교해 봤습니다 - 남들은 Cursor AI 가 더 좋다고 하던데 저는...,"May 20, 2025",1545,0
2023-12-23,scG3agQQ79E,Cursor AI 와 Github Copilot 비교해 봤습니다 - 남들은 Cursor AI 가 더 좋다고 하던데 저는...,"May 20, 2025",1545,0
2023-12-24,scG3agQQ79E,Cursor AI 와 Github Copilot 비교해 봤습니다 - 남들은 Cursor AI 가 더 좋다고 하던데 저는...,"May 20, 2025",1545,0
2023-12-25,scG3agQQ79E,Cursor AI 와 Github Copilot 비교해 봤습니다 - 남들은 Cursor AI 가 더 좋다고 하던데 저는...,"May 20, 2025",1545,0
2023-12-26,scG3agQQ79E,Cursor AI 와 Github Copilot 비교해 봤습니다 - 남들은 Cursor AI 가 더 좋다고 하던데 저는...,"May 20, 2025",1545,0
2023-12-27,scG3agQQ79E,Cursor AI 와 Github Copilot 비교해 봤습니다 - 남들은 Cursor AI 가 더 좋다고 하던데 저는...,"May 20, 2025",1545,0
2023-12-28,scG3agQQ79E,Cursor AI 와 Github Copilot 비교해 봤습니다 - 남들은 Cursor AI 가 더 좋다고 하던데 저는...,"May 20, 2025",1545,0
2023-12-29,scG3agQQ79E,Cursor AI 와 Github Copilot 비교해 봤습니다 - 남들은 Cursor AI 가 더 좋다고 하던데 저는...,"May 20, 2025",1545,0
2023-12-30,scG3agQQ79E,Cursor AI 와 Github Copilot 비교해 봤습니다 - 남들은 Cursor AI 가 더 좋다고 하던데 저는...,"May 20, 2025",1545,0
2023-12-31,scG3agQQ79E,Cursor AI 와 Github Copilot 비교해 봤습니다 - 남들은 Cursor AI 가 더 좋다고 하던데 저는...,"May 20, 2025",1545,0
2024-01-01,scG3agQQ79E,Cursor AI 와 Github Copilot 비교해 봤습니다 - 남들은 Cursor AI 가 더 좋다고 하던데 저는...,"May 20, 2025",1545,0
2024-01-02,scG3agQQ79E,Cursor AI 와 Github Copilot 비교해 봤습니다 - 남들은 Cursor AI 가 더 좋다고 하던데 저는...,"May 20, 2025",1545,0
2024-01-03,scG3agQQ79E,Cursor AI 와 Github Copilot 비교해 봤습니다 - 남들은 Cursor AI 가 더 좋다고 하던데 저는...,"May 20, 2025",1545,0
2024-01-04,scG3agQQ79E,Cursor AI 와 Github Copilot 비교해 봤습니다 - 남들은 Cursor AI 가 더 좋다고 하던데 저는...,"May 20, 2025",1545,0
2024-01-05,scG3agQQ79E,Cursor AI 와 Github Copilot 비교해 봤습니다 - 남들은 Cursor AI 가 더 좋다고 하던데 저는...,"May 20, 2025",1545,0
2024-01-06,scG3agQQ79E,Cursor AI 와 Github Copilot 비교해 봤습니다 - 남들은 Cursor AI 가 더 좋다고 하던데 저는...,"May 20, 2025",1545,0
2024-01-07,scG3agQQ79E,Cursor AI 와 Github Copilot 비교해 봤습니다 - 남들은 Cursor AI 가 더 좋다고 하던데 저는...,"May 20, 2025",1545,0
2024-01-08,scG3agQQ79E,Cursor AI 와 Github Copilot 비교해 봤습니다 - 남들은 Cursor AI 가 더 좋다고 하던데 저는...,"May 20, 2025",1545,0
2024-01-09,scG3agQQ79E,Cursor AI 와 Github Copilot 비교해 봤습니다 - 남들은 Cursor AI 가 더 좋다고 하던데 저는...,"May 20, 2025",1545,0
2024-01-10,scG3agQQ79E,Cursor AI 와 Github Copilot 비교해 봤습니다 - 남들은 Cursor AI 가 더 좋다고 하던데 저는...,"May 20, 2025",1545,0
2024-01-11,scG3agQQ79E,Cursor AI 와 Github Copilot 비교해 봤습니다 - 남들은 Cursor AI 가 더 좋다고 하던데 저는...,"May 20, 2025",1545,0
2024-01-12,scG3agQQ79E,Cursor AI 와 Github Copilot 비교해 봤습니다 - 남들은 Cursor AI 가 더 좋다고 하던데 저는...,"May 20, 2025",1545,0
2024-01-13,scG3agQQ79E,Cursor AI 와 Github Copilot 비교해 봤습니다 - 남들은 Cursor AI 가 더 좋다고 하던데 저는...,"May 20, 2025",1545,0
2024-01-14,scG3agQQ79E,Cursor AI 와 Github Copilot 비교해 봤습니다 - 남들은 Cursor AI 가 더 좋다고 하던데 저는...,"May 20, 2025",1545,0
2024-01-15,scG3agQQ79E,Cursor AI 와 Github Copilot 비교해 봤습니다 - 남들은 Cursor AI 가 더 좋다고 하던데 저는...,"May 20, 2025",1545,0
2024-01-16,scG3agQQ79E,Cursor AI 와 Github Copilot 비교해 봤습니다 - 남들은 Cursor AI 가 더 좋다고 하던데 저는...,"May 20, 2025",1545,0
2024-01-17,scG3agQQ79E,Cursor AI 와 Github Copilot 비교해 봤습니다 - 남들은 Cursor AI 가 더 좋다고 하던데 저는...,"May 20, 2025",1545,0
2024-01-18,scG3agQQ79E,Cursor AI 와 Github Copilot 비교해 봤습니다 - 남들은 Cursor AI 가 더 좋다고 하던데 저는...,"May 20, 2025",1545,0
2024-01-19,scG3agQQ79E,Cursor AI 와 Github Copilot 비교해 봤습니다 - 남들은 Cursor AI 가 더 좋다고 하던데 저는...,"May 20, 2025",1545,0
2024-01-20,scG3agQQ79E,Cursor AI 와 Github Copilot 비교해 봤습니다 - 남들은 Cursor AI 가 더 좋다고 하던데 저는...,"May 20, 2025",1545,0
2024-01-21,scG3agQQ79E,Cursor AI 와 Github Copilot 비교해 봤습니다 - 남들은 Cursor AI 가 더 좋다고 하던데 저는...,"May 20, 2025",1545,0
2024-01-22,scG3agQQ79E,Cursor AI 와 Github Copilot 비교해 봤습니다 - 남들은 Cursor AI 가 더 좋다고 하던데 저는...,"May 20, 2025",1545,0
2024-01-23,scG3agQQ79E,Cursor AI 와 Github Copilot 비교해 봤습니다 - 남들은 Cursor AI 가 더 좋다고 하던데 저는...,"May 20, 2025",1545,0
2024-01-24,scG3agQQ79E,Cursor AI 와 Github Copilot 비교해 봤습니다 - 남들은 Cursor AI 가 더 좋다고 하던데 저는...,"May 20, 2025",1545,0
2024-01-25,scG3agQQ79E,Cursor AI 와 Github Copilot 비교해 봤습니다 - 남들은 Cursor AI 가 더 좋다고 하던데 저는...,"May 20, 2025",1545,0
2024-01-26,scG3agQQ79E,Cursor AI 와 Github Copilot 비교해 봤습니다 - 남들은 Cursor AI 가 더 좋다고 하던데 저는...,"May 20, 2025",1545,0
2024-01-27,scG3agQQ79E,Cursor AI 와 Github Copilot 비교해 봤습니다 - 남들은 Cursor AI 가 더 좋다고 하던데 저는...,"May 20, 2025",1545,0
2024-01-28,scG3agQQ79E,Cursor AI 와 Github Copilot 비교해 봤습니다 - 남들은 Cursor AI 가 더 좋다고 하던데 저는...,"May 20, 2025",1545,0
2024-01-29,scG3agQQ79E,Cursor AI 와 Github Copilot 비교해 봤습니다 - 남들은 Cursor AI 가 더 좋다고 하던데 저는...,"May 20, 2025",1545,0
2024-01-30,scG3agQQ79E,Cursor AI 와 Github Copilot 비교해 봤습니다 - 남들은 Cursor AI 가 더 좋다고 하던데 저는...,"May 20, 2025",1545,0
2024-01-31,scG3agQQ79E,Cursor AI 와 Github Copilot 비교해 봤습니다 - 남들은 Cursor AI 가 더 좋다고 하던데 저는...,"May 20, 2025",1545,0
2024-02-01,scG3agQQ79E,Cursor AI 와 Github Copilot 비교해 봤습니다 - 남들은 Cursor AI 가 더 좋다고 하던데 저는...,"May 20, 2025",1545,0
2024-02-02,scG3agQQ79E,Cursor AI 와 Github Copilot 비교해 봤습니다 - 남들은 Cursor AI 가 더 좋다고 하던데 저는...,"May 20, 2025",1545,0
2024-02-03,scG3agQQ79E,Cursor AI 와 Github Copilot 비교해 봤습니다 - 남들은 Cursor AI 가 더 좋다고 하던데 저는...,"May 20, 2025",1545,0
2024-02-04,scG3agQQ79E,Cursor AI 와 Github Copilot 비교해 봤습니다 - 남들은 Cursor AI 가 더 좋다고 하던데 저는...,"May 20, 2025",1545,0
2024-02-05,scG3agQQ79E,Cursor AI 와 Github Copilot 비교해 봤습니다 - 남들은 Cursor AI 가 더 좋다고 하던데 저는...,"May 20, 2025",1545,0
2024-02-06,scG3agQQ79E,Cursor AI 와 Github Copilot 비교해 봤습니다 - 남들은 Cursor AI 가 더 좋다고 하던데 저는...,"May 20, 2025",1545,0
2024-02-07,scG3agQQ79E,Cursor AI 와 Github Copilot 비교해 봤습니다 - 남들은 Cursor AI 가 더 좋다고 하던데 저는...,"May 20, 2025",1545,0
2024-02-08,scG3agQQ79E,Cursor AI 와 Github Copilot 비교해 봤습니다 - 남들은 Cursor AI 가 더 좋다고 하던데 저는...,"May 20, 2025",1545,0
2024-02-09,scG3agQQ79E,Cursor AI 와 Github Copilot 비교해 봤습니다 - 남들은 Cursor AI 가 더 좋다고 하던데 저는...,"May 20, 2025",1545,0
2024-02-10,scG3agQQ79E,Cursor AI 와 Github Copilot 비교해 봤습니다 - 남들은 Cursor AI 가 더 좋다고 하던데 저는...,"May 20, 2025",1545,0
2024-02-11,scG3agQQ79E,Cursor AI 와 Github Copilot 비교해 봤습니다 - 남들은 Cursor AI 가 더 좋다고 하던데 저는...,"May 20, 2025",1545,0
2024-02-12,scG3agQQ79E,Cursor AI 와 Github Copilot 비교해 봤습니다 - 남들은 Cursor AI 가 더 좋다고 하던데 저는...,"May 20, 2025",1545,0
2024-02-13,scG3agQQ79E,Cursor AI 와 Github Copilot 비교해 봤습니다 - 남들은 Cursor AI 가 더 좋다고 하던데 저는...,"May 20, 2025",1545,0
2024-02-14,scG3agQQ79E,Cursor AI 와 Github Copilot 비교해 봤습니다 - 남들은 Cursor AI 가 더 좋다고 하던데 저는...,"May 20, 2025",1545,0
2024-02-15,scG3agQQ79E,Cursor AI 와 Github Copilot 비교해 봤습니다 - 남들은 Cursor AI 가 더 좋다고 하던데 저는...,"May 20, 2025",1545,0
2024-02-16,scG3agQQ79E,Cursor AI 와 Github Copilot 비교해 봤습니다 - 남들은 Cursor AI 가 더 좋다고 하던데 저는...,"May 20, 2025",1545,0
2024-02-17,scG3agQQ79E,Cursor AI 와 Github Copilot 비교해 봤습니다 - 남들은 Cursor AI 가 더 좋다고 하던데 저는...,"May 20, 2025",1545,0
2024-02-18,scG3agQQ79E,Cursor AI 와 Github Copilot 비교해 봤습니다 - 남들은 Cursor AI 가 더 좋다고 하던데 저는...,"May 20, 2025",1545,0
2024-02-19,scG3agQQ79E,Cursor AI 와 Github Copilot 비교해 봤습니다 - 남들은 Cursor AI 가 더 좋다고 하던데 저는...,"May 20, 2025",1545,0
2024-02-20,scG3agQQ79E,Cursor AI 와 Github Copilot 비교해 봤습니다 - 남들은 Cursor AI 가 더 좋다고 하던데 저는...,"May 20, 2025",1545,0
2024-02-21,scG3agQQ79E,Cursor AI 와 Github Copilot 비교해 봤습니다 - 남들은 Cursor AI 가 더 좋다고 하던데 저는...,"May 20, 2025",1545,0
2024-02-22,scG3agQQ79E,Cursor AI 와 Github Copilot 비교해 봤습니다 - 남들은 Cursor AI 가 더 좋다고 하던데 저는...,"May 20, 2025",1545,0
2024-02-23,scG3agQQ79E,Cursor AI 와 Github Copilot 비교해 봤습니다 - 남들은 Cursor AI 가 더 좋다고 하던데 저는...,"May 20, 2025",1545,0
2024-02-24,scG3agQQ79E,Cursor AI 와 Github Copilot 비교해 봤습니다 - 남들은 Cursor AI 가 더 좋다고 하던데 저는...,"May 20, 2025",1545,0
2024-02-25,scG3agQQ79E,Cursor AI 와 Github Copilot 비교해 봤습니다 - 남들은 Cursor AI 가 더 좋다고 하던데 저는...,"May 20, 2025",1545,0
2024-02-26,scG3agQQ79E,Cursor AI 와 Github Copilot 비교해 봤습니다 - 남들은 Cursor AI 가 더 좋다고 하던데 저는...,"May 20, 2025",1545,0
2024-02-27,scG3agQQ79E,Cursor AI 와 Github Copilot 비교해 봤습니다 - 남들은 Cursor AI 가 더 좋다고 하던데 저는...,"May 20, 2025",1545,0
2024-02-28,scG3agQQ79E,Cursor AI 와 Github Copilot 비교해 봤습니다 - 남들은 Cursor AI 가 더 좋다고 하던데 저는...,"May 20, 2025",1545,0
2024-02-29,scG3agQQ79E,Cursor AI 와 Github Copilot 비교해 봤습니다 - 남들은 Cursor AI 가 더 좋다고 하던데 저는...,"May 20, 2025",1545,0
2024-03-01,scG3agQQ79E,Cursor AI 와 Github Copilot 비교해 봤습니다 - 남들은 Cursor AI 가 더 좋다고 하던데 저는...,"May 20, 2025",1545,0
2024-03-02,scG3agQQ79E,Cursor AI 와 Github Copilot 비교해 봤습니다 - 남들은 Cursor AI 가 더 좋다고 하던데 저는...,"May 20, 2025",1545,0
2024-03-03,scG3agQQ79E,Cursor AI 와 Github Copilot 비교해 봤습니다 - 남들은 Cursor AI 가 더 좋다고 하던데 저는...,"May 20, 2025",1545,0
2024-03-04,scG3agQQ79E,Cursor AI 와 Github Copilot 비교해 봤습니다 - 남들은 Cursor AI 가 더 좋다고 하던데 저는...,"May 20, 2025",1545,0
2024-03-05,scG3agQQ79E,Cursor AI 와 Github Copilot 비교해 봤습니다 - 남들은 Cursor AI 가 더 좋다고 하던데 저는...,"May 20, 2025",1545,0
2024-03-06,scG3agQQ79E,Cursor AI 와 Github Copilot 비교해 봤습니다 - 남들은 Cursor AI 가 더 좋다고 하던데 저는...,"May 20, 2025",1545,0
2024-03-07,scG3agQQ79E,Cursor AI 와 Github Copilot 비교해 봤습니다 - 남들은 Cursor AI 가 더 좋다고 하던데 저는...,"May 20, 2025",1545,0
2024-03-08,scG3agQQ79E,Cursor AI 와 Github Copilot 비교해 봤습니다 - 남들은 Cursor AI 가 더 좋다고 하던데 저는...,"May 20, 2025",1545,0
2024-03-09,scG3agQQ79E,Cursor AI 와 Github Copilot 비교해 봤습니다 - 남들은 Cursor AI 가 더 좋다고 하던데 저는...,"May 20, 2025",1545,0
2024-03-10,scG3agQQ79E,Cursor AI 와 Github Copilot 비교해 봤습니다 - 남들은 Cursor AI 가 더 좋다고 하던데 저는...,"May 20, 2025",1545,0
2024-03-11,scG3agQQ79E,Cursor AI 와 Github Copilot 비교해 봤습니다 - 남들은 Cursor AI 가 더 좋다고 하던데 저는...,"May 20, 2025",1545,0
2024-03-12,scG3agQQ79E,Cursor AI 와 Github Copilot 비교해 봤습니다 - 남들은 Cursor AI 가 더 좋다고 하던데 저는...,"May 20, 2025",1545,0
2024-03-13,scG3agQQ79E,Cursor AI 와 Github Copilot 비교해 봤습니다 - 남들은 Cursor AI 가 더 좋다고 하던데 저는...,"May 20, 2025",1545,0
2024-03-14,scG3agQQ79E,Cursor AI 와 Github Copilot 비교해 봤습니다 - 남들은 Cursor AI 가 더 좋다고 하던데 저는...,"May 20, 2025",1545,0
2024-03-15,scG3agQQ79E,Cursor AI 와 Github Copilot 비교해 봤습니다 - 남들은 Cursor AI 가 더 좋다고 하던데 저는...,"May 20, 2025",1545,0
2024-03-16,scG3agQQ79E,Cursor AI 와 Github Copilot 비교해 봤습니다 - 남들은 Cursor AI 가 더 좋다고 하던데 저는...,"May 20, 2025",1545,0
2024-03-17,scG3agQQ79E,Cursor AI 와 Github Copilot 비교해 봤습니다 - 남들은 Cursor AI 가 더 좋다고 하던데 저는...,"May 20, 2025",1545,0
2024-03-18,scG3agQQ79E,Cursor AI 와 Github Copilot 비교해 봤습니다 - 남들은 Cursor AI 가 더 좋다고 하던데 저는...,"May 20, 2025",1545,0
2024-03-19,scG3agQQ79E,Cursor AI 와 Github Copilot 비교해 봤습니다 - 남들은 Cursor AI 가 더 좋다고 하던데 저는...,"May 20, 2025",1545,0
2024-03-20,scG3agQQ79E,Cursor AI 와 Github Copilot 비교해 봤습니다 - 남들은 Cursor AI 가 더 좋다고 하던데 저는...,"May 20, 2025",1545,0
2024-03-21,scG3agQQ79E,Cursor AI 와 Github Copilot 비교해 봤습니다 - 남들은 Cursor AI 가 더 좋다고 하던데 저는...,"May 20, 2025",1545,0
2024-03-22,scG3agQQ79E,Cursor AI 와 Github Copilot 비교해 봤습니다 - 남들은 Cursor AI 가 더 좋다고 하던데 저는...,"May 20, 2025",1545,0
2024-03-23,scG3agQQ79E,Cursor AI 와 Github Copilot 비교해 봤습니다 - 남들은 Cursor AI 가 더 좋다고 하던데 저는...,"May 20, 2025",1545,0
2024-03-24,scG3agQQ79E,Cursor AI 와 Github Copilot 비교해 봤습니다 - 남들은 Cursor AI 가 더 좋다고 하던데 저는...,"May 20, 2025",1545,0
2024-03-25,scG3agQQ79E,Cursor AI 와 Github Copilot 비교해 봤습니다 - 남들은 Cursor AI 가 더 좋다고 하던데 저는...,"May 20, 2025",1545,0
2024-03-26,scG3agQQ79E,Cursor AI 와 Github Copilot 비교해 봤습니다 - 남들은 Cursor AI 가 더 좋다고 하던데 저는...,"May 20, 2025",1545,0
2024-03-27,scG3agQQ79E,Cursor AI 와 Github Copilot 비교해 봤습니다 - 남들은 Cursor AI 가 더 좋다고 하던데 저는...,"May 20, 2025",1545,0
2024-03-28,scG3agQQ79E,Cursor AI 와 Github Copilot 비교해 봤습니다 - 남들은 Cursor AI 가 더 좋다고 하던데 저는...,"May 20, 2025",1545,0
2024-03-29,scG3agQQ79E,Cursor AI 와 Github Copilot 비교해 봤습니다 - 남들은 Cursor AI 가 더 좋다고 하던데 저는...,"May 20, 2025",1545,0
2024-03-30,scG3agQQ79E,Cursor AI 와 Github Copilot 비교해 봤습니다 - 남들은 Cursor AI 가 더 좋다고 하던데 저는...,"May 20, 2025",1545,0
2024-03-31,scG3agQQ79E,Cursor AI 와 Github Copilot 비교해 봤습니다 - 남들은 Cursor AI 가 더 좋다고 하던데 저는...,"May 20, 2025",1545,0
2024-04-01,scG3agQQ79E,Cursor AI 와 Github Copilot 비교해 봤습니다 - 남들은 Cursor AI 가 더 좋다고 하던데 저는...,"May 20, 2025",1545,0
2024-04-02,scG3agQQ79E,Cursor AI 와 Github Copilot 비교해 봤습니다 - 남들은 Cursor AI 가 더 좋다고 하던데 저는...,"May 20, 2025",1545,0
2024-04-03,scG3agQQ79E,Cursor AI 와 Github Copilot 비교해 봤습니다 - 남들은 Cursor AI 가 더 좋다고 하던데 저는...,"May 20, 2025",1545,0
2024-04-04,scG3agQQ79E,Cursor AI 와 Github Copilot 비교해 봤습니다 - 남들은 Cursor AI 가 더 좋다고 하던데 저는...,"May 20, 2025",1545,0
2024-04-05,scG3agQQ79E,Cursor AI 와 Github Copilot 비교해 봤습니다 - 남들은 Cursor AI 가 더 좋다고 하던데 저는...,"May 20, 2025",1545,0
2024-04-06,scG3agQQ79E,Cursor AI 와 Github Copilot 비교해 봤습니다 - 남들은 Cursor AI 가 더 좋다고 하던데 저는...,"May 20, 2025",1545,0
2024-04-07,scG3agQQ79E,Cursor AI 와 Github Copilot 비교해 봤습니다 - 남들은 Cursor AI 가 더 좋다고 하던데 저는...,"May 20, 2025",1545,0
2024-04-08,scG3agQQ79E,Cursor AI 와 Github Copilot 비교해 봤습니다 - 남들은 Cursor AI 가 더 좋다고 하던데 저는...,"May 20, 2025",1545,0
2024-04-09,scG3agQQ79E,Cursor AI 와 Github Copilot 비교해 봤습니다 - 남들은 Cursor AI 가 더 좋다고 하던데 저는...,"May 20, 2025",1545,0
2024-04-10,scG3agQQ79E,Cursor AI 와 Github Copilot 비교해 봤습니다 - 남들은 Cursor AI 가 더 좋다고 하던데 저는...,"May 20, 2025",1545,0
2024-04-11,scG3agQQ79E,Cursor AI 와 Github Copilot 비교해 봤습니다 - 남들은 Cursor AI 가 더 좋다고 하던데 저는...,"May 20, 2025",1545,0
2024-04-12,scG3agQQ79E,Cursor AI 와 Github Copilot 비교해 봤습니다 - 남들은 Cursor AI 가 더 좋다고 하던데 저는...,"May 20, 2025",1545,0
2024-04-13,scG3agQQ79E,Cursor AI 와 Github Copilot 비교해 봤습니다 - 남들은 Cursor AI 가 더 좋다고 하던데 저는...,"May 20, 2025",1545,0
2024-04-14,scG3agQQ79E,Cursor AI 와 Github Copilot 비교해 봤습니다 - 남들은 Cursor AI 가 더 좋다고 하던데 저는...,"May 20, 2025",1545,0
2024-04-15,scG3agQQ79E,Cursor AI 와 Github Copilot 비교해 봤습니다 - 남들은 Cursor AI 가 더 좋다고 하던데 저는...,"May 20, 2025",1545,0
2024-04-16,scG3agQQ79E,Cursor AI 와 Github Copilot 비교해 봤습니다 - 남들은 Cursor AI 가 더 좋다고 하던데 저는...,"May 20, 2025",1545,0
2024-04-17,scG3agQQ79E,Cursor AI 와 Github Copilot 비교해 봤습니다 - 남들은 Cursor AI 가 더 좋다고 하던데 저는...,"May 20, 2025",1545,0
2024-04-18,scG3agQQ79E,Cursor AI 와 Github Copilot 비교해 봤습니다 - 남들은 Cursor AI 가 더 좋다고 하던데 저는...,"May 20, 2025",1545,0
2024-04-19,scG3agQQ79E,Cursor AI 와 Github Copilot 비교해 봤습니다 - 남들은 Cursor AI 가 더 좋다고 하던데 저는...,"May 20, 2025",1545,0
2024-04-20,scG3agQQ79E,Cursor AI 와 Github Copilot 비교해 봤습니다 - 남들은 Cursor AI 가 더 좋다고 하던데 저는...,"May 20, 2025",1545,0
2024-04-21,scG3agQQ79E,Cursor AI 와 Github Copilot 비교해 봤습니다 - 남들은 Cursor AI 가 더 좋다고 하던데 저는...,"May 20, 2025",1545,0
2024-04-22,scG3agQQ79E,Cursor AI 와 Github Copilot 비교해 봤습니다 - 남들은 Cursor AI 가 더 좋다고 하던데 저는...,"May 20, 2025",1545,0
2024-04-23,scG3agQQ79E,Cursor AI 와 Github Copilot 비교해 봤습니다 - 남들은 Cursor AI 가 더 좋다고 하던데 저는...,"May 20, 2025",1545,0
2024-04-24,scG3agQQ79E,Cursor AI 와 Github Copilot 비교해 봤습니다 - 남들은 Cursor AI 가 더 좋다고 하던데 저는...,"May 20, 2025",1545,0
2024-04-25,scG3agQQ79E,Cursor AI 와 Github Copilot 비교해 봤습니다 - 남들은 Cursor AI 가 더 좋다고 하던데 저는...,"May 20, 2025",1545,0
2024-04-26,scG3agQQ79E,Cursor AI 와 Github Copilot 비교해 봤습니다 - 남들은 Cursor AI 가 더 좋다고 하던데 저는...,"May 20, 2025",1545,0
2024-04-27,scG3agQQ79E,Cursor AI 와 Github Copilot 비교해 봤습니다 - 남들은 Cursor AI 가 더 좋다고 하던데 저는...,"May 20, 2025",1545,0
2024-04-28,scG3agQQ79E,Cursor AI 와 Github Copilot 비교해 봤습니다 - 남들은 Cursor AI 가 더 좋다고 하던데 저는...,"May 20, 2025",1545,0
2024-04-29,scG3agQQ79E,Cursor AI 와 Github Copilot 비교해 봤습니다 - 남들은 Cursor AI 가 더 좋다고 하던데 저는...,"May 20, 2025",1545,0
2024-04-30,scG3agQQ79E,Cursor AI 와 Github Copilot 비교해 봤습니다 - 남들은 Cursor AI 가 더 좋다고 하던데 저는...,"May 20, 2025",1545,0
2024-05-01,scG3agQQ79E,Cursor AI 와 Github Copilot 비교해 봤습니다 - 남들은 Cursor AI 가 더 좋다고 하던데 저는...,"May 20, 2025",1545,0
2024-05-02,scG3agQQ79E,Cursor AI 와 Github Copilot 비교해 봤습니다 - 남들은 Cursor AI 가 더 좋다고 하던데 저는...,"May 20, 2025",1545,0
2024-05-03,scG3agQQ79E,Cursor AI 와 Github Copilot 비교해 봤습니다 - 남들은 Cursor AI 가 더 좋다고 하던데 저는...,"May 20, 2025",1545,0
2024-05-04,scG3agQQ79E,Cursor AI 와 Github Copilot 비교해 봤습니다 - 남들은 Cursor AI 가 더 좋다고 하던데 저는...,"May 20, 2025",1545,0
2024-05-05,scG3agQQ79E,Cursor AI 와 Github Copilot 비교해 봤습니다 - 남들은 Cursor AI 가 더 좋다고 하던데 저는...,"May 20, 2025",1545,0
2024-05-06,scG3agQQ79E,Cursor AI 와 Github Copilot 비교해 봤습니다 - 남들은 Cursor AI 가 더 좋다고 하던데 저는...,"May 20, 2025",1545,0
2024-05-07,scG3agQQ79E,Cursor AI 와 Github Copilot 비교해 봤습니다 - 남들은 Cursor AI 가 더 좋다고 하던데 저는...,"May 20, 2025",1545,0
2024-05-08,scG3agQQ79E,Cursor AI 와 Github Copilot 비교해 봤습니다 - 남들은 Cursor AI 가 더 좋다고 하던데 저는...,"May 20, 2025",1545,0
2024-05-09,scG3agQQ79E,Cursor AI 와 Github Copilot 비교해 봤습니다 - 남들은 Cursor AI 가 더 좋다고 하던데 저는...,"May 20, 2025",1545,0
2024-05-10,scG3agQQ79E,Cursor AI 와 Github Copilot 비교해 봤습니다 - 남들은 Cursor AI 가 더 좋다고 하던데 저는...,"May 20, 2025",1545,0
2024-05-11,scG3agQQ79E,Cursor AI 와 Github Copilot 비교해 봤습니다 - 남들은 Cursor AI 가 더 좋다고 하던데 저는...,"May 20, 2025",1545,0
2024-05-12,scG3agQQ79E,Cursor AI 와 Github Copilot 비교해 봤습니다 - 남들은 Cursor AI 가 더 좋다고 하던데 저는...,"May 20, 2025",1545,0
2024-05-13,scG3agQQ79E,Cursor AI 와 Github Copilot 비교해 봤습니다 - 남들은 Cursor AI 가 더 좋다고 하던데 저는...,"May 20, 2025",1545,0
2024-05-14,scG3agQQ79E,Cursor AI 와 Github Copilot 비교해 봤습니다 - 남들은 Cursor AI 가 더 좋다고 하던데 저는...,"May 20, 2025",1545,0
2024-05-15,scG3agQQ79E,Cursor AI 와 Github Copilot 비교해 봤습니다 - 남들은 Cursor AI 가 더 좋다고 하던데 저는...,"May 20, 2025",1545,0
2024-05-16,scG3agQQ79E,Cursor AI 와 Github Copilot 비교해 봤습니다 - 남들은 Cursor AI 가 더 좋다고 하던데 저는...,"May 20, 2025",1545,0
2024-05-17,scG3agQQ79E,Cursor AI 와 Github Copilot 비교해 봤습니다 - 남들은 Cursor AI 가 더 좋다고 하던데 저는...,"May 20, 2025",1545,0
2024-05-18,scG3agQQ79E,Cursor AI 와 Github Copilot 비교해 봤습니다 - 남들은 Cursor AI 가 더 좋다고 하던데 저는...,"May 20, 2025",1545,0
2024-05-19,scG3agQQ79E,Cursor AI 와 Github Copilot 비교해 봤습니다 - 남들은 Cursor AI 가 더 좋다고 하던데 저는...,"May 20, 2025",1545,0
2024-05-20,scG3agQQ79E,Cursor AI 와 Github Copilot 비교해 봤습니다 - 남들은 Cursor AI 가 더 좋다고 하던데 저는...,"May 20, 2025",1545,0
2024-05-21,scG3agQQ79E,Cursor AI 와 Github Copilot 비교해 봤습니다 - 남들은 Cursor AI 가 더 좋다고 하던데 저는...,"May 20, 2025",1545,0
2024-05-22,scG3agQQ79E,Cursor AI 와 Github Copilot 비교해 봤습니다 - 남들은 Cursor AI 가 더 좋다고 하던데 저는...,"May 20, 2025",1545,0
2024-05-23,scG3agQQ79E,Cursor AI 와 Github Copilot 비교해 봤습니다 - 남들은 Cursor AI 가 더 좋다고 하던데 저는...,"May 20, 2025",1545,0
2024-05-24,scG3agQQ79E,Cursor AI 와 Github Copilot 비교해 봤습니다 - 남들은 Cursor AI 가 더 좋다고 하던데 저는...,"May 20, 2025",1545,0
2024-05-25,scG3agQQ79E,Cursor AI 와 Github Copilot 비교해 봤습니다 - 남들은 Cursor AI 가 더 좋다고 하던데 저는...,"May 20, 2025",1545,0
2024-05-26,scG3agQQ79E,Cursor AI 와 Github Copilot 비교해 봤습니다 - 남들은 Cursor AI 가 더 좋다고 하던데 저는...,"May 20, 2025",1545,0
2024-05-27,scG3agQQ79E,Cursor AI 와 Github Copilot 비교해 봤습니다 - 남들은 Cursor AI 가 더 좋다고 하던데 저는...,"May 20, 2025",1545,0
2024-05-28,scG3agQQ79E,Cursor AI 와 Github Copilot 비교해 봤습니다 - 남들은 Cursor AI 가 더 좋다고 하던데 저는...,"May 20, 2025",1545,0
2024-05-29,scG3agQQ79E,Cursor AI 와 Github Copilot 비교해 봤습니다 - 남들은 Cursor AI 가 더 좋다고 하던데 저는...,"May 20, 2025",1545,0
2024-05-30,scG3agQQ79E,Cursor AI 와 Github Copilot 비교해 봤습니다 - 남들은 Cursor AI 가 더 좋다고 하던데 저는...,"May 20, 2025",1545,0
2024-05-31,scG3agQQ79E,Cursor AI 와 Github Copilot 비교해 봤습니다 - 남들은 Cursor AI 가 더 좋다고 하던데 저는...,"May 20, 2025",1545,0
2024-06-01,scG3agQQ79E,Cursor AI 와 Github Copilot 비교해 봤습니다 - 남들은 Cursor AI 가 더 좋다고 하던데 저는...,"May 20, 2025",1545,0
2024-06-02,scG3agQQ79E,Cursor AI 와 Github Copilot 비교해 봤습니다 - 남들은 Cursor AI 가 더 좋다고 하던데 저는...,"May 20, 2025",1545,0
2024-06-03,scG3agQQ79E,Cursor AI 와 Github Copilot 비교해 봤습니다 - 남들은 Cursor AI 가 더 좋다고 하던데 저는...,"May 20, 2025",1545,0
2024-06-04,scG3agQQ79E,Cursor AI 와 Github Copilot 비교해 봤습니다 - 남들은 Cursor AI 가 더 좋다고 하던데 저는...,"May 20, 2025",1545,0
2024-06-05,scG3agQQ79E,Cursor AI 와 Github Copilot 비교해 봤습니다 - 남들은 Cursor AI 가 더 좋다고 하던데 저는...,"May 20, 2025",1545,0
2024-06-06,scG3agQQ79E,Cursor AI 와 Github Copilot 비교해 봤습니다 - 남들은 Cursor AI 가 더 좋다고 하던데 저는...,"May 20, 2025",1545,0
2024-06-07,scG3agQQ79E,Cursor AI 와 Github Copilot 비교해 봤습니다 - 남들은 Cursor AI 가 더 좋다고 하던데 저는...,"May 20, 2025",1545,0
2024-06-08,scG3agQQ79E,Cursor AI 와 Github Copilot 비교해 봤습니다 - 남들은 Cursor AI 가 더 좋다고 하던데 저는...,"May 20, 2025",1545,0
2024-06-09,scG3agQQ79E,Cursor AI 와 Github Copilot 비교해 봤습니다 - 남들은 Cursor AI 가 더 좋다고 하던데 저는...,"May 20, 2025",1545,0
2024-06-10,scG3agQQ79E,Cursor AI 와 Github Copilot 비교해 봤습니다 - 남들은 Cursor AI 가 더 좋다고 하던데 저는...,"May 20, 2025",1545,0
2024-06-11,scG3agQQ79E,Cursor AI 와 Github Copilot 비교해 봤습니다 - 남들은 Cursor AI 가 더 좋다고 하던데 저는...,"May 20, 2025",1545,0
2024-06-12,scG3agQQ79E,Cursor AI 와 Github Copilot 비교해 봤습니다 - 남들은 Cursor AI 가 더 좋다고 하던데 저는...,"May 20, 2025",1545,0
2024-06-13,scG3agQQ79E,Cursor AI 와 Github Copilot 비교해 봤습니다 - 남들은 Cursor AI 가 더 좋다고 하던데 저는...,"May 20, 2025",1545,0
2024-06-14,scG3agQQ79E,Cursor AI 와 Github Copilot 비교해 봤습니다 - 남들은 Cursor AI 가 더 좋다고 하던데 저는...,"May 20, 2025",1545,0
2024-06-15,scG3agQQ79E,Cursor AI 와 Github Copilot 비교해 봤습니다 - 남들은 Cursor AI 가 더 좋다고 하던데 저는...,"May 20, 2025",1545,0
2024-06-16,scG3agQQ79E,Cursor AI 와 Github Copilot 비교해 봤습니다 - 남들은 Cursor AI 가 더 좋다고 하던데 저는...,"May 20, 2025",1545,0
2024-06-17,scG3agQQ79E,Cursor AI 와 Github Copilot 비교해 봤습니다 - 남들은 Cursor AI 가 더 좋다고 하던데 저는...,"May 20, 2025",1545,0
2024-06-18,scG3agQQ79E,Cursor AI 와 Github Copilot 비교해 봤습니다 - 남들은 Cursor AI 가 더 좋다고 하던데 저는...,"May 20, 2025",1545,0
2024-06-19,scG3agQQ79E,Cursor AI 와 Github Copilot 비교해 봤습니다 - 남들은 Cursor AI 가 더 좋다고 하던데 저는...,"May 20, 2025",1545,0
2024-06-20,scG3agQQ79E,Cursor AI 와 Github Copilot 비교해 봤습니다 - 남들은 Cursor AI 가 더 좋다고 하던데 저는...,"May 20, 2025",1545,0
2024-06-21,scG3agQQ79E,Cursor AI 와 Github Copilot 비교해 봤습니다 - 남들은 Cursor AI 가 더 좋다고 하던데 저는...,"May 20, 2025",1545,0
2024-06-22,scG3agQQ79E,Cursor AI 와 Github Copilot 비교해 봤습니다 - 남들은 Cursor AI 가 더 좋다고 하던데 저는...,"May 20, 2025",1545,0
2024-06-23,scG3agQQ79E,Cursor AI 와 Github Copilot 비교해 봤습니다 - 남들은 Cursor AI 가 더 좋다고 하던데 저는...,"May 20, 2025",1545,0
2024-06-24,scG3agQQ79E,Cursor AI 와 Github Copilot 비교해 봤습니다 - 남들은 Cursor AI 가 더 좋다고 하던데 저는...,"May 20, 2025",1545,0
2024-06-25,scG3agQQ79E,Cursor AI 와 Github Copilot 비교해 봤습니다 - 남들은 Cursor AI 가 더 좋다고 하던데 저는...,"May 20, 2025",1545,0
2024-06-26,scG3agQQ79E,Cursor AI 와 Github Copilot 비교해 봤습니다 - 남들은 Cursor AI 가 더 좋다고 하던데 저는...,"May 20, 2025",1545,0
2024-06-27,scG3agQQ79E,Cursor AI 와 Github Copilot 비교해 봤습니다 - 남들은 Cursor AI 가 더 좋다고 하던데 저는...,"May 20, 2025",1545,0
2024-06-28,scG3agQQ79E,Cursor AI 와 Github Copilot 비교해 봤습니다 - 남들은 Cursor AI 가 더 좋다고 하던데 저는...,"May 20, 2025",1545,0
2024-06-29,scG3agQQ79E,Cursor AI 와 Github Copilot 비교해 봤습니다 - 남들은 Cursor AI 가 더 좋다고 하던데 저는...,"May 20, 2025",1545,0
2024-06-30,scG3agQQ79E,Cursor AI 와 Github Copilot 비교해 봤습니다 - 남들은 Cursor AI 가 더 좋다고 하던데 저는...,"May 20, 2025",1545,0
2024-07-01,scG3agQQ79E,Cursor AI 와 Github Copilot 비교해 봤습니다 - 남들은 Cursor AI 가 더 좋다고 하던데 저는...,"May 20, 2025",1545,0
2024-07-02,scG3agQQ79E,Cursor AI 와 Github Copilot 비교해 봤습니다 - 남들은 Cursor AI 가 더 좋다고 하던데 저는...,"May 20, 2025",1545,0
2024-07-03,scG3agQQ79E,Cursor AI 와 Github Copilot 비교해 봤습니다 - 남들은 Cursor AI 가 더 좋다고 하던데 저는...,"May 20, 2025",1545,0
2024-07-04,scG3agQQ79E,Cursor AI 와 Github Copilot 비교해 봤습니다 - 남들은 Cursor AI 가 더 좋다고 하던데 저는...,"May 20, 2025",1545,0
2024-07-05,scG3agQQ79E,Cursor AI 와 Github Copilot 비교해 봤습니다 - 남들은 Cursor AI 가 더 좋다고 하던데 저는...,"May 20, 2025",1545,0
2024-07-06,scG3agQQ79E,Cursor AI 와 Github Copilot 비교해 봤습니다 - 남들은 Cursor AI 가 더 좋다고 하던데 저는...,"May 20, 2025",1545,0
2024-07-07,scG3agQQ79E,Cursor AI 와 Github Copilot 비교해 봤습니다 - 남들은 Cursor AI 가 더 좋다고 하던데 저는...,"May 20, 2025",1545,0
2024-07-08,scG3agQQ79E,Cursor AI 와 Github Copilot 비교해 봤습니다 - 남들은 Cursor AI 가 더 좋다고 하던데 저는...,"May 20, 2025",1545,0
2024-07-09,scG3agQQ79E,Cursor AI 와 Github Copilot 비교해 봤습니다 - 남들은 Cursor AI 가 더 좋다고 하던데 저는...,"May 20, 2025",1545,0
2024-07-10,scG3agQQ79E,Cursor AI 와 Github Copilot 비교해 봤습니다 - 남들은 Cursor AI 가 더 좋다고 하던데 저는...,"May 20, 2025",1545,0
2024-07-11,scG3agQQ79E,Cursor AI 와 Github Copilot 비교해 봤습니다 - 남들은 Cursor AI 가 더 좋다고 하던데 저는...,"May 20, 2025",1545,0
2024-07-12,scG3agQQ79E,Cursor AI 와 Github Copilot 비교해 봤습니다 - 남들은 Cursor AI 가 더 좋다고 하던데 저는...,"May 20, 2025",1545,0
2024-07-13,scG3agQQ79E,Cursor AI 와 Github Copilot 비교해 봤습니다 - 남들은 Cursor AI 가 더 좋다고 하던데 저는...,"May 20, 2025",1545,0
2024-07-14,scG3agQQ79E,Cursor AI 와 Github Copilot 비교해 봤습니다 - 남들은 Cursor AI 가 더 좋다고 하던데 저는...,"May 20, 2025",1545,0
2024-07-15,scG3agQQ79E,Cursor AI 와 Github Copilot 비교해 봤습니다 - 남들은 Cursor AI 가 더 좋다고 하던데 저는...,"May 20, 2025",1545,0
2024-07-16,scG3agQQ79E,Cursor AI 와 Github Copilot 비교해 봤습니다 - 남들은 Cursor AI 가 더 좋다고 하던데 저는...,"May 20, 2025",1545,0
2024-07-17,scG3agQQ79E,Cursor AI 와 Github Copilot 비교해 봤습니다 - 남들은 Cursor AI 가 더 좋다고 하던데 저는...,"May 20, 2025",1545,0
2024-07-18,scG3agQQ79E,Cursor AI 와 Github Copilot 비교해 봤습니다 - 남들은 Cursor AI 가 더 좋다고 하던데 저는...,"May 20, 2025",1545,0
2024-07-19,scG3agQQ79E,Cursor AI 와 Github Copilot 비교해 봤습니다 - 남들은 Cursor AI 가 더 좋다고 하던데 저는...,"May 20, 2025",1545,0
2024-07-20,scG3agQQ79E,Cursor AI 와 Github Copilot 비교해 봤습니다 - 남들은 Cursor AI 가 더 좋다고 하던데 저는...,"May 20, 2025",1545,0
2024-07-21,scG3agQQ79E,Cursor AI 와 Github Copilot 비교해 봤습니다 - 남들은 Cursor AI 가 더 좋다고 하던데 저는...,"May 20, 2025",1545,0
2024-07-22,scG3agQQ79E,Cursor AI 와 Github Copilot 비교해 봤습니다 - 남들은 Cursor AI 가 더 좋다고 하던데 저는...,"May 20, 2025",1545,0
2024-07-23,scG3agQQ79E,Cursor AI 와 Github Copilot 비교해 봤습니다 - 남들은 Cursor AI 가 더 좋다고 하던데 저는...,"May 20, 2025",1545,0
2024-07-24,scG3agQQ79E,Cursor AI 와 Github Copilot 비교해 봤습니다 - 남들은 Cursor AI 가 더 좋다고 하던데 저는...,"May 20, 2025",1545,0
2024-07-25,scG3agQQ79E,Cursor AI 와 Github Copilot 비교해 봤습니다 - 남들은 Cursor AI 가 더 좋다고 하던데 저는...,"May 20, 2025",1545,0
2024-07-26,scG3agQQ79E,Cursor AI 와 Github Copilot 비교해 봤습니다 - 남들은 Cursor AI 가 더 좋다고 하던데 저는...,"May 20, 2025",1545,0
2024-07-27,scG3agQQ79E,Cursor AI 와 Github Copilot 비교해 봤습니다 - 남들은 Cursor AI 가 더 좋다고 하던데 저는...,"May 20, 2025",1545,0
2024-07-28,scG3agQQ79E,Cursor AI 와 Github Copilot 비교해 봤습니다 - 남들은 Cursor AI 가 더 좋다고 하던데 저는...,"May 20, 2025",1545,0
2024-07-29,scG3agQQ79E,Cursor AI 와 Github Copilot 비교해 봤습니다 - 남들은 Cursor AI 가 더 좋다고 하던데 저는...,"May 20, 2025",1545,0
2024-07-30,scG3agQQ79E,Cursor AI 와 Github Copilot 비교해 봤습니다 - 남들은 Cursor AI 가 더 좋다고 하던데 저는...,"May 20, 2025",1545,0
2024-07-31,scG3agQQ79E,Cursor AI 와 Github Copilot 비교해 봤습니다 - 남들은 Cursor AI 가 더 좋다고 하던데 저는...,"May 20, 2025",1545,0
2024-08-01,scG3agQQ79E,Cursor AI 와 Github Copilot 비교해 봤습니다 - 남들은 Cursor AI 가 더 좋다고 하던데 저는...,"May 20, 2025",1545,0
2024-08-02,scG3agQQ79E,Cursor AI 와 Github Copilot 비교해 봤습니다 - 남들은 Cursor AI 가 더 좋다고 하던데 저는...,"May 20, 2025",1545,0
2024-08-03,scG3agQQ79E,Cursor AI 와 Github Copilot 비교해 봤습니다 - 남들은 Cursor AI 가 더 좋다고 하던데 저는...,"May 20, 2025",1545,0
2024-08-04,scG3agQQ79E,Cursor AI 와 Github Copilot 비교해 봤습니다 - 남들은 Cursor AI 가 더 좋다고 하던데 저는...,"May 20, 2025",1545,0
2024-08-05,scG3agQQ79E,Cursor AI 와 Github Copilot 비교해 봤습니다 - 남들은 Cursor AI 가 더 좋다고 하던데 저는...,"May 20, 2025",1545,0
2024-08-06,scG3agQQ79E,Cursor AI 와 Github Copilot 비교해 봤습니다 - 남들은 Cursor AI 가 더 좋다고 하던데 저는...,"May 20, 2025",1545,0
2024-08-07,scG3agQQ79E,Cursor AI 와 Github Copilot 비교해 봤습니다 - 남들은 Cursor AI 가 더 좋다고 하던데 저는...,"May 20, 2025",1545,0
2024-08-08,scG3agQQ79E,Cursor AI 와 Github Copilot 비교해 봤습니다 - 남들은 Cursor AI 가 더 좋다고 하던데 저는...,"May 20, 2025",1545,0
2024-08-09,scG3agQQ79E,Cursor AI 와 Github Copilot 비교해 봤습니다 - 남들은 Cursor AI 가 더 좋다고 하던데 저는...,"May 20, 2025",1545,0
2024-08-10,scG3agQQ79E,Cursor AI 와 Github Copilot 비교해 봤습니다 - 남들은 Cursor AI 가 더 좋다고 하던데 저는...,"May 20, 2025",1545,0
2024-08-11,scG3agQQ79E,Cursor AI 와 Github Copilot 비교해 봤습니다 - 남들은 Cursor AI 가 더 좋다고 하던데 저는...,"May 20, 2025",1545,0
2024-08-12,scG3agQQ79E,Cursor AI 와 Github Copilot 비교해 봤습니다 - 남들은 Cursor AI 가 더 좋다고 하던데 저는...,"May 20, 2025",1545,0
2024-08-13,scG3agQQ79E,Cursor AI 와 Github Copilot 비교해 봤습니다 - 남들은 Cursor AI 가 더 좋다고 하던데 저는...,"May 20, 2025",1545,0
2024-08-14,scG3agQQ79E,Cursor AI 와 Github Copilot 비교해 봤습니다 - 남들은 Cursor AI 가 더 좋다고 하던데 저는...,"May 20, 2025",1545,0
2024-08-15,scG3agQQ79E,Cursor AI 와 Github Copilot 비교해 봤습니다 - 남들은 Cursor AI 가 더 좋다고 하던데 저는...,"May 20, 2025",1545,0
2024-08-16,scG3agQQ79E,Cursor AI 와 Github Copilot 비교해 봤습니다 - 남들은 Cursor AI 가 더 좋다고 하던데 저는...,"May 20, 2025",1545,0
2024-08-17,scG3agQQ79E,Cursor AI 와 Github Copilot 비교해 봤습니다 - 남들은 Cursor AI 가 더 좋다고 하던데 저는...,"May 20, 2025",1545,0
2024-08-18,scG3agQQ79E,Cursor AI 와 Github Copilot 비교해 봤습니다 - 남들은 Cursor AI 가 더 좋다고 하던데 저는...,"May 20, 2025",1545,0
2024-08-19,scG3agQQ79E,Cursor AI 와 Github Copilot 비교해 봤습니다 - 남들은 Cursor AI 가 더 좋다고 하던데 저는...,"May 20, 2025",1545,0
2024-08-20,scG3agQQ79E,Cursor AI 와 Github Copilot 비교해 봤습니다 - 남들은 Cursor AI 가 더 좋다고 하던데 저는...,"May 20, 2025",1545,0
2024-08-21,scG3agQQ79E,Cursor AI 와 Github Copilot 비교해 봤습니다 - 남들은 Cursor AI 가 더 좋다고 하던데 저는...,"May 20, 2025",1545,0
2024-08-22,scG3agQQ79E,Cursor AI 와 Github Copilot 비교해 봤습니다 - 남들은 Cursor AI 가 더 좋다고 하던데 저는...,"May 20, 2025",1545,0
2024-08-23,scG3agQQ79E,Cursor AI 와 Github Copilot 비교해 봤습니다 - 남들은 Cursor AI 가 더 좋다고 하던데 저는...,"May 20, 2025",1545,0
2024-08-24,scG3agQQ79E,Cursor AI 와 Github Copilot 비교해 봤습니다 - 남들은 Cursor AI 가 더 좋다고 하던데 저는...,"May 20, 2025",1545,0
2024-08-25,scG3agQQ79E,Cursor AI 와 Github Copilot 비교해 봤습니다 - 남들은 Cursor AI 가 더 좋다고 하던데 저는...,"May 20, 2025",1545,0
2024-08-26,scG3agQQ79E,Cursor AI 와 Github Copilot 비교해 봤습니다 - 남들은 Cursor AI 가 더 좋다고 하던데 저는...,"May 20, 2025",1545,0
2024-08-27,scG3agQQ79E,Cursor AI 와 Github Copilot 비교해 봤습니다 - 남들은 Cursor AI 가 더 좋다고 하던데 저는...,"May 20, 2025",1545,0
2024-08-28,scG3agQQ79E,Cursor AI 와 Github Copilot 비교해 봤습니다 - 남들은 Cursor AI 가 더 좋다고 하던데 저는...,"May 20, 2025",1545,0
2024-08-29,scG3agQQ79E,Cursor AI 와 Github Copilot 비교해 봤습니다 - 남들은 Cursor AI 가 더 좋다고 하던데 저는...,"May 20, 2025",1545,0
2024-08-30,scG3agQQ79E,Cursor AI 와 Github Copilot 비교해 봤습니다 - 남들은 Cursor AI 가 더 좋다고 하던데 저는...,"May 20, 2025",1545,0
2024-08-31,scG3agQQ79E,Cursor AI 와 Github Copilot 비교해 봤습니다 - 남들은 Cursor AI 가 더 좋다고 하던데 저는...,"May 20, 2025",1545,0
2024-09-01,scG3agQQ79E,Cursor AI 와 Github Copilot 비교해 봤습니다 - 남들은 Cursor AI 가 더 좋다고 하던데 저는...,"May 20, 2025",1545,0
2024-09-02,scG3agQQ79E,Cursor AI 와 Github Copilot 비교해 봤습니다 - 남들은 Cursor AI 가 더 좋다고 하던데 저는...,"May 20, 2025",1545,0
2024-09-03,scG3agQQ79E,Cursor AI 와 Github Copilot 비교해 봤습니다 - 남들은 Cursor AI 가 더 좋다고 하던데 저는...,"May 20, 2025",1545,0
2024-09-04,scG3agQQ79E,Cursor AI 와 Github Copilot 비교해 봤습니다 - 남들은 Cursor AI 가 더 좋다고 하던데 저는...,"May 20, 2025",1545,0
2024-09-05,scG3agQQ79E,Cursor AI 와 Github Copilot 비교해 봤습니다 - 남들은 Cursor AI 가 더 좋다고 하던데 저는...,"May 20, 2025",1545,0
2024-09-06,scG3agQQ79E,Cursor AI 와 Github Copilot 비교해 봤습니다 - 남들은 Cursor AI 가 더 좋다고 하던데 저는...,"May 20, 2025",1545,0
2024-09-07,scG3agQQ79E,Cursor AI 와 Github Copilot 비교해 봤습니다 - 남들은 Cursor AI 가 더 좋다고 하던데 저는...,"May 20, 2025",1545,0
2024-09-08,scG3agQQ79E,Cursor AI 와 Github Copilot 비교해 봤습니다 - 남들은 Cursor AI 가 더 좋다고 하던데 저는...,"May 20, 2025",1545,0
2024-09-09,scG3agQQ79E,Cursor AI 와 Github Copilot 비교해 봤습니다 - 남들은 Cursor AI 가 더 좋다고 하던데 저는...,"May 20, 2025",1545,0
2024-09-10,scG3agQQ79E,Cursor AI 와 Github Copilot 비교해 봤습니다 - 남들은 Cursor AI 가 더 좋다고 하던데 저는...,"May 20, 2025",1545,0
2024-09-11,scG3agQQ79E,Cursor AI 와 Github Copilot 비교해 봤습니다 - 남들은 Cursor AI 가 더 좋다고 하던데 저는...,"May 20, 2025",1545,0
2024-09-12,scG3agQQ79E,Cursor AI 와 Github Copilot 비교해 봤습니다 - 남들은 Cursor AI 가 더 좋다고 하던데 저는...,"May 20, 2025",1545,0
2024-09-13,scG3agQQ79E,Cursor AI 와 Github Copilot 비교해 봤습니다 - 남들은 Cursor AI 가 더 좋다고 하던데 저는...,"May 20, 2025",1545,0
2024-09-14,scG3agQQ79E,Cursor AI 와 Github Copilot 비교해 봤습니다 - 남들은 Cursor AI 가 더 좋다고 하던데 저는...,"May 20, 2025",1545,0
2024-09-15,scG3agQQ79E,Cursor AI 와 Github Copilot 비교해 봤습니다 - 남들은 Cursor AI 가 더 좋다고 하던데 저는...,"May 20, 2025",1545,0
2024-09-16,scG3agQQ79E,Cursor AI 와 Github Copilot 비교해 봤습니다 - 남들은 Cursor AI 가 더 좋다고 하던데 저는...,"May 20, 2025",1545,0
2024-09-17,scG3agQQ79E,Cursor AI 와 Github Copilot 비교해 봤습니다 - 남들은 Cursor AI 가 더 좋다고 하던데 저는...,"May 20, 2025",1545,0
2024-09-18,scG3agQQ79E,Cursor AI 와 Github Copilot 비교해 봤습니다 - 남들은 Cursor AI 가 더 좋다고 하던데 저는...,"May 20, 2025",1545,0
2024-09-19,scG3agQQ79E,Cursor AI 와 Github Copilot 비교해 봤습니다 - 남들은 Cursor AI 가 더 좋다고 하던데 저는...,"May 20, 2025",1545,0
2024-09-20,scG3agQQ79E,Cursor AI 와 Github Copilot 비교해 봤습니다 - 남들은 Cursor AI 가 더 좋다고 하던데 저는...,"May 20, 2025",1545,0
2024-09-21,scG3agQQ79E,Cursor AI 와 Github Copilot 비교해 봤습니다 - 남들은 Cursor AI 가 더 좋다고 하던데 저는...,"May 20, 2025",1545,0
2024-09-22,scG3agQQ79E,Cursor AI 와 Github Copilot 비교해 봤습니다 - 남들은 Cursor AI 가 더 좋다고 하던데 저는...,"May 20, 2025",1545,0
2024-09-23,scG3agQQ79E,Cursor AI 와 Github Copilot 비교해 봤습니다 - 남들은 Cursor AI 가 더 좋다고 하던데 저는...,"May 20, 2025",1545,0
2024-09-24,scG3agQQ79E,Cursor AI 와 Github Copilot 비교해 봤습니다 - 남들은 Cursor AI 가 더 좋다고 하던데 저는...,"May 20, 2025",1545,0
2024-09-25,scG3agQQ79E,Cursor AI 와 Github Copilot 비교해 봤습니다 - 남들은 Cursor AI 가 더 좋다고 하던데 저는...,"May 20, 2025",1545,0
2024-09-26,scG3agQQ79E,Cursor AI 와 Github Copilot 비교해 봤습니다 - 남들은 Cursor AI 가 더 좋다고 하던데 저는...,"May 20, 2025",1545,0
2024-09-27,scG3agQQ79E,Cursor AI 와 Github Copilot 비교해 봤습니다 - 남들은 Cursor AI 가 더 좋다고 하던데 저는...,"May 20, 2025",1545,0
2024-09-28,scG3agQQ79E,Cursor AI 와 Github Copilot 비교해 봤습니다 - 남들은 Cursor AI 가 더 좋다고 하던데 저는...,"May 20, 2025",1545,0
2024-09-29,scG3agQQ79E,Cursor AI 와 Github Copilot 비교해 봤습니다 - 남들은 Cursor AI 가 더 좋다고 하던데 저는...,"May 20, 2025",1545,0
2024-09-30,scG3agQQ79E,Cursor AI 와 Github Copilot 비교해 봤습니다 - 남들은 Cursor AI 가 더 좋다고 하던데 저는...,"May 20, 2025",1545,0
2024-10-01,scG3agQQ79E,Cursor AI 와 Github Copilot 비교해 봤습니다 - 남들은 Cursor AI 가 더 좋다고 하던데 저는...,"May 20, 2025",1545,0
2024-10-02,scG3agQQ79E,Cursor AI 와 Github Copilot 비교해 봤습니다 - 남들은 Cursor AI 가 더 좋다고 하던데 저는...,"May 20, 2025",1545,0
2024-10-03,scG3agQQ79E,Cursor AI 와 Github Copilot 비교해 봤습니다 - 남들은 Cursor AI 가 더 좋다고 하던데 저는...,"May 20, 2025",1545,0
2024-10-04,scG3agQQ79E,Cursor AI 와 Github Copilot 비교해 봤습니다 - 남들은 Cursor AI 가 더 좋다고 하던데 저는...,"May 20, 2025",1545,0
2024-10-05,scG3agQQ79E,Cursor AI 와 Github Copilot 비교해 봤습니다 - 남들은 Cursor AI 가 더 좋다고 하던데 저는...,"May 20, 2025",1545,0
2024-10-06,scG3agQQ79E,Cursor AI 와 Github Copilot 비교해 봤습니다 - 남들은 Cursor AI 가 더 좋다고 하던데 저는...,"May 20, 2025",1545,0
2024-10-07,scG3agQQ79E,Cursor AI 와 Github Copilot 비교해 봤습니다 - 남들은 Cursor AI 가 더 좋다고 하던데 저는...,"May 20, 2025",1545,0
2024-10-08,scG3agQQ79E,Cursor AI 와 Github Copilot 비교해 봤습니다 - 남들은 Cursor AI 가 더 좋다고 하던데 저는...,"May 20, 2025",1545,0
2024-10-09,scG3agQQ79E,Cursor AI 와 Github Copilot 비교해 봤습니다 - 남들은 Cursor AI 가 더 좋다고 하던데 저는...,"May 20, 2025",1545,0
2024-10-10,scG3agQQ79E,Cursor AI 와 Github Copilot 비교해 봤습니다 - 남들은 Cursor AI 가 더 좋다고 하던데 저는...,"May 20, 2025",1545,0
2024-10-11,scG3agQQ79E,Cursor AI 와 Github Copilot 비교해 봤습니다 - 남들은 Cursor AI 가 더 좋다고 하던데 저는...,"May 20, 2025",1545,0
2024-10-12,scG3agQQ79E,Cursor AI 와 Github Copilot 비교해 봤습니다 - 남들은 Cursor AI 가 더 좋다고 하던데 저는...,"May 20, 2025",1545,0
2024-10-13,scG3agQQ79E,Cursor AI 와 Github Copilot 비교해 봤습니다 - 남들은 Cursor AI 가 더 좋다고 하던데 저는...,"May 20, 2025",1545,0
2024-10-14,scG3agQQ79E,Cursor AI 와 Github Copilot 비교해 봤습니다 - 남들은 Cursor AI 가 더 좋다고 하던데 저는...,"May 20, 2025",1545,0
2024-10-15,scG3agQQ79E,Cursor AI 와 Github Copilot 비교해 봤습니다 - 남들은 Cursor AI 가 더 좋다고 하던데 저는...,"May 20, 2025",1545,0
2024-10-16,scG3agQQ79E,Cursor AI 와 Github Copilot 비교해 봤습니다 - 남들은 Cursor AI 가 더 좋다고 하던데 저는...,"May 20, 2025",1545,0
2024-10-17,scG3agQQ79E,Cursor AI 와 Github Copilot 비교해 봤습니다 - 남들은 Cursor AI 가 더 좋다고 하던데 저는...,"May 20, 2025",1545,0
2024-10-18,scG3agQQ79E,Cursor AI 와 Github Copilot 비교해 봤습니다 - 남들은 Cursor AI 가 더 좋다고 하던데 저는...,"May 20, 2025",1545,0
2024-10-19,scG3agQQ79E,Cursor AI 와 Github Copilot 비교해 봤습니다 - 남들은 Cursor AI 가 더 좋다고 하던데 저는...,"May 20, 2025",1545,0
2024-10-20,scG3agQQ79E,Cursor AI 와 Github Copilot 비교해 봤습니다 - 남들은 Cursor AI 가 더 좋다고 하던데 저는...,"May 20, 2025",1545,0
2024-10-21,scG3agQQ79E,Cursor AI 와 Github Copilot 비교해 봤습니다 - 남들은 Cursor AI 가 더 좋다고 하던데 저는...,"May 20, 2025",1545,0
2024-10-22,scG3agQQ79E,Cursor AI 와 Github Copilot 비교해 봤습니다 - 남들은 Cursor AI 가 더 좋다고 하던데 저는...,"May 20, 2025",1545,0
2024-10-23,scG3agQQ79E,Cursor AI 와 Github Copilot 비교해 봤습니다 - 남들은 Cursor AI 가 더 좋다고 하던데 저는...,"May 20, 2025",1545,0
2024-10-24,scG3agQQ79E,Cursor AI 와 Github Copilot 비교해 봤습니다 - 남들은 Cursor AI 가 더 좋다고 하던데 저는...,"May 20, 2025",1545,0
2024-10-25,scG3agQQ79E,Cursor AI 와 Github Copilot 비교해 봤습니다 - 남들은 Cursor AI 가 더 좋다고 하던데 저는...,"May 20, 2025",1545,0
2024-10-26,scG3agQQ79E,Cursor AI 와 Github Copilot 비교해 봤습니다 - 남들은 Cursor AI 가 더 좋다고 하던데 저는...,"May 20, 2025",1545,0
2024-10-27,scG3agQQ79E,Cursor AI 와 Github Copilot 비교해 봤습니다 - 남들은 Cursor AI 가 더 좋다고 하던데 저는...,"May 20, 2025",1545,0
2024-10-28,scG3agQQ79E,Cursor AI 와 Github Copilot 비교해 봤습니다 - 남들은 Cursor AI 가 더 좋다고 하던데 저는...,"May 20, 2025",1545,0
2024-10-29,scG3agQQ79E,Cursor AI 와 Github Copilot 비교해 봤습니다 - 남들은 Cursor AI 가 더 좋다고 하던데 저는...,"May 20, 2025",1545,0
2024-10-30,scG3agQQ79E,Cursor AI 와 Github Copilot 비교해 봤습니다 - 남들은 Cursor AI 가 더 좋다고 하던데 저는...,"May 20, 2025",1545,0
2024-10-31,scG3agQQ79E,Cursor AI 와 Github Copilot 비교해 봤습니다 - 남들은 Cursor AI 가 더 좋다고 하던데 저는...,"May 20, 2025",1545,0
2024-11-01,scG3agQQ79E,Cursor AI 와 Github Copilot 비교해 봤습니다 - 남들은 Cursor AI 가 더 좋다고 하던데 저는...,"May 20, 2025",1545,0
2024-11-02,scG3agQQ79E,Cursor AI 와 Github Copilot 비교해 봤습니다 - 남들은 Cursor AI 가 더 좋다고 하던데 저는...,"May 20, 2025",1545,0
2024-11-03,scG3agQQ79E,Cursor AI 와 Github Copilot 비교해 봤습니다 - 남들은 Cursor AI 가 더 좋다고 하던데 저는...,"May 20, 2025",1545,0
2024-11-04,scG3agQQ79E,Cursor AI 와 Github Copilot 비교해 봤습니다 - 남들은 Cursor AI 가 더 좋다고 하던데 저는...,"May 20, 2025",1545,0
2024-11-05,scG3agQQ79E,Cursor AI 와 Github Copilot 비교해 봤습니다 - 남들은 Cursor AI 가 더 좋다고 하던데 저는...,"May 20, 2025",1545,0
2024-11-06,scG3agQQ79E,Cursor AI 와 Github Copilot 비교해 봤습니다 - 남들은 Cursor AI 가 더 좋다고 하던데 저는...,"May 20, 2025",1545,0
2024-11-07,scG3agQQ79E,Cursor AI 와 Github Copilot 비교해 봤습니다 - 남들은 Cursor AI 가 더 좋다고 하던데 저는...,"May 20, 2025",1545,0
2024-11-08,scG3agQQ79E,Cursor AI 와 Github Copilot 비교해 봤습니다 - 남들은 Cursor AI 가 더 좋다고 하던데 저는...,"May 20, 2025",1545,0
2024-11-09,scG3agQQ79E,Cursor AI 와 Github Copilot 비교해 봤습니다 - 남들은 Cursor AI 가 더 좋다고 하던데 저는...,"May 20, 2025",1545,0
2024-11-10,scG3agQQ79E,Cursor AI 와 Github Copilot 비교해 봤습니다 - 남들은 Cursor AI 가 더 좋다고 하던데 저는...,"May 20, 2025",1545,0
2024-11-11,scG3agQQ79E,Cursor AI 와 Github Copilot 비교해 봤습니다 - 남들은 Cursor AI 가 더 좋다고 하던데 저는...,"May 20, 2025",1545,0
2024-11-12,scG3agQQ79E,Cursor AI 와 Github Copilot 비교해 봤습니다 - 남들은 Cursor AI 가 더 좋다고 하던데 저는...,"May 20, 2025",1545,0
2024-11-13,scG3agQQ79E,Cursor AI 와 Github Copilot 비교해 봤습니다 - 남들은 Cursor AI 가 더 좋다고 하던데 저는...,"May 20, 2025",1545,0
2024-11-14,scG3agQQ79E,Cursor AI 와 Github Copilot 비교해 봤습니다 - 남들은 Cursor AI 가 더 좋다고 하던데 저는...,"May 20, 2025",1545,0
2024-11-15,scG3agQQ79E,Cursor AI 와 Github Copilot 비교해 봤습니다 - 남들은 Cursor AI 가 더 좋다고 하던데 저는...,"May 20, 2025",1545,0
2024-11-16,scG3agQQ79E,Cursor AI 와 Github Copilot 비교해 봤습니다 - 남들은 Cursor AI 가 더 좋다고 하던데 저는...,"May 20, 2025",1545,0
2024-11-17,scG3agQQ79E,Cursor AI 와 Github Copilot 비교해 봤습니다 - 남들은 Cursor AI 가 더 좋다고 하던데 저는...,"May 20, 2025",1545,0
2024-11-18,scG3agQQ79E,Cursor AI 와 Github Copilot 비교해 봤습니다 - 남들은 Cursor AI 가 더 좋다고 하던데 저는...,"May 20, 2025",1545,0
2024-11-19,scG3agQQ79E,Cursor AI 와 Github Copilot 비교해 봤습니다 - 남들은 Cursor AI 가 더 좋다고 하던데 저는...,"May 20, 2025",1545,0
2024-11-20,scG3agQQ79E,Cursor AI 와 Github Copilot 비교해 봤습니다 - 남들은 Cursor AI 가 더 좋다고 하던데 저는...,"May 20, 2025",1545,0
2024-11-21,scG3agQQ79E,Cursor AI 와 Github Copilot 비교해 봤습니다 - 남들은 Cursor AI 가 더 좋다고 하던데 저는...,"May 20, 2025",1545,0
2024-11-22,scG3agQQ79E,Cursor AI 와 Github Copilot 비교해 봤습니다 - 남들은 Cursor AI 가 더 좋다고 하던데 저는...,"May 20, 2025",1545,0
2024-11-23,scG3agQQ79E,Cursor AI 와 Github Copilot 비교해 봤습니다 - 남들은 Cursor AI 가 더 좋다고 하던데 저는...,"May 20, 2025",1545,0
2024-11-24,scG3agQQ79E,Cursor AI 와 Github Copilot 비교해 봤습니다 - 남들은 Cursor AI 가 더 좋다고 하던데 저는...,"May 20, 2025",1545,0
2024-11-25,scG3agQQ79E,Cursor AI 와 Github Copilot 비교해 봤습니다 - 남들은 Cursor AI 가 더 좋다고 하던데 저는...,"May 20, 2025",1545,0
2024-11-26,scG3agQQ79E,Cursor AI 와 Github Copilot 비교해 봤습니다 - 남들은 Cursor AI 가 더 좋다고 하던데 저는...,"May 20, 2025",1545,0
2024-11-27,scG3agQQ79E,Cursor AI 와 Github Copilot 비교해 봤습니다 - 남들은 Cursor AI 가 더 좋다고 하던데 저는...,"May 20, 2025",1545,0
2024-11-28,scG3agQQ79E,Cursor AI 와 Github Copilot 비교해 봤습니다 - 남들은 Cursor AI 가 더 좋다고 하던데 저는...,"May 20, 2025",1545,0
2024-11-29,scG3agQQ79E,Cursor AI 와 Github Copilot 비교해 봤습니다 - 남들은 Cursor AI 가 더 좋다고 하던데 저는...,"May 20, 2025",1545,0
2024-11-30,scG3agQQ79E,Cursor AI 와 Github Copilot 비교해 봤습니다 - 남들은 Cursor AI 가 더 좋다고 하던데 저는...,"May 20, 2025",1545,0
2024-12-01,scG3agQQ79E,Cursor AI 와 Github Copilot 비교해 봤습니다 - 남들은 Cursor AI 가 더 좋다고 하던데 저는...,"May 20, 2025",1545,0
2024-12-02,scG3agQQ79E,Cursor AI 와 Github Copilot 비교해 봤습니다 - 남들은 Cursor AI 가 더 좋다고 하던데 저는...,"May 20, 2025",1545,0
2024-12-03,scG3agQQ79E,Cursor AI 와 Github Copilot 비교해 봤습니다 - 남들은 Cursor AI 가 더 좋다고 하던데 저는...,"May 20, 2025",1545,0
2024-12-04,scG3agQQ79E,Cursor AI 와 Github Copilot 비교해 봤습니다 - 남들은 Cursor AI 가 더 좋다고 하던데 저는...,"May 20, 2025",1545,0
2024-12-05,scG3agQQ79E,Cursor AI 와 Github Copilot 비교해 봤습니다 - 남들은 Cursor AI 가 더 좋다고 하던데 저는...,"May 20, 2025",1545,0
2024-12-06,scG3agQQ79E,Cursor AI 와 Github Copilot 비교해 봤습니다 - 남들은 Cursor AI 가 더 좋다고 하던데 저는...,"May 20, 2025",1545,0
2024-12-07,scG3agQQ79E,Cursor AI 와 Github Copilot 비교해 봤습니다 - 남들은 Cursor AI 가 더 좋다고 하던데 저는...,"May 20, 2025",1545,0
2024-12-08,scG3agQQ79E,Cursor AI 와 Github Copilot 비교해 봤습니다 - 남들은 Cursor AI 가 더 좋다고 하던데 저는...,"May 20, 2025",1545,0
2024-12-09,scG3agQQ79E,Cursor AI 와 Github Copilot 비교해 봤습니다 - 남들은 Cursor AI 가 더 좋다고 하던데 저는...,"May 20, 2025",1545,0
2024-12-10,scG3agQQ79E,Cursor AI 와 Github Copilot 비교해 봤습니다 - 남들은 Cursor AI 가 더 좋다고 하던데 저는...,"May 20, 2025",1545,0
2024-12-11,scG3agQQ79E,Cursor AI 와 Github Copilot 비교해 봤습니다 - 남들은 Cursor AI 가 더 좋다고 하던데 저는...,"May 20, 2025",1545,0
2024-12-12,scG3agQQ79E,Cursor AI 와 Github Copilot 비교해 봤습니다 - 남들은 Cursor AI 가 더 좋다고 하던데 저는...,"May 20, 2025",1545,0
2024-12-13,scG3agQQ79E,Cursor AI 와 Github Copilot 비교해 봤습니다 - 남들은 Cursor AI 가 더 좋다고 하던데 저는...,"May 20, 2025",1545,0
2024-12-14,scG3agQQ79E,Cursor AI 와 Github Copilot 비교해 봤습니다 - 남들은 Cursor AI 가 더 좋다고 하던데 저는...,"May 20, 2025",1545,0
2024-12-15,scG3agQQ79E,Cursor AI 와 Github Copilot 비교해 봤습니다 - 남들은 Cursor AI 가 더 좋다고 하던데 저는...,"May 20, 2025",1545,0
2024-12-16,scG3agQQ79E,Cursor AI 와 Github Copilot 비교해 봤습니다 - 남들은 Cursor AI 가 더 좋다고 하던데 저는...,"May 20, 2025",1545,0
2024-12-17,scG3agQQ79E,Cursor AI 와 Github Copilot 비교해 봤습니다 - 남들은 Cursor AI 가 더 좋다고 하던데 저는...,"May 20, 2025",1545,0
2024-12-18,scG3agQQ79E,Cursor AI 와 Github Copilot 비교해 봤습니다 - 남들은 Cursor AI 가 더 좋다고 하던데 저는...,"May 20, 2025",1545,0
2024-12-19,scG3agQQ79E,Cursor AI 와 Github Copilot 비교해 봤습니다 - 남들은 Cursor AI 가 더 좋다고 하던데 저는...,"May 20, 2025",1545,0
2024-12-20,scG3agQQ79E,Cursor AI 와 Github Copilot 비교해 봤습니다 - 남들은 Cursor AI 가 더 좋다고 하던데 저는...,"May 20, 2025",1545,0
2024-12-21,scG3agQQ79E,Cursor AI 와 Github Copilot 비교해 봤습니다 - 남들은 Cursor AI 가 더 좋다고 하던데 저는...,"May 20, 2025",1545,0
2024-12-22,scG3agQQ79E,Cursor AI 와 Github Copilot 비교해 봤습니다 - 남들은 Cursor AI 가 더 좋다고 하던데 저는...,"May 20, 2025",1545,0
2024-12-23,scG3agQQ79E,Cursor AI 와 Github Copilot 비교해 봤습니다 - 남들은 Cursor AI 가 더 좋다고 하던데 저는...,"May 20, 2025",1545,0
2024-12-24,scG3agQQ79E,Cursor AI 와 Github Copilot 비교해 봤습니다 - 남들은 Cursor AI 가 더 좋다고 하던데 저는...,"May 20, 2025",1545,0
2024-12-25,scG3agQQ79E,Cursor AI 와 Github Copilot 비교해 봤습니다 - 남들은 Cursor AI 가 더 좋다고 하던데 저는...,"May 20, 2025",1545,0
2024-12-26,scG3agQQ79E,Cursor AI 와 Github Copilot 비교해 봤습니다 - 남들은 Cursor AI 가 더 좋다고 하던데 저는...,"May 20, 2025",1545,0
2024-12-27,scG3agQQ79E,Cursor AI 와 Github Copilot 비교해 봤습니다 - 남들은 Cursor AI 가 더 좋다고 하던데 저는...,"May 20, 2025",1545,0
2024-12-28,scG3agQQ79E,Cursor AI 와 Github Copilot 비교해 봤습니다 - 남들은 Cursor AI 가 더 좋다고 하던데 저는...,"May 20, 2025",1545,0
2024-12-29,scG3agQQ79E,Cursor AI 와 Github Copilot 비교해 봤습니다 - 남들은 Cursor AI 가 더 좋다고 하던데 저는...,"May 20, 2025",1545,0
2024-12-30,scG3agQQ79E,Cursor AI 와 Github Copilot 비교해 봤습니다 - 남들은 Cursor AI 가 더 좋다고 하던데 저는...,"May 20, 2025",1545,0
2024-12-31,scG3agQQ79E,Cursor AI 와 Github Copilot 비교해 봤습니다 - 남들은 Cursor AI 가 더 좋다고 하던데 저는...,"May 20, 2025",1545,0
2025-01-01,scG3agQQ79E,Cursor AI 와 Github Copilot 비교해 봤습니다 - 남들은 Cursor AI 가 더 좋다고 하던데 저는...,"May 20, 2025",1545,0
2025-01-02,scG3agQQ79E,Cursor AI 와 Github Copilot 비교해 봤습니다 - 남들은 Cursor AI 가 더 좋다고 하던데 저는...,"May 20, 2025",1545,0
2025-01-03,scG3agQQ79E,Cursor AI 와 Github Copilot 비교해 봤습니다 - 남들은 Cursor AI 가 더 좋다고 하던데 저는...,"May 20, 2025",1545,0
2025-01-04,scG3agQQ79E,Cursor AI 와 Github Copilot 비교해 봤습니다 - 남들은 Cursor AI 가 더 좋다고 하던데 저는...,"May 20, 2025",1545,0
2025-01-05,scG3agQQ79E,Cursor AI 와 Github Copilot 비교해 봤습니다 - 남들은 Cursor AI 가 더 좋다고 하던데 저는...,"May 20, 2025",1545,0
2025-01-06,scG3agQQ79E,Cursor AI 와 Github Copilot 비교해 봤습니다 - 남들은 Cursor AI 가 더 좋다고 하던데 저는...,"May 20, 2025",1545,0
2025-01-07,scG3agQQ79E,Cursor AI 와 Github Copilot 비교해 봤습니다 - 남들은 Cursor AI 가 더 좋다고 하던데 저는...,"May 20, 2025",1545,0
2025-01-08,scG3agQQ79E,Cursor AI 와 Github Copilot 비교해 봤습니다 - 남들은 Cursor AI 가 더 좋다고 하던데 저는...,"May 20, 2025",1545,0
2025-01-09,scG3agQQ79E,Cursor AI 와 Github Copilot 비교해 봤습니다 - 남들은 Cursor AI 가 더 좋다고 하던데 저는...,"May 20, 2025",1545,0
2025-01-10,scG3agQQ79E,Cursor AI 와 Github Copilot 비교해 봤습니다 - 남들은 Cursor AI 가 더 좋다고 하던데 저는...,"May 20, 2025",1545,0
2025-01-11,scG3agQQ79E,Cursor AI 와 Github Copilot 비교해 봤습니다 - 남들은 Cursor AI 가 더 좋다고 하던데 저는...,"May 20, 2025",1545,0
2025-01-12,scG3agQQ79E,Cursor AI 와 Github Copilot 비교해 봤습니다 - 남들은 Cursor AI 가 더 좋다고 하던데 저는...,"May 20, 2025",1545,0
2025-01-13,scG3agQQ79E,Cursor AI 와 Github Copilot 비교해 봤습니다 - 남들은 Cursor AI 가 더 좋다고 하던데 저는...,"May 20, 2025",1545,0
2025-01-14,scG3agQQ79E,Cursor AI 와 Github Copilot 비교해 봤습니다 - 남들은 Cursor AI 가 더 좋다고 하던데 저는...,"May 20, 2025",1545,0
2025-01-15,scG3agQQ79E,Cursor AI 와 Github Copilot 비교해 봤습니다 - 남들은 Cursor AI 가 더 좋다고 하던데 저는...,"May 20, 2025",1545,0
2025-01-16,scG3agQQ79E,Cursor AI 와 Github Copilot 비교해 봤습니다 - 남들은 Cursor AI 가 더 좋다고 하던데 저는...,"May 20, 2025",1545,0
2025-01-17,scG3agQQ79E,Cursor AI 와 Github Copilot 비교해 봤습니다 - 남들은 Cursor AI 가 더 좋다고 하던데 저는...,"May 20, 2025",1545,0
2025-01-18,scG3agQQ79E,Cursor AI 와 Github Copilot 비교해 봤습니다 - 남들은 Cursor AI 가 더 좋다고 하던데 저는...,"May 20, 2025",1545,0
2025-01-19,scG3agQQ79E,Cursor AI 와 Github Copilot 비교해 봤습니다 - 남들은 Cursor AI 가 더 좋다고 하던데 저는...,"May 20, 2025",1545,0
2025-01-20,scG3agQQ79E,Cursor AI 와 Github Copilot 비교해 봤습니다 - 남들은 Cursor AI 가 더 좋다고 하던데 저는...,"May 20, 2025",1545,0
2025-01-21,scG3agQQ79E,Cursor AI 와 Github Copilot 비교해 봤습니다 - 남들은 Cursor AI 가 더 좋다고 하던데 저는...,"May 20, 2025",1545,0
2025-01-22,scG3agQQ79E,Cursor AI 와 Github Copilot 비교해 봤습니다 - 남들은 Cursor AI 가 더 좋다고 하던데 저는...,"May 20, 2025",1545,0
2025-01-23,scG3agQQ79E,Cursor AI 와 Github Copilot 비교해 봤습니다 - 남들은 Cursor AI 가 더 좋다고 하던데 저는...,"May 20, 2025",1545,0
2025-01-24,scG3agQQ79E,Cursor AI 와 Github Copilot 비교해 봤습니다 - 남들은 Cursor AI 가 더 좋다고 하던데 저는...,"May 20, 2025",1545,0
2025-01-25,scG3agQQ79E,Cursor AI 와 Github Copilot 비교해 봤습니다 - 남들은 Cursor AI 가 더 좋다고 하던데 저는...,"May 20, 2025",1545,0
2025-01-26,scG3agQQ79E,Cursor AI 와 Github Copilot 비교해 봤습니다 - 남들은 Cursor AI 가 더 좋다고 하던데 저는...,"May 20, 2025",1545,0
2025-01-27,scG3agQQ79E,Cursor AI 와 Github Copilot 비교해 봤습니다 - 남들은 Cursor AI 가 더 좋다고 하던데 저는...,"May 20, 2025",1545,0
2025-01-28,scG3agQQ79E,Cursor AI 와 Github Copilot 비교해 봤습니다 - 남들은 Cursor AI 가 더 좋다고 하던데 저는...,"May 20, 2025",1545,0
2025-01-29,scG3agQQ79E,Cursor AI 와 Github Copilot 비교해 봤습니다 - 남들은 Cursor AI 가 더 좋다고 하던데 저는...,"May 20, 2025",1545,0
2025-01-30,scG3agQQ79E,Cursor AI 와 Github Copilot 비교해 봤습니다 - 남들은 Cursor AI 가 더 좋다고 하던데 저는...,"May 20, 2025",1545,0
2025-01-31,scG3agQQ79E,Cursor AI 와 Github Copilot 비교해 봤습니다 - 남들은 Cursor AI 가 더 좋다고 하던데 저는...,"May 20, 2025",1545,0
2025-02-01,scG3agQQ79E,Cursor AI 와 Github Copilot 비교해 봤습니다 - 남들은 Cursor AI 가 더 좋다고 하던데 저는...,"May 20, 2025",1545,0
2025-02-02,scG3agQQ79E,Cursor AI 와 Github Copilot 비교해 봤습니다 - 남들은 Cursor AI 가 더 좋다고 하던데 저는...,"May 20, 2025",1545,0
2025-02-03,scG3agQQ79E,Cursor AI 와 Github Copilot 비교해 봤습니다 - 남들은 Cursor AI 가 더 좋다고 하던데 저는...,"May 20, 2025",1545,0
2025-02-04,scG3agQQ79E,Cursor AI 와 Github Copilot 비교해 봤습니다 - 남들은 Cursor AI 가 더 좋다고 하던데 저는...,"May 20, 2025",1545,0
2025-02-05,scG3agQQ79E,Cursor AI 와 Github Copilot 비교해 봤습니다 - 남들은 Cursor AI 가 더 좋다고 하던데 저는...,"May 20, 2025",1545,0
2025-02-06,scG3agQQ79E,Cursor AI 와 Github Copilot 비교해 봤습니다 - 남들은 Cursor AI 가 더 좋다고 하던데 저는...,"May 20, 2025",1545,0
2025-02-07,scG3agQQ79E,Cursor AI 와 Github Copilot 비교해 봤습니다 - 남들은 Cursor AI 가 더 좋다고 하던데 저는...,"May 20, 2025",1545,0
2025-02-08,scG3agQQ79E,Cursor AI 와 Github Copilot 비교해 봤습니다 - 남들은 Cursor AI 가 더 좋다고 하던데 저는...,"May 20, 2025",1545,0
2025-02-09,scG3agQQ79E,Cursor AI 와 Github Copilot 비교해 봤습니다 - 남들은 Cursor AI 가 더 좋다고 하던데 저는...,"May 20, 2025",1545,0
2025-02-10,scG3agQQ79E,Cursor AI 와 Github Copilot 비교해 봤습니다 - 남들은 Cursor AI 가 더 좋다고 하던데 저는...,"May 20, 2025",1545,0
2025-02-11,scG3agQQ79E,Cursor AI 와 Github Copilot 비교해 봤습니다 - 남들은 Cursor AI 가 더 좋다고 하던데 저는...,"May 20, 2025",1545,0
2025-02-12,scG3agQQ79E,Cursor AI 와 Github Copilot 비교해 봤습니다 - 남들은 Cursor AI 가 더 좋다고 하던데 저는...,"May 20, 2025",1545,0
2025-02-13,scG3agQQ79E,Cursor AI 와 Github Copilot 비교해 봤습니다 - 남들은 Cursor AI 가 더 좋다고 하던데 저는...,"May 20, 2025",1545,0
2025-02-14,scG3agQQ79E,Cursor AI 와 Github Copilot 비교해 봤습니다 - 남들은 Cursor AI 가 더 좋다고 하던데 저는...,"May 20, 2025",1545,0
2025-02-15,scG3agQQ79E,Cursor AI 와 Github Copilot 비교해 봤습니다 - 남들은 Cursor AI 가 더 좋다고 하던데 저는...,"May 20, 2025",1545,0
2025-02-16,scG3agQQ79E,Cursor AI 와 Github Copilot 비교해 봤습니다 - 남들은 Cursor AI 가 더 좋다고 하던데 저는...,"May 20, 2025",1545,0
2025-02-17,scG3agQQ79E,Cursor AI 와 Github Copilot 비교해 봤습니다 - 남들은 Cursor AI 가 더 좋다고 하던데 저는...,"May 20, 2025",1545,0
2025-02-18,scG3agQQ79E,Cursor AI 와 Github Copilot 비교해 봤습니다 - 남들은 Cursor AI 가 더 좋다고 하던데 저는...,"May 20, 2025",1545,0
2025-02-19,scG3agQQ79E,Cursor AI 와 Github Copilot 비교해 봤습니다 - 남들은 Cursor AI 가 더 좋다고 하던데 저는...,"May 20, 2025",1545,0
2025-02-20,scG3agQQ79E,Cursor AI 와 Github Copilot 비교해 봤습니다 - 남들은 Cursor AI 가 더 좋다고 하던데 저는...,"May 20, 2025",1545,0
2025-02-21,scG3agQQ79E,Cursor AI 와 Github Copilot 비교해 봤습니다 - 남들은 Cursor AI 가 더 좋다고 하던데 저는...,"May 20, 2025",1545,0
2025-02-22,scG3agQQ79E,Cursor AI 와 Github Copilot 비교해 봤습니다 - 남들은 Cursor AI 가 더 좋다고 하던데 저는...,"May 20, 2025",1545,0
2025-02-23,scG3agQQ79E,Cursor AI 와 Github Copilot 비교해 봤습니다 - 남들은 Cursor AI 가 더 좋다고 하던데 저는...,"May 20, 2025",1545,0
2025-02-24,scG3agQQ79E,Cursor AI 와 Github Copilot 비교해 봤습니다 - 남들은 Cursor AI 가 더 좋다고 하던데 저는...,"May 20, 2025",1545,0
2025-02-25,scG3agQQ79E,Cursor AI 와 Github Copilot 비교해 봤습니다 - 남들은 Cursor AI 가 더 좋다고 하던데 저는...,"May 20, 2025",1545,0
2025-02-26,scG3agQQ79E,Cursor AI 와 Github Copilot 비교해 봤습니다 - 남들은 Cursor AI 가 더 좋다고 하던데 저는...,"May 20, 2025",1545,0
2025-02-27,scG3agQQ79E,Cursor AI 와 Github Copilot 비교해 봤습니다 - 남들은 Cursor AI 가 더 좋다고 하던데 저는...,"May 20, 2025",1545,0
2025-02-28,scG3agQQ79E,Cursor AI 와 Github Copilot 비교해 봤습니다 - 남들은 Cursor AI 가 더 좋다고 하던데 저는...,"May 20, 2025",1545,0
2025-03-01,scG3agQQ79E,Cursor AI 와 Github Copilot 비교해 봤습니다 - 남들은 Cursor AI 가 더 좋다고 하던데 저는...,"May 20, 2025",1545,0
2025-03-02,scG3agQQ79E,Cursor AI 와 Github Copilot 비교해 봤습니다 - 남들은 Cursor AI 가 더 좋다고 하던데 저는...,"May 20, 2025",1545,0
2025-03-03,scG3agQQ79E,Cursor AI 와 Github Copilot 비교해 봤습니다 - 남들은 Cursor AI 가 더 좋다고 하던데 저는...,"May 20, 2025",1545,0
2025-03-04,scG3agQQ79E,Cursor AI 와 Github Copilot 비교해 봤습니다 - 남들은 Cursor AI 가 더 좋다고 하던데 저는...,"May 20, 2025",1545,0
2025-03-05,scG3agQQ79E,Cursor AI 와 Github Copilot 비교해 봤습니다 - 남들은 Cursor AI 가 더 좋다고 하던데 저는...,"May 20, 2025",1545,0
2025-03-06,scG3agQQ79E,Cursor AI 와 Github Copilot 비교해 봤습니다 - 남들은 Cursor AI 가 더 좋다고 하던데 저는...,"May 20, 2025",1545,0
2025-03-07,scG3agQQ79E,Cursor AI 와 Github Copilot 비교해 봤습니다 - 남들은 Cursor AI 가 더 좋다고 하던데 저는...,"May 20, 2025",1545,0
2025-03-08,scG3agQQ79E,Cursor AI 와 Github Copilot 비교해 봤습니다 - 남들은 Cursor AI 가 더 좋다고 하던데 저는...,"May 20, 2025",1545,0
2025-03-09,scG3agQQ79E,Cursor AI 와 Github Copilot 비교해 봤습니다 - 남들은 Cursor AI 가 더 좋다고 하던데 저는...,"May 20, 2025",1545,0
2025-03-10,scG3agQQ79E,Cursor AI 와 Github Copilot 비교해 봤습니다 - 남들은 Cursor AI 가 더 좋다고 하던데 저는...,"May 20, 2025",1545,0
2025-03-11,scG3agQQ79E,Cursor AI 와 Github Copilot 비교해 봤습니다 - 남들은 Cursor AI 가 더 좋다고 하던데 저는...,"May 20, 2025",1545,0
2025-03-12,scG3agQQ79E,Cursor AI 와 Github Copilot 비교해 봤습니다 - 남들은 Cursor AI 가 더 좋다고 하던데 저는...,"May 20, 2025",1545,0
2025-03-13,scG3agQQ79E,Cursor AI 와 Github Copilot 비교해 봤습니다 - 남들은 Cursor AI 가 더 좋다고 하던데 저는...,"May 20, 2025",1545,0
2025-03-14,scG3agQQ79E,Cursor AI 와 Github Copilot 비교해 봤습니다 - 남들은 Cursor AI 가 더 좋다고 하던데 저는...,"May 20, 2025",1545,0
2025-03-15,scG3agQQ79E,Cursor AI 와 Github Copilot 비교해 봤습니다 - 남들은 Cursor AI 가 더 좋다고 하던데 저는...,"May 20, 2025",1545,0
2025-03-16,scG3agQQ79E,Cursor AI 와 Github Copilot 비교해 봤습니다 - 남들은 Cursor AI 가 더 좋다고 하던데 저는...,"May 20, 2025",1545,0
2025-03-17,scG3agQQ79E,Cursor AI 와 Github Copilot 비교해 봤습니다 - 남들은 Cursor AI 가 더 좋다고 하던데 저는...,"May 20, 2025",1545,0
2025-03-18,scG3agQQ79E,Cursor AI 와 Github Copilot 비교해 봤습니다 - 남들은 Cursor AI 가 더 좋다고 하던데 저는...,"May 20, 2025",1545,0
2025-03-19,scG3agQQ79E,Cursor AI 와 Github Copilot 비교해 봤습니다 - 남들은 Cursor AI 가 더 좋다고 하던데 저는...,"May 20, 2025",1545,0
2025-03-20,scG3agQQ79E,Cursor AI 와 Github Copilot 비교해 봤습니다 - 남들은 Cursor AI 가 더 좋다고 하던데 저는...,"May 20, 2025",1545,0
2025-03-21,scG3agQQ79E,Cursor AI 와 Github Copilot 비교해 봤습니다 - 남들은 Cursor AI 가 더 좋다고 하던데 저는...,"May 20, 2025",1545,0
2025-03-22,scG3agQQ79E,Cursor AI 와 Github Copilot 비교해 봤습니다 - 남들은 Cursor AI 가 더 좋다고 하던데 저는...,"May 20, 2025",1545,0
2025-03-23,scG3agQQ79E,Cursor AI 와 Github Copilot 비교해 봤습니다 - 남들은 Cursor AI 가 더 좋다고 하던데 저는...,"May 20, 2025",1545,0
2025-03-24,scG3agQQ79E,Cursor AI 와 Github Copilot 비교해 봤습니다 - 남들은 Cursor AI 가 더 좋다고 하던데 저는...,"May 20, 2025",1545,0
2025-03-25,scG3agQQ79E,Cursor AI 와 Github Copilot 비교해 봤습니다 - 남들은 Cursor AI 가 더 좋다고 하던데 저는...,"May 20, 2025",1545,0
2025-03-26,scG3agQQ79E,Cursor AI 와 Github Copilot 비교해 봤습니다 - 남들은 Cursor AI 가 더 좋다고 하던데 저는...,"May 20, 2025",1545,0
2025-03-27,scG3agQQ79E,Cursor AI 와 Github Copilot 비교해 봤습니다 - 남들은 Cursor AI 가 더 좋다고 하던데 저는...,"May 20, 2025",1545,0
2025-03-28,scG3agQQ79E,Cursor AI 와 Github Copilot 비교해 봤습니다 - 남들은 Cursor AI 가 더 좋다고 하던데 저는...,"May 20, 2025",1545,0
2025-03-29,scG3agQQ79E,Cursor AI 와 Github Copilot 비교해 봤습니다 - 남들은 Cursor AI 가 더 좋다고 하던데 저는...,"May 20, 2025",1545,0
2025-03-30,scG3agQQ79E,Cursor AI 와 Github Copilot 비교해 봤습니다 - 남들은 Cursor AI 가 더 좋다고 하던데 저는...,"May 20, 2025",1545,0
2025-03-31,scG3agQQ79E,Cursor AI 와 Github Copilot 비교해 봤습니다 - 남들은 Cursor AI 가 더 좋다고 하던데 저는...,"May 20, 2025",1545,0
2025-04-01,scG3agQQ79E,Cursor AI 와 Github Copilot 비교해 봤습니다 - 남들은 Cursor AI 가 더 좋다고 하던데 저는...,"May 20, 2025",1545,0
2025-04-02,scG3agQQ79E,Cursor AI 와 Github Copilot 비교해 봤습니다 - 남들은 Cursor AI 가 더 좋다고 하던데 저는...,"May 20, 2025",1545,0
2025-04-03,scG3agQQ79E,Cursor AI 와 Github Copilot 비교해 봤습니다 - 남들은 Cursor AI 가 더 좋다고 하던데 저는...,"May 20, 2025",1545,0
2025-04-04,scG3agQQ79E,Cursor AI 와 Github Copilot 비교해 봤습니다 - 남들은 Cursor AI 가 더 좋다고 하던데 저는...,"May 20, 2025",1545,0
2025-04-05,scG3agQQ79E,Cursor AI 와 Github Copilot 비교해 봤습니다 - 남들은 Cursor AI 가 더 좋다고 하던데 저는...,"May 20, 2025",1545,0
2025-04-06,scG3agQQ79E,Cursor AI 와 Github Copilot 비교해 봤습니다 - 남들은 Cursor AI 가 더 좋다고 하던데 저는...,"May 20, 2025",1545,0
2025-04-07,scG3agQQ79E,Cursor AI 와 Github Copilot 비교해 봤습니다 - 남들은 Cursor AI 가 더 좋다고 하던데 저는...,"May 20, 2025",1545,0
2025-04-08,scG3agQQ79E,Cursor AI 와 Github Copilot 비교해 봤습니다 - 남들은 Cursor AI 가 더 좋다고 하던데 저는...,"May 20, 2025",1545,0
2025-04-09,scG3agQQ79E,Cursor AI 와 Github Copilot 비교해 봤습니다 - 남들은 Cursor AI 가 더 좋다고 하던데 저는...,"May 20, 2025",1545,0
2025-04-10,scG3agQQ79E,Cursor AI 와 Github Copilot 비교해 봤습니다 - 남들은 Cursor AI 가 더 좋다고 하던데 저는...,"May 20, 2025",1545,0
2025-04-11,scG3agQQ79E,Cursor AI 와 Github Copilot 비교해 봤습니다 - 남들은 Cursor AI 가 더 좋다고 하던데 저는...,"May 20, 2025",1545,0
2025-04-12,scG3agQQ79E,Cursor AI 와 Github Copilot 비교해 봤습니다 - 남들은 Cursor AI 가 더 좋다고 하던데 저는...,"May 20, 2025",1545,0
2025-04-13,scG3agQQ79E,Cursor AI 와 Github Copilot 비교해 봤습니다 - 남들은 Cursor AI 가 더 좋다고 하던데 저는...,"May 20, 2025",1545,0
2025-04-14,scG3agQQ79E,Cursor AI 와 Github Copilot 비교해 봤습니다 - 남들은 Cursor AI 가 더 좋다고 하던데 저는...,"May 20, 2025",1545,0
2025-04-15,scG3agQQ79E,Cursor AI 와 Github Copilot 비교해 봤습니다 - 남들은 Cursor AI 가 더 좋다고 하던데 저는...,"May 20, 2025",1545,0
2025-04-16,scG3agQQ79E,Cursor AI 와 Github Copilot 비교해 봤습니다 - 남들은 Cursor AI 가 더 좋다고 하던데 저는...,"May 20, 2025",1545,0
2025-04-17,scG3agQQ79E,Cursor AI 와 Github Copilot 비교해 봤습니다 - 남들은 Cursor AI 가 더 좋다고 하던데 저는...,"May 20, 2025",1545,0
2025-04-18,scG3agQQ79E,Cursor AI 와 Github Copilot 비교해 봤습니다 - 남들은 Cursor AI 가 더 좋다고 하던데 저는...,"May 20, 2025",1545,0
2025-04-19,scG3agQQ79E,Cursor AI 와 Github Copilot 비교해 봤습니다 - 남들은 Cursor AI 가 더 좋다고 하던데 저는...,"May 20, 2025",1545,0
2025-04-20,scG3agQQ79E,Cursor AI 와 Github Copilot 비교해 봤습니다 - 남들은 Cursor AI 가 더 좋다고 하던데 저는...,"May 20, 2025",1545,0
2025-04-21,scG3agQQ79E,Cursor AI 와 Github Copilot 비교해 봤습니다 - 남들은 Cursor AI 가 더 좋다고 하던데 저는...,"May 20, 2025",1545,0
2025-04-22,scG3agQQ79E,Cursor AI 와 Github Copilot 비교해 봤습니다 - 남들은 Cursor AI 가 더 좋다고 하던데 저는...,"May 20, 2025",1545,0
2025-04-23,scG3agQQ79E,Cursor AI 와 Github Copilot 비교해 봤습니다 - 남들은 Cursor AI 가 더 좋다고 하던데 저는...,"May 20, 2025",1545,0
2025-04-24,scG3agQQ79E,Cursor AI 와 Github Copilot 비교해 봤습니다 - 남들은 Cursor AI 가 더 좋다고 하던데 저는...,"May 20, 2025",1545,0
2025-04-25,scG3agQQ79E,Cursor AI 와 Github Copilot 비교해 봤습니다 - 남들은 Cursor AI 가 더 좋다고 하던데 저는...,"May 20, 2025",1545,0
2025-04-26,scG3agQQ79E,Cursor AI 와 Github Copilot 비교해 봤습니다 - 남들은 Cursor AI 가 더 좋다고 하던데 저는...,"May 20, 2025",1545,0
2025-04-27,scG3agQQ79E,Cursor AI 와 Github Copilot 비교해 봤습니다 - 남들은 Cursor AI 가 더 좋다고 하던데 저는...,"May 20, 2025",1545,0
2025-04-28,scG3agQQ79E,Cursor AI 와 Github Copilot 비교해 봤습니다 - 남들은 Cursor AI 가 더 좋다고 하던데 저는...,"May 20, 2025",1545,0
2025-04-29,scG3agQQ79E,Cursor AI 와 Github Copilot 비교해 봤습니다 - 남들은 Cursor AI 가 더 좋다고 하던데 저는...,"May 20, 2025",1545,0
2025-04-30,scG3agQQ79E,Cursor AI 와 Github Copilot 비교해 봤습니다 - 남들은 Cursor AI 가 더 좋다고 하던데 저는...,"May 20, 2025",1545,0
2025-05-01,scG3agQQ79E,Cursor AI 와 Github Copilot 비교해 봤습니다 - 남들은 Cursor AI 가 더 좋다고 하던데 저는...,"May 20, 2025",1545,0
2025-05-02,scG3agQQ79E,Cursor AI 와 Github Copilot 비교해 봤습니다 - 남들은 Cursor AI 가 더 좋다고 하던데 저는...,"May 20, 2025",1545,0
2025-05-03,scG3agQQ79E,Cursor AI 와 Github Copilot 비교해 봤습니다 - 남들은 Cursor AI 가 더 좋다고 하던데 저는...,"May 20, 2025",1545,0
2025-05-04,scG3agQQ79E,Cursor AI 와 Github Copilot 비교해 봤습니다 - 남들은 Cursor AI 가 더 좋다고 하던데 저는...,"May 20, 2025",1545,0
2025-05-05,scG3agQQ79E,Cursor AI 와 Github Copilot 비교해 봤습니다 - 남들은 Cursor AI 가 더 좋다고 하던데 저는...,"May 20, 2025",1545,0
2025-05-06,scG3agQQ79E,Cursor AI 와 Github Copilot 비교해 봤습니다 - 남들은 Cursor AI 가 더 좋다고 하던데 저는...,"May 20, 2025",1545,0
2025-05-07,scG3agQQ79E,Cursor AI 와 Github Copilot 비교해 봤습니다 - 남들은 Cursor AI 가 더 좋다고 하던데 저는...,"May 20, 2025",1545,0
2025-05-08,scG3agQQ79E,Cursor AI 와 Github Copilot 비교해 봤습니다 - 남들은 Cursor AI 가 더 좋다고 하던데 저는...,"May 20, 2025",1545,0
2025-05-09,scG3agQQ79E,Cursor AI 와 Github Copilot 비교해 봤습니다 - 남들은 Cursor AI 가 더 좋다고 하던데 저는...,"May 20, 2025",1545,0
2025-05-10,scG3agQQ79E,Cursor AI 와 Github Copilot 비교해 봤습니다 - 남들은 Cursor AI 가 더 좋다고 하던데 저는...,"May 20, 2025",1545,0
2025-05-11,scG3agQQ79E,Cursor AI 와 Github Copilot 비교해 봤습니다 - 남들은 Cursor AI 가 더 좋다고 하던데 저는...,"May 20, 2025",1545,0
2025-05-12,scG3agQQ79E,Cursor AI 와 Github Copilot 비교해 봤습니다 - 남들은 Cursor AI 가 더 좋다고 하던데 저는...,"May 20, 2025",1545,0
2025-05-13,scG3agQQ79E,Cursor AI 와 Github Copilot 비교해 봤습니다 - 남들은 Cursor AI 가 더 좋다고 하던데 저는...,"May 20, 2025",1545,0
2025-05-14,scG3agQQ79E,Cursor AI 와 Github Copilot 비교해 봤습니다 - 남들은 Cursor AI 가 더 좋다고 하던데 저는...,"May 20, 2025",1545,0
2025-05-15,scG3agQQ79E,Cursor AI 와 Github Copilot 비교해 봤습니다 - 남들은 Cursor AI 가 더 좋다고 하던데 저는...,"May 20, 2025",1545,0
2025-05-16,scG3agQQ79E,Cursor AI 와 Github Copilot 비교해 봤습니다 - 남들은 Cursor AI 가 더 좋다고 하던데 저는...,"May 20, 2025",1545,0
2025-05-17,scG3agQQ79E,Cursor AI 와 Github Copilot 비교해 봤습니다 - 남들은 Cursor AI 가 더 좋다고 하던데 저는...,"May 20, 2025",1545,0
2025-05-18,scG3agQQ79E,Cursor AI 와 Github Copilot 비교해 봤습니다 - 남들은 Cursor AI 가 더 좋다고 하던데 저는...,"May 20, 2025",1545,0
2025-05-19,scG3agQQ79E,Cursor AI 와 Github Copilot 비교해 봤습니다 - 남들은 Cursor AI 가 더 좋다고 하던데 저는...,"May 20, 2025",1545,0
2025-05-20,scG3agQQ79E,Cursor AI 와 Github Copilot 비교해 봤습니다 - 남들은 Cursor AI 가 더 좋다고 하던데 저는...,"May 20, 2025",1545,7.4041
2025-05-21,scG3agQQ79E,Cursor AI 와 Github Copilot 비교해 봤습니다 - 남들은 Cursor AI 가 더 좋다고 하던데 저는...,"May 20, 2025",1545,15.3737
2025-05-22,scG3agQQ79E,Cursor AI 와 Github Copilot 비교해 봤습니다 - 남들은 Cursor AI 가 더 좋다고 하던데 저는...,"May 20, 2025",1545,17.7534
2025-05-23,scG3agQQ79E,Cursor AI 와 Github Copilot 비교해 봤습니다 - 남들은 Cursor AI 가 더 좋다고 하던데 저는...,"May 20, 2025",1545,18.0135
2025-05-24,scG3agQQ79E,Cursor AI 와 Github Copilot 비교해 봤습니다 - 남들은 Cursor AI 가 더 좋다고 하던데 저는...,"May 20, 2025",1545,4.3038
2025-05-25,scG3agQQ79E,Cursor AI 와 Github Copilot 비교해 봤습니다 - 남들은 Cursor AI 가 더 좋다고 하던데 저는...,"May 20, 2025",1545,2.2195
2025-05-26,scG3agQQ79E,Cursor AI 와 Github Copilot 비교해 봤습니다 - 남들은 Cursor AI 가 더 좋다고 하던데 저는...,"May 20, 2025",1545,3.2549
2025-05-27,scG3agQQ79E,Cursor AI 와 Github Copilot 비교해 봤습니다 - 남들은 Cursor AI 가 더 좋다고 하던데 저는...,"May 20, 2025",1545,2.6485
2025-05-28,scG3agQQ79E,Cursor AI 와 Github Copilot 비교해 봤습니다 - 남들은 Cursor AI 가 더 좋다고 하던데 저는...,"May 20, 2025",1545,6.1839
2025-05-29,scG3agQQ79E,Cursor AI 와 Github Copilot 비교해 봤습니다 - 남들은 Cursor AI 가 더 좋다고 하던데 저는...,"May 20, 2025",1545,3.1277
2025-05-30,scG3agQQ79E,Cursor AI 와 Github Copilot 비교해 봤습니다 - 남들은 Cursor AI 가 더 좋다고 하던데 저는...,"May 20, 2025",1545,4.2956
2025-05-31,scG3agQQ79E,Cursor AI 와 Github Copilot 비교해 봤습니다 - 남들은 Cursor AI 가 더 좋다고 하던데 저는...,"May 20, 2025",1545,3.1189
2025-06-01,scG3agQQ79E,Cursor AI 와 Github Copilot 비교해 봤습니다 - 남들은 Cursor AI 가 더 좋다고 하던데 저는...,"May 20, 2025",1545,3.1416
2025-06-02,scG3agQQ79E,Cursor AI 와 Github Copilot 비교해 봤습니다 - 남들은 Cursor AI 가 더 좋다고 하던데 저는...,"May 20, 2025",1545,3.3914
2025-06-03,scG3agQQ79E,Cursor AI 와 Github Copilot 비교해 봤습니다 - 남들은 Cursor AI 가 더 좋다고 하던데 저는...,"May 20, 2025",1545,1.5223
2025-06-04,scG3agQQ79E,Cursor AI 와 Github Copilot 비교해 봤습니다 - 남들은 Cursor AI 가 더 좋다고 하던데 저는...,"May 20, 2025",1545,2.0186
2025-06-05,scG3agQQ79E,Cursor AI 와 Github Copilot 비교해 봤습니다 - 남들은 Cursor AI 가 더 좋다고 하던데 저는...,"May 20, 2025",1545,0.8284
2025-06-06,scG3agQQ79E,Cursor AI 와 Github Copilot 비교해 봤습니다 - 남들은 Cursor AI 가 더 좋다고 하던데 저는...,"May 20, 2025",1545,1.8644
2025-06-07,scG3agQQ79E,Cursor AI 와 Github Copilot 비교해 봤습니다 - 남들은 Cursor AI 가 더 좋다고 하던데 저는...,"May 20, 2025",1545,1.8002
2025-06-08,scG3agQQ79E,Cursor AI 와 Github Copilot 비교해 봤습니다 - 남들은 Cursor AI 가 더 좋다고 하던데 저는...,"May 20, 2025",1545,1.739
2025-06-09,scG3agQQ79E,Cursor AI 와 Github Copilot 비교해 봤습니다 - 남들은 Cursor AI 가 더 좋다고 하던데 저는...,"May 20, 2025",1545,2.8781
2025-06-10,scG3agQQ79E,Cursor AI 와 Github Copilot 비교해 봤습니다 - 남들은 Cursor AI 가 더 좋다고 하던데 저는...,"May 20, 2025",1545,1.519
2025-06-11,scG3agQQ79E,Cursor AI 와 Github Copilot 비교해 봤습니다 - 남들은 Cursor AI 가 더 좋다고 하던데 저는...,"May 20, 2025",1545,2.6585
2025-06-12,scG3agQQ79E,Cursor AI 와 Github Copilot 비교해 봤습니다 - 남들은 Cursor AI 가 더 좋다고 하던데 저는...,"May 20, 2025",1545,0.795
2025-06-13,scG3agQQ79E,Cursor AI 와 Github Copilot 비교해 봤습니다 - 남들은 Cursor AI 가 더 좋다고 하던데 저는...,"May 20, 2025",1545,0.9317
2025-06-14,scG3agQQ79E,Cursor AI 와 Github Copilot 비교해 봤습니다 - 남들은 Cursor AI 가 더 좋다고 하던데 저는...,"May 20, 2025",1545,2.2958
2025-06-15,scG3agQQ79E,Cursor AI 와 Github Copilot 비교해 봤습니다 - 남들은 Cursor AI 가 더 좋다고 하던데 저는...,"May 20, 2025",1545,0.8306
2025-06-16,scG3agQQ79E,Cursor AI 와 Github Copilot 비교해 봤습니다 - 남들은 Cursor AI 가 더 좋다고 하던데 저는...,"May 20, 2025",1545,1.0791
2025-06-17,scG3agQQ79E,Cursor AI 와 Github Copilot 비교해 봤습니다 - 남들은 Cursor AI 가 더 좋다고 하던데 저는...,"May 20, 2025",1545,0.9692
2025-06-18,scG3agQQ79E,Cursor AI 와 Github Copilot 비교해 봤습니다 - 남들은 Cursor AI 가 더 좋다고 하던데 저는...,"May 20, 2025",1545,0.4677
2025-06-19,scG3agQQ79E,Cursor AI 와 Github Copilot 비교해 봤습니다 - 남들은 Cursor AI 가 더 좋다고 하던데 저는...,"May 20, 2025",1545,2.121
2025-06-20,scG3agQQ79E,Cursor AI 와 Github Copilot 비교해 봤습니다 - 남들은 Cursor AI 가 더 좋다고 하던데 저는...,"May 20, 2025",1545,0.5315
2025-06-21,scG3agQQ79E,Cursor AI 와 Github Copilot 비교해 봤습니다 - 남들은 Cursor AI 가 더 좋다고 하던데 저는...,"May 20, 2025",1545,0.7869
2025-06-22,scG3agQQ79E,Cursor AI 와 Github Copilot 비교해 봤습니다 - 남들은 Cursor AI 가 더 좋다고 하던데 저는...,"May 20, 2025",1545,1.0049
2025-06-23,scG3agQQ79E,Cursor AI 와 Github Copilot 비교해 봤습니다 - 남들은 Cursor AI 가 더 좋다고 하던데 저는...,"May 20, 2025",1545,0.7743
2025-06-24,scG3agQQ79E,Cursor AI 와 Github Copilot 비교해 봤습니다 - 남들은 Cursor AI 가 더 좋다고 하던데 저는...,"May 20, 2025",1545,1.3529
2025-06-25,scG3agQQ79E,Cursor AI 와 Github Copilot 비교해 봤습니다 - 남들은 Cursor AI 가 더 좋다고 하던데 저는...,"May 20, 2025",1545,0.314
2025-06-26,scG3agQQ79E,Cursor AI 와 Github Copilot 비교해 봤습니다 - 남들은 Cursor AI 가 더 좋다고 하던데 저는...,"May 20, 2025",1545,0.7885
2025-06-27,scG3agQQ79E,Cursor AI 와 Github Copilot 비교해 봤습니다 - 남들은 Cursor AI 가 더 좋다고 하던데 저는...,"May 20, 2025",1545,1.0756
2025-06-28,scG3agQQ79E,Cursor AI 와 Github Copilot 비교해 봤습니다 - 남들은 Cursor AI 가 더 좋다고 하던데 저는...,"May 20, 2025",1545,0.1751
2025-06-29,scG3agQQ79E,Cursor AI 와 Github Copilot 비교해 봤습니다 - 남들은 Cursor AI 가 더 좋다고 하던데 저는...,"May 20, 2025",1545,0.2408
2025-06-30,scG3agQQ79E,Cursor AI 와 Github Copilot 비교해 봤습니다 - 남들은 Cursor AI 가 더 좋다고 하던데 저는...,"May 20, 2025",1545,0.2587
2025-07-01,scG3agQQ79E,Cursor AI 와 Github Copilot 비교해 봤습니다 - 남들은 Cursor AI 가 더 좋다고 하던데 저는...,"May 20, 2025",1545,0.5595
2025-07-02,scG3agQQ79E,Cursor AI 와 Github Copilot 비교해 봤습니다 - 남들은 Cursor AI 가 더 좋다고 하던데 저는...,"May 20, 2025",1545,0.6734
2025-07-03,scG3agQQ79E,Cursor AI 와 Github Copilot 비교해 봤습니다 - 남들은 Cursor AI 가 더 좋다고 하던데 저는...,"May 20, 2025",1545,0.7082
2025-07-04,scG3agQQ79E,Cursor AI 와 Github Copilot 비교해 봤습니다 - 남들은 Cursor AI 가 더 좋다고 하던데 저는...,"May 20, 2025",1545,0.4003
2025-07-05,scG3agQQ79E,Cursor AI 와 Github Copilot 비교해 봤습니다 - 남들은 Cursor AI 가 더 좋다고 하던데 저는...,"May 20, 2025",1545,0.2877
2025-07-06,scG3agQQ79E,Cursor AI 와 Github Copilot 비교해 봤습니다 - 남들은 Cursor AI 가 더 좋다고 하던데 저는...,"May 20, 2025",1545,0.0557
2025-07-07,scG3agQQ79E,Cursor AI 와 Github Copilot 비교해 봤습니다 - 남들은 Cursor AI 가 더 좋다고 하던데 저는...,"May 20, 2025",1545,0.3678
2025-07-08,scG3agQQ79E,Cursor AI 와 Github Copilot 비교해 봤습니다 - 남들은 Cursor AI 가 더 좋다고 하던데 저는...,"May 20, 2025",1545,1.0019
2025-07-09,scG3agQQ79E,Cursor AI 와 Github Copilot 비교해 봤습니다 - 남들은 Cursor AI 가 더 좋다고 하던데 저는...,"May 20, 2025",1545,0.306
2025-07-10,scG3agQQ79E,Cursor AI 와 Github Copilot 비교해 봤습니다 - 남들은 Cursor AI 가 더 좋다고 하던데 저는...,"May 20, 2025",1545,0.0815
2025-07-11,scG3agQQ79E,Cursor AI 와 Github Copilot 비교해 봤습니다 - 남들은 Cursor AI 가 더 좋다고 하던데 저는...,"May 20, 2025",1545,0.1001
2025-07-12,scG3agQQ79E,Cursor AI 와 Github Copilot 비교해 봤습니다 - 남들은 Cursor AI 가 더 좋다고 하던데 저는...,"May 20, 2025",1545,0.1549
2025-07-13,scG3agQQ79E,Cursor AI 와 Github Copilot 비교해 봤습니다 - 남들은 Cursor AI 가 더 좋다고 하던데 저는...,"May 20, 2025",1545,0.9408
2025-07-14,scG3agQQ79E,Cursor AI 와 Github Copilot 비교해 봤습니다 - 남들은 Cursor AI 가 더 좋다고 하던데 저는...,"May 20, 2025",1545,0.3666
2025-07-15,scG3agQQ79E,Cursor AI 와 Github Copilot 비교해 봤습니다 - 남들은 Cursor AI 가 더 좋다고 하던데 저는...,"May 20, 2025",1545,0.8186
2025-07-16,scG3agQQ79E,Cursor AI 와 Github Copilot 비교해 봤습니다 - 남들은 Cursor AI 가 더 좋다고 하던데 저는...,"May 20, 2025",1545,0.8552
2025-07-17,scG3agQQ79E,Cursor AI 와 Github Copilot 비교해 봤습니다 - 남들은 Cursor AI 가 더 좋다고 하던데 저는...,"May 20, 2025",1545,0.6954
2025-07-18,scG3agQQ79E,Cursor AI 와 Github Copilot 비교해 봤습니다 - 남들은 Cursor AI 가 더 좋다고 하던데 저는...,"May 20, 2025",1545,0.1477
2025-07-19,scG3agQQ79E,Cursor AI 와 Github Copilot 비교해 봤습니다 - 남들은 Cursor AI 가 더 좋다고 하던데 저는...,"May 20, 2025",1545,0
2025-07-20,scG3agQQ79E,Cursor AI 와 Github Copilot 비교해 봤습니다 - 남들은 Cursor AI 가 더 좋다고 하던데 저는...,"May 20, 2025",1545,0.0524
2025-07-21,scG3agQQ79E,Cursor AI 와 Github Copilot 비교해 봤습니다 - 남들은 Cursor AI 가 더 좋다고 하던데 저는...,"May 20, 2025",1545,0.0506
2025-07-22,scG3agQQ79E,Cursor AI 와 Github Copilot 비교해 봤습니다 - 남들은 Cursor AI 가 더 좋다고 하던데 저는...,"May 20, 2025",1545,0.3346
2025-07-23,scG3agQQ79E,Cursor AI 와 Github Copilot 비교해 봤습니다 - 남들은 Cursor AI 가 더 좋다고 하던데 저는...,"May 20, 2025",1545,0.5312
2025-07-24,scG3agQQ79E,Cursor AI 와 Github Copilot 비교해 봤습니다 - 남들은 Cursor AI 가 더 좋다고 하던데 저는...,"May 20, 2025",1545,0.4099
2025-07-25,scG3agQQ79E,Cursor AI 와 Github Copilot 비교해 봤습니다 - 남들은 Cursor AI 가 더 좋다고 하던데 저는...,"May 20, 2025",1545,0.0114
2025-07-26,scG3agQQ79E,Cursor AI 와 Github Copilot 비교해 봤습니다 - 남들은 Cursor AI 가 더 좋다고 하던데 저는...,"May 20, 2025",1545,0.2165
2025-07-27,scG3agQQ79E,Cursor AI 와 Github Copilot 비교해 봤습니다 - 남들은 Cursor AI 가 더 좋다고 하던데 저는...,"May 20, 2025",1545,0.2835
2025-07-28,scG3agQQ79E,Cursor AI 와 Github Copilot 비교해 봤습니다 - 남들은 Cursor AI 가 더 좋다고 하던데 저는...,"May 20, 2025",1545,0.7918
2025-07-29,scG3agQQ79E,Cursor AI 와 Github Copilot 비교해 봤습니다 - 남들은 Cursor AI 가 더 좋다고 하던데 저는...,"May 20, 2025",1545,0.5033
2025-07-30,scG3agQQ79E,Cursor AI 와 Github Copilot 비교해 봤습니다 - 남들은 Cursor AI 가 더 좋다고 하던데 저는...,"May 20, 2025",1545,0.098
2025-07-31,scG3agQQ79E,Cursor AI 와 Github Copilot 비교해 봤습니다 - 남들은 Cursor AI 가 더 좋다고 하던데 저는...,"May 20, 2025",1545,0.0779
2025-08-01,scG3agQQ79E,Cursor AI 와 Github Copilot 비교해 봤습니다 - 남들은 Cursor AI 가 더 좋다고 하던데 저는...,"May 20, 2025",1545,0.0962
2025-08-02,scG3agQQ79E,Cursor AI 와 Github Copilot 비교해 봤습니다 - 남들은 Cursor AI 가 더 좋다고 하던데 저는...,"May 20, 2025",1545,0.0774
2025-08-03,scG3agQQ79E,Cursor AI 와 Github Copilot 비교해 봤습니다 - 남들은 Cursor AI 가 더 좋다고 하던데 저는...,"May 20, 2025",1545,0.0405
2025-08-04,scG3agQQ79E,Cursor AI 와 Github Copilot 비교해 봤습니다 - 남들은 Cursor AI 가 더 좋다고 하던데 저는...,"May 20, 2025",1545,0.3906
2025-08-05,scG3agQQ79E,Cursor AI 와 Github Copilot 비교해 봤습니다 - 남들은 Cursor AI 가 더 좋다고 하던데 저는...,"May 20, 2025",1545,0.1059
2025-08-06,scG3agQQ79E,Cursor AI 와 Github Copilot 비교해 봤습니다 - 남들은 Cursor AI 가 더 좋다고 하던데 저는...,"May 20, 2025",1545,0.3795
2025-08-07,scG3agQQ79E,Cursor AI 와 Github Copilot 비교해 봤습니다 - 남들은 Cursor AI 가 더 좋다고 하던데 저는...,"May 20, 2025",1545,0.5242
2025-08-08,scG3agQQ79E,Cursor AI 와 Github Copilot 비교해 봤습니다 - 남들은 Cursor AI 가 더 좋다고 하던데 저는...,"May 20, 2025",1545,0.0404
2025-08-09,scG3agQQ79E,Cursor AI 와 Github Copilot 비교해 봤습니다 - 남들은 Cursor AI 가 더 좋다고 하던데 저는...,"May 20, 2025",1545,0.1718
2025-08-10,scG3agQQ79E,Cursor AI 와 Github Copilot 비교해 봤습니다 - 남들은 Cursor AI 가 더 좋다고 하던데 저는...,"May 20, 2025",1545,0.6836
2025-08-11,scG3agQQ79E,Cursor AI 와 Github Copilot 비교해 봤습니다 - 남들은 Cursor AI 가 더 좋다고 하던데 저는...,"May 20, 2025",1545,0.0064
2025-08-12,scG3agQQ79E,Cursor AI 와 Github Copilot 비교해 봤습니다 - 남들은 Cursor AI 가 더 좋다고 하던데 저는...,"May 20, 2025",1545,0.8234
2025-08-13,scG3agQQ79E,Cursor AI 와 Github Copilot 비교해 봤습니다 - 남들은 Cursor AI 가 더 좋다고 하던데 저는...,"May 20, 2025",1545,0.1508
2025-08-14,scG3agQQ79E,Cursor AI 와 Github Copilot 비교해 봤습니다 - 남들은 Cursor AI 가 더 좋다고 하던데 저는...,"May 20, 2025",1545,0.9016
2025-08-15,scG3agQQ79E,Cursor AI 와 Github Copilot 비교해 봤습니다 - 남들은 Cursor AI 가 더 좋다고 하던데 저는...,"May 20, 2025",1545,0.4388
2025-08-16,scG3agQQ79E,Cursor AI 와 Github Copilot 비교해 봤습니다 - 남들은 Cursor AI 가 더 좋다고 하던데 저는...,"May 20, 2025",1545,0.3844
2025-08-17,scG3agQQ79E,Cursor AI 와 Github Copilot 비교해 봤습니다 - 남들은 Cursor AI 가 더 좋다고 하던데 저는...,"May 20, 2025",1545,0.6085
2025-08-18,scG3agQQ79E,Cursor AI 와 Github Copilot 비교해 봤습니다 - 남들은 Cursor AI 가 더 좋다고 하던데 저는...,"May 20, 2025",1545,0.5966
2025-08-19,scG3agQQ79E,Cursor AI 와 Github Copilot 비교해 봤습니다 - 남들은 Cursor AI 가 더 좋다고 하던데 저는...,"May 20, 2025",1545,0.8604
2025-08-20,scG3agQQ79E,Cursor AI 와 Github Copilot 비교해 봤습니다 - 남들은 Cursor AI 가 더 좋다고 하던데 저는...,"May 20, 2025",1545,0.4409
2025-08-21,scG3agQQ79E,Cursor AI 와 Github Copilot 비교해 봤습니다 - 남들은 Cursor AI 가 더 좋다고 하던데 저는...,"May 20, 2025",1545,0.0125
2025-08-22,scG3agQQ79E,Cursor AI 와 Github Copilot 비교해 봤습니다 - 남들은 Cursor AI 가 더 좋다고 하던데 저는...,"May 20, 2025",1545,0.1946
2025-08-23,scG3agQQ79E,Cursor AI 와 Github Copilot 비교해 봤습니다 - 남들은 Cursor AI 가 더 좋다고 하던데 저는...,"May 20, 2025",1545,0.0837
2025-08-24,scG3agQQ79E,Cursor AI 와 Github Copilot 비교해 봤습니다 - 남들은 Cursor AI 가 더 좋다고 하던데 저는...,"May 20, 2025",1545,0.6681
2025-08-25,scG3agQQ79E,Cursor AI 와 Github Copilot 비교해 봤습니다 - 남들은 Cursor AI 가 더 좋다고 하던데 저는...,"May 20, 2025",1545,0.2585
2025-08-26,scG3agQQ79E,Cursor AI 와 Github Copilot 비교해 봤습니다 - 남들은 Cursor AI 가 더 좋다고 하던데 저는...,"May 20, 2025",1545,0.3201
2025-08-27,scG3agQQ79E,Cursor AI 와 Github Copilot 비교해 봤습니다 - 남들은 Cursor AI 가 더 좋다고 하던데 저는...,"May 20, 2025",1545,0.4339
2025-08-28,scG3agQQ79E,Cursor AI 와 Github Copilot 비교해 봤습니다 - 남들은 Cursor AI 가 더 좋다고 하던데 저는...,"May 20, 2025",1545,0.0082
2025-08-29,scG3agQQ79E,Cursor AI 와 Github Copilot 비교해 봤습니다 - 남들은 Cursor AI 가 더 좋다고 하던데 저는...,"May 20, 2025",1545,0.0156
2025-08-30,scG3agQQ79E,Cursor AI 와 Github Copilot 비교해 봤습니다 - 남들은 Cursor AI 가 더 좋다고 하던데 저는...,"May 20, 2025",1545,0.4291
2025-08-31,scG3agQQ79E,Cursor AI 와 Github Copilot 비교해 봤습니다 - 남들은 Cursor AI 가 더 좋다고 하던데 저는...,"May 20, 2025",1545,0.5409
2025-09-01,scG3agQQ79E,Cursor AI 와 Github Copilot 비교해 봤습니다 - 남들은 Cursor AI 가 더 좋다고 하던데 저는...,"May 20, 2025",1545,0.2908
2025-09-02,scG3agQQ79E,Cursor AI 와 Github Copilot 비교해 봤습니다 - 남들은 Cursor AI 가 더 좋다고 하던데 저는...,"May 20, 2025",1545,0.038
2025-09-03,scG3agQQ79E,Cursor AI 와 Github Copilot 비교해 봤습니다 - 남들은 Cursor AI 가 더 좋다고 하던데 저는...,"May 20, 2025",1545,0.0254
2025-09-04,scG3agQQ79E,Cursor AI 와 Github Copilot 비교해 봤습니다 - 남들은 Cursor AI 가 더 좋다고 하던데 저는...,"May 20, 2025",1545,0.4847
2025-09-05,scG3agQQ79E,Cursor AI 와 Github Copilot 비교해 봤습니다 - 남들은 Cursor AI 가 더 좋다고 하던데 저는...,"May 20, 2025",1545,0.4802
2025-09-06,scG3agQQ79E,Cursor AI 와 Github Copilot 비교해 봤습니다 - 남들은 Cursor AI 가 더 좋다고 하던데 저는...,"May 20, 2025",1545,0.3699
2025-09-07,scG3agQQ79E,Cursor AI 와 Github Copilot 비교해 봤습니다 - 남들은 Cursor AI 가 더 좋다고 하던데 저는...,"May 20, 2025",1545,0.1569
2025-09-08,scG3agQQ79E,Cursor AI 와 Github Copilot 비교해 봤습니다 - 남들은 Cursor AI 가 더 좋다고 하던데 저는...,"May 20, 2025",1545,0.0112
2025-09-09,scG3agQQ79E,Cursor AI 와 Github Copilot 비교해 봤습니다 - 남들은 Cursor AI 가 더 좋다고 하던데 저는...,"May 20, 2025",1545,0.2194
2025-09-10,scG3agQQ79E,Cursor AI 와 Github Copilot 비교해 봤습니다 - 남들은 Cursor AI 가 더 좋다고 하던데 저는...,"May 20, 2025",1545,0.1573
2025-09-11,scG3agQQ79E,Cursor AI 와 Github Copilot 비교해 봤습니다 - 남들은 Cursor AI 가 더 좋다고 하던데 저는...,"May 20, 2025",1545,0.4369
2025-09-12,scG3agQQ79E,Cursor AI 와 Github Copilot 비교해 봤습니다 - 남들은 Cursor AI 가 더 좋다고 하던데 저는...,"May 20, 2025",1545,0.0935
2025-09-13,scG3agQQ79E,Cursor AI 와 Github Copilot 비교해 봤습니다 - 남들은 Cursor AI 가 더 좋다고 하던데 저는...,"May 20, 2025",1545,0.4244
2025-09-14,scG3agQQ79E,Cursor AI 와 Github Copilot 비교해 봤습니다 - 남들은 Cursor AI 가 더 좋다고 하던데 저는...,"May 20, 2025",1545,0.3775
2025-09-15,scG3agQQ79E,Cursor AI 와 Github Copilot 비교해 봤습니다 - 남들은 Cursor AI 가 더 좋다고 하던데 저는...,"May 20, 2025",1545,0.1926
2025-09-16,scG3agQQ79E,Cursor AI 와 Github Copilot 비교해 봤습니다 - 남들은 Cursor AI 가 더 좋다고 하던데 저는...,"May 20, 2025",1545,0.5973
2025-09-17,scG3agQQ79E,Cursor AI 와 Github Copilot 비교해 봤습니다 - 남들은 Cursor AI 가 더 좋다고 하던데 저는...,"May 20, 2025",1545,0.5226
2025-09-18,scG3agQQ79E,Cursor AI 와 Github Copilot 비교해 봤습니다 - 남들은 Cursor AI 가 더 좋다고 하던데 저는...,"May 20, 2025",1545,0.0207
2025-09-19,scG3agQQ79E,Cursor AI 와 Github Copilot 비교해 봤습니다 - 남들은 Cursor AI 가 더 좋다고 하던데 저는...,"May 20, 2025",1545,0.1672
2025-09-20,scG3agQQ79E,Cursor AI 와 Github Copilot 비교해 봤습니다 - 남들은 Cursor AI 가 더 좋다고 하던데 저는...,"May 20, 2025",1545,0
2025-09-21,scG3agQQ79E,Cursor AI 와 Github Copilot 비교해 봤습니다 - 남들은 Cursor AI 가 더 좋다고 하던데 저는...,"May 20, 2025",1545,0.0034
2025-09-22,scG3agQQ79E,Cursor AI 와 Github Copilot 비교해 봤습니다 - 남들은 Cursor AI 가 더 좋다고 하던데 저는...,"May 20, 2025",1545,0.3474
2025-09-23,scG3agQQ79E,Cursor AI 와 Github Copilot 비교해 봤습니다 - 남들은 Cursor AI 가 더 좋다고 하던데 저는...,"May 20, 2025",1545,0.0158
2025-09-24,scG3agQQ79E,Cursor AI 와 Github Copilot 비교해 봤습니다 - 남들은 Cursor AI 가 더 좋다고 하던데 저는...,"May 20, 2025",1545,0.0243
2025-09-25,scG3agQQ79E,Cursor AI 와 Github Copilot 비교해 봤습니다 - 남들은 Cursor AI 가 더 좋다고 하던데 저는...,"May 20, 2025",1545,0.2528
2025-09-26,scG3agQQ79E,Cursor AI 와 Github Copilot 비교해 봤습니다 - 남들은 Cursor AI 가 더 좋다고 하던데 저는...,"May 20, 2025",1545,0.4573
2025-09-27,scG3agQQ79E,Cursor AI 와 Github Copilot 비교해 봤습니다 - 남들은 Cursor AI 가 더 좋다고 하던데 저는...,"May 20, 2025",1545,0.5453
2025-09-28,scG3agQQ79E,Cursor AI 와 Github Copilot 비교해 봤습니다 - 남들은 Cursor AI 가 더 좋다고 하던데 저는...,"May 20, 2025",1545,0.02
2025-09-29,scG3agQQ79E,Cursor AI 와 Github Copilot 비교해 봤습니다 - 남들은 Cursor AI 가 더 좋다고 하던데 저는...,"May 20, 2025",1545,0.4394
2025-09-30,scG3agQQ79E,Cursor AI 와 Github Copilot 비교해 봤습니다 - 남들은 Cursor AI 가 더 좋다고 하던데 저는...,"May 20, 2025",1545,0.4475
2025-10-01,scG3agQQ79E,Cursor AI 와 Github Copilot 비교해 봤습니다 - 남들은 Cursor AI 가 더 좋다고 하던데 저는...,"May 20, 2025",1545,0.0148
2025-10-02,scG3agQQ79E,Cursor AI 와 Github Copilot 비교해 봤습니다 - 남들은 Cursor AI 가 더 좋다고 하던데 저는...,"May 20, 2025",1545,0.052
2025-10-03,scG3agQQ79E,Cursor AI 와 Github Copilot 비교해 봤습니다 - 남들은 Cursor AI 가 더 좋다고 하던데 저는...,"May 20, 2025",1545,0.5021
2025-10-04,scG3agQQ79E,Cursor AI 와 Github Copilot 비교해 봤습니다 - 남들은 Cursor AI 가 더 좋다고 하던데 저는...,"May 20, 2025",1545,0.6418
2025-10-05,scG3agQQ79E,Cursor AI 와 Github Copilot 비교해 봤습니다 - 남들은 Cursor AI 가 더 좋다고 하던데 저는...,"May 20, 2025",1545,1.1624
2025-10-06,scG3agQQ79E,Cursor AI 와 Github Copilot 비교해 봤습니다 - 남들은 Cursor AI 가 더 좋다고 하던데 저는...,"May 20, 2025",1545,0.0687
2025-10-07,scG3agQQ79E,Cursor AI 와 Github Copilot 비교해 봤습니다 - 남들은 Cursor AI 가 더 좋다고 하던데 저는...,"May 20, 2025",1545,0.4436
2025-10-08,scG3agQQ79E,Cursor AI 와 Github Copilot 비교해 봤습니다 - 남들은 Cursor AI 가 더 좋다고 하던데 저는...,"May 20, 2025",1545,0.0356
2025-10-09,scG3agQQ79E,Cursor AI 와 Github Copilot 비교해 봤습니다 - 남들은 Cursor AI 가 더 좋다고 하던데 저는...,"May 20, 2025",1545,0.594
2025-10-10,scG3agQQ79E,Cursor AI 와 Github Copilot 비교해 봤습니다 - 남들은 Cursor AI 가 더 좋다고 하던데 저는...,"May 20, 2025",1545,0.0413
2025-10-11,scG3agQQ79E,Cursor AI 와 Github Copilot 비교해 봤습니다 - 남들은 Cursor AI 가 더 좋다고 하던데 저는...,"May 20, 2025",1545,0.058
2025-10-12,scG3agQQ79E,Cursor AI 와 Github Copilot 비교해 봤습니다 - 남들은 Cursor AI 가 더 좋다고 하던데 저는...,"May 20, 2025",1545,0.0371
2025-10-13,scG3agQQ79E,Cursor AI 와 Github Copilot 비교해 봤습니다 - 남들은 Cursor AI 가 더 좋다고 하던데 저는...,"May 20, 2025",1545,0.0033
2025-10-14,scG3agQQ79E,Cursor AI 와 Github Copilot 비교해 봤습니다 - 남들은 Cursor AI 가 더 좋다고 하던데 저는...,"May 20, 2025",1545,0.0278
2025-10-15,scG3agQQ79E,Cursor AI 와 Github Copilot 비교해 봤습니다 - 남들은 Cursor AI 가 더 좋다고 하던데 저는...,"May 20, 2025",1545,0.1724
2025-10-16,scG3agQQ79E,Cursor AI 와 Github Copilot 비교해 봤습니다 - 남들은 Cursor AI 가 더 좋다고 하던데 저는...,"May 20, 2025",1545,0.0338
2025-10-17,scG3agQQ79E,Cursor AI 와 Github Copilot 비교해 봤습니다 - 남들은 Cursor AI 가 더 좋다고 하던데 저는...,"May 20, 2025",1545,0.1684
2025-10-18,scG3agQQ79E,Cursor AI 와 Github Copilot 비교해 봤습니다 - 남들은 Cursor AI 가 더 좋다고 하던데 저는...,"May 20, 2025",1545,0.0182
2025-10-19,scG3agQQ79E,Cursor AI 와 Github Copilot 비교해 봤습니다 - 남들은 Cursor AI 가 더 좋다고 하던데 저는...,"May 20, 2025",1545,0.0953
2025-10-20,scG3agQQ79E,Cursor AI 와 Github Copilot 비교해 봤습니다 - 남들은 Cursor AI 가 더 좋다고 하던데 저는...,"May 20, 2025",1545,0.014
2025-10-21,scG3agQQ79E,Cursor AI 와 Github Copilot 비교해 봤습니다 - 남들은 Cursor AI 가 더 좋다고 하던데 저는...,"May 20, 2025",1545,0.241
2025-10-22,scG3agQQ79E,Cursor AI 와 Github Copilot 비교해 봤습니다 - 남들은 Cursor AI 가 더 좋다고 하던데 저는...,"May 20, 2025",1545,0.0318
2025-10-23,scG3agQQ79E,Cursor AI 와 Github Copilot 비교해 봤습니다 - 남들은 Cursor AI 가 더 좋다고 하던데 저는...,"May 20, 2025",1545,0
2025-10-24,scG3agQQ79E,Cursor AI 와 Github Copilot 비교해 봤습니다 - 남들은 Cursor AI 가 더 좋다고 하던데 저는...,"May 20, 2025",1545,0
2025-10-25,scG3agQQ79E,Cursor AI 와 Github Copilot 비교해 봤습니다 - 남들은 Cursor AI 가 더 좋다고 하던데 저는...,"May 20, 2025",1545,0.136
2025-10-26,scG3agQQ79E,Cursor AI 와 Github Copilot 비교해 봤습니다 - 남들은 Cursor AI 가 더 좋다고 하던데 저는...,"May 20, 2025",1545,0.004
2025-10-27,scG3agQQ79E,Cursor AI 와 Github Copilot 비교해 봤습니다 - 남들은 Cursor AI 가 더 좋다고 하던데 저는...,"May 20, 2025",1545,0.3608
2025-10-28,scG3agQQ79E,Cursor AI 와 Github Copilot 비교해 봤습니다 - 남들은 Cursor AI 가 더 좋다고 하던데 저는...,"May 20, 2025",1545,0.2757
2025-10-29,scG3agQQ79E,Cursor AI 와 Github Copilot 비교해 봤습니다 - 남들은 Cursor AI 가 더 좋다고 하던데 저는...,"May 20, 2025",1545,0.0807
2025-10-30,scG3agQQ79E,Cursor AI 와 Github Copilot 비교해 봤습니다 - 남들은 Cursor AI 가 더 좋다고 하던데 저는...,"May 20, 2025",1545,0.0503
2025-10-31,scG3agQQ79E,Cursor AI 와 Github Copilot 비교해 봤습니다 - 남들은 Cursor AI 가 더 좋다고 하던데 저는...,"May 20, 2025",1545,0.0153
2025-11-01,scG3agQQ79E,Cursor AI 와 Github Copilot 비교해 봤습니다 - 남들은 Cursor AI 가 더 좋다고 하던데 저는...,"May 20, 2025",1545,0.2309
2025-11-02,scG3agQQ79E,Cursor AI 와 Github Copilot 비교해 봤습니다 - 남들은 Cursor AI 가 더 좋다고 하던데 저는...,"May 20, 2025",1545,0.0453
2025-11-03,scG3agQQ79E,Cursor AI 와 Github Copilot 비교해 봤습니다 - 남들은 Cursor AI 가 더 좋다고 하던데 저는...,"May 20, 2025",1545,0
2025-11-04,scG3agQQ79E,Cursor AI 와 Github Copilot 비교해 봤습니다 - 남들은 Cursor AI 가 더 좋다고 하던데 저는...,"May 20, 2025",1545,0.0654
2025-11-05,scG3agQQ79E,Cursor AI 와 Github Copilot 비교해 봤습니다 - 남들은 Cursor AI 가 더 좋다고 하던데 저는...,"May 20, 2025",1545,0.516
2025-11-06,scG3agQQ79E,Cursor AI 와 Github Copilot 비교해 봤습니다 - 남들은 Cursor AI 가 더 좋다고 하던데 저는...,"May 20, 2025",1545,0.0244
2025-11-07,scG3agQQ79E,Cursor AI 와 Github Copilot 비교해 봤습니다 - 남들은 Cursor AI 가 더 좋다고 하던데 저는...,"May 20, 2025",1545,0.1231
2025-11-08,scG3agQQ79E,Cursor AI 와 Github Copilot 비교해 봤습니다 - 남들은 Cursor AI 가 더 좋다고 하던데 저는...,"May 20, 2025",1545,0.0472
2025-11-09,scG3agQQ79E,Cursor AI 와 Github Copilot 비교해 봤습니다 - 남들은 Cursor AI 가 더 좋다고 하던데 저는...,"May 20, 2025",1545,0.4351
2025-11-10,scG3agQQ79E,Cursor AI 와 Github Copilot 비교해 봤습니다 - 남들은 Cursor AI 가 더 좋다고 하던데 저는...,"May 20, 2025",1545,0.1249
2025-11-11,scG3agQQ79E,Cursor AI 와 Github Copilot 비교해 봤습니다 - 남들은 Cursor AI 가 더 좋다고 하던데 저는...,"May 20, 2025",1545,0.2201
2025-11-12,scG3agQQ79E,Cursor AI 와 Github Copilot 비교해 봤습니다 - 남들은 Cursor AI 가 더 좋다고 하던데 저는...,"May 20, 2025",1545,0.3019
2025-11-13,scG3agQQ79E,Cursor AI 와 Github Copilot 비교해 봤습니다 - 남들은 Cursor AI 가 더 좋다고 하던데 저는...,"May 20, 2025",1545,0.0027
2025-11-14,scG3agQQ79E,Cursor AI 와 Github Copilot 비교해 봤습니다 - 남들은 Cursor AI 가 더 좋다고 하던데 저는...,"May 20, 2025",1545,0.122
2025-11-15,scG3agQQ79E,Cursor AI 와 Github Copilot 비교해 봤습니다 - 남들은 Cursor AI 가 더 좋다고 하던데 저는...,"May 20, 2025",1545,0.3682
2025-11-16,scG3agQQ79E,Cursor AI 와 Github Copilot 비교해 봤습니다 - 남들은 Cursor AI 가 더 좋다고 하던데 저는...,"May 20, 2025",1545,0.1539
2025-11-17,scG3agQQ79E,Cursor AI 와 Github Copilot 비교해 봤습니다 - 남들은 Cursor AI 가 더 좋다고 하던데 저는...,"May 20, 2025",1545,0.5758
2025-11-18,scG3agQQ79E,Cursor AI 와 Github Copilot 비교해 봤습니다 - 남들은 Cursor AI 가 더 좋다고 하던데 저는...,"May 20, 2025",1545,0.0173
2025-11-19,scG3agQQ79E,Cursor AI 와 Github Copilot 비교해 봤습니다 - 남들은 Cursor AI 가 더 좋다고 하던데 저는...,"May 20, 2025",1545,0.2907
2025-11-20,scG3agQQ79E,Cursor AI 와 Github Copilot 비교해 봤습니다 - 남들은 Cursor AI 가 더 좋다고 하던데 저는...,"May 20, 2025",1545,0.0386
2025-11-21,scG3agQQ79E,Cursor AI 와 Github Copilot 비교해 봤습니다 - 남들은 Cursor AI 가 더 좋다고 하던데 저는...,"May 20, 2025",1545,0.0067
2025-11-22,scG3agQQ79E,Cursor AI 와 Github Copilot 비교해 봤습니다 - 남들은 Cursor AI 가 더 좋다고 하던데 저는...,"May 20, 2025",1545,0.4377
2025-11-23,scG3agQQ79E,Cursor AI 와 Github Copilot 비교해 봤습니다 - 남들은 Cursor AI 가 더 좋다고 하던데 저는...,"May 20, 2025",1545,0.3395
2025-11-24,scG3agQQ79E,Cursor AI 와 Github Copilot 비교해 봤습니다 - 남들은 Cursor AI 가 더 좋다고 하던데 저는...,"May 20, 2025",1545,0.0229
2025-11-25,scG3agQQ79E,Cursor AI 와 Github Copilot 비교해 봤습니다 - 남들은 Cursor AI 가 더 좋다고 하던데 저는...,"May 20, 2025",1545,0.1598
2025-11-26,scG3agQQ79E,Cursor AI 와 Github Copilot 비교해 봤습니다 - 남들은 Cursor AI 가 더 좋다고 하던데 저는...,"May 20, 2025",1545,0.0525
2025-11-27,scG3agQQ79E,Cursor AI 와 Github Copilot 비교해 봤습니다 - 남들은 Cursor AI 가 더 좋다고 하던데 저는...,"May 20, 2025",1545,0.4646
2025-11-28,scG3agQQ79E,Cursor AI 와 Github Copilot 비교해 봤습니다 - 남들은 Cursor AI 가 더 좋다고 하던데 저는...,"May 20, 2025",1545,0.0903
2025-11-29,scG3agQQ79E,Cursor AI 와 Github Copilot 비교해 봤습니다 - 남들은 Cursor AI 가 더 좋다고 하던데 저는...,"May 20, 2025",1545,0.1367
2025-11-30,scG3agQQ79E,Cursor AI 와 Github Copilot 비교해 봤습니다 - 남들은 Cursor AI 가 더 좋다고 하던데 저는...,"May 20, 2025",1545,0.0263
2025-12-01,scG3agQQ79E,Cursor AI 와 Github Copilot 비교해 봤습니다 - 남들은 Cursor AI 가 더 좋다고 하던데 저는...,"May 20, 2025",1545,0.0489
2025-12-02,scG3agQQ79E,Cursor AI 와 Github Copilot 비교해 봤습니다 - 남들은 Cursor AI 가 더 좋다고 하던데 저는...,"May 20, 2025",1545,0
2025-12-03,scG3agQQ79E,Cursor AI 와 Github Copilot 비교해 봤습니다 - 남들은 Cursor AI 가 더 좋다고 하던데 저는...,"May 20, 2025",1545,0.5115
2025-12-04,scG3agQQ79E,Cursor AI 와 Github Copilot 비교해 봤습니다 - 남들은 Cursor AI 가 더 좋다고 하던데 저는...,"May 20, 2025",1545,0.1268
2025-12-05,scG3agQQ79E,Cursor AI 와 Github Copilot 비교해 봤습니다 - 남들은 Cursor AI 가 더 좋다고 하던데 저는...,"May 20, 2025",1545,0.0797
2025-12-06,scG3agQQ79E,Cursor AI 와 Github Copilot 비교해 봤습니다 - 남들은 Cursor AI 가 더 좋다고 하던데 저는...,"May 20, 2025",1545,0.3476
2025-12-07,scG3agQQ79E,Cursor AI 와 Github Copilot 비교해 봤습니다 - 남들은 Cursor AI 가 더 좋다고 하던데 저는...,"May 20, 2025",1545,0.5609
2025-12-08,scG3agQQ79E,Cursor AI 와 Github Copilot 비교해 봤습니다 - 남들은 Cursor AI 가 더 좋다고 하던데 저는...,"May 20, 2025",1545,0.1949
2025-12-09,scG3agQQ79E,Cursor AI 와 Github Copilot 비교해 봤습니다 - 남들은 Cursor AI 가 더 좋다고 하던데 저는...,"May 20, 2025",1545,0.0082
2025-12-10,scG3agQQ79E,Cursor AI 와 Github Copilot 비교해 봤습니다 - 남들은 Cursor AI 가 더 좋다고 하던데 저는...,"May 20, 2025",1545,0.0493
2025-12-11,scG3agQQ79E,Cursor AI 와 Github Copilot 비교해 봤습니다 - 남들은 Cursor AI 가 더 좋다고 하던데 저는...,"May 20, 2025",1545,0.8757
2025-12-12,scG3agQQ79E,Cursor AI 와 Github Copilot 비교해 봤습니다 - 남들은 Cursor AI 가 더 좋다고 하던데 저는...,"May 20, 2025",1545,0.1703
2025-12-13,scG3agQQ79E,Cursor AI 와 Github Copilot 비교해 봤습니다 - 남들은 Cursor AI 가 더 좋다고 하던데 저는...,"May 20, 2025",1545,0.0044
2025-12-14,scG3agQQ79E,Cursor AI 와 Github Copilot 비교해 봤습니다 - 남들은 Cursor AI 가 더 좋다고 하던데 저는...,"May 20, 2025",1545,0.4381
2025-12-15,scG3agQQ79E,Cursor AI 와 Github Copilot 비교해 봤습니다 - 남들은 Cursor AI 가 더 좋다고 하던데 저는...,"May 20, 2025",1545,0.0827
2025-12-16,scG3agQQ79E,Cursor AI 와 Github Copilot 비교해 봤습니다 - 남들은 Cursor AI 가 더 좋다고 하던데 저는...,"May 20, 2025",1545,0.5993
2025-12-17,scG3agQQ79E,Cursor AI 와 Github Copilot 비교해 봤습니다 - 남들은 Cursor AI 가 더 좋다고 하던데 저는...,"May 20, 2025",1545,0.0131
2025-12-18,scG3agQQ79E,Cursor AI 와 Github Copilot 비교해 봤습니다 - 남들은 Cursor AI 가 더 좋다고 하던데 저는...,"May 20, 2025",1545,0.3021
2025-12-19,scG3agQQ79E,Cursor AI 와 Github Copilot 비교해 봤습니다 - 남들은 Cursor AI 가 더 좋다고 하던데 저는...,"May 20, 2025",1545,0.0548
2025-12-20,scG3agQQ79E,Cursor AI 와 Github Copilot 비교해 봤습니다 - 남들은 Cursor AI 가 더 좋다고 하던데 저는...,"May 20, 2025",1545,0.1029
2025-12-21,scG3agQQ79E,Cursor AI 와 Github Copilot 비교해 봤습니다 - 남들은 Cursor AI 가 더 좋다고 하던데 저는...,"May 20, 2025",1545,0.1892
2025-12-22,scG3agQQ79E,Cursor AI 와 Github Copilot 비교해 봤습니다 - 남들은 Cursor AI 가 더 좋다고 하던데 저는...,"May 20, 2025",1545,0.0141
2025-12-23,scG3agQQ79E,Cursor AI 와 Github Copilot 비교해 봤습니다 - 남들은 Cursor AI 가 더 좋다고 하던데 저는...,"May 20, 2025",1545,0
2025-12-24,scG3agQQ79E,Cursor AI 와 Github Copilot 비교해 봤습니다 - 남들은 Cursor AI 가 더 좋다고 하던데 저는...,"May 20, 2025",1545,0.4081
2025-12-25,scG3agQQ79E,Cursor AI 와 Github Copilot 비교해 봤습니다 - 남들은 Cursor AI 가 더 좋다고 하던데 저는...,"May 20, 2025",1545,0
2025-12-26,scG3agQQ79E,Cursor AI 와 Github Copilot 비교해 봤습니다 - 남들은 Cursor AI 가 더 좋다고 하던데 저는...,"May 20, 2025",1545,0.0178
2025-12-27,scG3agQQ79E,Cursor AI 와 Github Copilot 비교해 봤습니다 - 남들은 Cursor AI 가 더 좋다고 하던데 저는...,"May 20, 2025",1545,0
2025-12-28,scG3agQQ79E,Cursor AI 와 Github Copilot 비교해 봤습니다 - 남들은 Cursor AI 가 더 좋다고 하던데 저는...,"May 20, 2025",1545,0.0048
2025-12-29,scG3agQQ79E,Cursor AI 와 Github Copilot 비교해 봤습니다 - 남들은 Cursor AI 가 더 좋다고 하던데 저는...,"May 20, 2025",1545,0.3445
2025-12-30,scG3agQQ79E,Cursor AI 와 Github Copilot 비교해 봤습니다 - 남들은 Cursor AI 가 더 좋다고 하던데 저는...,"May 20, 2025",1545,0
2025-12-31,scG3agQQ79E,Cursor AI 와 Github Copilot 비교해 봤습니다 - 남들은 Cursor AI 가 더 좋다고 하던데 저는...,"May 20, 2025",1545,0.0762
2026-01-01,scG3agQQ79E,Cursor AI 와 Github Copilot 비교해 봤습니다 - 남들은 Cursor AI 가 더 좋다고 하던데 저는...,"May 20, 2025",1545,0.0836
2026-01-02,scG3agQQ79E,Cursor AI 와 Github Copilot 비교해 봤습니다 - 남들은 Cursor AI 가 더 좋다고 하던데 저는...,"May 20, 2025",1545,0
2026-01-03,scG3agQQ79E,Cursor AI 와 Github Copilot 비교해 봤습니다 - 남들은 Cursor AI 가 더 좋다고 하던데 저는...,"May 20, 2025",1545,0.0004
2026-01-04,scG3agQQ79E,Cursor AI 와 Github Copilot 비교해 봤습니다 - 남들은 Cursor AI 가 더 좋다고 하던데 저는...,"May 20, 2025",1545,0.0829
2026-01-05,scG3agQQ79E,Cursor AI 와 Github Copilot 비교해 봤습니다 - 남들은 Cursor AI 가 더 좋다고 하던데 저는...,"May 20, 2025",1545,0.1078
2026-01-06,scG3agQQ79E,Cursor AI 와 Github Copilot 비교해 봤습니다 - 남들은 Cursor AI 가 더 좋다고 하던데 저는...,"May 20, 2025",1545,0.0181
2026-01-07,scG3agQQ79E,Cursor AI 와 Github Copilot 비교해 봤습니다 - 남들은 Cursor AI 가 더 좋다고 하던데 저는...,"May 20, 2025",1545,0.0025
2026-01-08,scG3agQQ79E,Cursor AI 와 Github Copilot 비교해 봤습니다 - 남들은 Cursor AI 가 더 좋다고 하던데 저는...,"May 20, 2025",1545,0.0492
2026-01-09,scG3agQQ79E,Cursor AI 와 Github Copilot 비교해 봤습니다 - 남들은 Cursor AI 가 더 좋다고 하던데 저는...,"May 20, 2025",1545,0.3274
2026-01-10,scG3agQQ79E,Cursor AI 와 Github Copilot 비교해 봤습니다 - 남들은 Cursor AI 가 더 좋다고 하던데 저는...,"May 20, 2025",1545,0.0767
2026-01-11,scG3agQQ79E,Cursor AI 와 Github Copilot 비교해 봤습니다 - 남들은 Cursor AI 가 더 좋다고 하던데 저는...,"May 20, 2025",1545,0.0163
2026-01-12,scG3agQQ79E,Cursor AI 와 Github Copilot 비교해 봤습니다 - 남들은 Cursor AI 가 더 좋다고 하던데 저는...,"May 20, 2025",1545,0.0091
2026-01-13,scG3agQQ79E,Cursor AI 와 Github Copilot 비교해 봤습니다 - 남들은 Cursor AI 가 더 좋다고 하던데 저는...,"May 20, 2025",1545,0.0085
2026-01-14,scG3agQQ79E,Cursor AI 와 Github Copilot 비교해 봤습니다 - 남들은 Cursor AI 가 더 좋다고 하던데 저는...,"May 20, 2025",1545,0
2026-01-15,scG3agQQ79E,Cursor AI 와 Github Copilot 비교해 봤습니다 - 남들은 Cursor AI 가 더 좋다고 하던데 저는...,"May 20, 2025",1545,0
2026-01-16,scG3agQQ79E,Cursor AI 와 Github Copilot 비교해 봤습니다 - 남들은 Cursor AI 가 더 좋다고 하던데 저는...,"May 20, 2025",1545,0
2026-01-17,scG3agQQ79E,Cursor AI 와 Github Copilot 비교해 봤습니다 - 남들은 Cursor AI 가 더 좋다고 하던데 저는...,"May 20, 2025",1545,0
2026-01-18,scG3agQQ79E,Cursor AI 와 Github Copilot 비교해 봤습니다 - 남들은 Cursor AI 가 더 좋다고 하던데 저는...,"May 20, 2025",1545,0.1574
2026-01-19,scG3agQQ79E,Cursor AI 와 Github Copilot 비교해 봤습니다 - 남들은 Cursor AI 가 더 좋다고 하던데 저는...,"May 20, 2025",1545,0
2026-01-20,scG3agQQ79E,Cursor AI 와 Github Copilot 비교해 봤습니다 - 남들은 Cursor AI 가 더 좋다고 하던데 저는...,"May 20, 2025",1545,0.2585
2026-01-21,scG3agQQ79E,Cursor AI 와 Github Copilot 비교해 봤습니다 - 남들은 Cursor AI 가 더 좋다고 하던데 저는...,"May 20, 2025",1545,0.0269
2026-01-22,scG3agQQ79E,Cursor AI 와 Github Copilot 비교해 봤습니다 - 남들은 Cursor AI 가 더 좋다고 하던데 저는...,"May 20, 2025",1545,0.2415
2026-01-23,scG3agQQ79E,Cursor AI 와 Github Copilot 비교해 봤습니다 - 남들은 Cursor AI 가 더 좋다고 하던데 저는...,"May 20, 2025",1545,0
2026-01-24,scG3agQQ79E,Cursor AI 와 Github Copilot 비교해 봤습니다 - 남들은 Cursor AI 가 더 좋다고 하던데 저는...,"May 20, 2025",1545,0.0236
2026-01-25,scG3agQQ79E,Cursor AI 와 Github Copilot 비교해 봤습니다 - 남들은 Cursor AI 가 더 좋다고 하던데 저는...,"May 20, 2025",1545,0.0195
2026-01-26,scG3agQQ79E,Cursor AI 와 Github Copilot 비교해 봤습니다 - 남들은 Cursor AI 가 더 좋다고 하던데 저는...,"May 20, 2025",1545,0.0976
2026-01-27,scG3agQQ79E,Cursor AI 와 Github Copilot 비교해 봤습니다 - 남들은 Cursor AI 가 더 좋다고 하던데 저는...,"May 20, 2025",1545,0.1529
2026-01-28,scG3agQQ79E,Cursor AI 와 Github Copilot 비교해 봤습니다 - 남들은 Cursor AI 가 더 좋다고 하던데 저는...,"May 20, 2025",1545,0.1818
2026-01-29,scG3agQQ79E,Cursor AI 와 Github Copilot 비교해 봤습니다 - 남들은 Cursor AI 가 더 좋다고 하던데 저는...,"May 20, 2025",1545,0.0589
2026-01-30,scG3agQQ79E,Cursor AI 와 Github Copilot 비교해 봤습니다 - 남들은 Cursor AI 가 더 좋다고 하던데 저는...,"May 20, 2025",1545,0.2516
2026-01-31,scG3agQQ79E,Cursor AI 와 Github Copilot 비교해 봤습니다 - 남들은 Cursor AI 가 더 좋다고 하던데 저는...,"May 20, 2025",1545,0.0032
2026-02-01,scG3agQQ79E,Cursor AI 와 Github Copilot 비교해 봤습니다 - 남들은 Cursor AI 가 더 좋다고 하던데 저는...,"May 20, 2025",1545,0.0189
2026-02-02,scG3agQQ79E,Cursor AI 와 Github Copilot 비교해 봤습니다 - 남들은 Cursor AI 가 더 좋다고 하던데 저는...,"May 20, 2025",1545,0.0373
2026-02-03,scG3agQQ79E,Cursor AI 와 Github Copilot 비교해 봤습니다 - 남들은 Cursor AI 가 더 좋다고 하던데 저는...,"May 20, 2025",1545,0.3877
2026-02-04,scG3agQQ79E,Cursor AI 와 Github Copilot 비교해 봤습니다 - 남들은 Cursor AI 가 더 좋다고 하던데 저는...,"May 20, 2025",1545,0.005
2026-02-05,scG3agQQ79E,Cursor AI 와 Github Copilot 비교해 봤습니다 - 남들은 Cursor AI 가 더 좋다고 하던데 저는...,"May 20, 2025",1545,0.0416
2026-02-06,scG3agQQ79E,Cursor AI 와 Github Copilot 비교해 봤습니다 - 남들은 Cursor AI 가 더 좋다고 하던데 저는...,"May 20, 2025",1545,0.0004
2026-02-07,scG3agQQ79E,Cursor AI 와 Github Copilot 비교해 봤습니다 - 남들은 Cursor AI 가 더 좋다고 하던데 저는...,"May 20, 2025",1545,0.1279
2026-02-08,scG3agQQ79E,Cursor AI 와 Github Copilot 비교해 봤습니다 - 남들은 Cursor AI 가 더 좋다고 하던데 저는...,"May 20, 2025",1545,0.0849
2026-02-09,scG3agQQ79E,Cursor AI 와 Github Copilot 비교해 봤습니다 - 남들은 Cursor AI 가 더 좋다고 하던데 저는...,"May 20, 2025",1545,0.2673
2026-02-10,scG3agQQ79E,Cursor AI 와 Github Copilot 비교해 봤습니다 - 남들은 Cursor AI 가 더 좋다고 하던데 저는...,"May 20, 2025",1545,0.6101
2026-02-11,scG3agQQ79E,Cursor AI 와 Github Copilot 비교해 봤습니다 - 남들은 Cursor AI 가 더 좋다고 하던데 저는...,"May 20, 2025",1545,0.0535
2026-02-12,scG3agQQ79E,Cursor AI 와 Github Copilot 비교해 봤습니다 - 남들은 Cursor AI 가 더 좋다고 하던데 저는...,"May 20, 2025",1545,0.0427
2026-02-13,scG3agQQ79E,Cursor AI 와 Github Copilot 비교해 봤습니다 - 남들은 Cursor AI 가 더 좋다고 하던데 저는...,"May 20, 2025",1545,0.0166
2026-02-14,scG3agQQ79E,Cursor AI 와 Github Copilot 비교해 봤습니다 - 남들은 Cursor AI 가 더 좋다고 하던데 저는...,"May 20, 2025",1545,0.0085
2026-02-15,scG3agQQ79E,Cursor AI 와 Github Copilot 비교해 봤습니다 - 남들은 Cursor AI 가 더 좋다고 하던데 저는...,"May 20, 2025",1545,0.0088
2026-02-16,scG3agQQ79E,Cursor AI 와 Github Copilot 비교해 봤습니다 - 남들은 Cursor AI 가 더 좋다고 하던데 저는...,"May 20, 2025",1545,0.0167
2026-02-17,scG3agQQ79E,Cursor AI 와 Github Copilot 비교해 봤습니다 - 남들은 Cursor AI 가 더 좋다고 하던데 저는...,"May 20, 2025",1545,0.2504
2026-02-18,scG3agQQ79E,Cursor AI 와 Github Copilot 비교해 봤습니다 - 남들은 Cursor AI 가 더 좋다고 하던데 저는...,"May 20, 2025",1545,0.0051
2026-02-19,scG3agQQ79E,Cursor AI 와 Github Copilot 비교해 봤습니다 - 남들은 Cursor AI 가 더 좋다고 하던데 저는...,"May 20, 2025",1545,0
2026-02-20,scG3agQQ79E,Cursor AI 와 Github Copilot 비교해 봤습니다 - 남들은 Cursor AI 가 더 좋다고 하던데 저는...,"May 20, 2025",1545,0.3128
2026-02-21,scG3agQQ79E,Cursor AI 와 Github Copilot 비교해 봤습니다 - 남들은 Cursor AI 가 더 좋다고 하던데 저는...,"May 20, 2025",1545,0.4578
2026-02-22,scG3agQQ79E,Cursor AI 와 Github Copilot 비교해 봤습니다 - 남들은 Cursor AI 가 더 좋다고 하던데 저는...,"May 20, 2025",1545,0
2026-02-23,scG3agQQ79E,Cursor AI 와 Github Copilot 비교해 봤습니다 - 남들은 Cursor AI 가 더 좋다고 하던데 저는...,"May 20, 2025",1545,0.0076
2026-02-24,scG3agQQ79E,Cursor AI 와 Github Copilot 비교해 봤습니다 - 남들은 Cursor AI 가 더 좋다고 하던데 저는...,"May 20, 2025",1545,0.0066
2026-02-25,scG3agQQ79E,Cursor AI 와 Github Copilot 비교해 봤습니다 - 남들은 Cursor AI 가 더 좋다고 하던데 저는...,"May 20, 2025",1545,0.3113
2026-02-26,scG3agQQ79E,Cursor AI 와 Github Copilot 비교해 봤습니다 - 남들은 Cursor AI 가 더 좋다고 하던데 저는...,"May 20, 2025",1545,0.0319
2026-02-27,scG3agQQ79E,Cursor AI 와 Github Copilot 비교해 봤습니다 - 남들은 Cursor AI 가 더 좋다고 하던데 저는...,"May 20, 2025",1545,0.0553
2026-02-28,scG3agQQ79E,Cursor AI 와 Github Copilot 비교해 봤습니다 - 남들은 Cursor AI 가 더 좋다고 하던데 저는...,"May 20, 2025",1545,0
2026-03-01,scG3agQQ79E,Cursor AI 와 Github Copilot 비교해 봤습니다 - 남들은 Cursor AI 가 더 좋다고 하던데 저는...,"May 20, 2025",1545,0
2026-03-02,scG3agQQ79E,Cursor AI 와 Github Copilot 비교해 봤습니다 - 남들은 Cursor AI 가 더 좋다고 하던데 저는...,"May 20, 2025",1545,0.0101
2026-03-03,scG3agQQ79E,Cursor AI 와 Github Copilot 비교해 봤습니다 - 남들은 Cursor AI 가 더 좋다고 하던데 저는...,"May 20, 2025",1545,0
2026-03-04,scG3agQQ79E,Cursor AI 와 Github Copilot 비교해 봤습니다 - 남들은 Cursor AI 가 더 좋다고 하던데 저는...,"May 20, 2025",1545,0.2415
2026-03-05,scG3agQQ79E,Cursor AI 와 Github Copilot 비교해 봤습니다 - 남들은 Cursor AI 가 더 좋다고 하던데 저는...,"May 20, 2025",1545,0
2026-03-06,scG3agQQ79E,Cursor AI 와 Github Copilot 비교해 봤습니다 - 남들은 Cursor AI 가 더 좋다고 하던데 저는...,"May 20, 2025",1545,0.0039
2026-03-07,scG3agQQ79E,Cursor AI 와 Github Copilot 비교해 봤습니다 - 남들은 Cursor AI 가 더 좋다고 하던데 저는...,"May 20, 2025",1545,0
2026-03-08,scG3agQQ79E,Cursor AI 와 Github Copilot 비교해 봤습니다 - 남들은 Cursor AI 가 더 좋다고 하던데 저는...,"May 20, 2025",1545,0.0744
2026-03-09,scG3agQQ79E,Cursor AI 와 Github Copilot 비교해 봤습니다 - 남들은 Cursor AI 가 더 좋다고 하던데 저는...,"May 20, 2025",1545,0.0156
2026-03-10,scG3agQQ79E,Cursor AI 와 Github Copilot 비교해 봤습니다 - 남들은 Cursor AI 가 더 좋다고 하던데 저는...,"May 20, 2025",1545,0.0049
2026-03-11,scG3agQQ79E,Cursor AI 와 Github Copilot 비교해 봤습니다 - 남들은 Cursor AI 가 더 좋다고 하던데 저는...,"May 20, 2025",1545,0.0475
2026-03-12,scG3agQQ79E,Cursor AI 와 Github Copilot 비교해 봤습니다 - 남들은 Cursor AI 가 더 좋다고 하던데 저는...,"May 20, 2025",1545,0.2838
2026-03-13,scG3agQQ79E,Cursor AI 와 Github Copilot 비교해 봤습니다 - 남들은 Cursor AI 가 더 좋다고 하던데 저는...,"May 20, 2025",1545,0.4063
2026-03-14,scG3agQQ79E,Cursor AI 와 Github Copilot 비교해 봤습니다 - 남들은 Cursor AI 가 더 좋다고 하던데 저는...,"May 20, 2025",1545,0.021
2026-03-15,scG3agQQ79E,Cursor AI 와 Github Copilot 비교해 봤습니다 - 남들은 Cursor AI 가 더 좋다고 하던데 저는...,"May 20, 2025",1545,0
2026-03-16,scG3agQQ79E,Cursor AI 와 Github Copilot 비교해 봤습니다 - 남들은 Cursor AI 가 더 좋다고 하던데 저는...,"May 20, 2025",1545,0.4817
2026-03-17,scG3agQQ79E,Cursor AI 와 Github Copilot 비교해 봤습니다 - 남들은 Cursor AI 가 더 좋다고 하던데 저는...,"May 20, 2025",1545,0
2026-03-18,scG3agQQ79E,Cursor AI 와 Github Copilot 비교해 봤습니다 - 남들은 Cursor AI 가 더 좋다고 하던데 저는...,"May 20, 2025",1545,0.2301
2026-03-19,scG3agQQ79E,Cursor AI 와 Github Copilot 비교해 봤습니다 - 남들은 Cursor AI 가 더 좋다고 하던데 저는...,"May 20, 2025",1545,0.1417
2026-03-20,scG3agQQ79E,Cursor AI 와 Github Copilot 비교해 봤습니다 - 남들은 Cursor AI 가 더 좋다고 하던데 저는...,"May 20, 2025",1545,0
2026-03-21,scG3agQQ79E,Cursor AI 와 Github Copilot 비교해 봤습니다 - 남들은 Cursor AI 가 더 좋다고 하던데 저는...,"May 20, 2025",1545,0.4768
2026-03-22,scG3agQQ79E,Cursor AI 와 Github Copilot 비교해 봤습니다 - 남들은 Cursor AI 가 더 좋다고 하던데 저는...,"May 20, 2025",1545,0
2026-03-23,scG3agQQ79E,Cursor AI 와 Github Copilot 비교해 봤습니다 - 남들은 Cursor AI 가 더 좋다고 하던데 저는...,"May 20, 2025",1545,0.4245
2026-03-24,scG3agQQ79E,Cursor AI 와 Github Copilot 비교해 봤습니다 - 남들은 Cursor AI 가 더 좋다고 하던데 저는...,"May 20, 2025",1545,0.0098
2026-03-25,scG3agQQ79E,Cursor AI 와 Github Copilot 비교해 봤습니다 - 남들은 Cursor AI 가 더 좋다고 하던데 저는...,"May 20, 2025",1545,0.0023
2026-03-26,scG3agQQ79E,Cursor AI 와 Github Copilot 비교해 봤습니다 - 남들은 Cursor AI 가 더 좋다고 하던데 저는...,"May 20, 2025",1545,0.0041
2026-03-27,scG3agQQ79E,Cursor AI 와 Github Copilot 비교해 봤습니다 - 남들은 Cursor AI 가 더 좋다고 하던데 저는...,"May 20, 2025",1545,0.051
2026-03-28,scG3agQQ79E,Cursor AI 와 Github Copilot 비교해 봤습니다 - 남들은 Cursor AI 가 더 좋다고 하던데 저는...,"May 20, 2025",1545,0.0378
2026-03-29,scG3agQQ79E,Cursor AI 와 Github Copilot 비교해 봤습니다 - 남들은 Cursor AI 가 더 좋다고 하던데 저는...,"May 20, 2025",1545,0
2026-03-30,scG3agQQ79E,Cursor AI 와 Github Copilot 비교해 봤습니다 - 남들은 Cursor AI 가 더 좋다고 하던데 저는...,"May 20, 2025",1545,0.0034
2026-03-31,scG3agQQ79E,Cursor AI 와 Github Copilot 비교해 봤습니다 - 남들은 Cursor AI 가 더 좋다고 하던데 저는...,"May 20, 2025",1545,0.1096
2026-04-01,scG3agQQ79E,Cursor AI 와 Github Copilot 비교해 봤습니다 - 남들은 Cursor AI 가 더 좋다고 하던데 저는...,"May 20, 2025",1545,0
2026-04-02,scG3agQQ79E,Cursor AI 와 Github Copilot 비교해 봤습니다 - 남들은 Cursor AI 가 더 좋다고 하던데 저는...,"May 20, 2025",1545,0
2026-04-03,scG3agQQ79E,Cursor AI 와 Github Copilot 비교해 봤습니다 - 남들은 Cursor AI 가 더 좋다고 하던데 저는...,"May 20, 2025",1545,0.0169
2026-04-04,scG3agQQ79E,Cursor AI 와 Github Copilot 비교해 봤습니다 - 남들은 Cursor AI 가 더 좋다고 하던데 저는...,"May 20, 2025",1545,0.0204
2026-04-05,scG3agQQ79E,Cursor AI 와 Github Copilot 비교해 봤습니다 - 남들은 Cursor AI 가 더 좋다고 하던데 저는...,"May 20, 2025",1545,0.1251
2026-04-06,scG3agQQ79E,Cursor AI 와 Github Copilot 비교해 봤습니다 - 남들은 Cursor AI 가 더 좋다고 하던데 저는...,"May 20, 2025",1545,0.2967
2026-04-07,scG3agQQ79E,Cursor AI 와 Github Copilot 비교해 봤습니다 - 남들은 Cursor AI 가 더 좋다고 하던데 저는...,"May 20, 2025",1545,0.4297
2026-04-08,scG3agQQ79E,Cursor AI 와 Github Copilot 비교해 봤습니다 - 남들은 Cursor AI 가 더 좋다고 하던데 저는...,"May 20, 2025",1545,0
2026-04-09,scG3agQQ79E,Cursor AI 와 Github Copilot 비교해 봤습니다 - 남들은 Cursor AI 가 더 좋다고 하던데 저는...,"May 20, 2025",1545,0.0088
2026-04-10,scG3agQQ79E,Cursor AI 와 Github Copilot 비교해 봤습니다 - 남들은 Cursor AI 가 더 좋다고 하던데 저는...,"May 20, 2025",1545,0.0095
2026-04-11,scG3agQQ79E,Cursor AI 와 Github Copilot 비교해 봤습니다 - 남들은 Cursor AI 가 더 좋다고 하던데 저는...,"May 20, 2025",1545,0.004
2026-04-12,scG3agQQ79E,Cursor AI 와 Github Copilot 비교해 봤습니다 - 남들은 Cursor AI 가 더 좋다고 하던데 저는...,"May 20, 2025",1545,0.0091
2026-04-13,scG3agQQ79E,Cursor AI 와 Github Copilot 비교해 봤습니다 - 남들은 Cursor AI 가 더 좋다고 하던데 저는...,"May 20, 2025",1545,0
2026-04-14,scG3agQQ79E,Cursor AI 와 Github Copilot 비교해 봤습니다 - 남들은 Cursor AI 가 더 좋다고 하던데 저는...,"May 20, 2025",1545,0.2892
2026-04-15,scG3agQQ79E,Cursor AI 와 Github Copilot 비교해 봤습니다 - 남들은 Cursor AI 가 더 좋다고 하던데 저는...,"May 20, 2025",1545,0.3469
2026-04-16,scG3agQQ79E,Cursor AI 와 Github Copilot 비교해 봤습니다 - 남들은 Cursor AI 가 더 좋다고 하던데 저는...,"May 20, 2025",1545,0.1486
2026-04-17,scG3agQQ79E,Cursor AI 와 Github Copilot 비교해 봤습니다 - 남들은 Cursor AI 가 더 좋다고 하던데 저는...,"May 20, 2025",1545,0
2026-04-18,scG3agQQ79E,Cursor AI 와 Github Copilot 비교해 봤습니다 - 남들은 Cursor AI 가 더 좋다고 하던데 저는...,"May 20, 2025",1545,0.4624
2026-04-19,scG3agQQ79E,Cursor AI 와 Github Copilot 비교해 봤습니다 - 남들은 Cursor AI 가 더 좋다고 하던데 저는...,"May 20, 2025",1545,0
2026-04-20,scG3agQQ79E,Cursor AI 와 Github Copilot 비교해 봤습니다 - 남들은 Cursor AI 가 더 좋다고 하던데 저는...,"May 20, 2025",1545,0
2026-04-21,scG3agQQ79E,Cursor AI 와 Github Copilot 비교해 봤습니다 - 남들은 Cursor AI 가 더 좋다고 하던데 저는...,"May 20, 2025",1545,0
2026-04-22,scG3agQQ79E,Cursor AI 와 Github Copilot 비교해 봤습니다 - 남들은 Cursor AI 가 더 좋다고 하던데 저는...,"May 20, 2025",1545,0.3247
2026-04-23,scG3agQQ79E,Cursor AI 와 Github Copilot 비교해 봤습니다 - 남들은 Cursor AI 가 더 좋다고 하던데 저는...,"May 20, 2025",1545,0
2026-04-24,scG3agQQ79E,Cursor AI 와 Github Copilot 비교해 봤습니다 - 남들은 Cursor AI 가 더 좋다고 하던데 저는...,"May 20, 2025",1545,0.0076
2026-04-25,scG3agQQ79E,Cursor AI 와 Github Copilot 비교해 봤습니다 - 남들은 Cursor AI 가 더 좋다고 하던데 저는...,"May 20, 2025",1545,0.0117
2026-04-26,scG3agQQ79E,Cursor AI 와 Github Copilot 비교해 봤습니다 - 남들은 Cursor AI 가 더 좋다고 하던데 저는...,"May 20, 2025",1545,0.1114
2026-04-27,scG3agQQ79E,Cursor AI 와 Github Copilot 비교해 봤습니다 - 남들은 Cursor AI 가 더 좋다고 하던데 저는...,"May 20, 2025",1545,0.1896
2026-04-28,scG3agQQ79E,Cursor AI 와 Github Copilot 비교해 봤습니다 - 남들은 Cursor AI 가 더 좋다고 하던데 저는...,"May 20, 2025",1545,0.3397
2026-04-29,scG3agQQ79E,Cursor AI 와 Github Copilot 비교해 봤습니다 - 남들은 Cursor AI 가 더 좋다고 하던데 저는...,"May 20, 2025",1545,0
2026-04-30,scG3agQQ79E,Cursor AI 와 Github Copilot 비교해 봤습니다 - 남들은 Cursor AI 가 더 좋다고 하던데 저는...,"May 20, 2025",1545,0
2026-05-01,scG3agQQ79E,Cursor AI 와 Github Copilot 비교해 봤습니다 - 남들은 Cursor AI 가 더 좋다고 하던데 저는...,"May 20, 2025",1545,0
2026-05-02,scG3agQQ79E,Cursor AI 와 Github Copilot 비교해 봤습니다 - 남들은 Cursor AI 가 더 좋다고 하던데 저는...,"May 20, 2025",1545,0
2026-05-03,scG3agQQ79E,Cursor AI 와 Github Copilot 비교해 봤습니다 - 남들은 Cursor AI 가 더 좋다고 하던데 저는...,"May 20, 2025",1545,0
2026-05-04,scG3agQQ79E,Cursor AI 와 Github Copilot 비교해 봤습니다 - 남들은 Cursor AI 가 더 좋다고 하던데 저는...,"May 20, 2025",1545,0
2026-05-05,scG3agQQ79E,Cursor AI 와 Github Copilot 비교해 봤습니다 - 남들은 Cursor AI 가 더 좋다고 하던데 저는...,"May 20, 2025",1545,0
2026-05-06,scG3agQQ79E,Cursor AI 와 Github Copilot 비교해 봤습니다 - 남들은 Cursor AI 가 더 좋다고 하던데 저는...,"May 20, 2025",1545,0
2026-05-07,scG3agQQ79E,Cursor AI 와 Github Copilot 비교해 봤습니다 - 남들은 Cursor AI 가 더 좋다고 하던데 저는...,"May 20, 2025",1545,0
2026-05-08,scG3agQQ79E,Cursor AI 와 Github Copilot 비교해 봤습니다 - 남들은 Cursor AI 가 더 좋다고 하던데 저는...,"May 20, 2025",1545,0.0046
2026-05-09,scG3agQQ79E,Cursor AI 와 Github Copilot 비교해 봤습니다 - 남들은 Cursor AI 가 더 좋다고 하던데 저는...,"May 20, 2025",1545,0
2026-05-10,scG3agQQ79E,Cursor AI 와 Github Copilot 비교해 봤습니다 - 남들은 Cursor AI 가 더 좋다고 하던데 저는...,"May 20, 2025",1545,0
2026-05-11,scG3agQQ79E,Cursor AI 와 Github Copilot 비교해 봤습니다 - 남들은 Cursor AI 가 더 좋다고 하던데 저는...,"May 20, 2025",1545,0.0236
2026-05-12,scG3agQQ79E,Cursor AI 와 Github Copilot 비교해 봤습니다 - 남들은 Cursor AI 가 더 좋다고 하던데 저는...,"May 20, 2025",1545,0.7259
2026-05-13,scG3agQQ79E,Cursor AI 와 Github Copilot 비교해 봤습니다 - 남들은 Cursor AI 가 더 좋다고 하던데 저는...,"May 20, 2025",1545,0.4427
2026-05-14,scG3agQQ79E,Cursor AI 와 Github Copilot 비교해 봤습니다 - 남들은 Cursor AI 가 더 좋다고 하던데 저는...,"May 20, 2025",1545,0
2026-05-15,scG3agQQ79E,Cursor AI 와 Github Copilot 비교해 봤습니다 - 남들은 Cursor AI 가 더 좋다고 하던데 저는...,"May 20, 2025",1545,0
2026-05-16,scG3agQQ79E,Cursor AI 와 Github Copilot 비교해 봤습니다 - 남들은 Cursor AI 가 더 좋다고 하던데 저는...,"May 20, 2025",1545,0.0298
2026-05-17,scG3agQQ79E,Cursor AI 와 Github Copilot 비교해 봤습니다 - 남들은 Cursor AI 가 더 좋다고 하던데 저는...,"May 20, 2025",1545,0
2026-05-18,scG3agQQ79E,Cursor AI 와 Github Copilot 비교해 봤습니다 - 남들은 Cursor AI 가 더 좋다고 하던데 저는...,"May 20, 2025",1545,0
2026-05-19,scG3agQQ79E,Cursor AI 와 Github Copilot 비교해 봤습니다 - 남들은 Cursor AI 가 더 좋다고 하던데 저는...,"May 20, 2025",1545,0
2026-05-20,scG3agQQ79E,Cursor AI 와 Github Copilot 비교해 봤습니다 - 남들은 Cursor AI 가 더 좋다고 하던데 저는...,"May 20, 2025",1545,0
2026-05-21,scG3agQQ79E,Cursor AI 와 Github Copilot 비교해 봤습니다 - 남들은 Cursor AI 가 더 좋다고 하던데 저는...,"May 20, 2025",1545,0
2026-05-22,scG3agQQ79E,Cursor AI 와 Github Copilot 비교해 봤습니다 - 남들은 Cursor AI 가 더 좋다고 하던데 저는...,"May 20, 2025",1545,0.0172
2026-05-23,scG3agQQ79E,Cursor AI 와 Github Copilot 비교해 봤습니다 - 남들은 Cursor AI 가 더 좋다고 하던데 저는...,"May 20, 2025",1545,0.0063
2026-05-24,scG3agQQ79E,Cursor AI 와 Github Copilot 비교해 봤습니다 - 남들은 Cursor AI 가 더 좋다고 하던데 저는...,"May 20, 2025",1545,0
2026-05-25,scG3agQQ79E,Cursor AI 와 Github Copilot 비교해 봤습니다 - 남들은 Cursor AI 가 더 좋다고 하던데 저는...,"May 20, 2025",1545,0
2026-05-26,scG3agQQ79E,Cursor AI 와 Github Copilot 비교해 봤습니다 - 남들은 Cursor AI 가 더 좋다고 하던데 저는...,"May 20, 2025",1545,0
2026-05-27,scG3agQQ79E,Cursor AI 와 Github Copilot 비교해 봤습니다 - 남들은 Cursor AI 가 더 좋다고 하던데 저는...,"May 20, 2025",1545,0
2026-05-28,scG3agQQ79E,Cursor AI 와 Github Copilot 비교해 봤습니다 - 남들은 Cursor AI 가 더 좋다고 하던데 저는...,"May 20, 2025",1545,0.0263
2026-05-29,scG3agQQ79E,Cursor AI 와 Github Copilot 비교해 봤습니다 - 남들은 Cursor AI 가 더 좋다고 하던데 저는...,"May 20, 2025",1545,0
2026-05-30,scG3agQQ79E,Cursor AI 와 Github Copilot 비교해 봤습니다 - 남들은 Cursor AI 가 더 좋다고 하던데 저는...,"May 20, 2025",1545,0
2026-05-31,scG3agQQ79E,Cursor AI 와 Github Copilot 비교해 봤습니다 - 남들은 Cursor AI 가 더 좋다고 하던데 저는...,"May 20, 2025",1545,0.0051
2026-06-01,scG3agQQ79E,Cursor AI 와 Github Copilot 비교해 봤습니다 - 남들은 Cursor AI 가 더 좋다고 하던데 저는...,"May 20, 2025",1545,0
2026-06-02,scG3agQQ79E,Cursor AI 와 Github Copilot 비교해 봤습니다 - 남들은 Cursor AI 가 더 좋다고 하던데 저는...,"May 20, 2025",1545,0
2026-06-03,scG3agQQ79E,Cursor AI 와 Github Copilot 비교해 봤습니다 - 남들은 Cursor AI 가 더 좋다고 하던데 저는...,"May 20, 2025",1545,0
2026-06-04,scG3agQQ79E,Cursor AI 와 Github Copilot 비교해 봤습니다 - 남들은 Cursor AI 가 더 좋다고 하던데 저는...,"May 20, 2025",1545,0
2026-06-05,scG3agQQ79E,Cursor AI 와 Github Copilot 비교해 봤습니다 - 남들은 Cursor AI 가 더 좋다고 하던데 저는...,"May 20, 2025",1545,0
2026-06-06,scG3agQQ79E,Cursor AI 와 Github Copilot 비교해 봤습니다 - 남들은 Cursor AI 가 더 좋다고 하던데 저는...,"May 20, 2025",1545,0
2026-06-07,scG3agQQ79E,Cursor AI 와 Github Copilot 비교해 봤습니다 - 남들은 Cursor AI 가 더 좋다고 하던데 저는...,"May 20, 2025",1545,0
2026-06-08,scG3agQQ79E,Cursor AI 와 Github Copilot 비교해 봤습니다 - 남들은 Cursor AI 가 더 좋다고 하던데 저는...,"May 20, 2025",1545,0
2026-06-09,scG3agQQ79E,Cursor AI 와 Github Copilot 비교해 봤습니다 - 남들은 Cursor AI 가 더 좋다고 하던데 저는...,"May 20, 2025",1545,0
2026-06-10,scG3agQQ79E,Cursor AI 와 Github Copilot 비교해 봤습니다 - 남들은 Cursor AI 가 더 좋다고 하던데 저는...,"May 20, 2025",1545,0
2026-06-11,scG3agQQ79E,Cursor AI 와 Github Copilot 비교해 봤습니다 - 남들은 Cursor AI 가 더 좋다고 하던데 저는...,"May 20, 2025",1545,0
2026-06-12,scG3agQQ79E,Cursor AI 와 Github Copilot 비교해 봤습니다 - 남들은 Cursor AI 가 더 좋다고 하던데 저는...,"May 20, 2025",1545,0
2026-06-13,scG3agQQ79E,Cursor AI 와 Github Copilot 비교해 봤습니다 - 남들은 Cursor AI 가 더 좋다고 하던데 저는...,"May 20, 2025",1545,0
2026-06-14,scG3agQQ79E,Cursor AI 와 Github Copilot 비교해 봤습니다 - 남들은 Cursor AI 가 더 좋다고 하던데 저는...,"May 20, 2025",1545,0
2026-06-15,scG3agQQ79E,Cursor AI 와 Github Copilot 비교해 봤습니다 - 남들은 Cursor AI 가 더 좋다고 하던데 저는...,"May 20, 2025",1545,0
2026-06-16,scG3agQQ79E,Cursor AI 와 Github Copilot 비교해 봤습니다 - 남들은 Cursor AI 가 더 좋다고 하던데 저는...,"May 20, 2025",1545,0.0079
2026-06-17,scG3agQQ79E,Cursor AI 와 Github Copilot 비교해 봤습니다 - 남들은 Cursor AI 가 더 좋다고 하던데 저는...,"May 20, 2025",1545,0
2026-06-18,scG3agQQ79E,Cursor AI 와 Github Copilot 비교해 봤습니다 - 남들은 Cursor AI 가 더 좋다고 하던데 저는...,"May 20, 2025",1545,0.0048
2026-06-19,scG3agQQ79E,Cursor AI 와 Github Copilot 비교해 봤습니다 - 남들은 Cursor AI 가 더 좋다고 하던데 저는...,"May 20, 2025",1545,0
2026-06-20,scG3agQQ79E,Cursor AI 와 Github Copilot 비교해 봤습니다 - 남들은 Cursor AI 가 더 좋다고 하던데 저는...,"May 20, 2025",1545,0.0867
2026-06-21,scG3agQQ79E,Cursor AI 와 Github Copilot 비교해 봤습니다 - 남들은 Cursor AI 가 더 좋다고 하던데 저는...,"May 20, 2025",1545,0.0692
2026-06-22,scG3agQQ79E,Cursor AI 와 Github Copilot 비교해 봤습니다 - 남들은 Cursor AI 가 더 좋다고 하던데 저는...,"May 20, 2025",1545,0.0048
2026-06-23,scG3agQQ79E,Cursor AI 와 Github Copilot 비교해 봤습니다 - 남들은 Cursor AI 가 더 좋다고 하던데 저는...,"May 20, 2025",1545,0
